method,track,sim_regime,root_id,N,H,sample_seed,valid,tree_kl,split_kl,rf,quartet,branch_w_all,terminal_edit,runtime
neutral_bd,empirical,,NODE_0000074,16,0.00013351875,0,20,nan,nan,1.0,0.6890659340659341,7.051459300417717e-06,8.100942655145327e-05,9.53421688079834
neutral_bd,sim_neutral,neutral,NODE_0000074,16,0.00013351875,0,20,0.6931471605599453,44.13645932762705,0.7964285714285715,0.3956318681318681,9.536793219924387e-06,0.00026021209740769834,9.53421688079834
neutral_bd,sim_JTT,JTT,NODE_0000074,16,0.00013351875,0,20,0.6931471605599453,44.13645932762705,0.8142857142857143,0.3872527472527473,9.536793219924387e-06,0.0002503927729772192,9.53421688079834
neutral_bd,sim_WAG,WAG,NODE_0000074,16,0.00013351875,0,20,0.6931471605599453,44.13645932762705,0.8142857142857143,0.4182142857142857,9.536793219924387e-06,0.0001644736842105263,9.53421688079834
neutral_bd,sim_LG,LG,NODE_0000074,16,0.00013351875,0,20,0.6931471605599453,44.13645932762705,0.8357142857142857,0.40304945054945057,9.536793219924387e-06,0.00019147682639434406,9.53421688079834
empirical_bd,empirical,,NODE_0000074,16,0.00013351875,0,20,nan,nan,1.0,0.6890659340659341,7.051459300417717e-06,0.00012274155538098978,9.4235680103302
empirical_bd,sim_neutral,neutral,NODE_0000074,16,0.00013351875,0,20,0.6931471605599453,44.13645932762705,0.7964285714285715,0.39502747252747256,9.536793219924387e-06,0.0003019442262372349,9.4235680103302
empirical_bd,sim_JTT,JTT,NODE_0000074,16,0.00013351875,0,20,0.6931471605599453,44.13645932762705,0.825,0.39134615384615384,9.536793219924387e-06,0.00029212490180675573,9.4235680103302
empirical_bd,sim_WAG,WAG,NODE_0000074,16,0.00013351875,0,20,0.6931471605599453,44.13645932762705,0.8142857142857143,0.4182142857142857,9.536793219924387e-06,0.00020620581304006284,9.4235680103302
empirical_bd,sim_LG,LG,NODE_0000074,16,0.00013351875,0,20,0.6931471605599453,44.13645932762705,0.8357142857142857,0.40304945054945057,9.536793219924387e-06,0.00023320895522388062,9.4235680103302
plm_prior,empirical,,NODE_0000074,16,0.00013351875,0,20,nan,nan,1.0,0.6890659340659341,7.051459300417717e-06,0.00012274155538098978,0.6402084827423096
plm_prior,sim_neutral,neutral,NODE_0000074,16,0.00013351875,0,20,0.6931471605599453,44.13645932762705,0.8035714285714286,0.40244505494505495,9.536793219924387e-06,0.0003019442262372349,0.6402084827423096
plm_prior,sim_JTT,JTT,NODE_0000074,16,0.00013351875,0,20,0.6931471605599453,44.13645932762705,0.8142857142857143,0.3872527472527473,9.536793219924387e-06,0.00029212490180675573,0.6402084827423096
plm_prior,sim_WAG,WAG,NODE_0000074,16,0.00013351875,0,20,0.6931471605599453,44.13645932762705,0.8142857142857143,0.4182142857142857,9.536793219924387e-06,0.00020620581304006284,0.6402084827423096
plm_prior,sim_LG,LG,NODE_0000074,16,0.00013351875,0,20,0.6931471605599453,44.13645932762705,0.8357142857142857,0.40304945054945057,9.536793219924387e-06,0.00023320895522388062,0.6402084827423096
treesbm,empirical,,NODE_0000074,16,0.00013351875,0,19,nan,nan,1.0,0.6894158473105841,2.790641966467674e-05,0.00014212180096746186,1072.919147014618
treesbm,sim_neutral,neutral,NODE_0000074,16,0.00013351875,0,19,0.6931471610599459,57.69868116709442,0.8270676691729323,0.4815211104684789,2.8516631384802262e-05,0.0003307561913424567,1072.919147014618
treesbm,sim_JTT,JTT,NODE_0000074,16,0.00013351875,0,19,0.6931471610599459,57.69868116709442,0.8421052631578947,0.47877385772122616,2.8516631384802262e-05,0.00031525199487327904,1072.919147014618
treesbm,sim_WAG,WAG,NODE_0000074,16,0.00013351875,0,19,0.6931471610599459,57.69868116709442,0.8646616541353384,0.5224407171775592,2.8516631384802262e-05,0.000227394881547939,1072.919147014618
treesbm,sim_LG,LG,NODE_0000074,16,0.00013351875,0,19,0.6931471610599459,57.69868116709442,0.8533834586466166,0.525534991324465,2.8516631384802262e-05,0.00024548311076197957,1072.919147014618
phylaflow,empirical,,NODE_0000074,16,0.00013351875,0,20,nan,nan,1.0,0.6836263736263737,4.981923996925303e-05,0.00013747054202670856,8.957898378372192
phylaflow,sim_neutral,neutral,NODE_0000074,16,0.00013351875,0,20,0.6931471610599452,78.68827432058643,0.851973951973952,0.47736263736263734,4.771563554274324e-05,0.0003166732128829537,8.957898378372192
phylaflow,sim_JTT,JTT,NODE_0000074,16,0.00013351875,0,20,0.6931471610599452,78.68827432058643,0.8523707773707774,0.4558516483516484,4.771563554274324e-05,0.0003068538884524745,8.957898378372192
phylaflow,sim_WAG,WAG,NODE_0000074,16,0.00013351875,0,20,0.6931471610599452,78.68827432058643,0.9354497354497354,0.5082692307692308,4.771563554274324e-05,0.00022093479968578162,8.957898378372192
phylaflow,sim_LG,LG,NODE_0000074,16,0.00013351875,0,20,0.6931471610599452,78.68827432058643,0.8878103378103378,0.5177197802197803,4.771563554274324e-05,0.0002479379418695994,8.957898378372192
artreeformer_adapted,empirical,,NODE_0000074,16,0.00013351875,0,20,nan,nan,1.0,0.6771703296703296,2.781813996620049e-05,0.00013992537313432837,0.0
artreeformer_adapted,sim_neutral,neutral,NODE_0000074,16,0.00013351875,0,20,0.6931471605599453,63.190802153747796,0.8518518518518519,0.4567857142857143,2.962029659061515e-05,0.00031912804399057346,0.0
artreeformer_adapted,sim_JTT,JTT,NODE_0000074,16,0.00013351875,0,20,0.6931471605599453,63.190802153747796,0.8518518518518519,0.4318681318681319,2.962029659061515e-05,0.0003093087195600943,0.0
artreeformer_adapted,sim_WAG,WAG,NODE_0000074,16,0.00013351875,0,20,0.6931471605599453,63.190802153747796,0.9222222222222223,0.511510989010989,2.962029659061515e-05,0.00022338963079340143,0.0
artreeformer_adapted,sim_LG,LG,NODE_0000074,16,0.00013351875,0,20,0.6931471605599453,63.190802153747796,0.8814814814814815,0.4925,2.962029659061515e-05,0.0002503927729772192,0.0
phylovae_adapted,empirical,,NODE_0000074,16,0.00013351875,0,20,nan,nan,1.0,0.6847802197802197,2.683532840706798e-05,0.00013010604870384917,0.0
phylovae_adapted,sim_neutral,neutral,NODE_0000074,16,0.00013351875,0,20,0.6931471605599453,62.874138257694746,0.8814814814814815,0.5058241758241758,2.9205120880963295e-05,0.0003093087195600943,0.0
phylovae_adapted,sim_JTT,JTT,NODE_0000074,16,0.00013351875,0,20,0.6931471605599453,62.874138257694746,0.8703703703703703,0.4994230769230769,2.9205120880963295e-05,0.00029948939512961507,0.0
phylovae_adapted,sim_WAG,WAG,NODE_0000074,16,0.00013351875,0,20,0.6931471605599453,62.874138257694746,0.9111111111111111,0.5377472527472528,2.9205120880963295e-05,0.00021357030636292223,0.0
phylovae_adapted,sim_LG,LG,NODE_0000074,16,0.00013351875,0,20,0.6931471605599453,62.874138257694746,0.8592592592592593,0.5149450549450549,2.9205120880963295e-05,0.00024057344854674,0.0
phylaflow_adapted,empirical,,NODE_0000074,16,0.00013351875,0,20,nan,nan,1.0,0.6836263736263737,2.427988903178952e-05,0.00016692851531814612,0.0
phylaflow_adapted,sim_neutral,neutral,NODE_0000074,16,0.00013351875,0,20,0.6931471610599452,78.68827432058643,0.8482702482702482,0.46774725274725276,2.631303638638421e-05,0.00034613118617439123,0.0
phylaflow_adapted,sim_JTT,JTT,NODE_0000074,16,0.00013351875,0,20,0.6931471610599452,78.68827432058643,0.8595136345136345,0.4625274725274725,2.631303638638421e-05,0.000336311861743912,0.0
phylaflow_adapted,sim_WAG,WAG,NODE_0000074,16,0.00013351875,0,20,0.6931471610599452,78.68827432058643,0.9354497354497354,0.5082692307692308,2.631303638638421e-05,0.0002503927729772192,0.0
phylaflow_adapted,sim_LG,LG,NODE_0000074,16,0.00013351875,0,20,0.6931471610599452,78.68827432058643,0.8878103378103378,0.5113461538461539,2.631303638638421e-05,0.00027739591516103695,0.0
neutral_bd,empirical,,NODE_0000177,16,0.000330421875,0,20,nan,nan,0.9607142857142857,0.6760439560439561,1.9169872599253744e-05,0.0004369599371563237,8.9711434841156
neutral_bd,sim_neutral,neutral,NODE_0000177,16,0.000330421875,0,20,0.6931471605599453,42.39348048551334,0.8321428571428572,0.42554945054945054,2.2900836923289963e-05,0.00060143362136685,8.9711434841156
neutral_bd,sim_JTT,JTT,NODE_0000177,16,0.000330421875,0,20,0.6931471605599453,42.39348048551334,0.8642857142857143,0.46986263736263734,2.2900836923289963e-05,0.0006652592301649646,8.9711434841156
neutral_bd,sim_WAG,WAG,NODE_0000177,16,0.000330421875,0,20,0.6931471605599453,42.39348048551334,0.8178571428571428,0.44478021978021975,2.2900836923289963e-05,0.0007315396700706991,8.9711434841156
neutral_bd,sim_LG,LG,NODE_0000177,16,0.000330421875,0,20,0.6931471605599453,42.39348048551334,0.8571428571428571,0.48532967032967034,2.2900836923289963e-05,0.0007634524744697565,8.9711434841156
empirical_bd,empirical,,NODE_0000177,16,0.000330421875,0,20,nan,nan,0.9607142857142857,0.6760439560439561,1.9169872599253744e-05,0.0003952278083267871,8.816511631011963
empirical_bd,sim_neutral,neutral,NODE_0000177,16,0.000330421875,0,20,0.6931471605599453,42.39348048551334,0.8428571428571429,0.4312362637362637,2.2900836923289963e-05,0.0005597014925373135,8.816511631011963
empirical_bd,sim_JTT,JTT,NODE_0000177,16,0.000330421875,0,20,0.6931471605599453,42.39348048551334,0.8714285714285714,0.4668406593406593,2.2900836923289963e-05,0.0006235271013354281,8.816511631011963
empirical_bd,sim_WAG,WAG,NODE_0000177,16,0.000330421875,0,20,0.6931471605599453,42.39348048551334,0.8214285714285714,0.44398351648351647,2.2900836923289963e-05,0.0006898075412411626,8.816511631011963
empirical_bd,sim_LG,LG,NODE_0000177,16,0.000330421875,0,20,0.6931471605599453,42.39348048551334,0.8428571428571429,0.45763736263736265,2.2900836923289963e-05,0.00072172034564022,8.816511631011963
plm_prior,empirical,,NODE_0000177,16,0.000330421875,0,20,nan,nan,0.9607142857142857,0.6760439560439561,1.9169872599253744e-05,0.00036086017282011,0.5864887237548828
plm_prior,sim_neutral,neutral,NODE_0000177,16,0.000330421875,0,20,0.6931471605599453,42.39348048551334,0.8357142857142857,0.42538461538461536,2.2900836923289963e-05,0.0005253338570306364,0.5864887237548828
plm_prior,sim_JTT,JTT,NODE_0000177,16,0.000330421875,0,20,0.6931471605599453,42.39348048551334,0.8535714285714285,0.46714285714285714,2.2900836923289963e-05,0.0005842498036135115,0.5864887237548828
plm_prior,sim_WAG,WAG,NODE_0000177,16,0.000330421875,0,20,0.6931471605599453,42.39348048551334,0.825,0.45153846153846156,2.2900836923289963e-05,0.0006554399057344855,0.5864887237548828
plm_prior,sim_LG,LG,NODE_0000177,16,0.000330421875,0,20,0.6931471605599453,42.39348048551334,0.8642857142857143,0.4912087912087912,2.2900836923289963e-05,0.0006873527101335428,0.5864887237548828
treesbm,empirical,,NODE_0000177,16,0.000330421875,0,19,nan,nan,0.9736842105263158,0.6698380566801619,6.326757409473918e-05,0.0002351469797825278,1044.4751889705658
treesbm,sim_neutral,neutral,NODE_0000177,16,0.000330421875,0,19,0.6931471610599457,57.46480017584358,0.8571428571428571,0.5148062463851938,6.410736627492986e-05,0.00040569314094348203,1044.4751889705658
treesbm,sim_JTT,JTT,NODE_0000177,16,0.000330421875,0,19,0.6931471610599457,57.46480017584358,0.8609022556390977,0.5510121457489878,6.410736627492986e-05,0.0004702939595650556,1044.4751889705658
treesbm,sim_WAG,WAG,NODE_0000177,16,0.000330421875,0,19,0.6931471610599457,57.46480017584358,0.8308270676691729,0.5229034123770966,6.410736627492986e-05,0.0005245586472071774,1044.4751889705658
treesbm,sim_LG,LG,NODE_0000177,16,0.000330421875,0,19,0.6931471610599457,57.46480017584358,0.868421052631579,0.5430595720069404,6.410736627492986e-05,0.0005659031711249845,1044.4751889705658
phylaflow,empirical,,NODE_0000177,16,0.000330421875,0,20,nan,nan,0.9892857142857143,0.662554945054945,0.00012225997933028844,0.00038786331500392774,8.94038462638855
phylaflow,sim_neutral,neutral,NODE_0000177,16,0.000330421875,0,20,0.6931471610599452,78.05730086975976,0.8842592592592593,0.4695604395604396,0.00011475026457325215,0.0005498821681068342,8.94038462638855
phylaflow,sim_JTT,JTT,NODE_0000177,16,0.000330421875,0,20,0.6931471610599452,78.05730086975976,0.9029100529100529,0.5317582417582417,0.00011475026457325215,0.0006161626080125687,8.94038462638855
phylaflow,sim_WAG,WAG,NODE_0000177,16,0.000330421875,0,20,0.6931471610599452,78.05730086975976,0.8809523809523809,0.48684065934065934,0.00011475026457325215,0.0006824430479183032,8.94038462638855
phylaflow,sim_LG,LG,NODE_0000177,16,0.000330421875,0,20,0.6931471610599452,78.05730086975976,0.9277777777777778,0.5296428571428571,0.00011475026457325215,0.0007143558523173605,8.94038462638855
artreeformer_adapted,empirical,,NODE_0000177,16,0.000330421875,0,20,nan,nan,0.9925925925925926,0.6708516483516483,6.48353961578316e-05,0.0002994893951296151,0.0
artreeformer_adapted,sim_neutral,neutral,NODE_0000177,16,0.000330421875,0,20,0.6931471605599453,62.55982870292116,0.8888888888888888,0.49950549450549453,7.217964426430953e-05,0.00046150824823252163,0.0
artreeformer_adapted,sim_JTT,JTT,NODE_0000177,16,0.000330421875,0,20,0.6931471605599453,62.55982870292116,0.9,0.5152197802197802,7.217964426430953e-05,0.0005277886881382561,0.0
artreeformer_adapted,sim_WAG,WAG,NODE_0000177,16,0.000330421875,0,20,0.6931471605599453,62.55982870292116,0.8703703703703703,0.499010989010989,7.217964426430953e-05,0.0005940691280439906,0.0
artreeformer_adapted,sim_LG,LG,NODE_0000177,16,0.000330421875,0,20,0.6931471605599453,62.55982870292116,0.8962962962962963,0.5326373626373626,7.217964426430953e-05,0.000625981932443048,0.0
phylovae_adapted,empirical,,NODE_0000177,16,0.000330421875,0,20,nan,nan,0.9851851851851852,0.6634615384615384,6.164786778684718e-05,0.0003976826394344069,0.0
phylovae_adapted,sim_neutral,neutral,NODE_0000177,16,0.000330421875,0,20,0.6931471605599453,62.243164806868094,0.9037037037037037,0.5195604395604395,7.065367498907263e-05,0.0005621563236449332,0.0
phylovae_adapted,sim_JTT,JTT,NODE_0000177,16,0.000330421875,0,20,0.6931471605599453,62.243164806868094,0.9148148148148149,0.5572802197802198,7.065367498907263e-05,0.000625981932443048,0.0
phylovae_adapted,sim_WAG,WAG,NODE_0000177,16,0.000330421875,0,20,0.6931471605599453,62.243164806868094,0.8814814814814815,0.5336538461538461,7.065367498907263e-05,0.0006922623723487825,0.0
phylovae_adapted,sim_LG,LG,NODE_0000177,16,0.000330421875,0,20,0.6931471605599453,62.243164806868094,0.9111111111111111,0.5232142857142857,7.065367498907263e-05,0.0007241751767478398,0.0
phylaflow_adapted,empirical,,NODE_0000177,16,0.000330421875,0,20,nan,nan,0.9892857142857143,0.662554945054945,5.579681040697212e-05,0.0004124116260801257,0.0
phylaflow_adapted,sim_neutral,neutral,NODE_0000177,16,0.000330421875,0,20,0.6931471610599452,78.05730086975976,0.8696988196988197,0.44571428571428573,6.340908805359622e-05,0.0005768853102906521,0.0
phylaflow_adapted,sim_JTT,JTT,NODE_0000177,16,0.000330421875,0,20,0.6931471610599452,78.05730086975976,0.8993386243386243,0.5135439560439561,6.340908805359622e-05,0.0006407109190887667,0.0
phylaflow_adapted,sim_WAG,WAG,NODE_0000177,16,0.000330421875,0,20,0.6931471610599452,78.05730086975976,0.8916666666666667,0.4945054945054945,6.340908805359622e-05,0.0007069913589945012,0.0
phylaflow_adapted,sim_LG,LG,NODE_0000177,16,0.000330421875,0,20,0.6931471610599452,78.05730086975976,0.9277777777777778,0.525521978021978,6.340908805359622e-05,0.0007389041633935585,0.0
neutral_bd,empirical,,NODE_0000218,16,0.000113735,0,20,nan,nan,1.0,0.6907967032967033,7.142392826821389e-06,9.328358208955225e-05,8.833229064941406
neutral_bd,sim_neutral,neutral,NODE_0000218,16,0.000113735,0,20,0.6931471605599453,41.98830527844957,0.8142857142857143,0.39222527472527474,7.632833059070796e-06,0.00021111547525530245,8.833229064941406
neutral_bd,sim_JTT,JTT,NODE_0000218,16,0.000113735,0,20,0.6931471605599453,41.98830527844957,0.7607142857142857,0.38315934065934065,7.632833059070796e-06,0.00020620581304006287,8.833229064941406
neutral_bd,sim_WAG,WAG,NODE_0000218,16,0.000113735,0,20,0.6931471605599453,41.98830527844957,0.7821428571428571,0.3776923076923077,7.632833059070796e-06,0.00022338963079340143,8.833229064941406
neutral_bd,sim_LG,LG,NODE_0000218,16,0.000113735,0,20,0.6931471605599453,41.98830527844957,0.8178571428571428,0.4096978021978022,7.632833059070796e-06,0.00020129615082482326,8.833229064941406
empirical_bd,empirical,,NODE_0000218,16,0.000113735,0,20,nan,nan,1.0,0.6907967032967033,7.142392826821389e-06,5.155145326001572e-05,8.898240566253662
empirical_bd,sim_neutral,neutral,NODE_0000218,16,0.000113735,0,20,0.6931471605599453,41.98830527844957,0.8142857142857143,0.39494505494505494,7.632833059070796e-06,0.00016938334642576592,8.898240566253662
empirical_bd,sim_JTT,JTT,NODE_0000218,16,0.000113735,0,20,0.6931471605599453,41.98830527844957,0.7607142857142857,0.38315934065934065,7.632833059070796e-06,0.00016447368421052634,8.898240566253662
empirical_bd,sim_WAG,WAG,NODE_0000218,16,0.000113735,0,20,0.6931471605599453,41.98830527844957,0.7821428571428571,0.3776923076923077,7.632833059070796e-06,0.0001816575019638649,8.898240566253662
empirical_bd,sim_LG,LG,NODE_0000218,16,0.000113735,0,20,0.6931471605599453,41.98830527844957,0.8178571428571428,0.4096978021978022,7.632833059070796e-06,0.00015956402199528673,8.898240566253662
plm_prior,empirical,,NODE_0000218,16,0.000113735,0,20,nan,nan,1.0,0.6907967032967033,7.142392826821389e-06,0.00011046739984289081,0.2079322338104248
plm_prior,sim_neutral,neutral,NODE_0000218,16,0.000113735,0,20,0.6931471605599453,41.98830527844957,0.8142857142857143,0.39222527472527474,7.632833059070796e-06,0.000228299293008641,0.2079322338104248
plm_prior,sim_JTT,JTT,NODE_0000218,16,0.000113735,0,20,0.6931471605599453,41.98830527844957,0.7607142857142857,0.38315934065934065,7.632833059070796e-06,0.00022338963079340143,0.2079322338104248
plm_prior,sim_WAG,WAG,NODE_0000218,16,0.000113735,0,20,0.6931471605599453,41.98830527844957,0.7821428571428571,0.37986263736263737,7.632833059070796e-06,0.00024057344854673998,0.2079322338104248
plm_prior,sim_LG,LG,NODE_0000218,16,0.000113735,0,20,0.6931471605599453,41.98830527844957,0.8178571428571428,0.4096978021978022,7.632833059070796e-06,0.00021847996857816184,0.2079322338104248
treesbm,empirical,,NODE_0000218,16,0.000113735,0,19,nan,nan,0.9849624060150376,0.6700694042799306,2.2354344450332423e-05,0.00012144953900855832,1075.1076378822327
treesbm,sim_neutral,neutral,NODE_0000218,16,0.000113735,0,19,0.6931471610599459,57.38455966262403,0.8421052631578947,0.5075477154424523,2.2145366350136996e-05,0.0002403150452722537,1075.1076378822327
treesbm,sim_JTT,JTT,NODE_0000218,16,0.000113735,0,19,0.6931471610599459,57.38455966262403,0.8646616541353384,0.510989010989011,2.2145366350136996e-05,0.0002170587505684872,1075.1076378822327
treesbm,sim_WAG,WAG,NODE_0000218,16,0.000113735,0,19,0.6931471610599459,57.38455966262403,0.8533834586466166,0.49438982070561016,2.2145366350136996e-05,0.0002532352089965684,1075.1076378822327
treesbm,sim_LG,LG,NODE_0000218,16,0.000113735,0,19,0.6931471610599459,57.38455966262403,0.8383458646616542,0.5023134759976865,2.2145366350136996e-05,0.00023514697978252783,1075.1076378822327
phylaflow,empirical,,NODE_0000218,16,0.000113735,0,20,nan,nan,0.9457671957671958,0.6631318681318681,3.751919863206892e-05,0.00012028672427337,9.293595790863037
phylaflow,sim_neutral,neutral,NODE_0000218,16,0.000113735,0,20,0.6931471610599452,78.37415281611595,0.8773504273504273,0.4534065934065934,3.975402628657646e-05,0.0002381186174391202,9.293595790863037
phylaflow,sim_JTT,JTT,NODE_0000218,16,0.000113735,0,20,0.6931471610599452,78.37415281611595,0.8876882376882377,0.45153846153846156,3.975402628657646e-05,0.00023320895522388062,9.293595790863037
phylaflow,sim_WAG,WAG,NODE_0000218,16,0.000113735,0,20,0.6931471610599452,78.37415281611595,0.8408424908424909,0.41771978021978023,3.975402628657646e-05,0.0002503927729772192,9.293595790863037
phylaflow,sim_LG,LG,NODE_0000218,16,0.000113735,0,20,0.6931471610599452,78.37415281611595,0.8487993487993488,0.43282967032967035,3.975402628657646e-05,0.000228299293008641,9.293595790863037
artreeformer_adapted,empirical,,NODE_0000218,16,0.000113735,0,20,nan,nan,1.0,0.6717032967032968,2.470992238369304e-05,0.00011537706205813041,0.0
artreeformer_adapted,sim_neutral,neutral,NODE_0000218,16,0.000113735,0,20,0.6931471605599453,62.87668064927736,0.8777777777777778,0.46912087912087913,2.421246966184988e-05,0.0002332089552238806,0.0
artreeformer_adapted,sim_JTT,JTT,NODE_0000218,16,0.000113735,0,20,0.6931471605599453,62.87668064927736,0.8851851851851852,0.46813186813186813,2.421246966184988e-05,0.000228299293008641,0.0
artreeformer_adapted,sim_WAG,WAG,NODE_0000218,16,0.000113735,0,20,0.6931471605599453,62.87668064927736,0.8629629629629629,0.43065934065934064,2.421246966184988e-05,0.00024548311076197957,0.0
artreeformer_adapted,sim_LG,LG,NODE_0000218,16,0.000113735,0,20,0.6931471605599453,62.87668064927736,0.8555555555555555,0.4384065934065934,2.421246966184988e-05,0.00022338963079340143,0.0
phylovae_adapted,empirical,,NODE_0000218,16,0.000113735,0,20,nan,nan,1.0,0.6584615384615384,2.4094496486043612e-05,0.00012028672427336999,0.0
phylovae_adapted,sim_neutral,neutral,NODE_0000218,16,0.000113735,0,20,0.6931471605599453,62.5600167532243,0.9,0.5115659340659341,2.3048632183041742e-05,0.0002381186174391202,0.0
phylovae_adapted,sim_JTT,JTT,NODE_0000218,16,0.000113735,0,20,0.6931471605599453,62.5600167532243,0.8851851851851852,0.5032417582417582,2.3048632183041742e-05,0.0002332089552238806,0.0
phylovae_adapted,sim_WAG,WAG,NODE_0000218,16,0.000113735,0,20,0.6931471605599453,62.5600167532243,0.8592592592592593,0.4880769230769231,2.3048632183041742e-05,0.0002503927729772192,0.0
phylovae_adapted,sim_LG,LG,NODE_0000218,16,0.000113735,0,20,0.6931471605599453,62.5600167532243,0.8629629629629629,0.4839010989010989,2.3048632183041742e-05,0.000228299293008641,0.0
phylaflow_adapted,empirical,,NODE_0000218,16,0.000113735,0,20,nan,nan,0.9457671957671958,0.6631318681318681,2.143726803859815e-05,9.819324430479184e-05,0.0
phylaflow_adapted,sim_neutral,neutral,NODE_0000218,16,0.000113735,0,20,0.6931471610599452,78.37415281611595,0.8773504273504273,0.4507967032967033,2.0881370189410585e-05,0.00021602513747054204,0.0
phylaflow_adapted,sim_JTT,JTT,NODE_0000218,16,0.000113735,0,20,0.6931471610599452,78.37415281611595,0.8876882376882377,0.45153846153846156,2.0881370189410585e-05,0.00021111547525530245,0.0
phylaflow_adapted,sim_WAG,WAG,NODE_0000218,16,0.000113735,0,20,0.6931471610599452,78.37415281611595,0.8408424908424909,0.4172802197802198,2.0881370189410585e-05,0.000228299293008641,0.0
phylaflow_adapted,sim_LG,LG,NODE_0000218,16,0.000113735,0,20,0.6931471610599452,78.37415281611595,0.8487993487993488,0.43282967032967035,2.0881370189410585e-05,0.00020620581304006284,0.0
neutral_bd,empirical,,NODE_0000223,16,8.51325e-05,0,20,nan,nan,0.9821428571428572,0.6936538461538462,7.974303113808113e-06,8.591908876669285e-05,9.364021062850952
neutral_bd,sim_neutral,neutral,NODE_0000223,16,8.51325e-05,0,20,0.6931471605599453,40.91272834463519,0.8,0.36574175824175825,5.029580093232975e-06,0.00023075412411626081,9.364021062850952
neutral_bd,sim_JTT,JTT,NODE_0000223,16,8.51325e-05,0,20,0.6931471605599453,40.91272834463519,0.7999999999999999,0.37997252747252747,5.029580093232975e-06,0.00015956402199528673,9.364021062850952
neutral_bd,sim_WAG,WAG,NODE_0000223,16,8.51325e-05,0,20,0.6931471605599453,40.91272834463519,0.8142857142857143,0.38837912087912085,5.029580093232975e-06,0.0001841123330714847,9.364021062850952
neutral_bd,sim_LG,LG,NODE_0000223,16,8.51325e-05,0,20,0.6931471605599453,40.91272834463519,0.8428571428571429,0.39315934065934066,5.029580093232975e-06,0.00020129615082482326,9.364021062850952
empirical_bd,empirical,,NODE_0000223,16,8.51325e-05,0,20,nan,nan,0.9821428571428572,0.6936538461538462,7.974303113808113e-06,9.328358208955224e-05,9.12386441230774
empirical_bd,sim_neutral,neutral,NODE_0000223,16,8.51325e-05,0,20,0.6931471605599453,40.91272834463519,0.8,0.36574175824175825,5.029580093232975e-06,0.0002381186174391202,9.12386441230774
empirical_bd,sim_JTT,JTT,NODE_0000223,16,8.51325e-05,0,20,0.6931471605599453,40.91272834463519,0.8,0.3812637362637363,5.029580093232975e-06,0.00016692851531814612,9.12386441230774
empirical_bd,sim_WAG,WAG,NODE_0000223,16,8.51325e-05,0,20,0.6931471605599453,40.91272834463519,0.8142857142857143,0.38837912087912085,5.029580093232975e-06,0.00019147682639434406,9.12386441230774
empirical_bd,sim_LG,LG,NODE_0000223,16,8.51325e-05,0,20,0.6931471605599453,40.91272834463519,0.8392857142857143,0.3889010989010989,5.029580093232975e-06,0.00020866064414768265,9.12386441230774
plm_prior,empirical,,NODE_0000223,16,8.51325e-05,0,20,nan,nan,0.9821428571428572,0.6936538461538462,7.974303113808113e-06,9.328358208955224e-05,0.17907428741455078
plm_prior,sim_neutral,neutral,NODE_0000223,16,8.51325e-05,0,20,0.6931471605599453,40.91272834463519,0.8,0.36574175824175825,5.029580093232975e-06,0.0002381186174391202,0.17907428741455078
plm_prior,sim_JTT,JTT,NODE_0000223,16,8.51325e-05,0,20,0.6931471605599453,40.91272834463519,0.7964285714285714,0.37887362637362637,5.029580093232975e-06,0.00016692851531814612,0.17907428741455078
plm_prior,sim_WAG,WAG,NODE_0000223,16,8.51325e-05,0,20,0.6931471605599453,40.91272834463519,0.8142857142857143,0.38837912087912085,5.029580093232975e-06,0.0001914768263943441,0.17907428741455078
plm_prior,sim_LG,LG,NODE_0000223,16,8.51325e-05,0,20,0.6931471605599453,40.91272834463519,0.8392857142857143,0.38978021978021976,5.029580093232975e-06,0.00020866064414768265,0.17907428741455078
treesbm,empirical,,NODE_0000223,16,8.51325e-05,0,20,nan,nan,1.0,0.6700274725274725,2.0244854608977967e-05,7.855459544383348e-05,1070.3479714393616
treesbm,sim_neutral,neutral,NODE_0000223,16,8.51325e-05,0,20,0.6931471605599453,57.16572459668096,0.8214285714285714,0.4738736263736264,1.8634749917893816e-05,0.00022338963079340143,1070.3479714393616
treesbm,sim_JTT,JTT,NODE_0000223,16,8.51325e-05,0,20,0.6931471605599453,57.16572459668096,0.8035714285714286,0.4710714285714286,1.8634749917893816e-05,0.00015219952867242734,1070.3479714393616
treesbm,sim_WAG,WAG,NODE_0000223,16,8.51325e-05,0,20,0.6931471605599453,57.16572459668096,0.8607142857142858,0.5046978021978022,1.8634749917893816e-05,0.0001767478397486253,1070.3479714393616
treesbm,sim_LG,LG,NODE_0000223,16,8.51325e-05,0,20,0.6931471605599453,57.16572459668096,0.8285714285714285,0.48137362637362635,1.8634749917893816e-05,0.00019393165750196387,1070.3479714393616
phylaflow,empirical,,NODE_0000223,16,8.51325e-05,0,20,nan,nan,1.0,0.678901098901099,2.7101352593785973e-05,7.609976433621367e-05,9.424668073654175
phylaflow,sim_neutral,neutral,NODE_0000223,16,8.51325e-05,0,20,0.6931471610599452,78.47657053485793,0.8327533577533578,0.4252472527472527,3.145852133693476e-05,0.00022093479968578162,9.424668073654175
phylaflow,sim_JTT,JTT,NODE_0000223,16,8.51325e-05,0,20,0.6931471610599452,78.47657053485793,0.8291819291819291,0.42782967032967034,3.145852133693476e-05,0.00014974469756480756,9.424668073654175
phylaflow,sim_WAG,WAG,NODE_0000223,16,8.51325e-05,0,20,0.6931471610599452,78.47657053485793,0.8798433048433049,0.4654395604395604,3.145852133693476e-05,0.0001742930086410055,9.424668073654175
phylaflow,sim_LG,LG,NODE_0000223,16,8.51325e-05,0,20,0.6931471610599452,78.47657053485793,0.8543142043142044,0.4307967032967033,3.145852133693476e-05,0.00019147682639434406,9.424668073654175
artreeformer_adapted,empirical,,NODE_0000223,16,8.51325e-05,0,20,nan,nan,1.0,0.6646428571428572,2.1463660092552972e-05,7.119010212097409e-05,0.0
artreeformer_adapted,sim_neutral,neutral,NODE_0000223,16,8.51325e-05,0,20,0.6931471605599453,62.979098368019336,0.8148148148148148,0.4118956043956044,1.916946083665387e-05,0.00021602513747054204,0.0
artreeformer_adapted,sim_JTT,JTT,NODE_0000223,16,8.51325e-05,0,20,0.6931471605599453,62.979098368019336,0.8,0.41412087912087914,1.916946083665387e-05,0.00014483503534956795,0.0
artreeformer_adapted,sim_WAG,WAG,NODE_0000223,16,8.51325e-05,0,20,0.6931471605599453,62.979098368019336,0.8703703703703703,0.46843406593406595,1.916946083665387e-05,0.0001693833464257659,0.0
artreeformer_adapted,sim_LG,LG,NODE_0000223,16,8.51325e-05,0,20,0.6931471605599453,62.979098368019336,0.8592592592592593,0.45436813186813185,1.916946083665387e-05,0.00018656716417910448,0.0
phylovae_adapted,empirical,,NODE_0000223,16,8.51325e-05,0,20,nan,nan,1.0,0.6690934065934065,2.129852186752936e-05,6.137077769049489e-05,0.0
phylovae_adapted,sim_neutral,neutral,NODE_0000223,16,8.51325e-05,0,20,0.6931471605599453,62.66243447196628,0.8481481481481482,0.4792582417582418,1.868978952749619e-05,0.00020620581304006287,0.0
phylovae_adapted,sim_JTT,JTT,NODE_0000223,16,8.51325e-05,0,20,0.6931471605599453,62.66243447196628,0.8333333333333334,0.4797252747252747,1.868978952749619e-05,0.00013501571091908878,0.0
phylovae_adapted,sim_WAG,WAG,NODE_0000223,16,8.51325e-05,0,20,0.6931471605599453,62.66243447196628,0.8777777777777778,0.5082692307692308,1.868978952749619e-05,0.00015956402199528673,0.0
phylovae_adapted,sim_LG,LG,NODE_0000223,16,8.51325e-05,0,20,0.6931471605599453,62.66243447196628,0.8407407407407408,0.498543956043956,1.868978952749619e-05,0.0001767478397486253,0.0
phylaflow_adapted,empirical,,NODE_0000223,16,8.51325e-05,0,20,nan,nan,1.0,0.678901098901099,1.902549826879934e-05,0.00014974469756480756,0.0
phylaflow_adapted,sim_neutral,neutral,NODE_0000223,16,8.51325e-05,0,20,0.6931471610599452,78.47657053485793,0.8327533577533578,0.4252472527472527,1.682908578758355e-05,0.0002945797329143755,0.0
phylaflow_adapted,sim_JTT,JTT,NODE_0000223,16,8.51325e-05,0,20,0.6931471610599452,78.47657053485793,0.8291819291819291,0.4233791208791209,1.682908578758355e-05,0.00022338963079340143,0.0
phylaflow_adapted,sim_WAG,WAG,NODE_0000223,16,8.51325e-05,0,20,0.6931471610599452,78.47657053485793,0.8798433048433049,0.4654395604395604,1.682908578758355e-05,0.0002479379418695994,0.0
phylaflow_adapted,sim_LG,LG,NODE_0000223,16,8.51325e-05,0,20,0.6931471610599452,78.47657053485793,0.8543142043142044,0.43538461538461537,1.682908578758355e-05,0.00026512175962293795,0.0
neutral_bd,empirical,,NODE_0000188,16,0.000253800625,0,20,nan,nan,0.9857142857142858,0.662554945054945,1.537446598042795e-05,0.00013992537313432837,9.084714651107788
neutral_bd,sim_neutral,neutral,NODE_0000188,16,0.000253800625,0,20,0.6931471605599453,43.167359423566715,0.7892857142857143,0.40499999999999997,1.5533720454547e-05,0.0004148664571877455,9.084714651107788
neutral_bd,sim_JTT,JTT,NODE_0000188,16,0.000253800625,0,20,0.6931471605599453,43.167359423566715,0.7964285714285715,0.4248901098901099,1.5533720454547e-05,0.0003976826394344069,9.084714651107788
neutral_bd,sim_WAG,WAG,NODE_0000188,16,0.000253800625,0,20,0.6931471605599453,43.167359423566715,0.7785714285714286,0.40574175824175823,1.5533720454547e-05,0.0003412215239591516,9.084714651107788
neutral_bd,sim_LG,LG,NODE_0000188,16,0.000253800625,0,20,0.6931471605599453,43.167359423566715,0.8285714285714285,0.4049175824175824,1.5533720454547e-05,0.00043205027494108407,9.084714651107788
empirical_bd,empirical,,NODE_0000188,16,0.000253800625,0,20,nan,nan,0.9857142857142858,0.662554945054945,1.537446598042795e-05,0.0004075019638648861,8.960593223571777
empirical_bd,sim_neutral,neutral,NODE_0000188,16,0.000253800625,0,20,0.6931471605599453,43.167359423566715,0.7892857142857143,0.4064010989010989,1.5533720454547e-05,0.0006898075412411626,8.960593223571777
empirical_bd,sim_JTT,JTT,NODE_0000188,16,0.000253800625,0,20,0.6931471605599453,43.167359423566715,0.8071428571428572,0.4390934065934066,1.5533720454547e-05,0.0006628043990573449,8.960593223571777
empirical_bd,sim_WAG,WAG,NODE_0000188,16,0.000253800625,0,20,0.6931471605599453,43.167359423566715,0.7785714285714286,0.4261813186813187,1.5533720454547e-05,0.0006087981146897094,8.960593223571777
empirical_bd,sim_LG,LG,NODE_0000188,16,0.000253800625,0,20,0.6931471605599453,43.167359423566715,0.8321428571428572,0.4248351648351648,1.5533720454547e-05,0.0006996268656716419,8.960593223571777
plm_prior,empirical,,NODE_0000188,16,0.000253800625,0,20,nan,nan,0.9857142857142858,0.662554945054945,1.537446598042795e-05,0.0002381186174391202,0.47046828269958496
plm_prior,sim_neutral,neutral,NODE_0000188,16,0.000253800625,0,20,0.6931471605599453,43.167359423566715,0.7964285714285715,0.40123626373626375,1.5533720454547e-05,0.0005204241948153967,0.47046828269958496
plm_prior,sim_JTT,JTT,NODE_0000188,16,0.000253800625,0,20,0.6931471605599453,43.167359423566715,0.7964285714285715,0.42656593406593407,1.5533720454547e-05,0.0004958758837391988,0.47046828269958496
plm_prior,sim_WAG,WAG,NODE_0000188,16,0.000253800625,0,20,0.6931471605599453,43.167359423566715,0.7964285714285714,0.41975274725274725,1.5533720454547e-05,0.00043941476826394346,0.47046828269958496
plm_prior,sim_LG,LG,NODE_0000188,16,0.000253800625,0,20,0.6931471605599453,43.167359423566715,0.8357142857142857,0.41167582417582416,1.5533720454547e-05,0.0005302435192458759,0.47046828269958496
treesbm,empirical,,NODE_0000188,16,0.000253800625,0,19,nan,nan,0.9736842105263158,0.6701272411798728,5.359173785056589e-05,0.00020672261958903544,1048.3940391540527
treesbm,sim_neutral,neutral,NODE_0000188,16,0.000253800625,0,19,0.6931471610599457,57.9027800220195,0.8308270676691729,0.513475997686524,5.382606565987189e-05,0.00046770992682019266,1048.3940391540527
treesbm,sim_JTT,JTT,NODE_0000188,16,0.000253800625,0,19,0.6931471610599457,57.9027800220195,0.8872180451127819,0.5281087333718912,5.382606565987189e-05,0.00047029395956505566,1048.3940391540527
treesbm,sim_WAG,WAG,NODE_0000188,16,0.000253800625,0,19,0.6931471610599457,57.9027800220195,0.8383458646616542,0.5365818392134182,5.382606565987189e-05,0.00041861330466779677,1048.3940391540527
treesbm,sim_LG,LG,NODE_0000188,16,0.000253800625,0,19,0.6931471610599457,57.9027800220195,0.8759398496240601,0.550722961249277,5.382606565987189e-05,0.0005142225162277257,1048.3940391540527
phylaflow,empirical,,NODE_0000188,16,0.000253800625,0,20,nan,nan,0.9853072853072853,0.6600549450549451,9.1899850049634e-05,0.0002823055773762765,9.219504117965698
phylaflow,sim_neutral,neutral,NODE_0000188,16,0.000253800625,0,20,0.6931471610599452,78.62257604872201,0.8805250305250305,0.5175824175824175,9.262053057685517e-05,0.0005621563236449332,9.219504117965698
phylaflow,sim_JTT,JTT,NODE_0000188,16,0.000253800625,0,20,0.6931471610599452,78.62257604872201,0.877085877085877,0.4692857142857143,9.262053057685517e-05,0.0005400628436763551,9.219504117965698
phylaflow,sim_WAG,WAG,NODE_0000188,16,0.000253800625,0,20,0.6931471610599452,78.62257604872201,0.8919210419210419,0.4989010989010989,9.262053057685517e-05,0.0004836017282010998,9.219504117965698
phylaflow,sim_LG,LG,NODE_0000188,16,0.000253800625,0,20,0.6931471610599452,78.62257604872201,0.876984126984127,0.49244505494505497,9.262053057685517e-05,0.0005744304791830322,9.219504117965698
artreeformer_adapted,empirical,,NODE_0000188,16,0.000253800625,0,20,nan,nan,0.9740740740740741,0.6621153846153847,4.980215165773369e-05,0.00023075412411626081,0.0
artreeformer_adapted,sim_neutral,neutral,NODE_0000188,16,0.000253800625,0,20,0.6931471605599453,63.12510388188341,0.8814814814814815,0.527967032967033,5.756167717337875e-05,0.0005130597014925373,0.0
artreeformer_adapted,sim_JTT,JTT,NODE_0000188,16,0.000253800625,0,20,0.6931471605599453,63.12510388188341,0.9,0.509010989010989,5.756167717337875e-05,0.0004885113904163394,0.0
artreeformer_adapted,sim_WAG,WAG,NODE_0000188,16,0.000253800625,0,20,0.6931471605599453,63.12510388188341,0.9111111111111111,0.5206868131868132,5.756167717337875e-05,0.00043205027494108407,0.0
artreeformer_adapted,sim_LG,LG,NODE_0000188,16,0.000253800625,0,20,0.6931471605599453,63.12510388188341,0.9074074074074074,0.535989010989011,5.756167717337875e-05,0.0005228790259230165,0.0
phylovae_adapted,empirical,,NODE_0000188,16,0.000253800625,0,20,nan,nan,0.9851851851851852,0.6623626373626373,4.766859683279683e-05,0.00021357030636292223,0.0
phylovae_adapted,sim_neutral,neutral,NODE_0000188,16,0.000253800625,0,20,0.6931471605599453,62.80843998583039,0.8703703703703703,0.5243406593406593,5.5963276220541665e-05,0.0004958758837391988,0.0
phylovae_adapted,sim_JTT,JTT,NODE_0000188,16,0.000253800625,0,20,0.6931471605599453,62.80843998583039,0.8703703703703703,0.5040109890109891,5.5963276220541665e-05,0.0004713275726630008,0.0
phylovae_adapted,sim_WAG,WAG,NODE_0000188,16,0.000253800625,0,20,0.6931471605599453,62.80843998583039,0.8851851851851852,0.5168956043956044,5.5963276220541665e-05,0.0004148664571877455,0.0
phylovae_adapted,sim_LG,LG,NODE_0000188,16,0.000253800625,0,20,0.6931471605599453,62.80843998583039,0.8814814814814815,0.5151373626373627,5.5963276220541665e-05,0.0005056952081696779,0.0
phylaflow_adapted,empirical,,NODE_0000188,16,0.000253800625,0,20,nan,nan,0.9853072853072853,0.6600549450549451,4.27074978792263e-05,0.0002356637863315004,0.0
phylaflow_adapted,sim_neutral,neutral,NODE_0000188,16,0.000253800625,0,20,0.6931471610599452,78.62257604872201,0.8768213268213269,0.5012362637362637,5.1449106823929966e-05,0.000517969363707777,0.0
phylaflow_adapted,sim_JTT,JTT,NODE_0000188,16,0.000253800625,0,20,0.6931471610599452,78.62257604872201,0.8772181522181522,0.46442307692307694,5.1449106823929966e-05,0.000493421052631579,0.0
phylaflow_adapted,sim_WAG,WAG,NODE_0000188,16,0.000253800625,0,20,0.6931471610599452,78.62257604872201,0.8845136345136345,0.4976648351648352,5.1449106823929966e-05,0.0004369599371563237,0.0
phylaflow_adapted,sim_LG,LG,NODE_0000188,16,0.000253800625,0,20,0.6931471610599452,78.62257604872201,0.8842592592592593,0.4965659340659341,5.1449106823929966e-05,0.0005277886881382561,0.0
neutral_bd,empirical,,NODE_0000139,16,0.00015960312500000004,0,20,nan,nan,1.0,0.6995054945054945,1.019735137680106e-05,0.00013256087981146898,9.362198829650879
neutral_bd,sim_neutral,neutral,NODE_0000139,16,0.00015960312500000004,0,20,0.6931471605599453,42.062814498056895,0.7928571428571428,0.4164835164835165,9.517223553939055e-06,0.00020375098193244306,9.362198829650879
neutral_bd,sim_JTT,JTT,NODE_0000139,16,0.00015960312500000004,0,20,0.6931471605599453,42.062814498056895,0.7678571428571429,0.40239010989010987,9.517223553939055e-06,0.00033385703063629223,9.362198829650879
neutral_bd,sim_WAG,WAG,NODE_0000139,16,0.00015960312500000004,0,20,0.6931471605599453,42.062814498056895,0.8214285714285714,0.4098076923076923,9.517223553939055e-06,0.00026021209740769834,9.362198829650879
neutral_bd,sim_LG,LG,NODE_0000139,16,0.00015960312500000004,0,20,0.6931471605599453,42.062814498056895,0.775,0.37752747252747254,9.517223553939055e-06,0.00026021209740769834,9.362198829650879
empirical_bd,empirical,,NODE_0000139,16,0.00015960312500000004,0,20,nan,nan,1.0,0.6995054945054945,1.019735137680106e-05,0.0001718381775333857,9.07525372505188
empirical_bd,sim_neutral,neutral,NODE_0000139,16,0.00015960312500000004,0,20,0.6931471605599453,42.062814498056895,0.7892857142857143,0.4142032967032967,9.517223553939055e-06,0.0002430282796543598,9.07525372505188
empirical_bd,sim_JTT,JTT,NODE_0000139,16,0.00015960312500000004,0,20,0.6931471605599453,42.062814498056895,0.7607142857142857,0.40541208791208794,9.517223553939055e-06,0.00037313432835820896,9.07525372505188
empirical_bd,sim_WAG,WAG,NODE_0000139,16,0.00015960312500000004,0,20,0.6931471605599453,42.062814498056895,0.8178571428571428,0.4047802197802198,9.517223553939055e-06,0.0002994893951296151,9.07525372505188
empirical_bd,sim_LG,LG,NODE_0000139,16,0.00015960312500000004,0,20,0.6931471605599453,42.062814498056895,0.7714285714285715,0.38362637362637364,9.517223553939055e-06,0.0002994893951296151,9.07525372505188
plm_prior,empirical,,NODE_0000139,16,0.00015960312500000004,0,20,nan,nan,1.0,0.6995054945054945,1.019735137680106e-05,0.00015710919088766695,0.29577136039733887
plm_prior,sim_neutral,neutral,NODE_0000139,16,0.00015960312500000004,0,20,0.6931471605599453,42.062814498056895,0.7892857142857143,0.4142032967032967,9.517223553939055e-06,0.000228299293008641,0.29577136039733887
plm_prior,sim_JTT,JTT,NODE_0000139,16,0.00015960312500000004,0,20,0.6931471605599453,42.062814498056895,0.7607142857142857,0.40541208791208794,9.517223553939055e-06,0.0003584053417124902,0.29577136039733887
plm_prior,sim_WAG,WAG,NODE_0000139,16,0.00015960312500000004,0,20,0.6931471605599453,42.062814498056895,0.8178571428571428,0.4047802197802198,9.517223553939055e-06,0.0002847604084838963,0.29577136039733887
plm_prior,sim_LG,LG,NODE_0000139,16,0.00015960312500000004,0,20,0.6931471605599453,42.062814498056895,0.7714285714285715,0.38112637362637364,9.517223553939055e-06,0.0002847604084838963,0.29577136039733887
treesbm,empirical,,NODE_0000139,16,0.00015960312500000004,0,19,nan,nan,1.0,0.6893001735106998,3.323481344132864e-05,0.00016021003018150247,1102.9673399925232
treesbm,sim_neutral,neutral,NODE_0000139,16,0.00015960312500000004,0,19,0.6931471610599457,57.44253387599879,0.8308270676691729,0.5082995951417004,3.072600581950741e-05,0.00023514697978252783,1102.9673399925232
treesbm,sim_JTT,JTT,NODE_0000139,16,0.00015960312500000004,0,19,0.6931471610599457,57.44253387599879,0.849624060150376,0.5137362637362637,3.072600581950741e-05,0.00036693264977053793,1102.9673399925232
treesbm,sim_WAG,WAG,NODE_0000139,16,0.00015960312500000004,0,19,0.6931471610599457,57.44253387599879,0.8383458646616542,0.5160786581839214,3.072600581950741e-05,0.0002894116674246496,1102.9673399925232
treesbm,sim_LG,LG,NODE_0000139,16,0.00015960312500000004,0,19,0.6931471610599457,57.44253387599879,0.8195488721804511,0.5002313475997686,3.072600581950741e-05,0.0002945797329143755,1102.9673399925232
phylaflow,empirical,,NODE_0000139,16,0.00015960312500000004,0,20,nan,nan,1.0,0.6955494505494505,6.362549739308043e-05,0.00018656716417910448,9.564818859100342
phylaflow,sim_neutral,neutral,NODE_0000139,16,0.00015960312500000004,0,20,0.6931471610599452,78.26830092325173,0.8298738298738298,0.45332417582417583,5.889941054620924e-05,0.00025775726630007857,9.564818859100342
phylaflow,sim_JTT,JTT,NODE_0000139,16,0.00015960312500000004,0,20,0.6931471610599452,78.26830092325173,0.8368640618640618,0.4575824175824176,5.889941054620924e-05,0.00038786331500392774,9.564818859100342
phylaflow,sim_WAG,WAG,NODE_0000139,16,0.00015960312500000004,0,20,0.6931471610599452,78.26830092325173,0.8625457875457876,0.46337912087912086,5.889941054620924e-05,0.0003142183817753339,9.564818859100342
phylaflow,sim_LG,LG,NODE_0000139,16,0.00015960312500000004,0,20,0.6931471610599452,78.26830092325173,0.8625457875457876,0.4498626373626374,5.889941054620924e-05,0.00031421838177533385,9.564818859100342
artreeformer_adapted,empirical,,NODE_0000139,16,0.00015960312500000004,0,20,nan,nan,1.0,0.7004945054945055,3.943327154680014e-05,0.00013747054202670856,0.0
artreeformer_adapted,sim_neutral,neutral,NODE_0000139,16,0.00015960312500000004,0,20,0.6931471605599453,62.77082875641314,0.8555555555555555,0.4614010989010989,3.4451310667195744e-05,0.00020866064414768265,0.0
artreeformer_adapted,sim_JTT,JTT,NODE_0000139,16,0.00015960312500000004,0,20,0.6931471605599453,62.77082875641314,0.8592592592592593,0.47662087912087914,3.4451310667195744e-05,0.00033876669285153185,0.0
artreeformer_adapted,sim_WAG,WAG,NODE_0000139,16,0.00015960312500000004,0,20,0.6931471605599453,62.77082875641314,0.8777777777777778,0.4841208791208791,3.4451310667195744e-05,0.00026512175962293795,0.0
artreeformer_adapted,sim_LG,LG,NODE_0000139,16,0.00015960312500000004,0,20,0.6931471605599453,62.77082875641314,0.8592592592592593,0.439532967032967,3.4451310667195744e-05,0.00026512175962293795,0.0
phylovae_adapted,empirical,,NODE_0000139,16,0.00015960312500000004,0,20,nan,nan,1.0,0.6897252747252747,3.8465487464003745e-05,0.00016692851531814612,0.0
phylovae_adapted,sim_neutral,neutral,NODE_0000139,16,0.00015960312500000004,0,20,0.6931471605599453,62.454164860360066,0.8407407407407408,0.5029945054945055,3.4203824191323084e-05,0.0002381186174391202,0.0
phylovae_adapted,sim_JTT,JTT,NODE_0000139,16,0.00015960312500000004,0,20,0.6931471605599453,62.454164860360066,0.8666666666666667,0.5130494505494505,3.4203824191323084e-05,0.00036576983503534957,0.0
phylovae_adapted,sim_WAG,WAG,NODE_0000139,16,0.00015960312500000004,0,20,0.6931471605599453,62.454164860360066,0.8703703703703703,0.5151098901098902,3.4203824191323084e-05,0.0002945797329143755,0.0
phylovae_adapted,sim_LG,LG,NODE_0000139,16,0.00015960312500000004,0,20,0.6931471605599453,62.454164860360066,0.8592592592592593,0.49381868131868134,3.4203824191323084e-05,0.0002945797329143755,0.0
phylaflow_adapted,empirical,,NODE_0000139,16,0.00015960312500000004,0,20,nan,nan,1.0,0.6955494505494505,3.529438067641296e-05,0.0002381186174391202,0.0
phylaflow_adapted,sim_neutral,neutral,NODE_0000139,16,0.00015960312500000004,0,20,0.6931471610599452,78.26830092325173,0.8334452584452584,0.4616208791208791,3.066472592924001e-05,0.0003093087195600943,0.0
phylaflow_adapted,sim_JTT,JTT,NODE_0000139,16,0.00015960312500000004,0,20,0.6931471610599452,78.26830092325173,0.8404354904354904,0.45280219780219777,3.066472592924001e-05,0.00043941476826394346,0.0
phylaflow_adapted,sim_WAG,WAG,NODE_0000139,16,0.00015960312500000004,0,20,0.6931471610599452,78.26830092325173,0.8589743589743589,0.47104395604395605,3.066472592924001e-05,0.00036576983503534957,0.0
phylaflow_adapted,sim_LG,LG,NODE_0000139,16,0.00015960312500000004,0,20,0.6931471610599452,78.26830092325173,0.8589743589743589,0.4443956043956044,3.066472592924001e-05,0.00036576983503534957,0.0
neutral_bd,empirical,,NODE_0000295,16,0.000258434375,0,20,nan,nan,0.9928571428571429,0.6904670329670329,2.8499482690598076e-05,0.0003093087195600943,9.256611824035645
neutral_bd,sim_neutral,neutral,NODE_0000295,16,0.000258434375,0,20,0.6931471605599453,41.34979509451811,0.775,0.37782967032967035,1.7731757198590325e-05,0.00043450510604870385,9.256611824035645
neutral_bd,sim_JTT,JTT,NODE_0000295,16,0.000258434375,0,20,0.6931471605599453,41.34979509451811,0.7678571428571428,0.386043956043956,1.7731757198590325e-05,0.0004099567949725059,9.256611824035645
neutral_bd,sim_WAG,WAG,NODE_0000295,16,0.000258434375,0,20,0.6931471605599453,41.34979509451811,0.7857142857142857,0.40098901098901096,1.7731757198590325e-05,0.0005498821681068342,9.256611824035645
neutral_bd,sim_LG,LG,NODE_0000295,16,0.000258434375,0,20,0.6931471605599453,41.34979509451811,0.8178571428571428,0.43945054945054945,1.7731757198590325e-05,0.0005719756480754124,9.256611824035645
empirical_bd,empirical,,NODE_0000295,16,0.000258434375,0,20,nan,nan,0.9928571428571429,0.6887362637362637,2.8499482690598076e-05,0.0003289473684210526,9.09650468826294
empirical_bd,sim_neutral,neutral,NODE_0000295,16,0.000258434375,0,20,0.6931471605599453,41.34979509451811,0.775,0.3796428571428571,1.7731757198590325e-05,0.00045414375490966224,9.09650468826294
empirical_bd,sim_JTT,JTT,NODE_0000295,16,0.000258434375,0,20,0.6931471605599453,41.34979509451811,0.7535714285714286,0.3759340659340659,1.7731757198590325e-05,0.0004295954438334643,9.09650468826294
empirical_bd,sim_WAG,WAG,NODE_0000295,16,0.000258434375,0,20,0.6931471605599453,41.34979509451811,0.8107142857142857,0.4232967032967033,1.7731757198590325e-05,0.0005695208169677927,9.09650468826294
empirical_bd,sim_LG,LG,NODE_0000295,16,0.000258434375,0,20,0.6931471605599453,41.34979509451811,0.8142857142857143,0.4491758241758242,1.7731757198590325e-05,0.0005916142969363707,9.09650468826294
plm_prior,empirical,,NODE_0000295,16,0.000258434375,0,20,nan,nan,0.9928571428571429,0.6887362637362637,2.8499482690598076e-05,0.00030685388845247446,0.4687321186065674
plm_prior,sim_neutral,neutral,NODE_0000295,16,0.000258434375,0,20,0.6931471605599453,41.34979509451811,0.775,0.3768956043956044,1.7731757198590325e-05,0.00043205027494108407,0.4687321186065674
plm_prior,sim_JTT,JTT,NODE_0000295,16,0.000258434375,0,20,0.6931471605599453,41.34979509451811,0.7571428571428571,0.38211538461538463,1.7731757198590325e-05,0.0004075019638648861,0.4687321186065674
plm_prior,sim_WAG,WAG,NODE_0000295,16,0.000258434375,0,20,0.6931471605599453,41.34979509451811,0.7928571428571428,0.41093406593406595,1.7731757198590325e-05,0.0005474273369992145,0.4687321186065674
plm_prior,sim_LG,LG,NODE_0000295,16,0.000258434375,0,20,0.6931471605599453,41.34979509451811,0.825,0.4543406593406593,1.7731757198590325e-05,0.0005695208169677927,0.4687321186065674
treesbm,empirical,,NODE_0000295,16,0.000258434375,0,19,nan,nan,1.0,0.6809138230190862,5.7898099151094345e-05,0.0002584032744862943,1055.6347167491913
treesbm,sim_neutral,neutral,NODE_0000295,16,0.000258434375,0,19,0.6931471610599458,57.75452699640754,0.8421052631578947,0.47984384037015615,5.3006557251084104e-05,0.00037210071526026377,1055.6347167491913
treesbm,sim_JTT,JTT,NODE_0000295,16,0.000258434375,0,19,0.6931471610599458,57.75452699640754,0.8383458646616542,0.4895315211104685,5.3006557251084104e-05,0.00035659651879108614,1055.6347167491913
treesbm,sim_WAG,WAG,NODE_0000295,16,0.000258434375,0,19,0.6931471610599458,57.75452699640754,0.8458646616541353,0.4981203007518797,5.3006557251084104e-05,0.0004935502542688221,1055.6347167491913
treesbm,sim_LG,LG,NODE_0000295,16,0.000258434375,0,19,0.6931471610599458,57.75452699640754,0.8421052631578947,0.5180161943319838,5.3006557251084104e-05,0.0005013023525034109,1055.6347167491913
phylaflow,empirical,,NODE_0000295,16,0.000258434375,0,20,nan,nan,0.9964285714285714,0.6858516483516484,9.928831377584071e-05,0.00027248625294579734,9.356350183486938
phylaflow,sim_neutral,neutral,NODE_0000295,16,0.000258434375,0,20,0.6931471610599452,78.43320021627055,0.8738095238095238,0.43612637362637363,9.326126208091822e-05,0.0003976826394344069,9.356350183486938
phylaflow,sim_JTT,JTT,NODE_0000295,16,0.000258434375,0,20,0.6931471610599452,78.43320021627055,0.8773606023606023,0.4627747252747253,9.326126208091822e-05,0.00037313432835820896,9.356350183486938
phylaflow,sim_WAG,WAG,NODE_0000295,16,0.000258434375,0,20,0.6931471610599452,78.43320021627055,0.8777777777777778,0.47145604395604396,9.326126208091822e-05,0.0005130597014925373,9.356350183486938
phylaflow,sim_LG,LG,NODE_0000295,16,0.000258434375,0,20,0.6931471610599452,78.43320021627055,0.9057997557997558,0.4832142857142857,9.326126208091822e-05,0.0005351531814611155,9.356350183486938
artreeformer_adapted,empirical,,NODE_0000295,16,0.000258434375,0,20,nan,nan,1.0,0.6828846153846153,4.695672003219133e-05,0.0002626669285153182,0.0
artreeformer_adapted,sim_neutral,neutral,NODE_0000295,16,0.000258434375,0,20,0.6931471605599453,62.93572804943194,0.8666666666666667,0.4395054945054945,5.7570833892043205e-05,0.00038786331500392774,0.0
artreeformer_adapted,sim_JTT,JTT,NODE_0000295,16,0.000258434375,0,20,0.6931471605599453,62.93572804943194,0.8777777777777778,0.45142857142857146,5.7570833892043205e-05,0.0003633150039277298,0.0
artreeformer_adapted,sim_WAG,WAG,NODE_0000295,16,0.000258434375,0,20,0.6931471605599453,62.93572804943194,0.8481481481481482,0.4670604395604396,5.7570833892043205e-05,0.0005032403770620582,0.0
artreeformer_adapted,sim_LG,LG,NODE_0000295,16,0.000258434375,0,20,0.6931471605599453,62.93572804943194,0.8925925925925926,0.5056318681318681,5.7570833892043205e-05,0.0005253338570306364,0.0
phylovae_adapted,empirical,,NODE_0000295,16,0.000258434375,0,20,nan,nan,1.0,0.6702747252747253,4.5227922223979514e-05,0.0003682246661429694,0.0
phylovae_adapted,sim_neutral,neutral,NODE_0000295,16,0.000258434375,0,20,0.6931471605599453,62.6190641533789,0.8629629629629629,0.4700824175824176,5.531989345160025e-05,0.000493421052631579,0.0
phylovae_adapted,sim_JTT,JTT,NODE_0000295,16,0.000258434375,0,20,0.6931471605599453,62.6190641533789,0.8962962962962963,0.525,5.531989345160025e-05,0.000468872741555381,0.0
phylovae_adapted,sim_WAG,WAG,NODE_0000295,16,0.000258434375,0,20,0.6931471605599453,62.6190641533789,0.8962962962962963,0.5296978021978022,5.531989345160025e-05,0.0006087981146897094,0.0
phylovae_adapted,sim_LG,LG,NODE_0000295,16,0.000258434375,0,20,0.6931471605599453,62.6190641533789,0.9074074074074074,0.5246978021978022,5.531989345160025e-05,0.0006308915946582875,0.0
phylaflow_adapted,empirical,,NODE_0000295,16,0.000258434375,0,20,nan,nan,0.9964285714285714,0.685989010989011,4.1253922655052505e-05,0.00036086017282011,0.0
phylaflow_adapted,sim_neutral,neutral,NODE_0000295,16,0.000258434375,0,20,0.6931471610599452,78.43320021627055,0.8773809523809524,0.44096153846153846,5.013259272208084e-05,0.0004860565593087196,0.0
phylaflow_adapted,sim_JTT,JTT,NODE_0000295,16,0.000258434375,0,20,0.6931471610599452,78.43320021627055,0.8809320309320309,0.4643956043956044,5.013259272208084e-05,0.00046150824823252163,0.0
phylaflow_adapted,sim_WAG,WAG,NODE_0000295,16,0.000258434375,0,20,0.6931471610599452,78.43320021627055,0.8706349206349207,0.4620879120879121,5.013259272208084e-05,0.00060143362136685,0.0
phylaflow_adapted,sim_LG,LG,NODE_0000295,16,0.000258434375,0,20,0.6931471610599452,78.43320021627055,0.8948209198209198,0.4891208791208791,5.013259272208084e-05,0.0006235271013354281,0.0
neutral_bd,empirical,,NODE_0000234,16,0.00019668000000000002,0,20,nan,nan,1.0,0.6615934065934066,1.7305981412865747e-05,0.00031176355066771407,9.65260910987854
neutral_bd,sim_neutral,neutral,NODE_0000234,16,0.00019668000000000002,0,20,0.6931471605599453,46.33865353752213,0.8321428571428572,0.3926648351648352,1.1289997811067934e-05,0.00060143362136685,9.65260910987854
neutral_bd,sim_JTT,JTT,NODE_0000234,16,0.00019668000000000002,0,20,0.6931471605599453,46.33865353752213,0.7428571428571429,0.38186813186813184,1.1289997811067934e-05,0.0004173212882953653,9.65260910987854
neutral_bd,sim_WAG,WAG,NODE_0000234,16,0.00019668000000000002,0,20,0.6931471605599453,46.33865353752213,0.8035714285714286,0.41063186813186814,1.1289997811067934e-05,0.000468872741555381,9.65260910987854
neutral_bd,sim_LG,LG,NODE_0000234,16,0.00019668000000000002,0,20,0.6931471605599453,46.33865353752213,0.7964285714285715,0.3697252747252747,1.1289997811067934e-05,0.0004885113904163394,9.65260910987854
empirical_bd,empirical,,NODE_0000234,16,0.00019668000000000002,0,20,nan,nan,1.0,0.6616483516483517,1.7305981412865747e-05,0.0002945797329143755,9.374685764312744
empirical_bd,sim_neutral,neutral,NODE_0000234,16,0.00019668000000000002,0,20,0.6931471605599453,46.33865353752213,0.8321428571428572,0.4133241758241758,1.1289997811067934e-05,0.0005842498036135114,9.374685764312744
empirical_bd,sim_JTT,JTT,NODE_0000234,16,0.00019668000000000002,0,20,0.6931471605599453,46.33865353752213,0.7392857142857143,0.381510989010989,1.1289997811067934e-05,0.00040013747054202674,9.374685764312744
empirical_bd,sim_WAG,WAG,NODE_0000234,16,0.00019668000000000002,0,20,0.6931471605599453,46.33865353752213,0.8071428571428572,0.41354395604395605,1.1289997811067934e-05,0.00045168892380204246,9.374685764312744
empirical_bd,sim_LG,LG,NODE_0000234,16,0.00019668000000000002,0,20,0.6931471605599453,46.33865353752213,0.7857142857142857,0.3612912087912088,1.1289997811067934e-05,0.0004713275726630008,9.374685764312744
plm_prior,empirical,,NODE_0000234,16,0.00019668000000000002,0,20,nan,nan,1.0,0.6615934065934066,1.7305981412865747e-05,0.0002503927729772192,0.36509060859680176
plm_prior,sim_neutral,neutral,NODE_0000234,16,0.00019668000000000002,0,20,0.6931471605599453,46.33865353752213,0.8214285714285714,0.3950274725274725,1.1289997811067934e-05,0.0005400628436763551,0.36509060859680176
plm_prior,sim_JTT,JTT,NODE_0000234,16,0.00019668000000000002,0,20,0.6931471605599453,46.33865353752213,0.7428571428571429,0.3826098901098901,1.1289997811067934e-05,0.0003559505106048704,0.36509060859680176
plm_prior,sim_WAG,WAG,NODE_0000234,16,0.00019668000000000002,0,20,0.6931471605599453,46.33865353752213,0.8035714285714286,0.4068131868131868,1.1289997811067934e-05,0.0004075019638648861,0.36509060859680176
plm_prior,sim_LG,LG,NODE_0000234,16,0.00019668000000000002,0,20,0.6931471605599453,46.33865353752213,0.7892857142857143,0.36247252747252745,1.1289997811067934e-05,0.00042714061272584446,0.36509060859680176
treesbm,empirical,,NODE_0000234,16,0.00019668000000000002,0,19,nan,nan,1.0,0.6382591093117409,3.542079212767857e-05,0.000227394881547939,1052.7563757896423
treesbm,sim_neutral,neutral,NODE_0000234,16,0.00019668000000000002,0,19,0.6931471610599459,57.75067611232237,0.849624060150376,0.5328802776171198,4.100971138814085e-05,0.0005348947781866292,1052.7563757896423
treesbm,sim_JTT,JTT,NODE_0000234,16,0.00019668000000000002,0,19,0.6931471610599459,57.75067611232237,0.8458646616541353,0.501445922498554,4.100971138814085e-05,0.0003410923223219085,1052.7563757896423
treesbm,sim_WAG,WAG,NODE_0000234,16,0.00019668000000000002,0,19,0.6931471610599459,57.75067611232237,0.9060150375939849,0.5405147484094852,4.100971138814085e-05,0.0003798528134948526,1052.7563757896423
treesbm,sim_LG,LG,NODE_0000234,16,0.00019668000000000002,0,19,0.6931471610599459,57.75067611232237,0.8421052631578947,0.5138519375361481,4.100971138814085e-05,0.000408277173688345,1052.7563757896423
phylaflow,empirical,,NODE_0000234,16,0.00019668000000000002,0,20,nan,nan,1.0,0.6527197802197803,6.501275660081801e-05,0.00024548311076197957,9.602394342422485
phylaflow,sim_neutral,neutral,NODE_0000234,16,0.00019668000000000002,0,20,0.6931471610599452,78.57185112618842,0.8838319088319089,0.47271978021978023,7.25182751030109e-05,0.0005326983503534957,9.602394342422485
phylaflow,sim_JTT,JTT,NODE_0000234,16,0.00019668000000000002,0,20,0.6931471610599452,78.57185112618842,0.8443019943019943,0.46796703296703296,7.25182751030109e-05,0.0003510408483896308,9.602394342422485
phylaflow,sim_WAG,WAG,NODE_0000234,16,0.00019668000000000002,0,20,0.6931471610599452,78.57185112618842,0.8983923483923484,0.46145604395604395,7.25182751030109e-05,0.0004025923016496465,9.602394342422485
phylaflow,sim_LG,LG,NODE_0000234,16,0.00019668000000000002,0,20,0.6931471610599452,78.57185112618842,0.8626882376882377,0.45706043956043957,7.25182751030109e-05,0.0004222309505106049,9.602394342422485
artreeformer_adapted,empirical,,NODE_0000234,16,0.00019668000000000002,0,20,nan,nan,1.0,0.6431043956043956,3.609400411965376e-05,0.0002503927729772192,0.0
artreeformer_adapted,sim_neutral,neutral,NODE_0000234,16,0.00019668000000000002,0,20,0.6931471605599453,63.07437895934984,0.8925925925925926,0.44148351648351647,4.4301705711740024e-05,0.0005400628436763551,0.0
artreeformer_adapted,sim_JTT,JTT,NODE_0000234,16,0.00019668000000000002,0,20,0.6931471605599453,63.07437895934984,0.8333333333333334,0.4437087912087912,4.4301705711740024e-05,0.0003559505106048704,0.0
artreeformer_adapted,sim_WAG,WAG,NODE_0000234,16,0.00019668000000000002,0,20,0.6931471605599453,63.07437895934984,0.9222222222222223,0.48736263736263735,4.4301705711740024e-05,0.0004075019638648861,0.0
artreeformer_adapted,sim_LG,LG,NODE_0000234,16,0.00019668000000000002,0,20,0.6931471605599453,63.07437895934984,0.8518518518518519,0.45431318681318683,4.4301705711740024e-05,0.00042714061272584446,0.0
phylovae_adapted,empirical,,NODE_0000234,16,0.00019668000000000002,0,20,nan,nan,1.0,0.6348351648351649,3.3930017881936114e-05,0.00027248625294579734,0.0
phylovae_adapted,sim_neutral,neutral,NODE_0000234,16,0.00019668000000000002,0,20,0.6931471605599453,62.757715063296786,0.8925925925925926,0.5239560439560439,4.3029412297935495e-05,0.0005597014925373135,0.0
phylovae_adapted,sim_JTT,JTT,NODE_0000234,16,0.00019668000000000002,0,20,0.6931471605599453,62.757715063296786,0.8481481481481482,0.4847252747252747,4.3029412297935495e-05,0.00037804399057344857,0.0
phylovae_adapted,sim_WAG,WAG,NODE_0000234,16,0.00019668000000000002,0,20,0.6931471605599453,62.757715063296786,0.8777777777777778,0.5155219780219781,4.3029412297935495e-05,0.00042714061272584446,0.0
phylovae_adapted,sim_LG,LG,NODE_0000234,16,0.00019668000000000002,0,20,0.6931471605599453,62.757715063296786,0.8962962962962963,0.522967032967033,4.3029412297935495e-05,0.00044923409269442263,0.0
phylaflow_adapted,empirical,,NODE_0000234,16,0.00019668000000000002,0,20,nan,nan,1.0,0.6527197802197803,3.062610539011574e-05,0.0002626669285153182,0.0
phylaflow_adapted,sim_neutral,neutral,NODE_0000234,16,0.00019668000000000002,0,20,0.6931471610599452,78.57185112618842,0.862006512006512,0.45524725274725275,3.8630118153559745e-05,0.0005523369992144541,0.0
phylaflow_adapted,sim_JTT,JTT,NODE_0000234,16,0.00019668000000000002,0,20,0.6931471610599452,78.57185112618842,0.8443019943019943,0.4668131868131868,3.8630118153559745e-05,0.0003682246661429694,0.0
phylaflow_adapted,sim_WAG,WAG,NODE_0000234,16,0.00019668000000000002,0,20,0.6931471610599452,78.57185112618842,0.9019637769637769,0.4737912087912088,3.8630118153559745e-05,0.00041977611940298507,0.0
phylaflow_adapted,sim_LG,LG,NODE_0000234,16,0.00019668000000000002,0,20,0.6931471610599452,78.57185112618842,0.858984533984534,0.45942307692307693,3.8630118153559745e-05,0.00043941476826394346,0.0
neutral_bd,empirical,,NODE_0000091,16,0.00015983624999999998,0,20,nan,nan,1.0,0.6800274725274725,8.817113123191297e-06,0.00015710919088766695,9.5608971118927
neutral_bd,sim_neutral,neutral,NODE_0000091,16,0.00015983624999999998,0,20,0.6931471605599453,40.073978090924044,0.8321428571428572,0.44101648351648354,1.111034491476028e-05,0.0002626669285153182,9.5608971118927
neutral_bd,sim_JTT,JTT,NODE_0000091,16,0.00015983624999999998,0,20,0.6931471605599453,40.073978090924044,0.825,0.4509065934065934,1.111034491476028e-05,0.00031912804399057346,9.5608971118927
neutral_bd,sim_WAG,WAG,NODE_0000091,16,0.00015983624999999998,0,20,0.6931471605599453,40.073978090924044,0.8321428571428571,0.42815934065934064,1.111034491476028e-05,0.00025284760408483895,9.5608971118927
neutral_bd,sim_LG,LG,NODE_0000091,16,0.00015983624999999998,0,20,0.6931471605599453,40.073978090924044,0.7714285714285715,0.41527472527472525,1.111034491476028e-05,0.000336311861743912,9.5608971118927
empirical_bd,empirical,,NODE_0000091,16,0.00015983624999999998,0,20,nan,nan,1.0,0.6800274725274725,8.817113123191297e-06,0.0001816575019638649,9.597944736480713
empirical_bd,sim_neutral,neutral,NODE_0000091,16,0.00015983624999999998,0,20,0.6931471605599453,40.073978090924044,0.8357142857142857,0.44571428571428573,1.111034491476028e-05,0.0002872152395915161,9.597944736480713
empirical_bd,sim_JTT,JTT,NODE_0000091,16,0.00015983624999999998,0,20,0.6931471605599453,40.073978090924044,0.825,0.4509065934065934,1.111034491476028e-05,0.0003436763550667714,9.597944736480713
empirical_bd,sim_WAG,WAG,NODE_0000091,16,0.00015983624999999998,0,20,0.6931471605599453,40.073978090924044,0.8285714285714285,0.43236263736263736,1.111034491476028e-05,0.00027739591516103695,9.597944736480713
empirical_bd,sim_LG,LG,NODE_0000091,16,0.00015983624999999998,0,20,0.6931471605599453,40.073978090924044,0.775,0.4199725274725275,1.111034491476028e-05,0.00036086017282011,9.597944736480713
plm_prior,empirical,,NODE_0000091,16,0.00015983624999999998,0,20,nan,nan,1.0,0.6800274725274725,8.817113123191297e-06,0.00015710919088766695,0.30670166015625
plm_prior,sim_neutral,neutral,NODE_0000091,16,0.00015983624999999998,0,20,0.6931471605599453,40.073978090924044,0.8321428571428572,0.44035714285714284,1.111034491476028e-05,0.0002626669285153182,0.30670166015625
plm_prior,sim_JTT,JTT,NODE_0000091,16,0.00015983624999999998,0,20,0.6931471605599453,40.073978090924044,0.825,0.4509065934065934,1.111034491476028e-05,0.00031912804399057346,0.30670166015625
plm_prior,sim_WAG,WAG,NODE_0000091,16,0.00015983624999999998,0,20,0.6931471605599453,40.073978090924044,0.8321428571428571,0.42815934065934064,1.111034491476028e-05,0.00025284760408483895,0.30670166015625
plm_prior,sim_LG,LG,NODE_0000091,16,0.00015983624999999998,0,20,0.6931471605599453,40.073978090924044,0.7714285714285715,0.41527472527472525,1.111034491476028e-05,0.000336311861743912,0.30670166015625
treesbm,empirical,,NODE_0000091,16,0.00015983624999999998,0,19,nan,nan,1.0,0.6881723539618276,3.25344693179154e-05,0.00016537809567122836,1093.06006026268
treesbm,sim_neutral,neutral,NODE_0000091,16,0.00015983624999999998,0,19,0.693147161059946,57.399921654229104,0.8609022556390977,0.5172932330827068,3.236203285100267e-05,0.00026615537272088314,1093.06006026268
treesbm,sim_JTT,JTT,NODE_0000091,16,0.00015983624999999998,0,19,0.693147161059946,57.399921654229104,0.8571428571428571,0.53262001156738,3.236203285100267e-05,0.00032817215859759377,1093.06006026268
treesbm,sim_WAG,WAG,NODE_0000091,16,0.00015983624999999998,0,19,0.693147161059946,57.399921654229104,0.849624060150376,0.508155002891845,3.236203285100267e-05,0.0002584032744862943,1093.06006026268
treesbm,sim_LG,LG,NODE_0000091,16,0.00015983624999999998,0,19,0.693147161059946,57.399921654229104,0.8308270676691729,0.5097455176402544,3.236203285100267e-05,0.00035142845330136024,1093.06006026268
phylaflow,empirical,,NODE_0000091,16,0.00015983624999999998,0,20,nan,nan,1.0,0.6856318681318682,5.9346958236599766e-05,0.00014238020424194817,9.787863492965698
phylaflow,sim_neutral,neutral,NODE_0000091,16,0.00015983624999999998,0,20,0.6931471610599452,78.30726919404205,0.8591168091168091,0.4681043956043956,5.6275030622945165e-05,0.0002479379418695994,9.787863492965698
phylaflow,sim_JTT,JTT,NODE_0000091,16,0.00015983624999999998,0,20,0.6931471610599452,78.30726919404205,0.8699430199430199,0.4816483516483516,5.6275030622945165e-05,0.0003043990573448547,9.787863492965698
phylaflow,sim_WAG,WAG,NODE_0000091,16,0.00015983624999999998,0,20,0.6931471610599452,78.30726919404205,0.8921957671957672,0.4758241758241758,5.6275030622945165e-05,0.0002381186174391202,9.787863492965698
phylaflow,sim_LG,LG,NODE_0000091,16,0.00015983624999999998,0,20,0.6931471610599452,78.30726919404205,0.8669210419210419,0.46953296703296704,5.6275030622945165e-05,0.00032158287509819324,9.787863492965698
artreeformer_adapted,empirical,,NODE_0000091,16,0.00015983624999999998,0,20,nan,nan,1.0,0.6866208791208791,3.449869113446778e-05,0.00015219952867242734,0.0
artreeformer_adapted,sim_neutral,neutral,NODE_0000091,16,0.00015983624999999998,0,20,0.6931471605599453,62.80979702720346,0.8740740740740741,0.4701098901098901,3.350186077628063e-05,0.00025775726630007857,0.0
artreeformer_adapted,sim_JTT,JTT,NODE_0000091,16,0.00015983624999999998,0,20,0.6931471605599453,62.80979702720346,0.9074074074074074,0.49288461538461537,3.350186077628063e-05,0.00031421838177533385,0.0
artreeformer_adapted,sim_WAG,WAG,NODE_0000091,16,0.00015983624999999998,0,20,0.6931471605599453,62.80979702720346,0.8962962962962963,0.4826373626373626,3.350186077628063e-05,0.0002479379418695994,0.0
artreeformer_adapted,sim_LG,LG,NODE_0000091,16,0.00015983624999999998,0,20,0.6931471605599453,62.80979702720346,0.9,0.486510989010989,3.350186077628063e-05,0.00033140219952867246,0.0
phylovae_adapted,empirical,,NODE_0000091,16,0.00015983624999999998,0,20,nan,nan,1.0,0.6967032967032967,3.3316651516431385e-05,0.00010064807541241163,0.0
phylovae_adapted,sim_neutral,neutral,NODE_0000091,16,0.00015983624999999998,0,20,0.6931471605599453,62.4931331311504,0.8555555555555555,0.49782967032967035,3.2535216320800444e-05,0.00020620581304006284,0.0
phylovae_adapted,sim_JTT,JTT,NODE_0000091,16,0.00015983624999999998,0,20,0.6931471605599453,62.4931331311504,0.8962962962962963,0.5245879120879121,3.2535216320800444e-05,0.0002626669285153182,0.0
phylovae_adapted,sim_WAG,WAG,NODE_0000091,16,0.00015983624999999998,0,20,0.6931471605599453,62.4931331311504,0.837037037037037,0.5001923076923077,3.2535216320800444e-05,0.00019638648860958367,0.0
phylovae_adapted,sim_LG,LG,NODE_0000091,16,0.00015983624999999998,0,20,0.6931471605599453,62.4931331311504,0.8851851851851852,0.5137912087912088,3.2535216320800444e-05,0.00027985074626865673,0.0
phylaflow_adapted,empirical,,NODE_0000091,16,0.00015983624999999998,0,20,nan,nan,1.0,0.6856318681318682,3.019793967254743e-05,0.0001251963864886096,0.0
phylaflow_adapted,sim_neutral,neutral,NODE_0000091,16,0.00015983624999999998,0,20,0.6931471610599452,78.30726919404205,0.8662596662596662,0.46052197802197803,2.9667501581251745e-05,0.00023075412411626081,0.0
phylaflow_adapted,sim_JTT,JTT,NODE_0000091,16,0.00015983624999999998,0,20,0.6931471610599452,78.30726919404205,0.8812067562067563,0.4869230769230769,2.9667501581251745e-05,0.0002872152395915161,0.0
phylaflow_adapted,sim_WAG,WAG,NODE_0000091,16,0.00015983624999999998,0,20,0.6931471610599452,78.30726919404205,0.8921957671957672,0.4758241758241758,2.9667501581251745e-05,0.00022093479968578162,0.0
phylaflow_adapted,sim_LG,LG,NODE_0000091,16,0.00015983624999999998,0,20,0.6931471610599452,78.30726919404205,0.8778998778998779,0.4799725274725275,2.9667501581251745e-05,0.0003043990573448547,0.0
neutral_bd,empirical,,NODE_0000230,16,0.00024724125,0,20,nan,nan,0.9285714285714286,0.6300549450549451,1.901077110271308e-05,0.0003412215239591516,9.252809286117554
neutral_bd,sim_neutral,neutral,NODE_0000230,16,0.00024724125,0,20,0.6931471605599453,45.28500605776062,0.8178571428571428,0.425521978021978,1.6303119969148768e-05,0.0005523369992144541,9.252809286117554
neutral_bd,sim_JTT,JTT,NODE_0000230,16,0.00024724125,0,20,0.6931471605599453,45.28500605776062,0.8107142857142857,0.43804945054945055,1.6303119969148768e-05,0.0005523369992144541,9.252809286117554
neutral_bd,sim_WAG,WAG,NODE_0000230,16,0.00024724125,0,20,0.6931471605599453,45.28500605776062,0.7785714285714286,0.38478021978021976,1.6303119969148768e-05,0.00044677926158680285,9.252809286117554
neutral_bd,sim_LG,LG,NODE_0000230,16,0.00024724125,0,20,0.6931471605599453,45.28500605776062,0.85,0.44659340659340657,1.6303119969148768e-05,0.0005302435192458759,9.252809286117554
empirical_bd,empirical,,NODE_0000230,16,0.00024724125,0,20,nan,nan,0.9285714285714286,0.6300549450549451,1.901077110271308e-05,0.0002823055773762765,9.10164737701416
empirical_bd,sim_neutral,neutral,NODE_0000230,16,0.00024724125,0,20,0.6931471605599453,45.28500605776062,0.8142857142857143,0.43115384615384617,1.6303119969148768e-05,0.000493421052631579,9.10164737701416
empirical_bd,sim_JTT,JTT,NODE_0000230,16,0.00024724125,0,20,0.6931471605599453,45.28500605776062,0.8071428571428572,0.432967032967033,1.6303119969148768e-05,0.0004958758837391988,9.10164737701416
empirical_bd,sim_WAG,WAG,NODE_0000230,16,0.00024724125,0,20,0.6931471605599453,45.28500605776062,0.7785714285714286,0.38478021978021976,1.6303119969148768e-05,0.00038786331500392774,9.10164737701416
empirical_bd,sim_LG,LG,NODE_0000230,16,0.00024724125,0,20,0.6931471605599453,45.28500605776062,0.8464285714285714,0.4395879120879121,1.6303119969148768e-05,0.0004713275726630008,9.10164737701416
plm_prior,empirical,,NODE_0000230,16,0.00024724125,0,20,nan,nan,0.9285714285714286,0.6300549450549451,1.901077110271308e-05,0.000336311861743912,0.47034382820129395
plm_prior,sim_neutral,neutral,NODE_0000230,16,0.00024724125,0,20,0.6931471605599453,45.28500605776062,0.8071428571428572,0.41945054945054944,1.6303119969148768e-05,0.0005474273369992145,0.47034382820129395
plm_prior,sim_JTT,JTT,NODE_0000230,16,0.00024724125,0,20,0.6931471605599453,45.28500605776062,0.8142857142857143,0.4370879120879121,1.6303119969148768e-05,0.0005498821681068342,0.47034382820129395
plm_prior,sim_WAG,WAG,NODE_0000230,16,0.00024724125,0,20,0.6931471605599453,45.28500605776062,0.7857142857142857,0.3909065934065934,1.6303119969148768e-05,0.00044186959937156324,0.47034382820129395
plm_prior,sim_LG,LG,NODE_0000230,16,0.00024724125,0,20,0.6931471605599453,45.28500605776062,0.8642857142857143,0.4611813186813187,1.6303119969148768e-05,0.0005253338570306364,0.47034382820129395
treesbm,empirical,,NODE_0000230,16,0.00024724125,0,19,nan,nan,0.9548872180451128,0.629091960670908,4.8019350021967135e-05,0.00029199570016951256,1055.593590259552
treesbm,sim_neutral,neutral,NODE_0000230,16,0.00024724125,0,19,0.6931471610599458,57.74690693885815,0.8984962406015038,0.5570271833429729,4.968288238080197e-05,0.0005090544507379998,1055.593590259552
treesbm,sim_JTT,JTT,NODE_0000230,16,0.00024724125,0,19,0.6931471610599458,57.74690693885815,0.9135338345864662,0.5665124349334876,4.968288238080197e-05,0.0005142225162277257,1055.593590259552
treesbm,sim_WAG,WAG,NODE_0000230,16,0.00024724125,0,19,0.6931471610599458,57.74690693885815,0.8796992481203008,0.5573163678426837,4.968288238080197e-05,0.00040569314094348203,1055.593590259552
treesbm,sim_LG,LG,NODE_0000230,16,0.00024724125,0,19,0.6931471610599458,57.74690693885815,0.868421052631579,0.5371023713128976,4.968288238080197e-05,0.00048321412328937034,1055.593590259552
phylaflow,empirical,,NODE_0000230,16,0.00024724125,0,20,nan,nan,0.9784391534391534,0.6106318681318681,8.82717785010583e-05,0.0003412215239591516,9.372013568878174
phylaflow,sim_neutral,neutral,NODE_0000230,16,0.00024724125,0,20,0.6931471610599452,78.46670296556067,0.8558099308099308,0.4660989010989011,9.01895547678041e-05,0.0005523369992144541,9.372013568878174
phylaflow,sim_JTT,JTT,NODE_0000230,16,0.00024724125,0,20,0.6931471610599452,78.46670296556067,0.8850529100529101,0.4944230769230769,9.01895547678041e-05,0.0005523369992144541,9.372013568878174
phylaflow,sim_WAG,WAG,NODE_0000230,16,0.00024724125,0,20,0.6931471610599452,78.46670296556067,0.8485246235246235,0.46041208791208793,9.01895547678041e-05,0.000444324430479183,9.372013568878174
phylaflow,sim_LG,LG,NODE_0000230,16,0.00024724125,0,20,0.6931471610599452,78.46670296556067,0.8884920634920634,0.4901923076923077,9.01895547678041e-05,0.0005302435192458759,9.372013568878174
artreeformer_adapted,empirical,,NODE_0000230,16,0.00024724125,0,20,nan,nan,0.9777777777777777,0.6064285714285714,4.8011437835996617e-05,0.00027003142183817757,0.0
artreeformer_adapted,sim_neutral,neutral,NODE_0000230,16,0.00024724125,0,20,0.6931471605599453,62.96923079872208,0.8703703703703703,0.48631868131868133,5.336063559738836e-05,0.00048114689709347996,0.0
artreeformer_adapted,sim_JTT,JTT,NODE_0000230,16,0.00024724125,0,20,0.6931471605599453,62.96923079872208,0.8962962962962963,0.4829120879120879,5.336063559738836e-05,0.0004836017282010998,0.0
artreeformer_adapted,sim_WAG,WAG,NODE_0000230,16,0.00024724125,0,20,0.6931471605599453,62.96923079872208,0.8481481481481482,0.4829945054945055,5.336063559738836e-05,0.0003755891594658288,0.0
artreeformer_adapted,sim_LG,LG,NODE_0000230,16,0.00024724125,0,20,0.6931471605599453,62.96923079872208,0.8925925925925926,0.5026098901098901,5.336063559738836e-05,0.00045905341712490185,0.0
phylovae_adapted,empirical,,NODE_0000230,16,0.00024724125,0,20,nan,nan,0.9777777777777777,0.6288461538461538,4.6085941453011303e-05,0.00038540848389630796,0.0
phylovae_adapted,sim_neutral,neutral,NODE_0000230,16,0.00024724125,0,20,0.6931471605599453,62.65256690266902,0.8481481481481482,0.5103296703296704,5.165683445495996e-05,0.0005965239591516104,0.0
phylovae_adapted,sim_JTT,JTT,NODE_0000230,16,0.00024724125,0,20,0.6931471605599453,62.65256690266902,0.9148148148148149,0.5266208791208791,5.165683445495996e-05,0.0005989787902592302,0.0
phylovae_adapted,sim_WAG,WAG,NODE_0000230,16,0.00024724125,0,20,0.6931471605599453,62.65256690266902,0.8629629629629629,0.514478021978022,5.165683445495996e-05,0.0004909662215239591,0.0
phylovae_adapted,sim_LG,LG,NODE_0000230,16,0.00024724125,0,20,0.6931471605599453,62.65256690266902,0.9111111111111111,0.5187912087912088,5.165683445495996e-05,0.0005719756480754124,0.0
phylaflow_adapted,empirical,,NODE_0000230,16,0.00024724125,0,20,nan,nan,0.9748677248677249,0.6072802197802197,4.1803012791974083e-05,0.00031421838177533385,0.0
phylaflow_adapted,sim_neutral,neutral,NODE_0000230,16,0.00024724125,0,20,0.6931471610599452,78.46670296556067,0.8593813593813594,0.46749999999999997,4.655073886869855e-05,0.0005277886881382561,0.0
phylaflow_adapted,sim_JTT,JTT,NODE_0000230,16,0.00024724125,0,20,0.6931471610599452,78.46670296556067,0.8921957671957672,0.49184065934065935,4.655073886869855e-05,0.0005302435192458759,0.0
phylaflow_adapted,sim_WAG,WAG,NODE_0000230,16,0.00024724125,0,20,0.6931471610599452,78.46670296556067,0.8555352055352056,0.4702747252747253,4.655073886869855e-05,0.00042223095051060485,0.0
phylaflow_adapted,sim_LG,LG,NODE_0000230,16,0.00024724125,0,20,0.6931471610599452,78.46670296556067,0.8957671957671958,0.49085164835164835,4.655073886869855e-05,0.0005056952081696779,0.0
neutral_bd,empirical,,NODE_0000147,16,0.0004934725,0,20,nan,nan,0.9642857142857143,0.6622527472527473,3.818991274105865e-05,0.0006333464257659074,9.65767765045166
neutral_bd,sim_neutral,neutral,NODE_0000147,16,0.0004934725,0,20,0.6931471605599453,44.175049358467604,0.8857142857142857,0.5017857142857143,3.11132431241844e-05,0.0010408483896307934,9.65767765045166
neutral_bd,sim_JTT,JTT,NODE_0000147,16,0.0004934725,0,20,0.6931471605599453,44.175049358467604,0.8535714285714285,0.4880769230769231,3.11132431241844e-05,0.0010433032207384132,9.65767765045166
neutral_bd,sim_WAG,WAG,NODE_0000147,16,0.0004934725,0,20,0.6931471605599453,44.175049358467604,0.8607142857142858,0.4989010989010989,3.11132431241844e-05,0.0011464061272584447,9.65767765045166
neutral_bd,sim_LG,LG,NODE_0000147,16,0.0004934725,0,20,0.6931471605599453,44.175049358467604,0.8535714285714285,0.47964285714285715,3.11132431241844e-05,0.0010973095051060489,9.65767765045166
empirical_bd,empirical,,NODE_0000147,16,0.0004934725,0,20,nan,nan,0.9642857142857143,0.6642032967032967,3.818991274105865e-05,0.0005695208169677927,9.385402202606201
empirical_bd,sim_neutral,neutral,NODE_0000147,16,0.0004934725,0,20,0.6931471605599453,44.175049358467604,0.9,0.5250549450549451,3.11132431241844e-05,0.0009770227808326788,9.385402202606201
empirical_bd,sim_JTT,JTT,NODE_0000147,16,0.0004934725,0,20,0.6931471605599453,44.175049358467604,0.825,0.46846153846153843,3.11132431241844e-05,0.0009794776119402986,9.385402202606201
empirical_bd,sim_WAG,WAG,NODE_0000147,16,0.0004934725,0,20,0.6931471605599453,44.175049358467604,0.8535714285714285,0.47244505494505495,3.11132431241844e-05,0.0010825805184603299,9.385402202606201
empirical_bd,sim_LG,LG,NODE_0000147,16,0.0004934725,0,20,0.6931471605599453,44.175049358467604,0.8607142857142857,0.4913461538461538,3.11132431241844e-05,0.001033483896307934,9.385402202606201
plm_prior,empirical,,NODE_0000147,16,0.0004934725,0,20,nan,nan,0.9642857142857143,0.6606868131868132,3.818991274105865e-05,0.0005916142969363709,0.7866091728210449
plm_prior,sim_neutral,neutral,NODE_0000147,16,0.0004934725,0,20,0.6931471605599453,44.175049358467604,0.9035714285714286,0.5078571428571429,3.11132431241844e-05,0.0009991162608012569,0.7866091728210449
plm_prior,sim_JTT,JTT,NODE_0000147,16,0.0004934725,0,20,0.6931471605599453,44.175049358467604,0.8357142857142857,0.47104395604395605,3.11132431241844e-05,0.0009991162608012569,0.7866091728210449
plm_prior,sim_WAG,WAG,NODE_0000147,16,0.0004934725,0,20,0.6931471605599453,44.175049358467604,0.8571428571428571,0.48857142857142855,3.11132431241844e-05,0.0011022191673212883,0.7866091728210449
plm_prior,sim_LG,LG,NODE_0000147,16,0.0004934725,0,20,0.6931471605599453,44.175049358467604,0.8642857142857143,0.47774725274725277,3.11132431241844e-05,0.0010555773762765122,0.7866091728210449
treesbm,empirical,,NODE_0000147,16,0.0004934725,0,19,nan,nan,0.962406015037594,0.6478021978021978,9.083110419393017e-05,0.00038243684623971556,1074.2620396614075
treesbm,sim_neutral,neutral,NODE_0000147,16,0.0004934725,0,19,0.6931471610599458,57.65022778718173,0.9097744360902256,0.5682475419317524,9.757198393527042e-05,0.0007958820854177864,1074.2620396614075
treesbm,sim_JTT,JTT,NODE_0000147,16,0.0004934725,0,19,0.6931471610599458,57.65022778718173,0.8834586466165414,0.5485540775014459,9.757198393527042e-05,0.0007958820854177865,1074.2620396614075
treesbm,sim_WAG,WAG,NODE_0000147,16,0.0004934725,0,19,0.6931471610599458,57.65022778718173,0.9135338345864662,0.5757374204742626,9.757198393527042e-05,0.0009147475916814818,1074.2620396614075
treesbm,sim_LG,LG,NODE_0000147,16,0.0004934725,0,19,0.6931471610599458,57.65022778718173,0.868421052631579,0.5616252168883747,9.757198393527042e-05,0.0008217224128664159,1074.2620396614075
phylaflow,empirical,,NODE_0000147,16,0.0004934725,0,20,nan,nan,0.9857142857142858,0.6752747252747253,0.00018202704609041924,0.0006038884524744698,9.34294319152832
phylaflow,sim_neutral,neutral,NODE_0000147,16,0.0004934725,0,20,0.6931471610599452,78.39981934348677,0.9425925925925925,0.5652747252747253,0.0001781726835420636,0.0010089355852317362,9.34294319152832
phylaflow,sim_JTT,JTT,NODE_0000147,16,0.0004934725,0,20,0.6931471610599452,78.39981934348677,0.9207468457468457,0.5356593406593406,0.0001781726835420636,0.0010113904163393558,9.34294319152832
phylaflow,sim_WAG,WAG,NODE_0000147,16,0.0004934725,0,20,0.6931471610599452,78.39981934348677,0.9497354497354498,0.5782417582417583,0.0001781726835420636,0.0011144933228593873,9.34294319152832
phylaflow,sim_LG,LG,NODE_0000147,16,0.0004934725,0,20,0.6931471610599452,78.39981934348677,0.9133496133496134,0.5524725274725275,0.0001781726835420636,0.0010678515318146113,9.34294319152832
artreeformer_adapted,empirical,,NODE_0000147,16,0.0004934725,0,20,nan,nan,0.9925925925925926,0.6669505494505494,9.613476163442393e-05,0.0005572466614296936,0.0
artreeformer_adapted,sim_neutral,neutral,NODE_0000147,16,0.0004934725,0,20,0.6931471605599453,62.90234717664821,0.9296296296296296,0.5393681318681318,0.00010216669031637033,0.0009647486252945798,0.0
artreeformer_adapted,sim_JTT,JTT,NODE_0000147,16,0.0004934725,0,20,0.6931471605599453,62.90234717664821,0.9259259259259259,0.5660989010989012,0.00010216669031637033,0.0009647486252945798,0.0
artreeformer_adapted,sim_WAG,WAG,NODE_0000147,16,0.0004934725,0,20,0.6931471605599453,62.90234717664821,0.9333333333333333,0.5464010989010989,0.00010216669031637033,0.0010629418695993717,0.0
artreeformer_adapted,sim_LG,LG,NODE_0000147,16,0.0004934725,0,20,0.6931471605599453,62.90234717664821,0.9185185185185185,0.5643681318681318,0.00010216669031637033,0.0010212097407698351,0.0
phylovae_adapted,empirical,,NODE_0000147,16,0.0004934725,0,20,nan,nan,0.9851851851851852,0.6638461538461539,9.22004047233269e-05,0.0005989787902592301,0.0
phylovae_adapted,sim_neutral,neutral,NODE_0000147,16,0.0004934725,0,20,0.6931471605599453,62.58568328059518,0.9185185185185185,0.5966758241758242,0.0001017395899059946,0.0010064807541241164,0.0
phylovae_adapted,sim_JTT,JTT,NODE_0000147,16,0.0004934725,0,20,0.6931471605599453,62.58568328059518,0.9148148148148149,0.5776373626373627,0.0001017395899059946,0.001008935585231736,0.0
phylovae_adapted,sim_WAG,WAG,NODE_0000147,16,0.0004934725,0,20,0.6931471605599453,62.58568328059518,0.9333333333333333,0.604532967032967,0.0001017395899059946,0.0011120384917517674,0.0
phylovae_adapted,sim_LG,LG,NODE_0000147,16,0.0004934725,0,20,0.6931471605599453,62.58568328059518,0.8962962962962963,0.5656868131868131,0.0001017395899059946,0.0010629418695993717,0.0
phylaflow_adapted,empirical,,NODE_0000147,16,0.0004934725,0,20,nan,nan,0.9892857142857143,0.6771978021978022,8.3856825519369e-05,0.0005032403770620582,0.0
phylaflow_adapted,sim_neutral,neutral,NODE_0000147,16,0.0004934725,0,20,0.6931471610599452,78.39981934348677,0.9137566137566138,0.5414010989010989,9.144610168545014e-05,0.0009107423409269442,0.0
phylaflow_adapted,sim_JTT,JTT,NODE_0000147,16,0.0004934725,0,20,0.6931471610599452,78.39981934348677,0.8989214489214489,0.5237087912087912,9.144610168545014e-05,0.000913197172034564,0.0
phylaflow_adapted,sim_WAG,WAG,NODE_0000147,16,0.0004934725,0,20,0.6931471610599452,78.39981934348677,0.9317460317460318,0.5423626373626373,9.144610168545014e-05,0.0010163000785545955,0.0
phylaflow_adapted,sim_LG,LG,NODE_0000147,16,0.0004934725,0,20,0.6931471610599452,78.39981934348677,0.9313390313390314,0.5620604395604396,9.144610168545014e-05,0.00096229379418696,0.0
neutral_bd,empirical,,NODE_0000143,16,0.000510101875,0,20,nan,nan,0.975,0.6667307692307692,3.4515352467863826e-05,0.05243180328295068,9.437997817993164
neutral_bd,sim_neutral,neutral,NODE_0000143,16,0.000510101875,0,20,0.6931471605599453,42.24815469088803,0.825,0.4664835164835165,2.8650674749140142e-05,0.0009009230164964651,9.437997817993164
neutral_bd,sim_JTT,JTT,NODE_0000143,16,0.000510101875,0,20,0.6931471605599453,42.24815469088803,0.8,0.4565934065934066,2.8650674749140142e-05,0.0008567360565593088,9.437997817993164
neutral_bd,sim_WAG,WAG,NODE_0000143,16,0.000510101875,0,20,0.6931471605599453,42.24815469088803,0.8464285714285714,0.5092582417582417,2.8650674749140142e-05,0.0008641005498821681,9.437997817993164
neutral_bd,sim_LG,LG,NODE_0000143,16,0.000510101875,0,20,0.6931471605599453,42.24815469088803,0.8357142857142857,0.4714010989010989,2.8650674749140142e-05,0.0010089355852317362,9.437997817993164
empirical_bd,empirical,,NODE_0000143,16,0.000510101875,0,20,nan,nan,0.9785714285714285,0.6661813186813187,3.4515352467863826e-05,0.05252754943399217,9.283804893493652
empirical_bd,sim_neutral,neutral,NODE_0000143,16,0.000510101875,0,20,0.6931471605599453,42.24815469088803,0.825,0.4735164835164835,2.8650674749140142e-05,0.000984387274155538,9.283804893493652
empirical_bd,sim_JTT,JTT,NODE_0000143,16,0.000510101875,0,20,0.6931471605599453,42.24815469088803,0.8142857142857143,0.4618131868131868,2.8650674749140142e-05,0.0009352906520031422,9.283804893493652
empirical_bd,sim_WAG,WAG,NODE_0000143,16,0.000510101875,0,20,0.6931471605599453,42.24815469088803,0.8535714285714285,0.511978021978022,2.8650674749140142e-05,0.0009451099764336214,9.283804893493652
empirical_bd,sim_LG,LG,NODE_0000143,16,0.000510101875,0,20,0.6931471605599453,42.24815469088803,0.85,0.4765934065934066,2.8650674749140142e-05,0.0010923998428908092,9.283804893493652
plm_prior,empirical,,NODE_0000143,16,0.000510101875,0,20,nan,nan,0.975,0.6674450549450549,3.4515352467863826e-05,0.05253001974078841,0.8102548122406006
plm_prior,sim_neutral,neutral,NODE_0000143,16,0.000510101875,0,20,0.6931471605599453,42.24815469088803,0.8214285714285714,0.4757692307692308,2.8650674749140142e-05,0.0009942065985860174,0.8102548122406006
plm_prior,sim_JTT,JTT,NODE_0000143,16,0.000510101875,0,20,0.6931471605599453,42.24815469088803,0.8107142857142857,0.4638736263736264,2.8650674749140142e-05,0.0009524744697564808,0.8102548122406006
plm_prior,sim_WAG,WAG,NODE_0000143,16,0.000510101875,0,20,0.6931471605599453,42.24815469088803,0.8607142857142858,0.5127747252747252,2.8650674749140142e-05,0.0009573841319717204,0.8102548122406006
plm_prior,sim_LG,LG,NODE_0000143,16,0.000510101875,0,20,0.6931471605599453,42.24815469088803,0.8392857142857143,0.4716483516483516,2.8650674749140142e-05,0.0011022191673212883,0.8102548122406006
treesbm,empirical,,NODE_0000143,16,0.000510101875,0,19,nan,nan,0.9849624060150376,0.6836321573163678,0.00010212775916519508,0.05231190212731422,1086.3066675662994
treesbm,sim_neutral,neutral,NODE_0000143,16,0.000510101875,0,19,0.6931471610599457,57.53046601868989,0.868421052631579,0.5536437246963563,0.0001012973099424622,0.0007829619216934717,1086.3066675662994
treesbm,sim_JTT,JTT,NODE_0000143,16,0.000510101875,0,19,0.6931471610599457,57.53046601868989,0.8533834586466166,0.524812030075188,0.0001012973099424622,0.0007209451358167611,1086.3066675662994
treesbm,sim_WAG,WAG,NODE_0000143,16,0.000510101875,0,19,0.6931471610599457,57.53046601868989,0.8533834586466166,0.5301041064198959,0.0001012973099424622,0.0007467854632653905,1086.3066675662994
treesbm,sim_LG,LG,NODE_0000143,16,0.000510101875,0,19,0.6931471610599457,57.53046601868989,0.8571428571428571,0.5307403123192597,0.0001012973099424622,0.0008062182163972382,1086.3066675662994
phylaflow,empirical,,NODE_0000143,16,0.000510101875,0,20,nan,nan,0.9857142857142858,0.6870879120879121,0.00019122223093375658,0.052424438789627825,9.34599232673645
phylaflow,sim_neutral,neutral,NODE_0000143,16,0.000510101875,0,20,0.6931471610599452,78.28005757499497,0.9458892958892959,0.516510989010989,0.0001799221465432592,0.0009082875098193245,9.34599232673645
phylaflow,sim_JTT,JTT,NODE_0000143,16,0.000510101875,0,20,0.6931471610599452,78.28005757499497,0.8916564916564916,0.49387362637362636,0.0001799221465432592,0.000866555380989788,9.34599232673645
phylaflow,sim_WAG,WAG,NODE_0000143,16,0.000510101875,0,20,0.6931471610599452,78.28005757499497,0.9099104599104599,0.562032967032967,0.0001799221465432592,0.000866555380989788,9.34599232673645
phylaflow,sim_LG,LG,NODE_0000143,16,0.000510101875,0,20,0.6931471610599452,78.28005757499497,0.913064713064713,0.5212637362637362,0.0001799221465432592,0.0010163000785545955,9.34599232673645
artreeformer_adapted,empirical,,NODE_0000143,16,0.000510101875,0,20,nan,nan,0.9888888888888889,0.6939285714285715,0.00010438052808122277,0.052436782585764716,0.0
artreeformer_adapted,sim_neutral,neutral,NODE_0000143,16,0.000510101875,0,20,0.6931471605599453,62.78258540815638,0.8962962962962963,0.501510989010989,0.0001147300402472482,0.000925471327572663,0.0
artreeformer_adapted,sim_JTT,JTT,NODE_0000143,16,0.000510101875,0,20,0.6931471605599453,62.78258540815638,0.9296296296296296,0.5207142857142857,0.0001147300402472482,0.0008837391987431265,0.0
artreeformer_adapted,sim_WAG,WAG,NODE_0000143,16,0.000510101875,0,20,0.6931471605599453,62.78258540815638,0.9296296296296296,0.556923076923077,0.0001147300402472482,0.000888648860958366,0.0
artreeformer_adapted,sim_LG,LG,NODE_0000143,16,0.000510101875,0,20,0.6931471605599453,62.78258540815638,0.8851851851851852,0.5234615384615384,0.0001147300402472482,0.001033483896307934,0.0
phylovae_adapted,empirical,,NODE_0000143,16,0.000510101875,0,20,nan,nan,0.9851851851851852,0.6870054945054945,0.00010110725842031621,0.05240730139894035,0.0
phylovae_adapted,sim_neutral,neutral,NODE_0000143,16,0.000510101875,0,20,0.6931471605599453,62.46592151210334,0.9481481481481482,0.5782967032967032,0.00011226383197037219,0.0008984681853888453,0.0
phylovae_adapted,sim_JTT,JTT,NODE_0000143,16,0.000510101875,0,20,0.6931471605599453,62.46592151210334,0.9222222222222223,0.5266483516483517,0.00011226383197037219,0.0008542812254516889,0.0
phylovae_adapted,sim_WAG,WAG,NODE_0000143,16,0.000510101875,0,20,0.6931471605599453,62.46592151210334,0.9333333333333333,0.5483791208791209,0.00011226383197037219,0.0008591908876669286,0.0
phylovae_adapted,sim_LG,LG,NODE_0000143,16,0.000510101875,0,20,0.6931471605599453,62.46592151210334,0.9037037037037037,0.5318956043956043,0.00011226383197037219,0.0010064807541241164,0.0
phylaflow_adapted,empirical,,NODE_0000143,16,0.000510101875,0,20,nan,nan,0.9857142857142858,0.6911538461538461,9.210122470047064e-05,0.052309077203258315,0.0
phylaflow_adapted,sim_neutral,neutral,NODE_0000143,16,0.000510101875,0,20,0.6931471610599452,78.28005757499497,0.93491045991046,0.5284615384615384,9.998303444432025e-05,0.000780636292223095,0.0
phylaflow_adapted,sim_JTT,JTT,NODE_0000143,16,0.000510101875,0,20,0.6931471610599452,78.28005757499497,0.8949531949531949,0.49203296703296706,9.998303444432025e-05,0.0007389041633935585,0.0
phylaflow_adapted,sim_WAG,WAG,NODE_0000143,16,0.000510101875,0,20,0.6931471610599452,78.28005757499497,0.9099002849002849,0.5487362637362637,9.998303444432025e-05,0.0007438138256087982,0.0
phylaflow_adapted,sim_LG,LG,NODE_0000143,16,0.000510101875,0,20,0.6931471610599452,78.28005757499497,0.9166361416361416,0.5387362637362637,9.998303444432025e-05,0.0008886488609583661,0.0
neutral_bd,empirical,,NODE_0000229,16,0.00011277749999999999,0,20,nan,nan,1.0,0.6676648351648352,8.244004505952031e-06,0.00010801256873527102,9.790688276290894
neutral_bd,sim_neutral,neutral,NODE_0000229,16,0.00011277749999999999,0,20,0.6931471605599453,43.216436343663446,0.8464285714285714,0.40634615384615386,6.762720429687316e-06,0.00023075412411626081,9.790688276290894
neutral_bd,sim_JTT,JTT,NODE_0000229,16,0.00011277749999999999,0,20,0.6931471605599453,43.216436343663446,0.8321428571428572,0.40692307692307694,6.762720429687316e-06,0.0001841123330714847,9.790688276290894
neutral_bd,sim_WAG,WAG,NODE_0000229,16,0.00011277749999999999,0,20,0.6931471605599453,43.216436343663446,0.825,0.4246153846153846,6.762720429687316e-06,0.0002381186174391202,9.790688276290894
neutral_bd,sim_LG,LG,NODE_0000229,16,0.00011277749999999999,0,20,0.6931471605599453,43.216436343663446,0.8285714285714286,0.4170054945054945,6.762720429687316e-06,0.00016201885310290653,9.790688276290894
empirical_bd,empirical,,NODE_0000229,16,0.00011277749999999999,0,20,nan,nan,1.0,0.6676648351648352,8.244004505952031e-06,8.837391987431266e-05,9.542058229446411
empirical_bd,sim_neutral,neutral,NODE_0000229,16,0.00011277749999999999,0,20,0.6931471605599453,43.216436343663446,0.8464285714285714,0.40634615384615386,6.762720429687316e-06,0.00021111547525530243,9.542058229446411
empirical_bd,sim_JTT,JTT,NODE_0000229,16,0.00011277749999999999,0,20,0.6931471605599453,43.216436343663446,0.8321428571428572,0.40692307692307694,6.762720429687316e-06,0.00016447368421052634,9.542058229446411
empirical_bd,sim_WAG,WAG,NODE_0000229,16,0.00011277749999999999,0,20,0.6931471605599453,43.216436343663446,0.825,0.42758241758241755,6.762720429687316e-06,0.00021847996857816184,9.542058229446411
empirical_bd,sim_LG,LG,NODE_0000229,16,0.00011277749999999999,0,20,0.6931471605599453,43.216436343663446,0.8285714285714286,0.4170054945054945,6.762720429687316e-06,0.00014238020424194817,9.542058229446411
plm_prior,empirical,,NODE_0000229,16,0.00011277749999999999,0,20,nan,nan,1.0,0.6676648351648352,8.244004505952031e-06,0.00011046739984289081,0.21063232421875
plm_prior,sim_neutral,neutral,NODE_0000229,16,0.00011277749999999999,0,20,0.6931471605599453,43.216436343663446,0.8464285714285714,0.40634615384615386,6.762720429687316e-06,0.0002332089552238806,0.21063232421875
plm_prior,sim_JTT,JTT,NODE_0000229,16,0.00011277749999999999,0,20,0.6931471605599453,43.216436343663446,0.8321428571428572,0.40692307692307694,6.762720429687316e-06,0.00018656716417910448,0.21063232421875
plm_prior,sim_WAG,WAG,NODE_0000229,16,0.00011277749999999999,0,20,0.6931471605599453,43.216436343663446,0.825,0.42758241758241755,6.762720429687316e-06,0.00024057344854674,0.21063232421875
plm_prior,sim_LG,LG,NODE_0000229,16,0.00011277749999999999,0,20,0.6931471605599453,43.216436343663446,0.8285714285714286,0.4170054945054945,6.762720429687316e-06,0.0001644736842105263,0.21063232421875
treesbm,empirical,,NODE_0000229,16,0.00011277749999999999,0,19,nan,nan,1.0,0.6532677848467322,2.6156382140867163e-05,0.00011111340802910655,1115.8170347213745
treesbm,sim_neutral,neutral,NODE_0000229,16,0.00011277749999999999,0,19,0.6931471610599461,57.169063273471394,0.8571428571428571,0.5092539039907461,2.293933155486687e-05,0.0002403150452722537,1115.8170347213745
treesbm,sim_JTT,JTT,NODE_0000229,16,0.00011277749999999999,0,19,0.6931471610599461,57.169063273471394,0.8383458646616542,0.49207634470792366,2.293933155486687e-05,0.00018088229214040602,1115.8170347213745
treesbm,sim_WAG,WAG,NODE_0000229,16,0.00011277749999999999,0,19,0.6931471610599461,57.169063273471394,0.8646616541353384,0.5216599190283401,2.293933155486687e-05,0.0002480671435068425,1115.8170347213745
treesbm,sim_LG,LG,NODE_0000229,16,0.00011277749999999999,0,19,0.6931471610599461,57.169063273471394,0.8383458646616542,0.5224985540775015,2.293933155486687e-05,0.0001627940629263654,1115.8170347213745
phylaflow,empirical,,NODE_0000229,16,0.00011277749999999999,0,20,nan,nan,1.0,0.6802472527472527,4.568927260341679e-05,0.00011537706205813041,9.456706523895264
phylaflow,sim_neutral,neutral,NODE_0000229,16,0.00011277749999999999,0,20,0.6931471610599452,78.11753362012391,0.8724358974358974,0.4261263736263736,4.057363961049802e-05,0.0002381186174391202,9.456706523895264
phylaflow,sim_JTT,JTT,NODE_0000229,16,0.00011277749999999999,0,20,0.6931471610599452,78.11753362012391,0.8432030932030932,0.4076098901098901,4.057363961049802e-05,0.00019147682639434406,9.456706523895264
phylaflow,sim_WAG,WAG,NODE_0000229,16,0.00011277749999999999,0,20,0.6931471610599452,78.11753362012391,0.8804029304029304,0.4398076923076923,4.057363961049802e-05,0.00024548311076197957,9.456706523895264
phylaflow,sim_LG,LG,NODE_0000229,16,0.00011277749999999999,0,20,0.6931471610599452,78.11753362012391,0.8365893365893365,0.4295054945054945,4.057363961049802e-05,0.00016938334642576592,9.456706523895264
artreeformer_adapted,empirical,,NODE_0000229,16,0.00011277749999999999,0,20,nan,nan,1.0,0.6453846153846153,2.47358971764706e-05,8.591908876669285e-05,0.0
artreeformer_adapted,sim_neutral,neutral,NODE_0000229,16,0.00011277749999999999,0,20,0.6931471605599453,62.6200614532853,0.8518518518518519,0.4531318681318681,2.3789281760572134e-05,0.00020866064414768265,0.0
artreeformer_adapted,sim_JTT,JTT,NODE_0000229,16,0.00011277749999999999,0,20,0.6931471605599453,62.6200614532853,0.8148148148148149,0.4416208791208791,2.3789281760572134e-05,0.00016201885310290653,0.0
artreeformer_adapted,sim_WAG,WAG,NODE_0000229,16,0.00011277749999999999,0,20,0.6931471605599453,62.6200614532853,0.8740740740740741,0.48277472527472526,2.3789281760572134e-05,0.00021602513747054204,0.0
artreeformer_adapted,sim_LG,LG,NODE_0000229,16,0.00011277749999999999,0,20,0.6931471605599453,62.6200614532853,0.8444444444444444,0.45796703296703295,2.3789281760572134e-05,0.00013992537313432837,0.0
phylovae_adapted,empirical,,NODE_0000229,16,0.00011277749999999999,0,20,nan,nan,1.0,0.6637637362637363,2.3986466446879074e-05,6.873527101335428e-05,0.0
phylovae_adapted,sim_neutral,neutral,NODE_0000229,16,0.00011277749999999999,0,20,0.6931471605599453,62.303397557232245,0.9037037037037037,0.5006043956043956,2.2711566729045945e-05,0.00019147682639434406,0.0
phylovae_adapted,sim_JTT,JTT,NODE_0000229,16,0.00011277749999999999,0,20,0.6931471605599453,62.303397557232245,0.8703703703703703,0.4917582417582418,2.2711566729045945e-05,0.00014483503534956795,0.0
phylovae_adapted,sim_WAG,WAG,NODE_0000229,16,0.00011277749999999999,0,20,0.6931471605599453,62.303397557232245,0.8962962962962963,0.5043406593406593,2.2711566729045945e-05,0.00019884131971720345,0.0
phylovae_adapted,sim_LG,LG,NODE_0000229,16,0.00011277749999999999,0,20,0.6931471605599453,62.303397557232245,0.8888888888888888,0.510467032967033,2.2711566729045945e-05,0.00012274155538098978,0.0
phylaflow_adapted,empirical,,NODE_0000229,16,0.00011277749999999999,0,20,nan,nan,1.0,0.6802472527472527,2.1998334951926603e-05,8.346425765907306e-05,0.0
phylaflow_adapted,sim_neutral,neutral,NODE_0000229,16,0.00011277749999999999,0,20,0.6931471610599452,78.11753362012391,0.8724358974358974,0.4261263736263736,2.0626161796166358e-05,0.00020620581304006284,0.0
phylaflow_adapted,sim_JTT,JTT,NODE_0000229,16,0.00011277749999999999,0,20,0.6931471610599452,78.11753362012391,0.8432030932030932,0.4076098901098901,2.0626161796166358e-05,0.00015956402199528673,0.0
phylaflow_adapted,sim_WAG,WAG,NODE_0000229,16,0.00011277749999999999,0,20,0.6931471610599452,78.11753362012391,0.8804029304029304,0.4398076923076923,2.0626161796166358e-05,0.00021357030636292223,0.0
phylaflow_adapted,sim_LG,LG,NODE_0000229,16,0.00011277749999999999,0,20,0.6931471610599452,78.11753362012391,0.8365893365893365,0.4295054945054945,2.0626161796166358e-05,0.00013747054202670856,0.0
neutral_bd,empirical,,NODE_0000176,16,0.000315645,0,20,nan,nan,0.9857142857142858,0.6872802197802198,1.982575598352749e-05,0.00023320895522388062,9.623111724853516
neutral_bd,sim_neutral,neutral,NODE_0000176,16,0.000315645,0,20,0.6931471605599453,42.837533332607194,0.8214285714285714,0.4236813186813187,1.94046140046615e-05,0.0007487234878240378,9.623111724853516
neutral_bd,sim_JTT,JTT,NODE_0000176,16,0.000315645,0,20,0.6931471605599453,42.837533332607194,0.8214285714285714,0.3964835164835165,1.94046140046615e-05,0.000613707776904949,9.623111724853516
neutral_bd,sim_WAG,WAG,NODE_0000176,16,0.000315645,0,20,0.6931471605599453,42.837533332607194,0.8214285714285714,0.46376373626373624,1.94046140046615e-05,0.0005621563236449333,9.623111724853516
neutral_bd,sim_LG,LG,NODE_0000176,16,0.000315645,0,20,0.6931471605599453,42.837533332607194,0.8392857142857143,0.41760989010989014,1.94046140046615e-05,0.000613707776904949,9.623111724853516
empirical_bd,empirical,,NODE_0000176,16,0.000315645,0,20,nan,nan,0.9857142857142858,0.6872802197802198,1.982575598352749e-05,0.00022338963079340143,9.368250131607056
empirical_bd,sim_neutral,neutral,NODE_0000176,16,0.000315645,0,20,0.6931471605599453,42.837533332607194,0.825,0.4341208791208791,1.94046140046615e-05,0.0007389041633935586,9.368250131607056
empirical_bd,sim_JTT,JTT,NODE_0000176,16,0.000315645,0,20,0.6931471605599453,42.837533332607194,0.8321428571428572,0.4178021978021978,1.94046140046615e-05,0.0005965239591516104,9.368250131607056
empirical_bd,sim_WAG,WAG,NODE_0000176,16,0.000315645,0,20,0.6931471605599453,42.837533332607194,0.8214285714285714,0.44513736263736264,1.94046140046615e-05,0.0005523369992144541,9.368250131607056
empirical_bd,sim_LG,LG,NODE_0000176,16,0.000315645,0,20,0.6931471605599453,42.837533332607194,0.8428571428571429,0.42626373626373626,1.94046140046615e-05,0.00060143362136685,9.368250131607056
plm_prior,empirical,,NODE_0000176,16,0.000315645,0,20,nan,nan,0.9857142857142858,0.6872802197802198,1.982575598352749e-05,0.0003412215239591516,0.5673840045928955
plm_prior,sim_neutral,neutral,NODE_0000176,16,0.000315645,0,20,0.6931471605599453,42.837533332607194,0.8357142857142857,0.441510989010989,1.94046140046615e-05,0.0008567360565593088,0.5673840045928955
plm_prior,sim_JTT,JTT,NODE_0000176,16,0.000315645,0,20,0.6931471605599453,42.837533332607194,0.8357142857142857,0.4151923076923077,1.94046140046615e-05,0.00072172034564022,0.5673840045928955
plm_prior,sim_WAG,WAG,NODE_0000176,16,0.000315645,0,20,0.6931471605599453,42.837533332607194,0.8285714285714285,0.44752747252747255,1.94046140046615e-05,0.0006701688923802043,0.5673840045928955
plm_prior,sim_LG,LG,NODE_0000176,16,0.000315645,0,20,0.6931471605599453,42.837533332607194,0.8535714285714285,0.43258241758241756,1.94046140046615e-05,0.00072172034564022,0.5673840045928955
treesbm,empirical,,NODE_0000176,16,0.000315645,0,19,nan,nan,0.9699248120300752,0.6580971659919028,6.445709984408272e-05,0.00019897052135444662,1089.3048605918884
treesbm,sim_neutral,neutral,NODE_0000176,16,0.000315645,0,19,0.6931471610599458,57.4492481986487,0.8796992481203008,0.5252458068247542,6.253082553146883e-05,0.0007080249720924464,1089.3048605918884
treesbm,sim_JTT,JTT,NODE_0000176,16,0.000315645,0,19,0.6931471610599458,57.4492481986487,0.8421052631578947,0.5282533256217466,6.253082553146883e-05,0.0005994955968082028,1089.3048605918884
treesbm,sim_WAG,WAG,NODE_0000176,16,0.000315645,0,19,0.6931471610599458,57.4492481986487,0.8609022556390977,0.527299016772701,6.253082553146883e-05,0.0005168065489725886,1089.3048605918884
treesbm,sim_LG,LG,NODE_0000176,16,0.000315645,0,19,0.6931471610599458,57.4492481986487,0.868421052631579,0.5341237709658763,6.253082553146883e-05,0.0005555670401455327,1089.3048605918884
phylaflow,empirical,,NODE_0000176,16,0.000315645,0,20,nan,nan,0.9892857142857143,0.6778571428571428,0.00012415762025768032,0.0002749410840534171,9.471424341201782
phylaflow,sim_neutral,neutral,NODE_0000176,16,0.000315645,0,20,0.6931471610599452,78.12858653963059,0.9026251526251526,0.46766483516483515,0.00011526746963730785,0.0007904556166535743,9.471424341201782
phylaflow,sim_JTT,JTT,NODE_0000176,16,0.000315645,0,20,0.6931471610599452,78.12858653963059,0.8952177452177452,0.4700824175824176,0.00011526746963730785,0.0006554399057344855,9.471424341201782
phylaflow,sim_WAG,WAG,NODE_0000176,16,0.000315645,0,20,0.6931471610599452,78.12858653963059,0.9020960520960521,0.4870054945054945,0.00011526746963730785,0.0006038884524744698,9.471424341201782
phylaflow,sim_LG,LG,NODE_0000176,16,0.000315645,0,20,0.6931471610599452,78.12858653963059,0.8987891737891738,0.4701098901098901,0.00011526746963730785,0.0006554399057344855,9.471424341201782
artreeformer_adapted,empirical,,NODE_0000176,16,0.000315645,0,20,nan,nan,0.9925925925925926,0.6846978021978022,6.79426890650008e-05,0.00033385703063629223,0.0
artreeformer_adapted,sim_neutral,neutral,NODE_0000176,16,0.000315645,0,20,0.6931471605599453,62.631114372792055,0.8925925925925926,0.4821153846153846,6.649951984471346e-05,0.0008493715632364494,0.0
artreeformer_adapted,sim_JTT,JTT,NODE_0000176,16,0.000315645,0,20,0.6931471605599453,62.631114372792055,0.8962962962962963,0.49914835164835164,6.649951984471346e-05,0.0007143558523173606,0.0
artreeformer_adapted,sim_WAG,WAG,NODE_0000176,16,0.000315645,0,20,0.6931471605599453,62.631114372792055,0.9,0.5027197802197803,6.649951984471346e-05,0.0006628043990573449,0.0
artreeformer_adapted,sim_LG,LG,NODE_0000176,16,0.000315645,0,20,0.6931471605599453,62.631114372792055,0.9148148148148149,0.4668131868131868,6.649951984471346e-05,0.0007143558523173605,0.0
phylovae_adapted,empirical,,NODE_0000176,16,0.000315645,0,20,nan,nan,0.9851851851851852,0.6675,6.51444979418114e-05,0.0003633150039277298,0.0
phylovae_adapted,sim_neutral,neutral,NODE_0000176,16,0.000315645,0,20,0.6931471605599453,62.31445047673901,0.8925925925925926,0.496456043956044,6.390201784207126e-05,0.0008788295365278869,0.0
phylovae_adapted,sim_JTT,JTT,NODE_0000176,16,0.000315645,0,20,0.6931471605599453,62.31445047673901,0.8629629629629629,0.4820604395604396,6.390201784207126e-05,0.0007438138256087982,0.0
phylovae_adapted,sim_WAG,WAG,NODE_0000176,16,0.000315645,0,20,0.6931471605599453,62.31445047673901,0.8925925925925926,0.5095604395604395,6.390201784207126e-05,0.0006922623723487825,0.0
phylovae_adapted,sim_LG,LG,NODE_0000176,16,0.000315645,0,20,0.6931471605599453,62.31445047673901,0.9222222222222223,0.5570879120879121,6.390201784207126e-05,0.0007438138256087982,0.0
phylaflow_adapted,empirical,,NODE_0000176,16,0.000315645,0,20,nan,nan,0.9892857142857143,0.6778571428571428,5.972332391538875e-05,0.00044186959937156324,0.0
phylaflow_adapted,sim_neutral,neutral,NODE_0000176,16,0.000315645,0,20,0.6931471610599452,78.12858653963059,0.9026353276353276,0.49115384615384616,5.7664634125418464e-05,0.0009475648075412413,0.0
phylaflow_adapted,sim_JTT,JTT,NODE_0000176,16,0.000315645,0,20,0.6931471610599452,78.12858653963059,0.8849104599104599,0.4992857142857143,5.7664634125418464e-05,0.0008125490966221524,0.0
phylaflow_adapted,sim_WAG,WAG,NODE_0000176,16,0.000315645,0,20,0.6931471610599452,78.12858653963059,0.8986670736670737,0.49093406593406597,5.7664634125418464e-05,0.0007708169677926159,0.0
phylaflow_adapted,sim_LG,LG,NODE_0000176,16,0.000315645,0,20,0.6931471610599452,78.12858653963059,0.892053317053317,0.47802197802197804,5.7664634125418464e-05,0.0008223684210526316,0.0
neutral_bd,empirical,,NODE_0000144,16,0.00047494750000000004,0,20,nan,nan,0.9678571428571429,0.6360989010989011,4.325278657321813e-05,0.0003289473684210526,9.290520906448364
neutral_bd,sim_neutral,neutral,NODE_0000144,16,0.00047494750000000004,0,20,0.6931471605599453,45.35403317078878,0.8285714285714286,0.4517032967032967,3.170747614162965e-05,0.0007659073055773764,9.290520906448364
neutral_bd,sim_JTT,JTT,NODE_0000144,16,0.00047494750000000004,0,20,0.6931471605599453,45.35403317078878,0.8678571428571429,0.4967032967032967,3.170747614162965e-05,0.0009451099764336214,9.290520906448364
neutral_bd,sim_WAG,WAG,NODE_0000144,16,0.00047494750000000004,0,20,0.6931471605599453,45.35403317078878,0.8928571428571429,0.49513736263736263,3.170747614162965e-05,0.0009819324430479183,9.290520906448364
neutral_bd,sim_LG,LG,NODE_0000144,16,0.00047494750000000004,0,20,0.6931471605599453,45.35403317078878,0.8464285714285714,0.42755494505494507,3.170747614162965e-05,0.0005547918303220738,9.290520906448364
empirical_bd,empirical,,NODE_0000144,16,0.00047494750000000004,0,20,nan,nan,0.9678571428571429,0.6360989010989011,4.325278657321813e-05,0.0005228790259230165,9.292641639709473
empirical_bd,sim_neutral,neutral,NODE_0000144,16,0.00047494750000000004,0,20,0.6931471605599453,45.35403317078878,0.8392857142857143,0.46760989010989007,3.170747614162965e-05,0.0009598389630793402,9.292641639709473
empirical_bd,sim_JTT,JTT,NODE_0000144,16,0.00047494750000000004,0,20,0.6931471605599453,45.35403317078878,0.8821428571428571,0.5058516483516483,3.170747614162965e-05,0.0011365868028279655,9.292641639709473
empirical_bd,sim_WAG,WAG,NODE_0000144,16,0.00047494750000000004,0,20,0.6931471605599453,45.35403317078878,0.9285714285714286,0.5264285714285715,3.170747614162965e-05,0.0011709544383346425,9.292641639709473
empirical_bd,sim_LG,LG,NODE_0000144,16,0.00047494750000000004,0,20,0.6931471605599453,45.35403317078878,0.8821428571428571,0.4702197802197802,3.170747614162965e-05,0.0007487234878240378,9.292641639709473
plm_prior,empirical,,NODE_0000144,16,0.00047494750000000004,0,20,nan,nan,0.9678571428571429,0.6360989010989011,4.325278657321813e-05,0.0004836017282010998,0.7323598861694336
plm_prior,sim_neutral,neutral,NODE_0000144,16,0.00047494750000000004,0,20,0.6931471605599453,45.35403317078878,0.8392857142857143,0.4476098901098901,3.170747614162965e-05,0.0009205616653574234,0.7323598861694336
plm_prior,sim_JTT,JTT,NODE_0000144,16,0.00047494750000000004,0,20,0.6931471605599453,45.35403317078878,0.8857142857142857,0.5188461538461538,3.170747614162965e-05,0.0010997643362136685,0.7323598861694336
plm_prior,sim_WAG,WAG,NODE_0000144,16,0.00047494750000000004,0,20,0.6931471605599453,45.35403317078878,0.9321428571428572,0.5051098901098902,3.170747614162965e-05,0.0011365868028279655,0.7323598861694336
plm_prior,sim_LG,LG,NODE_0000144,16,0.00047494750000000004,0,20,0.6931471605599453,45.35403317078878,0.8642857142857143,0.440467032967033,3.170747614162965e-05,0.000709446190102121,0.7323598861694336
treesbm,empirical,,NODE_0000144,16,0.00047494750000000004,0,19,nan,nan,0.9360902255639098,0.6288606130711394,7.825776603063406e-05,0.0003049158638938273,1086.658715248108
treesbm,sim_neutral,neutral,NODE_0000144,16,0.00047494750000000004,0,19,0.6931471610599458,57.63017704956618,0.8796992481203008,0.5683921341816078,9.324220973857686e-05,0.0007571215942448423,1086.658715248108
treesbm,sim_JTT,JTT,NODE_0000144,16,0.00047494750000000004,0,19,0.6931471610599458,57.63017704956618,0.9097744360902256,0.5683632157316367,9.324220973857686e-05,0.0009302517881506595,1086.658715248108
treesbm,sim_WAG,WAG,NODE_0000144,16,0.00047494750000000004,0,19,0.6931471610599458,57.63017704956618,0.9285714285714286,0.5601503759398496,9.324220973857686e-05,0.0008914912969777153,1086.658715248108
treesbm,sim_LG,LG,NODE_0000144,16,0.00047494750000000004,0,19,0.6931471610599458,57.63017704956618,0.8759398496240601,0.5344997108155003,9.324220973857686e-05,0.0005323107454417663,1086.658715248108
phylaflow,empirical,,NODE_0000144,16,0.00047494750000000004,0,20,nan,nan,0.9566035816035816,0.6517032967032967,0.0001455187910461758,0.0004369599371563237,9.729377508163452
phylaflow,sim_neutral,neutral,NODE_0000144,16,0.00047494750000000004,0,20,0.6931471610599452,78.39696238736596,0.9492063492063492,0.5349725274725274,0.00017297234023497192,0.0008739198743126474,9.729377508163452
phylaflow,sim_JTT,JTT,NODE_0000144,16,0.00047494750000000004,0,20,0.6931471610599452,78.39696238736596,0.9346357346357347,0.5646703296703297,0.00017297234023497192,0.0010506677140612727,9.729377508163452
phylaflow,sim_WAG,WAG,NODE_0000144,16,0.00047494750000000004,0,20,0.6931471610599452,78.39696238736596,0.9134818884818885,0.5617582417582417,0.00017297234023497192,0.0010899450117831894,9.729377508163452
phylaflow,sim_LG,LG,NODE_0000144,16,0.00047494750000000004,0,20,0.6931471610599452,78.39696238736596,0.9273707773707773,0.48953296703296706,0.00017297234023497192,0.0006628043990573449,9.729377508163452
artreeformer_adapted,empirical,,NODE_0000144,16,0.00047494750000000004,0,20,nan,nan,0.9703703703703703,0.6463186813186813,9.49414374469077e-05,0.00041241162608012574,0.0
artreeformer_adapted,sim_neutral,neutral,NODE_0000144,16,0.00047494750000000004,0,20,0.6931471605599453,62.89949022052738,0.9148148148148149,0.5280494505494505,0.00010230103003573823,0.0008493715632364494,0.0
artreeformer_adapted,sim_JTT,JTT,NODE_0000144,16,0.00047494750000000004,0,20,0.6931471605599453,62.89949022052738,0.9259259259259259,0.5611813186813187,0.00010230103003573823,0.0010285742340926944,0.0
artreeformer_adapted,sim_WAG,WAG,NODE_0000144,16,0.00047494750000000004,0,20,0.6931471605599453,62.89949022052738,0.937037037037037,0.5503846153846154,0.00010230103003573823,0.0010653967007069913,0.0
artreeformer_adapted,sim_LG,LG,NODE_0000144,16,0.00047494750000000004,0,20,0.6931471605599453,62.89949022052738,0.8925925925925926,0.4779120879120879,0.00010230103003573823,0.0006382560879811469,0.0
phylovae_adapted,empirical,,NODE_0000144,16,0.00047494750000000004,0,20,nan,nan,0.9703703703703703,0.6576648351648352,9.11582702665083e-05,0.00041486645718774546,0.0
phylovae_adapted,sim_neutral,neutral,NODE_0000144,16,0.00047494750000000004,0,20,0.6931471605599453,62.58282632447434,0.9333333333333333,0.5282417582417582,9.914974340096398e-05,0.0008518263943440691,0.0
phylovae_adapted,sim_JTT,JTT,NODE_0000144,16,0.00047494750000000004,0,20,0.6931471605599453,62.58282632447434,0.9148148148148149,0.5748626373626373,9.914974340096398e-05,0.0010285742340926944,0.0
phylovae_adapted,sim_WAG,WAG,NODE_0000144,16,0.00047494750000000004,0,20,0.6931471605599453,62.58282632447434,0.9074074074074074,0.5545054945054945,9.914974340096398e-05,0.0010653967007069913,0.0
phylovae_adapted,sim_LG,LG,NODE_0000144,16,0.00047494750000000004,0,20,0.6931471605599453,62.58282632447434,0.8888888888888888,0.5289835164835165,9.914974340096398e-05,0.0006407109190887667,0.0
phylaflow_adapted,empirical,,NODE_0000144,16,0.00047494750000000004,0,20,nan,nan,0.9566035816035816,0.6517032967032967,8.151848394556628e-05,0.0005670659858601729,0.0
phylaflow_adapted,sim_neutral,neutral,NODE_0000144,16,0.00047494750000000004,0,20,0.6931471610599452,78.39696238736596,0.9384920634920635,0.5287912087912088,9.023206656112152e-05,0.0010015710919088767,0.0
phylaflow_adapted,sim_JTT,JTT,NODE_0000144,16,0.00047494750000000004,0,20,0.6931471610599452,78.39696238736596,0.95,0.5277472527472528,9.023206656112152e-05,0.0011807737627651219,0.0
phylaflow_adapted,sim_WAG,WAG,NODE_0000144,16,0.00047494750000000004,0,20,0.6931471610599452,78.39696238736596,0.923931623931624,0.5051648351648351,9.023206656112152e-05,0.0012200510604870385,0.0
phylaflow_adapted,sim_LG,LG,NODE_0000144,16,0.00047494750000000004,0,20,0.6931471610599452,78.39696238736596,0.9346459096459097,0.4702747252747253,9.023206656112152e-05,0.0007904556166535743,0.0
neutral_bd,empirical,,NODE_0000144,16,0.00016449375,0,20,nan,nan,1.0,0.6799175824175824,1.1177790577580358e-05,0.00022093479968578162,9.353448152542114
neutral_bd,sim_neutral,neutral,NODE_0000144,16,0.00016449375,0,20,0.6931471605599453,45.35403317078878,0.825,0.39043956043956046,1.0981596183940735e-05,0.00034613118617439123,9.353448152542114
neutral_bd,sim_JTT,JTT,NODE_0000144,16,0.00016449375,0,20,0.6931471605599453,45.35403317078878,0.7714285714285715,0.37543956043956045,1.0981596183940735e-05,0.0003289473684210526,9.353448152542114
neutral_bd,sim_WAG,WAG,NODE_0000144,16,0.00016449375,0,20,0.6931471605599453,45.35403317078878,0.8,0.37626373626373627,1.0981596183940735e-05,0.00031912804399057346,9.353448152542114
neutral_bd,sim_LG,LG,NODE_0000144,16,0.00016449375,0,20,0.6931471605599453,45.35403317078878,0.7928571428571428,0.35980769230769233,1.0981596183940735e-05,0.00042959544383346424,9.353448152542114
empirical_bd,empirical,,NODE_0000144,16,0.00016449375,0,20,nan,nan,1.0,0.6799175824175824,1.1177790577580358e-05,0.0001178318931657502,9.408655405044556
empirical_bd,sim_neutral,neutral,NODE_0000144,16,0.00016449375,0,20,0.6931471605599453,45.35403317078878,0.825,0.39043956043956046,1.0981596183940735e-05,0.0002430282796543598,9.408655405044556
empirical_bd,sim_JTT,JTT,NODE_0000144,16,0.00016449375,0,20,0.6931471605599453,45.35403317078878,0.7714285714285715,0.37543956043956045,1.0981596183940735e-05,0.0002258444619010212,9.408655405044556
empirical_bd,sim_WAG,WAG,NODE_0000144,16,0.00016449375,0,20,0.6931471605599453,45.35403317078878,0.8,0.37626373626373627,1.0981596183940735e-05,0.00021602513747054204,9.408655405044556
empirical_bd,sim_LG,LG,NODE_0000144,16,0.00016449375,0,20,0.6931471605599453,45.35403317078878,0.7928571428571428,0.3537362637362637,1.0981596183940735e-05,0.00032649253731343285,9.408655405044556
plm_prior,empirical,,NODE_0000144,16,0.00016449375,0,20,nan,nan,1.0,0.6799175824175824,1.1177790577580358e-05,0.0001792026708562451,0.33388662338256836
plm_prior,sim_neutral,neutral,NODE_0000144,16,0.00016449375,0,20,0.6931471605599453,45.35403317078878,0.8214285714285714,0.3900824175824176,1.0981596183940735e-05,0.0003043990573448547,0.33388662338256836
plm_prior,sim_JTT,JTT,NODE_0000144,16,0.00016449375,0,20,0.6931471605599453,45.35403317078878,0.7785714285714286,0.3733791208791209,1.0981596183940735e-05,0.00028476040848389634,0.33388662338256836
plm_prior,sim_WAG,WAG,NODE_0000144,16,0.00016449375,0,20,0.6931471605599453,45.35403317078878,0.8,0.37626373626373627,1.0981596183940735e-05,0.00027739591516103695,0.33388662338256836
plm_prior,sim_LG,LG,NODE_0000144,16,0.00016449375,0,20,0.6931471605599453,45.35403317078878,0.7964285714285715,0.3508791208791209,1.0981596183940735e-05,0.00038786331500392774,0.33388662338256836
treesbm,empirical,,NODE_0000144,16,0.00016449375,0,19,nan,nan,1.0,0.687246963562753,3.110057438789739e-05,0.00015504196469177657,1124.2181267738342
treesbm,sim_neutral,neutral,NODE_0000144,16,0.00016449375,0,19,0.6931471610599458,57.15476588857932,0.8458646616541353,0.49329091960670907,3.390800272201876e-05,0.0002764915037003349,1124.2181267738342
treesbm,sim_JTT,JTT,NODE_0000144,16,0.00016449375,0,19,0.6931471610599458,57.15476588857932,0.8421052631578947,0.4749855407750145,3.390800272201876e-05,0.0002687394054657461,1124.2181267738342
treesbm,sim_WAG,WAG,NODE_0000144,16,0.00016449375,0,19,0.6931471610599458,57.15476588857932,0.8458646616541353,0.49574898785425103,3.390800272201876e-05,0.00025065117625170546,1124.2181267738342
treesbm,sim_LG,LG,NODE_0000144,16,0.00016449375,0,19,0.6931471610599458,57.15476588857932,0.849624060150376,0.49129554655870444,3.390800272201876e-05,0.0003307561913424567,1124.2181267738342
phylaflow,empirical,,NODE_0000144,16,0.00016449375,0,20,nan,nan,1.0,0.6821428571428572,6.049212780818336e-05,0.0001276512175962294,9.323025465011597
phylaflow,sim_neutral,neutral,NODE_0000144,16,0.00016449375,0,20,0.6931471610599452,78.39696238736596,0.8518416768416768,0.43217032967032964,5.9907397957724616e-05,0.00025284760408483895,9.323025465011597
phylaflow,sim_JTT,JTT,NODE_0000144,16,0.00016449375,0,20,0.6931471610599452,78.39696238736596,0.8553927553927554,0.42752747252747253,5.9907397957724616e-05,0.0002356637863315004,9.323025465011597
phylaflow,sim_WAG,WAG,NODE_0000144,16,0.00016449375,0,20,0.6931471610599452,78.39696238736596,0.851973951973952,0.4209340659340659,5.9907397957724616e-05,0.00022584446190102123,9.323025465011597
phylaflow,sim_LG,LG,NODE_0000144,16,0.00016449375,0,20,0.6931471610599452,78.39696238736596,0.8556776556776556,0.40714285714285714,5.9907397957724616e-05,0.000336311861743912,9.323025465011597
artreeformer_adapted,empirical,,NODE_0000144,16,0.00016449375,0,20,nan,nan,1.0,0.6708241758241759,3.27127476755374e-05,0.00014974469756480753,0.0
artreeformer_adapted,sim_neutral,neutral,NODE_0000144,16,0.00016449375,0,20,0.6931471605599453,62.89949022052738,0.8481481481481482,0.4703846153846154,3.543103197604201e-05,0.0002749410840534171,0.0
artreeformer_adapted,sim_JTT,JTT,NODE_0000144,16,0.00016449375,0,20,0.6931471605599453,62.89949022052738,0.8518518518518519,0.45681318681318683,3.543103197604201e-05,0.00025775726630007857,0.0
artreeformer_adapted,sim_WAG,WAG,NODE_0000144,16,0.00016449375,0,20,0.6931471605599453,62.89949022052738,0.8037037037037037,0.43706043956043955,3.543103197604201e-05,0.0002479379418695994,0.0
artreeformer_adapted,sim_LG,LG,NODE_0000144,16,0.00016449375,0,20,0.6931471605599453,62.89949022052738,0.8407407407407408,0.4451098901098901,3.543103197604201e-05,0.0003584053417124902,0.0
phylovae_adapted,empirical,,NODE_0000144,16,0.00016449375,0,20,nan,nan,1.0,0.6787912087912088,3.112198957642168e-05,0.00019147682639434406,0.0
phylovae_adapted,sim_neutral,neutral,NODE_0000144,16,0.00016449375,0,20,0.6931471605599453,62.58282632447434,0.8777777777777778,0.5013186813186813,3.433961249098546e-05,0.0003166732128829537,0.0
phylovae_adapted,sim_JTT,JTT,NODE_0000144,16,0.00016449375,0,20,0.6931471605599453,62.58282632447434,0.837037037037037,0.47167582417582415,3.433961249098546e-05,0.00029948939512961507,0.0
phylovae_adapted,sim_WAG,WAG,NODE_0000144,16,0.00016449375,0,20,0.6931471605599453,62.58282632447434,0.8629629629629629,0.4870879120879121,3.433961249098546e-05,0.0002896700706991359,0.0
phylovae_adapted,sim_LG,LG,NODE_0000144,16,0.00016449375,0,20,0.6931471605599453,62.58282632447434,0.8703703703703703,0.4892032967032967,3.433961249098546e-05,0.00040013747054202674,0.0
phylaflow_adapted,empirical,,NODE_0000144,16,0.00016449375,0,20,nan,nan,1.0,0.6821428571428572,2.81394222161516e-05,0.00014238020424194817,0.0
phylaflow_adapted,sim_neutral,neutral,NODE_0000144,16,0.00016449375,0,20,0.6931471610599452,78.39696238736596,0.8482702482702482,0.43335164835164836,3.125105616702579e-05,0.00026512175962293795,0.0
phylaflow_adapted,sim_JTT,JTT,NODE_0000144,16,0.00016449375,0,20,0.6931471610599452,78.39696238736596,0.858964183964184,0.4343131868131868,3.125105616702579e-05,0.0002503927729772192,0.0
phylaflow_adapted,sim_WAG,WAG,NODE_0000144,16,0.00016449375,0,20,0.6931471610599452,78.39696238736596,0.851973951973952,0.42167582417582417,3.125105616702579e-05,0.00024057344854674,0.0
phylaflow_adapted,sim_LG,LG,NODE_0000144,16,0.00016449375,0,20,0.6931471610599452,78.39696238736596,0.8551282051282051,0.40513736263736266,3.125105616702579e-05,0.0003510408483896308,0.0
neutral_bd,empirical,,NODE_0000148,16,0.0001488525,0,20,nan,nan,0.9535714285714286,0.620934065934066,1.119506642185197e-05,8.837391987431266e-05,9.370405197143555
neutral_bd,sim_neutral,neutral,NODE_0000148,16,0.0001488525,0,20,0.6931471605599453,42.926929202364505,0.775,0.3768681318681319,8.093333171826262e-06,0.0002994893951296151,9.370405197143555
neutral_bd,sim_JTT,JTT,NODE_0000148,16,0.0001488525,0,20,0.6931471605599453,42.926929202364505,0.7857142857142857,0.3694230769230769,8.093333171826262e-06,0.00020129615082482326,9.370405197143555
neutral_bd,sim_WAG,WAG,NODE_0000148,16,0.0001488525,0,20,0.6931471605599453,42.926929202364505,0.7642857142857142,0.3674450549450549,8.093333171826262e-06,0.00024057344854674,9.370405197143555
neutral_bd,sim_LG,LG,NODE_0000148,16,0.0001488525,0,20,0.6931471605599453,42.926929202364505,0.7571428571428571,0.35293956043956043,8.093333171826262e-06,0.00018656716417910448,9.370405197143555
empirical_bd,empirical,,NODE_0000148,16,0.0001488525,0,20,nan,nan,0.9535714285714286,0.620934065934066,1.119506642185197e-05,0.00021602513747054204,9.647359371185303
empirical_bd,sim_neutral,neutral,NODE_0000148,16,0.0001488525,0,20,0.6931471605599453,42.926929202364505,0.7821428571428571,0.38351648351648354,8.093333171826262e-06,0.00042714061272584446,9.647359371185303
empirical_bd,sim_JTT,JTT,NODE_0000148,16,0.0001488525,0,20,0.6931471605599453,42.926929202364505,0.7857142857142857,0.3694230769230769,8.093333171826262e-06,0.0003289473684210526,9.647359371185303
empirical_bd,sim_WAG,WAG,NODE_0000148,16,0.0001488525,0,20,0.6931471605599453,42.926929202364505,0.7678571428571428,0.3690659340659341,8.093333171826262e-06,0.0003682246661429694,9.647359371185303
empirical_bd,sim_LG,LG,NODE_0000148,16,0.0001488525,0,20,0.6931471605599453,42.926929202364505,0.7571428571428571,0.35293956043956043,8.093333171826262e-06,0.00031421838177533385,9.647359371185303
plm_prior,empirical,,NODE_0000148,16,0.0001488525,0,20,nan,nan,0.9535714285714286,0.620934065934066,1.119506642185197e-05,0.00014974469756480756,0.27715325355529785
plm_prior,sim_neutral,neutral,NODE_0000148,16,0.0001488525,0,20,0.6931471605599453,42.926929202364505,0.775,0.37576923076923074,8.093333171826262e-06,0.00036086017282011,0.27715325355529785
plm_prior,sim_JTT,JTT,NODE_0000148,16,0.0001488525,0,20,0.6931471605599453,42.926929202364505,0.7857142857142857,0.3694230769230769,8.093333171826262e-06,0.0002626669285153182,0.27715325355529785
plm_prior,sim_WAG,WAG,NODE_0000148,16,0.0001488525,0,20,0.6931471605599453,42.926929202364505,0.7678571428571428,0.3678021978021978,8.093333171826262e-06,0.0003019442262372349,0.27715325355529785
plm_prior,sim_LG,LG,NODE_0000148,16,0.0001488525,0,20,0.6931471605599453,42.926929202364505,0.7571428571428571,0.35376373626373625,8.093333171826262e-06,0.0002479379418695994,0.27715325355529785
treesbm,empirical,,NODE_0000148,16,0.0001488525,0,19,nan,nan,0.9586466165413534,0.6324465008675535,2.8889883047994225e-05,0.00014728986645718776,1129.4240670204163
treesbm,sim_neutral,neutral,NODE_0000148,16,0.0001488525,0,19,0.6931471610599461,57.41368744370101,0.8308270676691729,0.5107576633892423,2.8554515612306626e-05,0.0003591805515359491,1129.4240670204163
treesbm,sim_JTT,JTT,NODE_0000148,16,0.0001488525,0,19,0.6931471610599461,57.41368744370101,0.849624060150376,0.521283979178716,2.8554515612306626e-05,0.00026615537272088314,1129.4240670204163
treesbm,sim_WAG,WAG,NODE_0000148,16,0.0001488525,0,19,0.6931471610599461,57.41368744370101,0.8195488721804511,0.4733661075766339,2.8554515612306626e-05,0.00030749989663869025,1129.4240670204163
treesbm,sim_LG,LG,NODE_0000148,16,0.0001488525,0,19,0.6931471610599461,57.41368744370101,0.8345864661654135,0.4915558126084442,2.8554515612306626e-05,0.00024289907801711665,1129.4240670204163
phylaflow,empirical,,NODE_0000148,16,0.0001488525,0,20,nan,nan,0.9821428571428572,0.6362637362637362,5.593259668427477e-05,0.0001816575019638649,9.394590377807617
phylaflow,sim_neutral,neutral,NODE_0000148,16,0.0001488525,0,20,0.6931471610599452,78.46159718552714,0.8555352055352056,0.445989010989011,5.504305556118704e-05,0.00039277297721916735,9.394590377807617
phylaflow,sim_JTT,JTT,NODE_0000148,16,0.0001488525,0,20,0.6931471610599452,78.46159718552714,0.8591066341066341,0.435521978021978,5.504305556118704e-05,0.0002945797329143755,9.394590377807617
phylaflow,sim_WAG,WAG,NODE_0000148,16,0.0001488525,0,20,0.6931471610599452,78.46159718552714,0.885042735042735,0.43282967032967035,5.504305556118704e-05,0.00033385703063629223,9.394590377807617
phylaflow,sim_LG,LG,NODE_0000148,16,0.0001488525,0,20,0.6931471610599452,78.46159718552714,0.8698209198209198,0.40722527472527476,5.504305556118704e-05,0.00027985074626865673,9.394590377807617
artreeformer_adapted,empirical,,NODE_0000148,16,0.0001488525,0,20,nan,nan,0.9666666666666667,0.626043956043956,2.854764512946575e-05,9.819324430479184e-05,0.0
artreeformer_adapted,sim_neutral,neutral,NODE_0000148,16,0.0001488525,0,20,0.6931471605599453,62.964125018688534,0.8777777777777778,0.45321428571428574,3.2970537179252365e-05,0.0003093087195600943,0.0
artreeformer_adapted,sim_JTT,JTT,NODE_0000148,16,0.0001488525,0,20,0.6931471605599453,62.964125018688534,0.9111111111111111,0.4828846153846154,3.2970537179252365e-05,0.00021111547525530245,0.0
artreeformer_adapted,sim_WAG,WAG,NODE_0000148,16,0.0001488525,0,20,0.6931471605599453,62.964125018688534,0.8481481481481482,0.41098901098901097,3.2970537179252365e-05,0.0002503927729772192,0.0
artreeformer_adapted,sim_LG,LG,NODE_0000148,16,0.0001488525,0,20,0.6931471605599453,62.964125018688534,0.8481481481481482,0.4189010989010989,3.2970537179252365e-05,0.00019638648860958367,0.0
phylovae_adapted,empirical,,NODE_0000148,16,0.0001488525,0,20,nan,nan,0.9814814814814815,0.6521978021978022,2.7402065153193817e-05,0.00015219952867242734,0.0
phylovae_adapted,sim_neutral,neutral,NODE_0000148,16,0.0001488525,0,20,0.6931471605599453,62.64746112263549,0.9037037037037037,0.528956043956044,3.1410064977297224e-05,0.0003633150039277298,0.0
phylovae_adapted,sim_JTT,JTT,NODE_0000148,16,0.0001488525,0,20,0.6931471605599453,62.64746112263549,0.8666666666666667,0.5057142857142857,3.1410064977297224e-05,0.00026512175962293795,0.0
phylovae_adapted,sim_WAG,WAG,NODE_0000148,16,0.0001488525,0,20,0.6931471605599453,62.64746112263549,0.8703703703703703,0.4795604395604396,3.1410064977297224e-05,0.0003043990573448547,0.0
phylovae_adapted,sim_LG,LG,NODE_0000148,16,0.0001488525,0,20,0.6931471605599453,62.64746112263549,0.8740740740740741,0.488021978021978,3.1410064977297224e-05,0.0002503927729772192,0.0
phylaflow_adapted,empirical,,NODE_0000148,16,0.0001488525,0,20,nan,nan,0.9821428571428572,0.6362637362637362,2.4811501916944344e-05,0.00015956402199528673,0.0
phylaflow_adapted,sim_neutral,neutral,NODE_0000148,16,0.0001488525,0,20,0.6931471610599452,78.46159718552714,0.8518315018315018,0.44293956043956045,2.8631753413951504e-05,0.0003706794972505892,0.0
phylaflow_adapted,sim_JTT,JTT,NODE_0000148,16,0.0001488525,0,20,0.6931471610599452,78.46159718552714,0.8555352055352056,0.4351648351648352,2.8631753413951504e-05,0.00027248625294579734,0.0
phylaflow_adapted,sim_WAG,WAG,NODE_0000148,16,0.0001488525,0,20,0.6931471610599452,78.46159718552714,0.885042735042735,0.43282967032967035,2.8631753413951504e-05,0.00031176355066771407,0.0
phylaflow_adapted,sim_LG,LG,NODE_0000148,16,0.0001488525,0,20,0.6931471610599452,78.46159718552714,0.8698209198209198,0.4074725274725275,2.8631753413951504e-05,0.00025775726630007857,0.0
neutral_bd,empirical,,NODE_0000093,16,0.0002808318749999999,0,20,nan,nan,0.9821428571428572,0.551923076923077,2.0458409813839852e-05,0.0002945797329143755,9.51596474647522
neutral_bd,sim_neutral,neutral,NODE_0000093,16,0.0002808318749999999,0,20,0.6931471605599453,42.78794714144232,0.8535714285714285,0.4607967032967033,1.9916586609332063e-05,0.0006186174391201886,9.51596474647522
neutral_bd,sim_JTT,JTT,NODE_0000093,16,0.0002808318749999999,0,20,0.6931471605599453,42.78794714144232,0.8392857142857143,0.42574175824175825,1.9916586609332063e-05,0.0005400628436763551,9.51596474647522
neutral_bd,sim_WAG,WAG,NODE_0000093,16,0.0002808318749999999,0,20,0.6931471605599453,42.78794714144232,0.8321428571428572,0.42225274725274725,1.9916586609332063e-05,0.0005302435192458759,9.51596474647522
neutral_bd,sim_LG,LG,NODE_0000093,16,0.0002808318749999999,0,20,0.6931471605599453,42.78794714144232,0.8535714285714285,0.44123626373626373,1.9916586609332063e-05,0.0006333464257659074,9.51596474647522
empirical_bd,empirical,,NODE_0000093,16,0.0002808318749999999,0,20,nan,nan,0.9821428571428572,0.551923076923077,2.0458409813839852e-05,0.00020375098193244306,9.358136653900146
empirical_bd,sim_neutral,neutral,NODE_0000093,16,0.0002808318749999999,0,20,0.6931471605599453,42.78794714144232,0.8464285714285714,0.454010989010989,1.9916586609332063e-05,0.0005277886881382561,9.358136653900146
empirical_bd,sim_JTT,JTT,NODE_0000093,16,0.0002808318749999999,0,20,0.6931471605599453,42.78794714144232,0.85,0.4258241758241758,1.9916586609332063e-05,0.00044923409269442263,9.358136653900146
empirical_bd,sim_WAG,WAG,NODE_0000093,16,0.0002808318749999999,0,20,0.6931471605599453,42.78794714144232,0.8392857142857143,0.4295054945054945,1.9916586609332063e-05,0.00043941476826394346,9.358136653900146
empirical_bd,sim_LG,LG,NODE_0000093,16,0.0002808318749999999,0,20,0.6931471605599453,42.78794714144232,0.8642857142857143,0.4424450549450549,1.9916586609332063e-05,0.0005474273369992145,9.358136653900146
plm_prior,empirical,,NODE_0000093,16,0.0002808318749999999,0,20,nan,nan,0.9821428571428572,0.551923076923077,2.0458409813839852e-05,0.0002626669285153182,0.47880983352661133
plm_prior,sim_neutral,neutral,NODE_0000093,16,0.0002808318749999999,0,20,0.6931471605599453,42.78794714144232,0.8392857142857143,0.4454945054945055,1.9916586609332063e-05,0.0005867046347211312,0.47880983352661133
plm_prior,sim_JTT,JTT,NODE_0000093,16,0.0002808318749999999,0,20,0.6931471605599453,42.78794714144232,0.85,0.4376648351648352,1.9916586609332063e-05,0.0005081500392772977,0.47880983352661133
plm_prior,sim_WAG,WAG,NODE_0000093,16,0.0002808318749999999,0,20,0.6931471605599453,42.78794714144232,0.8357142857142857,0.4272252747252747,1.9916586609332063e-05,0.0004983307148468185,0.47880983352661133
plm_prior,sim_LG,LG,NODE_0000093,16,0.0002808318749999999,0,20,0.6931471605599453,42.78794714144232,0.8678571428571429,0.4559065934065934,1.9916586609332063e-05,0.0006063432835820896,0.47880983352661133
treesbm,empirical,,NODE_0000093,16,0.0002808318749999999,0,19,nan,nan,0.9887218045112782,0.583661075766339,5.733282311707753e-05,0.00018346632488526896,1107.363919019699
treesbm,sim_neutral,neutral,NODE_0000093,16,0.0002808318749999999,0,19,0.6931471610599457,57.51678181509556,0.8383458646616542,0.530855986119144,5.6852308532294816e-05,0.0005013023525034109,1107.363919019699
treesbm,sim_JTT,JTT,NODE_0000093,16,0.0002808318749999999,0,19,0.6931471610599457,57.51678181509556,0.8533834586466166,0.516685945633314,5.6852308532294816e-05,0.0004367015338818374,1107.363919019699
treesbm,sim_WAG,WAG,NODE_0000093,16,0.0002808318749999999,0,19,0.6931471610599457,57.51678181509556,0.8646616541353384,0.530855986119144,5.6852308532294816e-05,0.00043153346839211145,1107.363919019699
treesbm,sim_LG,LG,NODE_0000093,16,0.0002808318749999999,0,19,0.6931471610599457,57.51678181509556,0.8533834586466166,0.5191729323308271,5.6852308532294816e-05,0.0005271426799520404,1107.363919019699
phylaflow,empirical,,NODE_0000093,16,0.0002808318749999999,0,20,nan,nan,0.9744607244607245,0.5174725274725275,9.801745540755003e-05,0.00031176355066771407,9.83811092376709
phylaflow,sim_neutral,neutral,NODE_0000093,16,0.0002808318749999999,0,20,0.6931471610599452,78.50637496858744,0.9052604802604802,0.5248076923076923,9.914573835122172e-05,0.0006358012568735272,9.83811092376709
phylaflow,sim_JTT,JTT,NODE_0000093,16,0.0002808318749999999,0,20,0.6931471610599452,78.50637496858744,0.8695461945461945,0.4860164835164835,9.914573835122172e-05,0.0005572466614296936,9.83811092376709
phylaflow,sim_WAG,WAG,NODE_0000093,16,0.0002808318749999999,0,20,0.6931471610599452,78.50637496858744,0.8876678876678876,0.49967032967032965,9.914573835122172e-05,0.0005474273369992145,9.83811092376709
phylaflow,sim_LG,LG,NODE_0000093,16,0.0002808318749999999,0,20,0.6931471610599452,78.50637496858744,0.9127899877899878,0.48543956043956044,9.914573835122172e-05,0.0006554399057344855,9.83811092376709
artreeformer_adapted,empirical,,NODE_0000093,16,0.0002808318749999999,0,20,nan,nan,0.9555555555555556,0.4945879120879121,4.875708574119344e-05,0.0002872152395915161,0.0
artreeformer_adapted,sim_neutral,neutral,NODE_0000093,16,0.0002808318749999999,0,20,0.6931471605599453,63.008902801748874,0.9037037037037037,0.5013461538461539,6.294145514206362e-05,0.0006112529457973292,0.0
artreeformer_adapted,sim_JTT,JTT,NODE_0000093,16,0.0002808318749999999,0,20,0.6931471605599453,63.008902801748874,0.8925925925925926,0.4946703296703297,6.294145514206362e-05,0.0005326983503534957,0.0
artreeformer_adapted,sim_WAG,WAG,NODE_0000093,16,0.0002808318749999999,0,20,0.6931471605599453,63.008902801748874,0.8777777777777778,0.4875,6.294145514206362e-05,0.0005228790259230165,0.0
artreeformer_adapted,sim_LG,LG,NODE_0000093,16,0.0002808318749999999,0,20,0.6931471605599453,63.008902801748874,0.8962962962962963,0.46662087912087913,6.294145514206362e-05,0.0006308915946582875,0.0
phylovae_adapted,empirical,,NODE_0000093,16,0.0002808318749999999,0,20,nan,nan,0.9666666666666667,0.5327747252747252,4.640765551130416e-05,0.0002503927729772192,0.0
phylovae_adapted,sim_neutral,neutral,NODE_0000093,16,0.0002808318749999999,0,20,0.6931471605599453,62.692238905695845,0.9185185185185185,0.54,6.218176630685298e-05,0.0005744304791830322,0.0
phylovae_adapted,sim_JTT,JTT,NODE_0000093,16,0.0002808318749999999,0,20,0.6931471605599453,62.692238905695845,0.8925925925925926,0.5451373626373627,6.218176630685298e-05,0.0004958758837391988,0.0
phylovae_adapted,sim_WAG,WAG,NODE_0000093,16,0.0002808318749999999,0,20,0.6931471605599453,62.692238905695845,0.8777777777777778,0.5396428571428571,6.218176630685298e-05,0.0004860565593087196,0.0
phylovae_adapted,sim_LG,LG,NODE_0000093,16,0.0002808318749999999,0,20,0.6931471605599453,62.692238905695845,0.9111111111111111,0.5182967032967033,6.218176630685298e-05,0.0005940691280439906,0.0
phylaflow_adapted,empirical,,NODE_0000093,16,0.0002808318749999999,0,20,nan,nan,0.9744607244607245,0.5174725274725275,4.102571829908426e-05,0.0002356637863315004,0.0
phylaflow_adapted,sim_neutral,neutral,NODE_0000093,16,0.0002808318749999999,0,20,0.6931471610599452,78.50637496858744,0.8875356125356125,0.5103296703296704,5.643272508868297e-05,0.0005597014925373135,0.0
phylaflow_adapted,sim_JTT,JTT,NODE_0000093,16,0.0002808318749999999,0,20,0.6931471610599452,78.50637496858744,0.8622710622710623,0.47068681318681316,5.643272508868297e-05,0.00048114689709347996,0.0
phylaflow_adapted,sim_WAG,WAG,NODE_0000093,16,0.0002808318749999999,0,20,0.6931471610599452,78.50637496858744,0.8842287342287343,0.4882142857142857,5.643272508868297e-05,0.0004713275726630008,0.0
phylaflow_adapted,sim_LG,LG,NODE_0000093,16,0.0002808318749999999,0,20,0.6931471610599452,78.50637496858744,0.9053825803825803,0.4790384615384615,5.643272508868297e-05,0.0005793401413982718,0.0
neutral_bd,empirical,,NODE_0000000,16,0.00057501875,0,20,nan,nan,0.9421052631578948,0.8420604395604395,0.00012147392189670948,0.05365678721918589,10.386282682418823
neutral_bd,sim_neutral,neutral,NODE_0000000,16,0.00057501875,0,20,0.6931471605599453,41.49515998668696,0.8785714285714286,0.5099175824175824,3.46416363548659e-05,0.0010383935585231735,10.386282682418823
neutral_bd,sim_JTT,JTT,NODE_0000000,16,0.00057501875,0,20,0.6931471605599453,41.49515998668696,0.9,0.4954120879120879,3.46416363548659e-05,0.0010531225451688923,10.386282682418823
neutral_bd,sim_WAG,WAG,NODE_0000000,16,0.00057501875,0,20,0.6931471605599453,41.49515998668696,0.8714285714285714,0.4856593406593407,3.46416363548659e-05,0.0010973095051060487,10.386282682418823
neutral_bd,sim_LG,LG,NODE_0000000,16,0.00057501875,0,20,0.6931471605599453,41.49515998668696,0.8928571428571428,0.5248351648351648,3.46416363548659e-05,0.001058032207384132,10.386282682418823
empirical_bd,empirical,,NODE_0000000,16,0.00057501875,0,20,nan,nan,0.9526315789473684,0.8397802197802198,0.00012147392189670948,0.05378443069893781,9.699220895767212
empirical_bd,sim_neutral,neutral,NODE_0000000,16,0.00057501875,0,20,0.6931471605599453,41.49515998668696,0.8928571428571428,0.48903846153846153,3.46416363548659e-05,0.0011807737627651219,9.699220895767212
empirical_bd,sim_JTT,JTT,NODE_0000000,16,0.00057501875,0,20,0.6931471605599453,41.49515998668696,0.8821428571428571,0.521456043956044,3.46416363548659e-05,0.001190593087195601,9.699220895767212
empirical_bd,sim_WAG,WAG,NODE_0000000,16,0.00057501875,0,20,0.6931471605599453,41.49515998668696,0.8535714285714285,0.4800824175824176,3.46416363548659e-05,0.0012421445404556166,9.699220895767212
empirical_bd,sim_LG,LG,NODE_0000000,16,0.00057501875,0,20,0.6931471605599453,41.49515998668696,0.8928571428571429,0.5160714285714286,3.46416363548659e-05,0.00120041241162608,9.699220895767212
plm_prior,empirical,,NODE_0000000,16,0.00057501875,0,20,nan,nan,0.968421052631579,0.8587087912087912,0.00012147392189670948,0.05375989012570592,0.9418480396270752
plm_prior,sim_neutral,neutral,NODE_0000000,16,0.00057501875,0,20,0.6931471605599453,41.49515998668696,0.8857142857142857,0.5139010989010989,3.46416363548659e-05,0.0011709544383346425,0.9418480396270752
plm_prior,sim_JTT,JTT,NODE_0000000,16,0.00057501875,0,20,0.6931471605599453,41.49515998668696,0.8821428571428571,0.49706043956043955,3.46416363548659e-05,0.0011856834249803613,0.9418480396270752
plm_prior,sim_WAG,WAG,NODE_0000000,16,0.00057501875,0,20,0.6931471605599453,41.49515998668696,0.8571428571428571,0.4822252747252747,3.46416363548659e-05,0.001239689709347997,0.9418480396270752
plm_prior,sim_LG,LG,NODE_0000000,16,0.00057501875,0,20,0.6931471605599453,41.49515998668696,0.9035714285714286,0.5213736263736264,3.46416363548659e-05,0.0011832285938727415,0.9418480396270752
treesbm,empirical,,NODE_0000000,16,0.00057501875,0,19,nan,nan,0.9778393351800554,0.8553788316946211,0.00018705621605650524,0.05353154929269098,1074.7883903980255
treesbm,sim_neutral,neutral,NODE_0000000,16,0.00057501875,0,19,0.6931471610599457,57.701764544396525,0.9135338345864662,0.5914112203585888,0.00012642650928061956,0.0009483400173647001,1074.7883903980255
treesbm,sim_JTT,JTT,NODE_0000000,16,0.00057501875,0,19,0.6931471610599457,57.701764544396525,0.8796992481203008,0.5676980913823019,0.00012642650928061956,0.000906995493446893,1074.7883903980255
treesbm,sim_WAG,WAG,NODE_0000000,16,0.00057501875,0,19,0.6931471610599457,57.701764544396525,0.8834586466165414,0.5541353383458647,0.00012642650928061956,0.0010258609997105884,1074.7883903980255
treesbm,sim_LG,LG,NODE_0000000,16,0.00057501875,0,19,0.6931471610599457,57.701764544396525,0.8984962406015038,0.5838924233661076,0.00012642650928061956,0.0009638442138338777,1074.7883903980255
phylaflow,empirical,,NODE_0000000,16,0.00057501875,0,20,nan,nan,0.9842105263157894,0.8603296703296703,0.000186897807220455,0.053740228263312026,9.292436361312866
phylaflow,sim_neutral,neutral,NODE_0000000,16,0.00057501875,0,20,0.6931471610599452,78.22268178075166,0.9386039886039886,0.532554945054945,0.00020887817025061752,0.0011930479183032208,9.292436361312866
phylaflow,sim_JTT,JTT,NODE_0000000,16,0.00057501875,0,20,0.6931471610599452,78.22268178075166,0.9200956450956451,0.5546153846153846,0.00020887817025061752,0.0012053220738413198,9.292436361312866
phylaflow,sim_WAG,WAG,NODE_0000000,16,0.00057501875,0,20,0.6931471610599452,78.22268178075166,0.952899877899878,0.5718131868131868,0.00020887817025061752,0.001251963864886096,9.292436361312866
phylaflow,sim_LG,LG,NODE_0000000,16,0.00057501875,0,20,0.6931471610599452,78.22268178075166,0.9312067562067562,0.5660439560439561,0.00020887817025061752,0.001212686567164179,9.292436361312866
artreeformer_adapted,empirical,,NODE_0000000,16,0.00057501875,0,20,nan,nan,0.9888888888888889,0.8812087912087913,0.00020385068533220887,0.05374029016606652,0.0
artreeformer_adapted,sim_neutral,neutral,NODE_0000000,16,0.00057501875,0,20,0.6931471605599453,62.72520961391305,0.9481481481481482,0.5539010989010988,0.00012733318952418994,0.001178318931657502,0.0
artreeformer_adapted,sim_JTT,JTT,NODE_0000000,16,0.00057501875,0,20,0.6931471605599453,62.72520961391305,0.8925925925925926,0.5303571428571429,0.00012733318952418994,0.0011758641005498822,0.0
artreeformer_adapted,sim_WAG,WAG,NODE_0000000,16,0.00057501875,0,20,0.6931471605599453,62.72520961391305,0.9037037037037037,0.5018956043956044,0.00012733318952418994,0.0012421445404556166,0.0
artreeformer_adapted,sim_LG,LG,NODE_0000000,16,0.00057501875,0,20,0.6931471605599453,62.72520961391305,0.9333333333333333,0.5883241758241758,0.00012733318952418994,0.0011955027494108407,0.0
phylovae_adapted,empirical,,NODE_0000000,16,0.00057501875,0,20,nan,nan,0.9666666666666667,0.8577197802197802,0.00020500831640293598,0.05371082445493077,0.0
phylovae_adapted,sim_neutral,neutral,NODE_0000000,16,0.00057501875,0,20,0.6931471605599453,62.40854571786002,0.937037037037037,0.571510989010989,0.00012377764318345785,0.0011513157894736843,0.0
phylovae_adapted,sim_JTT,JTT,NODE_0000000,16,0.00057501875,0,20,0.6931471605599453,62.40854571786002,0.9185185185185185,0.5735164835164835,0.00012377764318345785,0.001168499607227023,0.0
phylovae_adapted,sim_WAG,WAG,NODE_0000000,16,0.00057501875,0,20,0.6931471605599453,62.40854571786002,0.9407407407407408,0.5477747252747253,0.00012377764318345785,0.0012274155538098978,0.0
phylovae_adapted,sim_LG,LG,NODE_0000000,16,0.00057501875,0,20,0.6931471605599453,62.40854571786002,0.9518518518518518,0.6037637362637363,0.00012377764318345785,0.0011832285938727415,0.0
phylaflow_adapted,empirical,,NODE_0000000,16,0.00057501875,0,20,nan,nan,0.9736842105263158,0.8352197802197803,0.0001908118912798737,0.053580664241316744,0.0
phylaflow_adapted,sim_neutral,neutral,NODE_0000000,16,0.00057501875,0,20,0.6931471610599452,78.22268178075166,0.9316137566137566,0.5365384615384615,0.0001109939912247669,0.0010113904163393558,0.0
phylaflow_adapted,sim_JTT,JTT,NODE_0000000,16,0.00057501875,0,20,0.6931471610599452,78.22268178075166,0.9237993487993488,0.5418406593406594,0.0001109939912247669,0.0010212097407698351,0.0
phylaflow_adapted,sim_WAG,WAG,NODE_0000000,16,0.00057501875,0,20,0.6931471610599452,78.22268178075166,0.9347781847781848,0.5605769230769231,0.0001109939912247669,0.0010776708562450904,0.0
phylaflow_adapted,sim_LG,LG,NODE_0000000,16,0.00057501875,0,20,0.6931471610599452,78.22268178075166,0.9240638990638991,0.5406318681318681,0.0001109939912247669,0.001033483896307934,0.0
neutral_bd,empirical,,NODE_0000151,16,0.00012629062499999998,0,20,nan,nan,0.9714285714285714,0.6511538461538462,9.968556771227157e-06,0.00011537706205813041,9.531016826629639
neutral_bd,sim_neutral,neutral,NODE_0000151,16,0.00012629062499999998,0,20,0.6931471605599453,43.86133939348734,0.8357142857142857,0.41793956043956043,8.76649465513616e-06,0.00033876669285153185,9.531016826629639
neutral_bd,sim_JTT,JTT,NODE_0000151,16,0.00012629062499999998,0,20,0.6931471605599453,43.86133939348734,0.7928571428571428,0.36406593406593407,8.76649465513616e-06,0.00016447368421052634,9.531016826629639
neutral_bd,sim_WAG,WAG,NODE_0000151,16,0.00012629062499999998,0,20,0.6931471605599453,43.86133939348734,0.8214285714285714,0.4017032967032967,8.76649465513616e-06,0.00021111547525530243,9.531016826629639
neutral_bd,sim_LG,LG,NODE_0000151,16,0.00012629062499999998,0,20,0.6931471605599453,43.86133939348734,0.7607142857142857,0.36387362637362636,8.76649465513616e-06,0.00018902199528672428,9.531016826629639
empirical_bd,empirical,,NODE_0000151,16,0.00012629062499999998,0,20,nan,nan,0.9714285714285714,0.6511538461538462,9.968556771227157e-06,0.00011537706205813041,9.301125049591064
empirical_bd,sim_neutral,neutral,NODE_0000151,16,0.00012629062499999998,0,20,0.6931471605599453,43.86133939348734,0.8392857142857143,0.4187912087912088,8.76649465513616e-06,0.00033876669285153185,9.301125049591064
empirical_bd,sim_JTT,JTT,NODE_0000151,16,0.00012629062499999998,0,20,0.6931471605599453,43.86133939348734,0.8,0.36392857142857143,8.76649465513616e-06,0.0001644736842105263,9.301125049591064
empirical_bd,sim_WAG,WAG,NODE_0000151,16,0.00012629062499999998,0,20,0.6931471605599453,43.86133939348734,0.8214285714285714,0.4017032967032967,8.76649465513616e-06,0.00021111547525530245,9.301125049591064
empirical_bd,sim_LG,LG,NODE_0000151,16,0.00012629062499999998,0,20,0.6931471605599453,43.86133939348734,0.7607142857142857,0.36387362637362636,8.76649465513616e-06,0.00018902199528672428,9.301125049591064
plm_prior,empirical,,NODE_0000151,16,0.00012629062499999998,0,20,nan,nan,0.9714285714285714,0.6511538461538462,9.968556771227157e-06,0.0001129222309505106,0.21831846237182617
plm_prior,sim_neutral,neutral,NODE_0000151,16,0.00012629062499999998,0,20,0.6931471605599453,43.86133939348734,0.8357142857142857,0.41793956043956043,8.76649465513616e-06,0.000336311861743912,0.21831846237182617
plm_prior,sim_JTT,JTT,NODE_0000151,16,0.00012629062499999998,0,20,0.6931471605599453,43.86133939348734,0.7928571428571428,0.36406593406593407,8.76649465513616e-06,0.00016201885310290653,0.21831846237182617
plm_prior,sim_WAG,WAG,NODE_0000151,16,0.00012629062499999998,0,20,0.6931471605599453,43.86133939348734,0.8214285714285714,0.4017032967032967,8.76649465513616e-06,0.00020866064414768265,0.21831846237182617
plm_prior,sim_LG,LG,NODE_0000151,16,0.00012629062499999998,0,20,0.6931471605599453,43.86133939348734,0.7607142857142857,0.36387362637362636,8.76649465513616e-06,0.00018656716417910448,0.21831846237182617
treesbm,empirical,,NODE_0000151,16,0.00012629062499999998,0,19,nan,nan,0.981203007518797,0.657432041642568,2.9225410435305926e-05,0.0001266176044982842,1124.1610980033875
treesbm,sim_neutral,neutral,NODE_0000151,16,0.00012629062499999998,0,19,0.6931471610599456,57.47445006034077,0.8421052631578947,0.5116252168883748,2.6382024668443035e-05,0.00033592425683218256,1124.1610980033875
treesbm,sim_JTT,JTT,NODE_0000151,16,0.00012629062499999998,0,19,0.6931471610599456,57.47445006034077,0.8270676691729323,0.4980335454019665,2.6382024668443035e-05,0.00017829825939554307,1124.1610980033875
treesbm,sim_WAG,WAG,NODE_0000151,16,0.00012629062499999998,0,19,0.6931471610599456,57.47445006034077,0.8533834586466166,0.5079236552920763,2.6382024668443035e-05,0.0002222268160582131,1124.1610980033875
treesbm,sim_LG,LG,NODE_0000151,16,0.00012629062499999998,0,19,0.6931471610599456,57.47445006034077,0.8120300751879699,0.483342972816657,2.6382024668443035e-05,0.0002041385868441725,1124.1610980033875
phylaflow,empirical,,NODE_0000151,16,0.00012629062499999998,0,20,nan,nan,0.9857142857142858,0.6875824175824176,5.289240144280162e-05,0.00015710919088766695,9.533577680587769
phylaflow,sim_neutral,neutral,NODE_0000151,16,0.00012629062499999998,0,20,0.6931471610599452,78.58067639050111,0.8732702482702482,0.4481868131868132,4.62845975656548e-05,0.00038049882168106835,9.533577680587769
phylaflow,sim_JTT,JTT,NODE_0000151,16,0.00012629062499999998,0,20,0.6931471610599452,78.58067639050111,0.880942205942206,0.46324175824175823,4.62845975656548e-05,0.00020620581304006284,9.533577680587769
phylaflow,sim_WAG,WAG,NODE_0000151,16,0.00012629062499999998,0,20,0.6931471610599452,78.58067639050111,0.8806573056573057,0.46953296703296704,4.62845975656548e-05,0.00025284760408483895,9.533577680587769
phylaflow,sim_LG,LG,NODE_0000151,16,0.00012629062499999998,0,20,0.6931471610599452,78.58067639050111,0.8982600732600733,0.48304945054945053,4.62845975656548e-05,0.00023075412411626081,9.533577680587769
artreeformer_adapted,empirical,,NODE_0000151,16,0.00012629062499999998,0,20,nan,nan,0.9925925925925926,0.6832967032967032,2.9284468677261805e-05,0.0001178318931657502,0.0
artreeformer_adapted,sim_neutral,neutral,NODE_0000151,16,0.00012629062499999998,0,20,0.6931471605599453,63.08320422366252,0.8666666666666667,0.45244505494505494,2.7705042183090666e-05,0.0003412215239591516,0.0
artreeformer_adapted,sim_JTT,JTT,NODE_0000151,16,0.00012629062499999998,0,20,0.6931471605599453,63.08320422366252,0.8666666666666667,0.48203296703296705,2.7705042183090666e-05,0.00016692851531814612,0.0
artreeformer_adapted,sim_WAG,WAG,NODE_0000151,16,0.00012629062499999998,0,20,0.6931471605599453,63.08320422366252,0.8629629629629629,0.4676098901098901,2.7705042183090666e-05,0.00021357030636292223,0.0
artreeformer_adapted,sim_LG,LG,NODE_0000151,16,0.00012629062499999998,0,20,0.6931471605599453,63.08320422366252,0.8518518518518519,0.46925824175824177,2.7705042183090666e-05,0.0001914768263943441,0.0
phylovae_adapted,empirical,,NODE_0000151,16,0.00012629062499999998,0,20,nan,nan,0.9851851851851852,0.6862362637362637,2.8591320774501933e-05,0.00015219952867242734,0.0
phylovae_adapted,sim_neutral,neutral,NODE_0000151,16,0.00012629062499999998,0,20,0.6931471605599453,62.7665403276095,0.8555555555555555,0.4958791208791209,2.700006212540022e-05,0.00037558915946582874,0.0
phylovae_adapted,sim_JTT,JTT,NODE_0000151,16,0.00012629062499999998,0,20,0.6931471605599453,62.7665403276095,0.8518518518518519,0.5054120879120879,2.700006212540022e-05,0.00020129615082482326,0.0
phylovae_adapted,sim_WAG,WAG,NODE_0000151,16,0.00012629062499999998,0,20,0.6931471605599453,62.7665403276095,0.8814814814814815,0.5084340659340659,2.700006212540022e-05,0.0002479379418695994,0.0
phylovae_adapted,sim_LG,LG,NODE_0000151,16,0.00012629062499999998,0,20,0.6931471605599453,62.7665403276095,0.8407407407407408,0.5016208791208792,2.700006212540022e-05,0.00022584446190102123,0.0
phylaflow_adapted,empirical,,NODE_0000151,16,0.00012629062499999998,0,20,nan,nan,0.9857142857142858,0.6875824175824176,2.6400925464583255e-05,0.00015956402199528673,0.0
phylaflow_adapted,sim_neutral,neutral,NODE_0000151,16,0.00012629062499999998,0,20,0.6931471610599452,78.58067639050111,0.8732702482702482,0.4495054945054945,2.4462719324737698e-05,0.0003829536527886882,0.0
phylaflow_adapted,sim_JTT,JTT,NODE_0000151,16,0.00012629062499999998,0,20,0.6931471610599452,78.58067639050111,0.880942205942206,0.46324175824175823,2.4462719324737698e-05,0.00020866064414768265,0.0
phylaflow_adapted,sim_WAG,WAG,NODE_0000151,16,0.00012629062499999998,0,20,0.6931471610599452,78.58067639050111,0.8806573056573057,0.46953296703296704,2.4462719324737698e-05,0.0002553024351924588,0.0
phylaflow_adapted,sim_LG,LG,NODE_0000151,16,0.00012629062499999998,0,20,0.6931471610599452,78.58067639050111,0.8982600732600733,0.48304945054945053,2.4462719324737698e-05,0.00023320895522388062,0.0
neutral_bd,empirical,,NODE_0000190,32,0.00023788593749999996,0,20,nan,nan,1.0,0.6712096774193549,2.0727940916613697e-05,0.00021725255302435193,19.683413982391357
neutral_bd,sim_neutral,neutral,NODE_0000190,32,0.00023788593749999996,0,20,0.6931471605599453,104.06200187677452,0.8183333333333334,0.3992213570634038,8.605866054996178e-06,0.00036945208169677926,19.683413982391357
neutral_bd,sim_JTT,JTT,NODE_0000190,32,0.00023788593749999996,0,20,0.6931471605599453,104.06200187677452,0.8283333333333334,0.40154338153503893,8.605866054996178e-06,0.00046641791044776124,19.683413982391357
neutral_bd,sim_WAG,WAG,NODE_0000190,32,0.00023788593749999996,0,20,0.6931471605599453,104.06200187677452,0.8316666666666667,0.40646690767519467,8.605866054996178e-06,0.0003866358994501178,19.683413982391357
neutral_bd,sim_LG,LG,NODE_0000190,32,0.00023788593749999996,0,20,0.6931471605599453,104.06200187677452,0.8633333333333334,0.3883022803114572,8.605866054996178e-06,0.0004529163393558524,19.683413982391357
empirical_bd,empirical,,NODE_0000190,32,0.00023788593749999996,0,20,nan,nan,1.0,0.6712096774193549,2.0727940916613697e-05,0.0002626669285153182,19.433452129364014
empirical_bd,sim_neutral,neutral,NODE_0000190,32,0.00023788593749999996,0,20,0.6931471605599453,104.06200187677452,0.8233333333333334,0.3946510011123471,8.605866054996178e-06,0.0004148664571877455,19.433452129364014
empirical_bd,sim_JTT,JTT,NODE_0000190,32,0.00023788593749999996,0,20,0.6931471605599453,104.06200187677452,0.8433333333333334,0.4089627363737486,8.605866054996178e-06,0.0005118322859387274,19.433452129364014
empirical_bd,sim_WAG,WAG,NODE_0000190,32,0.00023788593749999996,0,20,0.6931471605599453,104.06200187677452,0.8316666666666667,0.407309510567297,8.605866054996178e-06,0.00043205027494108407,19.433452129364014
empirical_bd,sim_LG,LG,NODE_0000190,32,0.00023788593749999996,0,20,0.6931471605599453,104.06200187677452,0.865,0.39640016685205787,8.605866054996178e-06,0.0004983307148468185,19.433452129364014
plm_prior,empirical,,NODE_0000190,32,0.00023788593749999996,0,20,nan,nan,1.0,0.6712096774193549,2.0727940916613697e-05,0.00020497839748625295,0.46288514137268066
plm_prior,sim_neutral,neutral,NODE_0000190,32,0.00023788593749999996,0,20,0.6931471605599453,104.06200187677452,0.8116666666666666,0.39249026696329253,8.605866054996178e-06,0.0003571779261586803,0.46288514137268066
plm_prior,sim_JTT,JTT,NODE_0000190,32,0.00023788593749999996,0,20,0.6931471605599453,104.06200187677452,0.8300000000000001,0.39263348164627365,8.605866054996178e-06,0.00045414375490966224,0.46288514137268066
plm_prior,sim_WAG,WAG,NODE_0000190,32,0.00023788593749999996,0,20,0.6931471605599453,104.06200187677452,0.8350000000000001,0.4074680200222469,8.605866054996178e-06,0.0003743617439120189,0.46288514137268066
plm_prior,sim_LG,LG,NODE_0000190,32,0.00023788593749999996,0,20,0.6931471605599453,104.06200187677452,0.8716666666666667,0.39673804226918796,8.605866054996178e-06,0.0004406421838177534,0.46288514137268066
treesbm,empirical,,NODE_0000190,32,0.00023788593749999996,0,19,nan,nan,1.0,0.6756937532931327,4.84624060839201e-05,0.000158918013809071,2458.358916759491
treesbm,sim_neutral,neutral,NODE_0000190,32,0.00023788593749999996,0,19,0.6931471610599458,121.6496560704685,0.8701754385964913,0.5221796147766524,6.087872063301971e-05,0.00031395997850084756,2458.358916759491
treesbm,sim_JTT,JTT,NODE_0000190,32,0.00023788593749999996,0,19,0.6931471610599458,121.6496560704685,0.8754385964912281,0.5366708623616885,6.087872063301971e-05,0.00041861330466779677,2458.358916759491
treesbm,sim_WAG,WAG,NODE_0000190,32,0.00023788593749999996,0,19,0.6931471610599458,121.6496560704685,0.8596491228070176,0.5294859785726831,6.087872063301971e-05,0.0003230040931078679,2458.358916759491
treesbm,sim_LG,LG,NODE_0000190,32,0.00023788593749999996,0,19,0.6931471610599458,121.6496560704685,0.8859649122807017,0.5260713658450911,6.087872063301971e-05,0.00039794104270889324,2458.358916759491
phylaflow,empirical,,NODE_0000190,32,0.00023788593749999996,0,20,nan,nan,1.0,0.6793882091212459,5.1099610537739966e-05,0.0003203554595443834,19.744747400283813
phylaflow,sim_neutral,neutral,NODE_0000190,32,0.00023788593749999996,0,20,0.6931471605599453,156.19133141224265,0.9197725340158512,0.4706938264738598,6.478353361983345e-05,0.0004725549882168107,19.744747400283813
phylaflow,sim_JTT,JTT,NODE_0000190,32,0.00023788593749999996,0,20,0.6931471605599453,156.19133141224265,0.931773204564458,0.4837388765294772,6.478353361983345e-05,0.0005695208169677927,19.744747400283813
phylaflow,sim_WAG,WAG,NODE_0000190,32,0.00023788593749999996,0,20,0.6931471605599453,156.19133141224265,0.9216864685633851,0.4762416573971079,6.478353361983345e-05,0.0004897388059701493,19.744747400283813
phylaflow,sim_LG,LG,NODE_0000190,32,0.00023788593749999996,0,20,0.6931471605599453,156.19133141224265,0.9380258496121291,0.4603615127919911,6.478353361983345e-05,0.0005560192458758837,19.744747400283813
artreeformer_adapted,empirical,,NODE_0000190,32,0.00023788593749999996,0,20,nan,nan,1.0,0.674948553948832,2.660503381187922e-05,0.00015097211311861745,0.0
artreeformer_adapted,sim_neutral,neutral,NODE_0000190,32,0.00023788593749999996,0,20,0.6931471605599453,133.41473097682052,0.8983050847457628,0.5055214126807563,3.597036782172395e-05,0.0003031716417910448,0.0
artreeformer_adapted,sim_JTT,JTT,NODE_0000190,32,0.00023788593749999996,0,20,0.6931471605599453,133.41473097682052,0.9203389830508475,0.5310984427141268,3.597036782172395e-05,0.00040013747054202674,0.0
artreeformer_adapted,sim_WAG,WAG,NODE_0000190,32,0.00023788593749999996,0,20,0.6931471605599453,133.41473097682052,0.9305084745762712,0.5187305339265851,3.597036782172395e-05,0.0003203554595443834,0.0
artreeformer_adapted,sim_LG,LG,NODE_0000190,32,0.00023788593749999996,0,20,0.6931471605599453,133.41473097682052,0.9084745762711864,0.5081145717463849,3.597036782172395e-05,0.0003866358994501179,0.0
phylovae_adapted,empirical,,NODE_0000190,32,0.00023788593749999996,0,20,nan,nan,1.0,0.6776279199110122,2.854747734707105e-05,0.00021602513747054204,0.0
phylovae_adapted,sim_neutral,neutral,NODE_0000190,32,0.00023788593749999996,0,20,0.6931471605599453,127.74546576182574,0.9118644067796611,0.5074944382647386,3.5857902987955716e-05,0.0003682246661429694,0.0
phylovae_adapted,sim_JTT,JTT,NODE_0000190,32,0.00023788593749999996,0,20,0.6931471605599453,127.74546576182574,0.923728813559322,0.5208092324805339,3.5857902987955716e-05,0.0004651904948939513,0.0
phylovae_adapted,sim_WAG,WAG,NODE_0000190,32,0.00023788593749999996,0,20,0.6931471605599453,127.74546576182574,0.9101694915254237,0.5070759176863181,3.5857902987955716e-05,0.00038418106834249804,0.0
phylovae_adapted,sim_LG,LG,NODE_0000190,32,0.00023788593749999996,0,20,0.6931471605599453,127.74546576182574,0.9101694915254237,0.5129977753058954,3.5857902987955716e-05,0.00045168892380204246,0.0
phylaflow_adapted,empirical,,NODE_0000190,32,0.00023788593749999996,0,20,nan,nan,1.0,0.6793882091212459,3.003126704561255e-05,0.0003166732128829537,0.0
phylaflow_adapted,sim_neutral,neutral,NODE_0000190,32,0.00023788593749999996,0,20,0.6931471605599453,156.19133141224265,0.9231300108464432,0.4641142936596218,3.581459280878181e-05,0.000468872741555381,0.0
phylaflow_adapted,sim_JTT,JTT,NODE_0000190,32,0.00023788593749999996,0,20,0.6931471605599453,156.19133141224265,0.9351054576108672,0.48654338153503895,3.581459280878181e-05,0.0005658385703063629,0.0
phylaflow_adapted,sim_WAG,WAG,NODE_0000190,32,0.00023788593749999996,0,20,0.6931471605599453,156.19133141224265,0.9184524784156018,0.4727878197997775,3.581459280878181e-05,0.0004860565593087196,0.0
phylaflow_adapted,sim_LG,LG,NODE_0000190,32,0.00023788593749999996,0,20,0.6931471605599453,156.19133141224265,0.9310677215333113,0.45564516129032256,3.581459280878181e-05,0.0005523369992144541,0.0
neutral_bd,empirical,,NODE_0000111,32,0.00019596625,0,20,nan,nan,1.0,0.6676932703003338,1.2131529043661423e-05,0.00022093479968578162,20.302473068237305
neutral_bd,sim_neutral,neutral,NODE_0000111,32,0.00019596625,0,20,0.6931471605599453,103.79026904172487,0.8566666666666667,0.4044174082313682,7.2404052699147665e-06,0.00042345836606441477,20.302473068237305
neutral_bd,sim_JTT,JTT,NODE_0000111,32,0.00019596625,0,20,0.6931471605599453,103.79026904172487,0.8350000000000001,0.40827725250278085,7.2404052699147665e-06,0.00036945208169677926,20.302473068237305
neutral_bd,sim_WAG,WAG,NODE_0000111,32,0.00019596625,0,20,0.6931471605599453,103.79026904172487,0.8350000000000001,0.3769535595105673,7.2404052699147665e-06,0.0005020129615082483,20.302473068237305
neutral_bd,sim_LG,LG,NODE_0000111,32,0.00019596625,0,20,0.6931471605599453,103.79026904172487,0.8183333333333334,0.3750361512791991,7.2404052699147665e-06,0.0004259131971720346,20.302473068237305
empirical_bd,empirical,,NODE_0000111,32,0.00019596625,0,20,nan,nan,1.0,0.6676932703003338,1.2131529043661423e-05,0.00013010604870384917,19.731598138809204
empirical_bd,sim_neutral,neutral,NODE_0000111,32,0.00019596625,0,20,0.6931471605599453,103.79026904172487,0.8533333333333334,0.39761957730812014,7.2404052699147665e-06,0.0003326296150824823,19.731598138809204
empirical_bd,sim_JTT,JTT,NODE_0000111,32,0.00019596625,0,20,0.6931471605599453,103.79026904172487,0.8366666666666667,0.4085094549499444,7.2404052699147665e-06,0.0002786233307148468,19.731598138809204
empirical_bd,sim_WAG,WAG,NODE_0000111,32,0.00019596625,0,20,0.6931471605599453,103.79026904172487,0.855,0.3901543381535039,7.2404052699147665e-06,0.0004124116260801257,19.731598138809204
empirical_bd,sim_LG,LG,NODE_0000111,32,0.00019596625,0,20,0.6931471605599453,103.79026904172487,0.8166666666666667,0.3751056729699666,7.2404052699147665e-06,0.00033508444619010215,19.731598138809204
plm_prior,empirical,,NODE_0000111,32,0.00019596625,0,20,nan,nan,1.0,0.6676932703003338,1.2131529043661423e-05,0.0001657010997643362,0.42709875106811523
plm_prior,sim_neutral,neutral,NODE_0000111,32,0.00019596625,0,20,0.6931471605599453,103.79026904172487,0.8566666666666667,0.4019452169076752,7.2404052699147665e-06,0.0003682246661429694,0.42709875106811523
plm_prior,sim_JTT,JTT,NODE_0000111,32,0.00019596625,0,20,0.6931471605599453,103.79026904172487,0.8350000000000001,0.4078197997775306,7.2404052699147665e-06,0.00031421838177533385,0.42709875106811523
plm_prior,sim_WAG,WAG,NODE_0000111,32,0.00019596625,0,20,0.6931471605599453,103.79026904172487,0.8366666666666667,0.3822983870967742,7.2404052699147665e-06,0.00044923409269442263,0.42709875106811523
plm_prior,sim_LG,LG,NODE_0000111,32,0.00019596625,0,20,0.6931471605599453,103.79026904172487,0.8133333333333334,0.37297830923248054,7.2404052699147665e-06,0.0003706794972505892,0.42709875106811523
treesbm,empirical,,NODE_0000111,32,0.00019596625,0,19,nan,nan,1.0,0.675706925824015,4.555252266791508e-05,0.00014599785008475628,2734.4274640083313
treesbm,sim_neutral,neutral,NODE_0000111,32,0.00019596625,0,19,0.6931471610599458,123.08351710831958,0.8771929824561404,0.5256381359405187,4.89769572419937e-05,0.00035142845330136024,2734.4274640083313
treesbm,sim_JTT,JTT,NODE_0000111,32,0.00019596625,0,19,0.6931471610599458,123.08351710831958,0.8403508771929825,0.5320648673965225,4.89769572419937e-05,0.00030233183114896435,2734.4274640083313
treesbm,sim_WAG,WAG,NODE_0000111,32,0.00019596625,0,19,0.6931471610599458,123.08351710831958,0.8666666666666667,0.5279491833030853,4.89769572419937e-05,0.00040310910819861914,2734.4274640083313
treesbm,sim_LG,LG,NODE_0000111,32,0.00019596625,0,19,0.6931471610599458,123.08351710831958,0.8578947368421053,0.5220244716351502,4.89769572419937e-05,0.00036047256790838056,2734.4274640083313
phylaflow,empirical,,NODE_0000111,32,0.00019596625,0,20,nan,nan,1.0,0.6743534482758621,4.5983573479823576e-05,0.00020620581304006284,20.418222665786743
phylaflow,sim_neutral,neutral,NODE_0000111,32,0.00019596625,0,20,0.6931471605599453,156.2692679538233,0.9092023498057882,0.4693270300333704,5.3042430938556186e-05,0.0004075019638648861,20.418222665786743
phylaflow,sim_JTT,JTT,NODE_0000111,32,0.00019596625,0,20,0.6931471605599453,156.2692679538233,0.9298555153531215,0.4606034482758621,5.3042430938556186e-05,0.0003510408483896308,20.418222665786743
phylaflow,sim_WAG,WAG,NODE_0000111,32,0.00019596625,0,20,0.6931471605599453,156.2692679538233,0.9383051209316914,0.4634441045606229,5.3042430938556186e-05,0.0004897388059701493,20.418222665786743
phylaflow,sim_LG,LG,NODE_0000111,32,0.00019596625,0,20,0.6931471605599453,156.2692679538233,0.9141433047539774,0.4384774749721913,5.3042430938556186e-05,0.0004099567949725059,20.418222665786743
artreeformer_adapted,empirical,,NODE_0000111,32,0.00019596625,0,20,nan,nan,1.0,0.669043381535039,2.7339800759922916e-05,0.00024548311076197957,0.0
artreeformer_adapted,sim_neutral,neutral,NODE_0000111,32,0.00019596625,0,20,0.6931471605599453,133.49266751840116,0.9169491525423729,0.5300611790878754,2.9255989750851745e-05,0.00044800667714061277,0.0
artreeformer_adapted,sim_JTT,JTT,NODE_0000111,32,0.00019596625,0,20,0.6931471605599453,133.49266751840116,0.9118644067796611,0.5121815906562848,2.9255989750851745e-05,0.0003940003927729772,0.0
artreeformer_adapted,sim_WAG,WAG,NODE_0000111,32,0.00019596625,0,20,0.6931471605599453,133.49266751840116,0.911864406779661,0.4966226362625139,2.9255989750851745e-05,0.000529016103692066,0.0
artreeformer_adapted,sim_LG,LG,NODE_0000111,32,0.00019596625,0,20,0.6931471605599453,133.49266751840116,0.9084745762711864,0.5060136262513905,2.9255989750851745e-05,0.00045046150824823254,0.0
phylovae_adapted,empirical,,NODE_0000111,32,0.00019596625,0,20,nan,nan,1.0,0.6655297552836485,2.888417286513649e-05,0.000180430086410055,0.0
phylovae_adapted,sim_neutral,neutral,NODE_0000111,32,0.00019596625,0,20,0.6931471605599453,127.82340230340633,0.9,0.5093312013348165,2.9453655762850526e-05,0.0003829536527886881,0.0
phylovae_adapted,sim_JTT,JTT,NODE_0000111,32,0.00019596625,0,20,0.6931471605599453,127.82340230340633,0.9050847457627118,0.49152947719688544,2.9453655762850526e-05,0.0003289473684210526,0.0
phylovae_adapted,sim_WAG,WAG,NODE_0000111,32,0.00019596625,0,20,0.6931471605599453,127.82340230340633,0.9118644067796611,0.48755700778642935,2.9453655762850526e-05,0.0004639630793401414,0.0
phylovae_adapted,sim_LG,LG,NODE_0000111,32,0.00019596625,0,20,0.6931471605599453,127.82340230340633,0.9,0.4798845939933259,2.9453655762850526e-05,0.00038540848389630796,0.0
phylaflow_adapted,empirical,,NODE_0000111,32,0.00019596625,0,20,nan,nan,1.0,0.6743534482758621,2.90476814951054e-05,0.00029580714846818543,0.0
phylaflow_adapted,sim_neutral,neutral,NODE_0000111,32,0.00019596625,0,20,0.6931471605599453,156.2692679538233,0.9110757284599045,0.47657675194660737,2.892752670434478e-05,0.0004983307148468185,0.0
phylaflow_adapted,sim_JTT,JTT,NODE_0000111,32,0.00019596625,0,20,0.6931471605599453,156.2692679538233,0.9298282921226315,0.46321051167964405,2.892752670434478e-05,0.00044432443047918307,0.0
phylaflow_adapted,sim_WAG,WAG,NODE_0000111,32,0.00019596625,0,20,0.6931471605599453,156.2692679538233,0.935128602048276,0.44821885428253616,2.892752670434478e-05,0.0005793401413982718,0.0
phylaflow_adapted,sim_LG,LG,NODE_0000111,32,0.00019596625,0,20,0.6931471605599453,156.2692679538233,0.9211045638338806,0.4489516129032258,2.892752670434478e-05,0.0005007855459544384,0.0
neutral_bd,empirical,,NODE_0000205,32,0.000157215,0,20,nan,nan,0.995,0.6579671857619577,7.720817630947008e-06,0.00014238020424194817,20.30963373184204
neutral_bd,sim_neutral,neutral,NODE_0000205,32,0.000157215,0,20,0.6931471605599453,104.05184952195695,0.8300000000000001,0.3758259176863181,6.090391118640417e-06,0.0002418008641005499,20.30963373184204
neutral_bd,sim_JTT,JTT,NODE_0000205,32,0.000157215,0,20,0.6931471605599453,104.05184952195695,0.85,0.37369299221357066,6.090391118640417e-06,0.00031912804399057346,20.30963373184204
neutral_bd,sim_WAG,WAG,NODE_0000205,32,0.000157215,0,20,0.6931471605599453,104.05184952195695,0.8383333333333334,0.35907953281423804,6.090391118640417e-06,0.00028353299293008643,20.30963373184204
neutral_bd,sim_LG,LG,NODE_0000205,32,0.000157215,0,20,0.6931471605599453,104.05184952195695,0.8200000000000001,0.3869785873192436,6.090391118640417e-06,0.0003105361351139042,20.30963373184204
empirical_bd,empirical,,NODE_0000205,32,0.000157215,0,20,nan,nan,0.995,0.6579671857619577,7.720817630947008e-06,0.00015833660644147684,20.814482927322388
empirical_bd,sim_neutral,neutral,NODE_0000205,32,0.000157215,0,20,0.6931471605599453,104.05184952195695,0.8300000000000001,0.3758259176863181,6.090391118640417e-06,0.00025775726630007857,20.814482927322388
empirical_bd,sim_JTT,JTT,NODE_0000205,32,0.000157215,0,20,0.6931471605599453,104.05184952195695,0.8516666666666667,0.37643075639599555,6.090391118640417e-06,0.00033508444619010215,20.814482927322388
empirical_bd,sim_WAG,WAG,NODE_0000205,32,0.000157215,0,20,0.6931471605599453,104.05184952195695,0.8383333333333334,0.35907953281423804,6.090391118640417e-06,0.0002994893951296151,20.814482927322388
empirical_bd,sim_LG,LG,NODE_0000205,32,0.000157215,0,20,0.6931471605599453,104.05184952195695,0.8216666666666667,0.38701890989988874,6.090391118640417e-06,0.00032649253731343285,20.814482927322388
plm_prior,empirical,,NODE_0000205,32,0.000157215,0,20,nan,nan,0.995,0.6579671857619577,7.720817630947008e-06,0.00014728986645718776,0.4050784111022949
plm_prior,sim_neutral,neutral,NODE_0000205,32,0.000157215,0,20,0.6931471605599453,104.05184952195695,0.8283333333333334,0.3758620689655172,6.090391118640417e-06,0.0002467105263157895,0.4050784111022949
plm_prior,sim_JTT,JTT,NODE_0000205,32,0.000157215,0,20,0.6931471605599453,104.05184952195695,0.8483333333333334,0.3766393214682981,6.090391118640417e-06,0.00032403770620581307,0.4050784111022949
plm_prior,sim_WAG,WAG,NODE_0000205,32,0.000157215,0,20,0.6931471605599453,104.05184952195695,0.8383333333333334,0.35907953281423804,6.090391118640417e-06,0.000288442655145326,0.4050784111022949
plm_prior,sim_LG,LG,NODE_0000205,32,0.000157215,0,20,0.6931471605599453,104.05184952195695,0.8250000000000001,0.3932132925472748,6.090391118640417e-06,0.00031544579732914376,0.4050784111022949
treesbm,empirical,,NODE_0000205,32,0.000157215,0,19,nan,nan,1.0,0.655535390199637,3.790837059474551e-05,0.00010723735891181213,2723.415808200836
treesbm,sim_neutral,neutral,NODE_0000205,32,0.000157215,0,19,0.6931471610599459,122.76458575283942,0.8719298245614036,0.5200939640536268,4.119647734916966e-05,0.0001679621284160913,2723.415808200836
treesbm,sim_JTT,JTT,NODE_0000205,32,0.000157215,0,19,0.6931471610599459,122.76458575283942,0.8631578947368421,0.5009557402962356,4.119647734916966e-05,0.0002674473890933146,2723.415808200836
treesbm,sim_WAG,WAG,NODE_0000205,32,0.000157215,0,19,0.6931471610599459,122.76458575283942,0.8368421052631579,0.5004185937591475,4.119647734916966e-05,0.00025065117625170546,2723.415808200836
treesbm,sim_LG,LG,NODE_0000205,32,0.000157215,0,19,0.6931471610599459,122.76458575283942,0.8315789473684211,0.5092734617411159,4.119647734916966e-05,0.00028295158556249225,2723.415808200836
phylaflow,empirical,,NODE_0000205,32,0.000157215,0,20,nan,nan,1.0,0.6654226918798665,4.058274050292087e-05,0.0001644736842105263,19.653063774108887
phylaflow,sim_neutral,neutral,NODE_0000205,32,0.000157215,0,20,0.6931471605599453,156.51258540639594,0.937524979392616,0.46568270300333703,4.279743228716135e-05,0.0002638943440691281,19.653063774108887
phylaflow,sim_JTT,JTT,NODE_0000205,32,0.000157215,0,20,0.6931471605599453,156.51258540639594,0.9249696737278231,0.4655033370411568,4.279743228716135e-05,0.0003412215239591516,19.653063774108887
phylaflow,sim_WAG,WAG,NODE_0000205,32,0.000157215,0,20,0.6931471605599453,156.51258540639594,0.8988458183110697,0.45021968854282535,4.279743228716135e-05,0.0003056264728986646,19.653063774108887
phylaflow,sim_LG,LG,NODE_0000205,32,0.000157215,0,20,0.6931471605599453,156.51258540639594,0.9141757423272246,0.4737917130144605,4.279743228716135e-05,0.00033140219952867246,19.653063774108887
artreeformer_adapted,empirical,,NODE_0000205,32,0.000157215,0,20,nan,nan,1.0,0.6601015016685206,1.7984119085104454e-05,0.0001276512175962294,0.0
artreeformer_adapted,sim_neutral,neutral,NODE_0000205,32,0.000157215,0,20,0.6931471605599453,133.73598497097385,0.9406779661016949,0.5236123470522803,2.287124387593076e-05,0.00022707187745483112,0.0
artreeformer_adapted,sim_JTT,JTT,NODE_0000205,32,0.000157215,0,20,0.6931471605599453,133.73598497097385,0.9084745762711864,0.5154588431590656,2.287124387593076e-05,0.0003031716417910448,0.0
artreeformer_adapted,sim_WAG,WAG,NODE_0000205,32,0.000157215,0,20,0.6931471605599453,133.73598497097385,0.876271186440678,0.5061179087875417,2.287124387593076e-05,0.00026880400628436765,0.0
artreeformer_adapted,sim_LG,LG,NODE_0000205,32,0.000157215,0,20,0.6931471605599453,133.73598497097385,0.9101694915254237,0.5109274193548387,2.287124387593076e-05,0.00029580714846818543,0.0
phylovae_adapted,empirical,,NODE_0000205,32,0.000157215,0,20,nan,nan,1.0,0.6641601779755284,1.8190999057911056e-05,0.0001251963864886096,0.0
phylovae_adapted,sim_neutral,neutral,NODE_0000205,32,0.000157215,0,20,0.6931471605599453,128.06671975597894,0.9203389830508475,0.5054505005561736,2.2878176120921087e-05,0.00022461704634721131,0.0
phylovae_adapted,sim_JTT,JTT,NODE_0000205,32,0.000157215,0,20,0.6931471605599453,128.06671975597894,0.9152542372881356,0.492690489432703,2.2878176120921087e-05,0.0003019442262372349,0.0
phylovae_adapted,sim_WAG,WAG,NODE_0000205,32,0.000157215,0,20,0.6931471605599453,128.06671975597894,0.8932203389830509,0.49257369299221354,2.2878176120921087e-05,0.00026634917517674787,0.0
phylovae_adapted,sim_LG,LG,NODE_0000205,32,0.000157215,0,20,0.6931471605599453,128.06671975597894,0.923728813559322,0.5158342602892102,2.2878176120921087e-05,0.0002933523173605656,0.0
phylaflow_adapted,empirical,,NODE_0000205,32,0.000157215,0,20,nan,nan,1.0,0.6654226918798665,1.8402387971081674e-05,0.00012028672427336999,0.0
phylaflow_adapted,sim_neutral,neutral,NODE_0000205,32,0.000157215,0,20,0.6931471605599453,156.51258540639594,0.937524979392616,0.46568270300333703,2.317125290277913e-05,0.00021970738413197173,0.0
phylaflow_adapted,sim_JTT,JTT,NODE_0000205,32,0.000157215,0,20,0.6931471605599453,156.51258540639594,0.9216363403944898,0.45470244716351504,2.317125290277913e-05,0.0002970345640219953,0.0
phylaflow_adapted,sim_WAG,WAG,NODE_0000205,32,0.000157215,0,20,0.6931471605599453,156.51258540639594,0.8970914323461574,0.44840934371523916,2.317125290277913e-05,0.00026143951296150826,0.0
phylaflow_adapted,sim_LG,LG,NODE_0000205,32,0.000157215,0,20,0.6931471605599453,156.51258540639594,0.9128918559685172,0.47184371523915464,2.317125290277913e-05,0.0002872152395915161,0.0
neutral_bd,empirical,,NODE_0000207,32,0.00013425875,0,20,nan,nan,1.0,0.674325639599555,7.737582814617113e-06,0.00010064807541241163,20.542437314987183
neutral_bd,sim_neutral,neutral,NODE_0000207,32,0.00013425875,0,20,0.6931471605599453,106.01692314624532,0.8166666666666667,0.37078420467185763,5.336701188316328e-06,0.00020743322859387276,20.542437314987183
neutral_bd,sim_JTT,JTT,NODE_0000207,32,0.00013425875,0,20,0.6931471605599453,106.01692314624532,0.8300000000000001,0.3770050055617353,5.336701188316328e-06,0.0002442556952081697,20.542437314987183
neutral_bd,sim_WAG,WAG,NODE_0000207,32,0.00013425875,0,20,0.6931471605599453,106.01692314624532,0.8666666666666667,0.36004032258064517,5.336701188316328e-06,0.00020743322859387276,20.542437314987183
neutral_bd,sim_LG,LG,NODE_0000207,32,0.00013425875,0,20,0.6931471605599453,106.01692314624532,0.8533333333333334,0.3751932703003337,5.336701188316328e-06,0.00022216221523959154,20.542437314987183
empirical_bd,empirical,,NODE_0000207,32,0.00013425875,0,20,nan,nan,1.0,0.674325639599555,7.737582814617113e-06,0.00010678515318146112,20.652246713638306
empirical_bd,sim_neutral,neutral,NODE_0000207,32,0.00013425875,0,20,0.6931471605599453,106.01692314624532,0.8166666666666667,0.37078420467185763,5.336701188316328e-06,0.00021357030636292223,20.652246713638306
empirical_bd,sim_JTT,JTT,NODE_0000207,32,0.00013425875,0,20,0.6931471605599453,106.01692314624532,0.8300000000000001,0.38046440489432704,5.336701188316328e-06,0.0002503927729772192,20.652246713638306
empirical_bd,sim_WAG,WAG,NODE_0000207,32,0.00013425875,0,20,0.6931471605599453,106.01692314624532,0.8666666666666667,0.36004032258064517,5.336701188316328e-06,0.00021357030636292223,20.652246713638306
empirical_bd,sim_LG,LG,NODE_0000207,32,0.00013425875,0,20,0.6931471605599453,106.01692314624532,0.8533333333333334,0.3751932703003337,5.336701188316328e-06,0.000228299293008641,20.652246713638306
plm_prior,empirical,,NODE_0000207,32,0.00013425875,0,20,nan,nan,1.0,0.674325639599555,7.737582814617113e-06,0.00014115278868813826,0.36208319664001465
plm_prior,sim_neutral,neutral,NODE_0000207,32,0.00013425875,0,20,0.6931471605599453,106.01692314624532,0.8166666666666667,0.37078420467185763,5.336701188316328e-06,0.0002479379418695994,0.36208319664001465
plm_prior,sim_JTT,JTT,NODE_0000207,32,0.00013425875,0,20,0.6931471605599453,106.01692314624532,0.8316666666666667,0.3775764738598443,5.336701188316328e-06,0.00028476040848389634,0.36208319664001465
plm_prior,sim_WAG,WAG,NODE_0000207,32,0.00013425875,0,20,0.6931471605599453,106.01692314624532,0.8666666666666667,0.36004032258064517,5.336701188316328e-06,0.0002479379418695994,0.36208319664001465
plm_prior,sim_LG,LG,NODE_0000207,32,0.00013425875,0,20,0.6931471605599453,106.01692314624532,0.8516666666666667,0.37489154616240267,5.336701188316328e-06,0.0002626669285153182,0.36208319664001465
treesbm,empirical,,NODE_0000207,32,0.00013425875,0,19,nan,nan,1.0,0.6727928692699491,3.263774919915407e-05,8.656509695290859e-05,2546.9217557907104
treesbm,sim_neutral,neutral,NODE_0000207,32,0.00013425875,0,19,0.6931471610599458,122.84082379847695,0.8245614035087719,0.5040556758971957,3.645162594760772e-05,0.00019380245586472073,2546.9217557907104
treesbm,sim_JTT,JTT,NODE_0000207,32,0.00013425875,0,19,0.6931471610599458,122.84082379847695,0.8438596491228071,0.4975308822668462,3.645162594760772e-05,0.00019897052135444662,2546.9217557907104
treesbm,sim_WAG,WAG,NODE_0000207,32,0.00013425875,0,19,0.6931471610599458,122.84082379847695,0.856140350877193,0.500086353258006,3.645162594760772e-05,0.0001950944722371522,2546.9217557907104
treesbm,sim_LG,LG,NODE_0000207,32,0.00013425875,0,19,0.6931471610599458,122.84082379847695,0.8701754385964913,0.5005020197880686,3.645162594760772e-05,0.00020930665233389838,2546.9217557907104
phylaflow,empirical,,NODE_0000207,32,0.00013425875,0,20,nan,nan,1.0,0.671761679644049,3.297534020095226e-05,0.00013256087981146898,19.085556268692017
phylaflow,sim_neutral,neutral,NODE_0000207,32,0.00013425875,0,20,0.6931471605599453,156.36336319494427,0.9202270832360973,0.45241240266963295,3.5736717013670535e-05,0.0002393460329929301,19.085556268692017
phylaflow,sim_JTT,JTT,NODE_0000207,32,0.00013425875,0,20,0.6931471605599453,156.36336319494427,0.9005010128693263,0.4463028364849833,3.5736717013670535e-05,0.0002737136684996072,19.085556268692017
phylaflow,sim_WAG,WAG,NODE_0000207,32,0.00013425875,0,20,0.6931471605599453,156.36336319494427,0.9212711247146228,0.43401557285873194,3.5736717013670535e-05,0.0002393460329929301,19.085556268692017
phylaflow,sim_LG,LG,NODE_0000207,32,0.00013425875,0,20,0.6931471605599453,156.36336319494427,0.9298180551134821,0.4345884315906563,3.5736717013670535e-05,0.00025407501963864887,19.085556268692017
artreeformer_adapted,empirical,,NODE_0000207,32,0.00013425875,0,20,nan,nan,1.0,0.6721523915461624,1.537400288559951e-05,7.609976433621367e-05,0.0
artreeformer_adapted,sim_neutral,neutral,NODE_0000207,32,0.00013425875,0,20,0.6931471605599453,133.58676275952223,0.9067796610169492,0.49694938820912127,2.0737376836458957e-05,0.00018288491751767478,0.0
artreeformer_adapted,sim_JTT,JTT,NODE_0000207,32,0.00013425875,0,20,0.6931471605599453,133.58676275952223,0.8915254237288136,0.5014071190211346,2.0737376836458957e-05,0.00021970738413197173,0.0
artreeformer_adapted,sim_WAG,WAG,NODE_0000207,32,0.00013425875,0,20,0.6931471605599453,133.58676275952223,0.9067796610169492,0.47205367074527255,2.0737376836458957e-05,0.00018288491751767478,0.0
artreeformer_adapted,sim_LG,LG,NODE_0000207,32,0.00013425875,0,20,0.6931471605599453,133.58676275952223,0.9084745762711864,0.4787138487208009,2.0737376836458957e-05,0.00019761390416339356,0.0
phylovae_adapted,empirical,,NODE_0000207,32,0.00013425875,0,20,nan,nan,1.0,0.6663125695216907,1.5861252273386388e-05,0.0001251963864886096,0.0
phylovae_adapted,sim_neutral,neutral,NODE_0000207,32,0.00013425875,0,20,0.6931471605599453,127.91749754452735,0.8983050847457628,0.49217324805339263,2.1316750467106472e-05,0.0002319815396700707,0.0
phylovae_adapted,sim_JTT,JTT,NODE_0000207,32,0.00013425875,0,20,0.6931471605599453,127.91749754452735,0.9033898305084745,0.49378476084538375,2.1316750467106472e-05,0.00026880400628436765,0.0
phylovae_adapted,sim_WAG,WAG,NODE_0000207,32,0.00013425875,0,20,0.6931471605599453,127.91749754452735,0.8864406779661017,0.47064098998887655,2.1316750467106472e-05,0.0002319815396700707,0.0
phylovae_adapted,sim_LG,LG,NODE_0000207,32,0.00013425875,0,20,0.6931471605599453,127.91749754452735,0.9135593220338983,0.4881395995550612,2.1316750467106472e-05,0.0002467105263157895,0.0
phylaflow_adapted,empirical,,NODE_0000207,32,0.00013425875,0,20,nan,nan,1.0,0.671761679644049,1.6332825782587457e-05,9.942065985860174e-05,0.0
phylaflow_adapted,sim_neutral,neutral,NODE_0000207,32,0.00013425875,0,20,0.6931471605599453,156.36336319494427,0.9184737226282657,0.4544813681868743,2.1145315320640893e-05,0.00020620581304006284,0.0
phylaflow_adapted,sim_JTT,JTT,NODE_0000207,32,0.00013425875,0,20,0.6931471605599453,156.36336319494427,0.9005010128693263,0.4457591768631813,2.1145315320640893e-05,0.0002430282796543598,0.0
phylaflow_adapted,sim_WAG,WAG,NODE_0000207,32,0.00013425875,0,20,0.6931471605599453,156.36336319494427,0.9178228488525538,0.43359149054505003,2.1145315320640893e-05,0.00020620581304006284,0.0
phylaflow_adapted,sim_LG,LG,NODE_0000207,32,0.00013425875,0,20,0.6931471605599453,156.36336319494427,0.9318180551134821,0.4347052280311457,2.1145315320640893e-05,0.00022093479968578162,0.0
neutral_bd,empirical,,NODE_0000183,32,0.00028799281250000005,0,20,nan,nan,1.0,0.6722358175750834,2.1212251794014153e-05,0.0002418008641005499,20.248273372650146
neutral_bd,sim_neutral,neutral,NODE_0000183,32,0.00028799281250000005,0,20,0.6931471605599453,104.31704136980323,0.8566666666666667,0.44309510567296995,1.2142040551131077e-05,0.0005363805970149254,20.248273372650146
neutral_bd,sim_JTT,JTT,NODE_0000183,32,0.00028799281250000005,0,20,0.6931471605599453,104.31704136980323,0.845,0.41193409343715237,1.2142040551131077e-05,0.0005253338570306364,20.248273372650146
neutral_bd,sim_WAG,WAG,NODE_0000183,32,0.00028799281250000005,0,20,0.6931471605599453,104.31704136980323,0.8433333333333334,0.42526140155728587,1.2142040551131077e-05,0.0003903181461115475,20.248273372650146
neutral_bd,sim_LG,LG,NODE_0000183,32,0.00028799281250000005,0,20,0.6931471605599453,104.31704136980323,0.8516666666666667,0.44478865406006673,1.2142040551131077e-05,0.000456598586017282,20.248273372650146
empirical_bd,empirical,,NODE_0000183,32,0.00028799281250000005,0,20,nan,nan,1.0,0.6722358175750834,2.1212251794014153e-05,0.00025898468185388843,19.413269519805908
empirical_bd,sim_neutral,neutral,NODE_0000183,32,0.00028799281250000005,0,20,0.6931471605599453,104.31704136980323,0.8633333333333334,0.45019744160177977,1.2142040551131077e-05,0.000553564414768264,19.413269519805908
empirical_bd,sim_JTT,JTT,NODE_0000183,32,0.00028799281250000005,0,20,0.6931471605599453,104.31704136980323,0.845,0.4274833147942158,1.2142040551131077e-05,0.0005425176747839749,19.413269519805908
empirical_bd,sim_WAG,WAG,NODE_0000183,32,0.00028799281250000005,0,20,0.6931471605599453,104.31704136980323,0.8333333333333334,0.4224638487208009,1.2142040551131077e-05,0.0004075019638648861,19.413269519805908
empirical_bd,sim_LG,LG,NODE_0000183,32,0.00028799281250000005,0,20,0.6931471605599453,104.31704136980323,0.8466666666666667,0.43727753058954394,1.2142040551131077e-05,0.00047378240377062063,19.413269519805908
plm_prior,empirical,,NODE_0000183,32,0.00028799281250000005,0,20,nan,nan,1.0,0.6722358175750834,2.1212251794014153e-05,0.00023689120188531031,0.5542714595794678
plm_prior,sim_neutral,neutral,NODE_0000183,32,0.00028799281250000005,0,20,0.6931471605599453,104.31704136980323,0.8583333333333334,0.4438487208008899,1.2142040551131077e-05,0.0005314709347996858,0.5542714595794678
plm_prior,sim_JTT,JTT,NODE_0000183,32,0.00028799281250000005,0,20,0.6931471605599453,104.31704136980323,0.8333333333333334,0.42376807563959956,1.2142040551131077e-05,0.0005191967792615868,0.5542714595794678
plm_prior,sim_WAG,WAG,NODE_0000183,32,0.00028799281250000005,0,20,0.6931471605599453,104.31704136980323,0.835,0.4214849833147942,1.2142040551131077e-05,0.00038540848389630796,0.5542714595794678
plm_prior,sim_LG,LG,NODE_0000183,32,0.00028799281250000005,0,20,0.6931471605599453,104.31704136980323,0.845,0.4383662402669633,1.2142040551131077e-05,0.00045168892380204246,0.5542714595794678
treesbm,empirical,,NODE_0000183,32,0.00028799281250000005,0,20,nan,nan,1.0,0.663642936596218,6.329665481383529e-05,0.0001742930086410055,2545.6894335746765
treesbm,sim_neutral,neutral,NODE_0000183,32,0.00028799281250000005,0,20,0.6931471605599453,121.13549314607077,0.8766666666666667,0.5567477753058955,7.744557883048477e-05,0.000468872741555381,2545.6894335746765
treesbm,sim_JTT,JTT,NODE_0000183,32,0.00028799281250000005,0,20,0.6931471605599453,121.13549314607077,0.88,0.5513598442714127,7.744557883048477e-05,0.0004541437549096622,2545.6894335746765
treesbm,sim_WAG,WAG,NODE_0000183,32,0.00028799281250000005,0,20,0.6931471605599453,121.13549314607077,0.88,0.5622997775305896,7.744557883048477e-05,0.00032281029065200315,2545.6894335746765
treesbm,sim_LG,LG,NODE_0000183,32,0.00028799281250000005,0,20,0.6931471605599453,121.13549314607077,0.8716666666666667,0.5640837041156841,7.744557883048477e-05,0.00038786331500392774,2545.6894335746765
phylaflow,empirical,,NODE_0000183,32,0.00028799281250000005,0,20,nan,nan,1.0,0.663936318131257,6.526088646511818e-05,0.00043450510604870385,19.056193113327026
phylaflow,sim_neutral,neutral,NODE_0000183,32,0.00028799281250000005,0,20,0.6931471605599453,156.34720449540401,0.9385226977018998,0.509265850945495,7.596633135016878e-05,0.0007278574234092695,19.056193113327026
phylaflow,sim_JTT,JTT,NODE_0000183,32,0.00028799281250000005,0,20,0.6931471605599453,156.34720449540401,0.9458701347331013,0.5216212458286985,7.596633135016878e-05,0.0007168106834249804,19.056193113327026
phylaflow,sim_WAG,WAG,NODE_0000183,32,0.00028799281250000005,0,20,0.6931471605599453,156.34720449540401,0.9317965513705155,0.5126557285873192,7.596633135016878e-05,0.0005805675569520817,19.056193113327026
phylaflow,sim_LG,LG,NODE_0000183,32,0.00028799281250000005,0,20,0.6931471605599453,156.34720449540401,0.9539832290200354,0.5105492213570634,7.596633135016878e-05,0.0006480754124116261,19.056193113327026
artreeformer_adapted,empirical,,NODE_0000183,32,0.00028799281250000005,0,20,nan,nan,1.0,0.6650472747497219,3.14952601052704e-05,0.0002970345640219953,0.0
artreeformer_adapted,sim_neutral,neutral,NODE_0000183,32,0.00028799281250000005,0,20,0.6931471605599453,133.57060405998192,0.9338983050847458,0.5461540600667408,4.4212860215759934e-05,0.0005916142969363709,0.0
artreeformer_adapted,sim_JTT,JTT,NODE_0000183,32,0.00028799281250000005,0,20,0.6931471605599453,133.57060405998192,0.9389830508474576,0.5549624582869855,4.4212860215759934e-05,0.0005805675569520817,0.0
artreeformer_adapted,sim_WAG,WAG,NODE_0000183,32,0.00028799281250000005,0,20,0.6931471605599453,133.57060405998192,0.9322033898305084,0.5587903225806452,4.4212860215759934e-05,0.00044555184603299293,0.0
artreeformer_adapted,sim_LG,LG,NODE_0000183,32,0.00028799281250000005,0,20,0.6931471605599453,133.57060405998192,0.9135593220338983,0.5481910456062291,4.4212860215759934e-05,0.0005118322859387274,0.0
phylovae_adapted,empirical,,NODE_0000183,32,0.00028799281250000005,0,20,nan,nan,1.0,0.6623623470522804,3.32743068283201e-05,0.0002381186174391202,0.0
phylovae_adapted,sim_neutral,neutral,NODE_0000183,32,0.00028799281250000005,0,20,0.6931471605599453,127.90133884498704,0.9271186440677966,0.5423442714126807,4.404097253059769e-05,0.0005326983503534957,0.0
phylovae_adapted,sim_JTT,JTT,NODE_0000183,32,0.00028799281250000005,0,20,0.6931471605599453,127.90133884498704,0.9457627118644067,0.5501362625139044,4.404097253059769e-05,0.0005216516103692066,0.0
phylovae_adapted,sim_WAG,WAG,NODE_0000183,32,0.00028799281250000005,0,20,0.6931471605599453,127.90133884498704,0.9220338983050848,0.541793659621802,4.404097253059769e-05,0.0003866358994501179,0.0
phylovae_adapted,sim_LG,LG,NODE_0000183,32,0.00028799281250000005,0,20,0.6931471605599453,127.90133884498704,0.9271186440677966,0.5432188542825361,4.404097253059769e-05,0.00044923409269442263,0.0
phylaflow_adapted,empirical,,NODE_0000183,32,0.00028799281250000005,0,20,nan,nan,1.0,0.663936318131257,3.5098999079659554e-05,0.00038418106834249804,0.0
phylaflow_adapted,sim_neutral,neutral,NODE_0000183,32,0.00028799281250000005,0,20,0.6931471605599453,156.34720449540401,0.9335268027922117,0.5018840378197997,4.413076578045818e-05,0.0006787608012568736,0.0
phylaflow_adapted,sim_JTT,JTT,NODE_0000183,32,0.00028799281250000005,0,20,0.6931471605599453,156.34720449540401,0.9371519791909892,0.5065155728587319,4.413076578045818e-05,0.0006677140612725845,0.0
phylaflow_adapted,sim_WAG,WAG,NODE_0000183,32,0.00028799281250000005,0,20,0.6931471605599453,156.34720449540401,0.9228804392511366,0.5107355394883204,4.413076578045818e-05,0.0005326983503534957,0.0
phylaflow_adapted,sim_LG,LG,NODE_0000183,32,0.00028799281250000005,0,20,0.6931471605599453,156.34720449540401,0.9542590910890009,0.5076001112347053,4.413076578045818e-05,0.0005989787902592301,0.0
neutral_bd,empirical,,NODE_0000228,32,0.000278653125,0,20,nan,nan,0.9916666666666667,0.6614001668520578,1.9703749573777503e-05,0.0004136390416339356,19.862993478775024
neutral_bd,sim_neutral,neutral,NODE_0000228,32,0.000278653125,0,20,0.6931471605599453,107.33308809256297,0.8683333333333334,0.4147566740823137,1.3499100209677928e-05,0.0005719756480754124,19.862993478775024
neutral_bd,sim_JTT,JTT,NODE_0000228,32,0.000278653125,0,20,0.6931471605599453,107.33308809256297,0.85,0.44435622914349276,1.3499100209677928e-05,0.0006677140612725845,19.862993478775024
neutral_bd,sim_WAG,WAG,NODE_0000228,32,0.000278653125,0,20,0.6931471605599453,107.33308809256297,0.8216666666666667,0.3792783648498331,1.3499100209677928e-05,0.0005204241948153967,19.862993478775024
neutral_bd,sim_LG,LG,NODE_0000228,32,0.000278653125,0,20,0.6931471605599453,107.33308809256297,0.8466666666666667,0.4235845383759733,1.3499100209677928e-05,0.0005867046347211312,19.862993478775024
empirical_bd,empirical,,NODE_0000228,32,0.000278653125,0,20,nan,nan,0.9916666666666667,0.6632383203559511,1.9703749573777503e-05,0.00044555184603299293,19.658941745758057
empirical_bd,sim_neutral,neutral,NODE_0000228,32,0.000278653125,0,20,0.6931471605599453,107.33308809256297,0.8616666666666667,0.4058551167964405,1.3499100209677928e-05,0.0006038884524744698,19.658941745758057
empirical_bd,sim_JTT,JTT,NODE_0000228,32,0.000278653125,0,20,0.6931471605599453,107.33308809256297,0.85,0.44517380422691877,1.3499100209677928e-05,0.0006996268656716419,19.658941745758057
empirical_bd,sim_WAG,WAG,NODE_0000228,32,0.000278653125,0,20,0.6931471605599453,107.33308809256297,0.8300000000000001,0.3881771412680756,1.3499100209677928e-05,0.000553564414768264,19.658941745758057
empirical_bd,sim_LG,LG,NODE_0000228,32,0.000278653125,0,20,0.6931471605599453,107.33308809256297,0.86,0.437444382647386,1.3499100209677928e-05,0.0006186174391201886,19.658941745758057
plm_prior,empirical,,NODE_0000228,32,0.000278653125,0,20,nan,nan,0.9916666666666667,0.6629685761957731,1.9703749573777503e-05,0.00027125883739198743,0.5427098274230957
plm_prior,sim_neutral,neutral,NODE_0000228,32,0.000278653125,0,20,0.6931471605599453,107.33308809256297,0.8483333333333334,0.3991198553948832,1.3499100209677928e-05,0.0004295954438334643,0.5427098274230957
plm_prior,sim_JTT,JTT,NODE_0000228,32,0.000278653125,0,20,0.6931471605599453,107.33308809256297,0.8416666666666667,0.4463473303670745,1.3499100209677928e-05,0.0005253338570306364,0.5427098274230957
plm_prior,sim_WAG,WAG,NODE_0000228,32,0.000278653125,0,20,0.6931471605599453,107.33308809256297,0.8200000000000001,0.37369994438264736,1.3499100209677928e-05,0.0003792714061272585,0.5427098274230957
plm_prior,sim_LG,LG,NODE_0000228,32,0.000278653125,0,20,0.6931471605599453,107.33308809256297,0.855,0.425650723025584,1.3499100209677928e-05,0.00044432443047918307,0.5427098274230957
treesbm,empirical,,NODE_0000228,32,0.000278653125,0,19,nan,nan,0.9894736842105263,0.6591739359522276,6.133316754403961e-05,0.00022093479968578165,2447.377058506012
treesbm,sim_neutral,neutral,NODE_0000228,32,0.000278653125,0,19,0.6931471610599456,121.86836805099139,0.8491228070175438,0.5398981324278438,7.368370935299837e-05,0.00037856079712242114,2447.377058506012
treesbm,sim_JTT,JTT,NODE_0000228,32,0.000278653125,0,19,0.6931471610599456,121.86836805099139,0.8947368421052632,0.5468927463263275,7.368370935299837e-05,0.0004806300905445074,2447.377058506012
treesbm,sim_WAG,WAG,NODE_0000228,32,0.000278653125,0,19,0.6931471610599456,121.86836805099139,0.8719298245614036,0.5202988700895732,7.368370935299837e-05,0.00030879191301112167,2447.377058506012
treesbm,sim_LG,LG,NODE_0000228,32,0.000278653125,0,19,0.6931471610599456,121.86836805099139,0.8666666666666667,0.5560154557695686,7.368370935299837e-05,0.0004005250754537562,2447.377058506012
phylaflow,empirical,,NODE_0000228,32,0.000278653125,0,20,nan,nan,0.9965214761040533,0.6829532814238042,6.907062462248721e-05,0.0003571779261586803,18.994866132736206
phylaflow,sim_neutral,neutral,NODE_0000228,32,0.000278653125,0,20,0.6931471605599453,156.47361713560562,0.926370543805742,0.4940114015572859,7.215693938074846e-05,0.0005155145326001571,18.994866132736206
phylaflow,sim_JTT,JTT,NODE_0000228,32,0.000278653125,0,20,0.6931471605599453,156.47361713560562,0.9453488077349064,0.5145786985539489,7.215693938074846e-05,0.0006087981146897094,18.994866132736206
phylaflow,sim_WAG,WAG,NODE_0000228,32,0.000278653125,0,20,0.6931471605599453,156.47361713560562,0.9438333223128873,0.47178948832035594,7.215693938074846e-05,0.0004651904948939513,18.994866132736206
phylaflow,sim_LG,LG,NODE_0000228,32,0.000278653125,0,20,0.6931471605599453,156.47361713560562,0.9277551762543667,0.5141059510567297,7.215693938074846e-05,0.0005302435192458759,18.994866132736206
artreeformer_adapted,empirical,,NODE_0000228,32,0.000278653125,0,20,nan,nan,0.9864406779661017,0.6699110122358176,2.9413669922742258e-05,0.00028353299293008643,0.0
artreeformer_adapted,sim_neutral,neutral,NODE_0000228,32,0.000278653125,0,20,0.6931471605599453,133.6970167001835,0.9203389830508475,0.518912680756396,4.179480210917217e-05,0.00044186959937156324,0.0
artreeformer_adapted,sim_JTT,JTT,NODE_0000228,32,0.000278653125,0,20,0.6931471605599453,133.6970167001835,0.9152542372881356,0.5267811457174638,4.179480210917217e-05,0.0005376080125687353,0.0
artreeformer_adapted,sim_WAG,WAG,NODE_0000228,32,0.000278653125,0,20,0.6931471605599453,133.6970167001835,0.9423728813559322,0.5089974972191323,4.179480210917217e-05,0.00039154556166535743,0.0
artreeformer_adapted,sim_LG,LG,NODE_0000228,32,0.000278653125,0,20,0.6931471605599453,133.6970167001835,0.9288135593220339,0.5349457730812014,4.179480210917217e-05,0.000456598586017282,0.0
phylovae_adapted,empirical,,NODE_0000228,32,0.000278653125,0,20,nan,nan,0.9949152542372881,0.677007786429366,2.9127549691009874e-05,0.000300716810683425,0.0
phylovae_adapted,sim_neutral,neutral,NODE_0000228,32,0.000278653125,0,20,0.6931471605599453,128.02775148518862,0.911864406779661,0.5144674638487208,4.2306418520523506e-05,0.00045905341712490185,0.0
phylovae_adapted,sim_JTT,JTT,NODE_0000228,32,0.000278653125,0,20,0.6931471605599453,128.02775148518862,0.9389830508474576,0.5297233036707453,4.2306418520523506e-05,0.0005547918303220739,0.0
phylovae_adapted,sim_WAG,WAG,NODE_0000228,32,0.000278653125,0,20,0.6931471605599453,128.02775148518862,0.9220338983050848,0.504944382647386,4.2306418520523506e-05,0.00040872937941869604,0.0
phylovae_adapted,sim_LG,LG,NODE_0000228,32,0.000278653125,0,20,0.6931471605599453,128.02775148518862,0.9288135593220339,0.5269215795328143,4.2306418520523506e-05,0.00047378240377062063,0.0
phylaflow_adapted,empirical,,NODE_0000228,32,0.000278653125,0,20,nan,nan,0.9965214761040533,0.6832174638487208,3.14505771879193e-05,0.00027248625294579734,0.0
phylaflow_adapted,sim_neutral,neutral,NODE_0000228,32,0.000278653125,0,20,0.6931471605599453,156.47361713560562,0.9198755173572257,0.4947677975528365,4.204548113209782e-05,0.00043082285938727416,0.0
phylaflow_adapted,sim_JTT,JTT,NODE_0000228,32,0.000278653125,0,20,0.6931471605599453,156.47361713560562,0.9434429066184788,0.5015141824249165,4.204548113209782e-05,0.0005265612725844462,0.0
phylaflow_adapted,sim_WAG,WAG,NODE_0000228,32,0.000278653125,0,20,0.6931471605599453,156.47361713560562,0.9420486883140973,0.4704379866518354,4.204548113209782e-05,0.00038049882168106835,0.0
phylaflow_adapted,sim_LG,LG,NODE_0000228,32,0.000278653125,0,20,0.6931471605599453,156.47361713560562,0.9160739905314386,0.49366935483870966,4.204548113209782e-05,0.00044309701492537316,0.0
neutral_bd,empirical,,NODE_0000058,32,0.0005453003125,0,20,nan,nan,0.9615384615384616,0.6469883203559511,7.795339732797226e-05,0.0012765121759622938,19.819981336593628
neutral_bd,sim_neutral,neutral,NODE_0000058,32,0.0005453003125,0,20,0.6931471605599453,105.4708253994167,0.85,0.44666713014460513,2.1867871576881935e-05,0.0008972407698350353,19.819981336593628
neutral_bd,sim_JTT,JTT,NODE_0000058,32,0.0005453003125,0,20,0.6931471605599453,105.4708253994167,0.9066666666666667,0.48881813125695217,2.1867871576881935e-05,0.0010015710919088767,19.819981336593628
neutral_bd,sim_WAG,WAG,NODE_0000058,32,0.0005453003125,0,20,0.6931471605599453,105.4708253994167,0.8616666666666667,0.44260289210233594,2.1867871576881935e-05,0.0009365180675569521,19.819981336593628
neutral_bd,sim_LG,LG,NODE_0000058,32,0.0005453003125,0,20,0.6931471605599453,105.4708253994167,0.8783333333333334,0.4537180200222469,2.1867871576881935e-05,0.0008812843676355066,19.819981336593628
empirical_bd,empirical,,NODE_0000058,32,0.0005453003125,0,20,nan,nan,0.9653846153846154,0.6632828142380423,7.795339732797226e-05,0.0015097211311861744,19.898778438568115
empirical_bd,sim_neutral,neutral,NODE_0000058,32,0.0005453003125,0,20,0.6931471605599453,105.4708253994167,0.85,0.4559232480533927,2.1867871576881935e-05,0.0011255400628436764,19.898778438568115
empirical_bd,sim_JTT,JTT,NODE_0000058,32,0.0005453003125,0,20,0.6931471605599453,105.4708253994167,0.8966666666666667,0.48832313681868744,2.1867871576881935e-05,0.0012286429693637079,19.898778438568115
empirical_bd,sim_WAG,WAG,NODE_0000058,32,0.0005453003125,0,20,0.6931471605599453,105.4708253994167,0.8766666666666667,0.4702725250278087,2.1867871576881935e-05,0.0011611351139041634,19.898778438568115
empirical_bd,sim_LG,LG,NODE_0000058,32,0.0005453003125,0,20,0.6931471605599453,105.4708253994167,0.8916666666666667,0.4562750278086763,2.1867871576881935e-05,0.0011120384917517674,19.898778438568115
plm_prior,empirical,,NODE_0000058,32,0.0005453003125,0,20,nan,nan,0.9711538461538461,0.6620272525027808,7.795339732797226e-05,0.0014274842890809112,1.2690672874450684
plm_prior,sim_neutral,neutral,NODE_0000058,32,0.0005453003125,0,20,0.6931471605599453,105.4708253994167,0.8716666666666667,0.4580547830923248,2.1867871576881935e-05,0.0010408483896307934,1.2690672874450684
plm_prior,sim_JTT,JTT,NODE_0000058,32,0.0005453003125,0,20,0.6931471605599453,105.4708253994167,0.895,0.4981423804226919,2.1867871576881935e-05,0.0011451787117046348,1.2690672874450684
plm_prior,sim_WAG,WAG,NODE_0000058,32,0.0005453003125,0,20,0.6931471605599453,105.4708253994167,0.8683333333333334,0.4740211345939933,2.1867871576881935e-05,0.0010788982717989002,1.2690672874450684
plm_prior,sim_LG,LG,NODE_0000058,32,0.0005453003125,0,20,0.6931471605599453,105.4708253994167,0.875,0.4500500556173526,2.1867871576881935e-05,0.0010298016496465045,1.2690672874450684
treesbm,empirical,,NODE_0000058,32,0.0005453003125,0,20,nan,nan,0.975,0.6823331479421579,0.00014362438569375476,0.0012028672427337,2063.0693163871765
treesbm,sim_neutral,neutral,NODE_0000058,32,0.0005453003125,0,20,0.6931471605599453,122.63362037288522,0.885,0.5658620689655173,0.00016265764862195297,0.0008162313432835821,2063.0693163871765
treesbm,sim_JTT,JTT,NODE_0000058,32,0.0005453003125,0,20,0.6931471605599453,122.63362037288522,0.9016666666666667,0.5689613459399333,0.00016265764862195297,0.0009205616653574234,2063.0693163871765
treesbm,sim_WAG,WAG,NODE_0000058,32,0.0005453003125,0,20,0.6931471605599453,122.63362037288522,0.8866666666666667,0.5426154060066741,0.00016265764862195297,0.0008542812254516889,2063.0693163871765
treesbm,sim_LG,LG,NODE_0000058,32,0.0005453003125,0,20,0.6931471605599453,122.63362037288522,0.9083333333333333,0.5724012791991101,0.00016265764862195297,0.0008027297721916733,2063.0693163871765
phylaflow,empirical,,NODE_0000058,32,0.0005453003125,0,20,nan,nan,0.9839872795271954,0.6573553948832036,8.554905212732205e-05,0.0014827179890023567,18.890230417251587
phylaflow,sim_neutral,neutral,NODE_0000058,32,0.0005453003125,0,20,0.6931471605599453,156.57436324843627,0.9546778881692247,0.5458578976640712,0.00015366432168111848,0.0010997643362136685,18.890230417251587
phylaflow,sim_JTT,JTT,NODE_0000058,32,0.0005453003125,0,20,0.6931471605599453,156.57436324843627,0.9645702250641037,0.5513793103448276,0.00015366432168111848,0.00120041241162608,18.890230417251587
phylaflow,sim_WAG,WAG,NODE_0000058,32,0.0005453003125,0,20,0.6931471605599453,156.57436324843627,0.9426786303718077,0.5255589543937709,0.00015366432168111848,0.0011353593872741555,18.890230417251587
phylaflow,sim_LG,LG,NODE_0000058,32,0.0005453003125,0,20,0.6931471605599453,156.57436324843627,0.941800779269455,0.5439696885428253,0.00015366432168111848,0.0010850353495679497,18.890230417251587
artreeformer_adapted,empirical,,NODE_0000058,32,0.0005453003125,0,20,nan,nan,0.9843137254901961,0.6727127363737486,9.50217693709833e-05,0.001287558915946583,0.0
artreeformer_adapted,sim_neutral,neutral,NODE_0000058,32,0.0005453003125,0,20,0.6931471605599453,133.79776281301415,0.9355932203389831,0.552495828698554,8.399082064091973e-05,0.0008996956009426552,0.0
artreeformer_adapted,sim_JTT,JTT,NODE_0000058,32,0.0005453003125,0,20,0.6931471605599453,133.79776281301415,0.9389830508474576,0.5547552836484984,8.399082064091973e-05,0.0010040259230164965,0.0
artreeformer_adapted,sim_WAG,WAG,NODE_0000058,32,0.0005453003125,0,20,0.6931471605599453,133.79776281301415,0.9322033898305084,0.5180645161290323,8.399082064091973e-05,0.0009279261586802828,0.0
artreeformer_adapted,sim_LG,LG,NODE_0000058,32,0.0005453003125,0,20,0.6931471605599453,133.79776281301415,0.9508474576271186,0.5505492213570634,8.399082064091973e-05,0.000888648860958366,0.0
phylovae_adapted,empirical,,NODE_0000058,32,0.0005453003125,0,20,nan,nan,0.9882352941176471,0.6773359288097887,9.942626063598307e-05,0.0013342007069913591,0.0
phylovae_adapted,sim_neutral,neutral,NODE_0000058,32,0.0005453003125,0,20,0.6931471605599453,128.1284975980193,0.9050847457627118,0.5344146273637375,8.163980918690097e-05,0.0009475648075412411,0.0
phylovae_adapted,sim_JTT,JTT,NODE_0000058,32,0.0005453003125,0,20,0.6931471605599453,128.1284975980193,0.9423728813559322,0.5529338153503893,8.163980918690097e-05,0.0010494402985074627,0.0
phylovae_adapted,sim_WAG,WAG,NODE_0000058,32,0.0005453003125,0,20,0.6931471605599453,128.1284975980193,0.9355932203389831,0.5182424916573971,8.163980918690097e-05,0.0009856146897093481,0.0
phylovae_adapted,sim_LG,LG,NODE_0000058,32,0.0005453003125,0,20,0.6931471605599453,128.1284975980193,0.947457627118644,0.56353170189099,8.163980918690097e-05,0.0009352906520031422,0.0
phylaflow_adapted,empirical,,NODE_0000058,32,0.0005453003125,0,20,nan,nan,0.9837673395623103,0.6417880978865406,0.00010605258957046423,0.0013513845247446975,0.0
phylaflow_adapted,sim_neutral,neutral,NODE_0000058,32,0.0005453003125,0,20,0.6931471605599453,156.57436324843627,0.9495342464900126,0.5158398220244717,8.061348510327075e-05,0.0009696582875098193,0.0
phylaflow_adapted,sim_JTT,JTT,NODE_0000058,32,0.0005453003125,0,20,0.6931471605599453,156.57436324843627,0.955452903443127,0.5311262513904338,8.061348510327075e-05,0.001071533778476041,0.0
phylaflow_adapted,sim_WAG,WAG,NODE_0000058,32,0.0005453003125,0,20,0.6931471605599453,156.57436324843627,0.9374204967267658,0.4882869855394883,8.061348510327075e-05,0.0010089355852317362,0.0
phylaflow_adapted,sim_LG,LG,NODE_0000058,32,0.0005453003125,0,20,0.6931471605599453,156.57436324843627,0.947728658853209,0.5317241379310345,8.061348510327075e-05,0.0009352906520031422,0.0
neutral_bd,empirical,,NODE_0000234,32,0.0002057059375,0,20,nan,nan,0.9966666666666667,0.6787903225806452,1.3047260963544686e-05,0.0002516201885310291,19.814526319503784
neutral_bd,sim_neutral,neutral,NODE_0000234,32,0.0002057059375,0,20,0.6931471605599453,106.01322409327402,0.8333333333333334,0.37293798665183536,7.861934649799945e-06,0.00035349567949725057,19.814526319503784
neutral_bd,sim_JTT,JTT,NODE_0000234,32,0.0002057059375,0,20,0.6931471605599453,106.01322409327402,0.8483333333333334,0.39020300333704117,7.861934649799945e-06,0.00041241162608012574,19.814526319503784
neutral_bd,sim_WAG,WAG,NODE_0000234,32,0.0002057059375,0,20,0.6931471605599453,106.01322409327402,0.835,0.3877864293659622,7.861934649799945e-06,0.00036086017282011,19.814526319503784
neutral_bd,sim_LG,LG,NODE_0000234,32,0.0002057059375,0,20,0.6931471605599453,106.01322409327402,0.8066666666666666,0.35526696329254726,7.861934649799945e-06,0.00028844265514532604,19.814526319503784
empirical_bd,empirical,,NODE_0000234,32,0.0002057059375,0,20,nan,nan,0.9966666666666667,0.6769577308120134,1.3047260963544686e-05,0.00038172623723487826,20.04447054862976
empirical_bd,sim_neutral,neutral,NODE_0000234,32,0.0002057059375,0,20,0.6931471605599453,106.01322409327402,0.8300000000000001,0.37752919911012234,7.861934649799945e-06,0.0004848291437549097,20.04447054862976
empirical_bd,sim_JTT,JTT,NODE_0000234,32,0.0002057059375,0,20,0.6931471605599453,106.01322409327402,0.8416666666666667,0.3887194104560623,7.861934649799945e-06,0.0005425176747839749,20.04447054862976
empirical_bd,sim_WAG,WAG,NODE_0000234,32,0.0002057059375,0,20,0.6931471605599453,106.01322409327402,0.8300000000000001,0.3870939933259177,7.861934649799945e-06,0.0004909662215239591,20.04447054862976
empirical_bd,sim_LG,LG,NODE_0000234,32,0.0002057059375,0,20,0.6931471605599453,106.01322409327402,0.8083333333333333,0.36308815350389323,7.861934649799945e-06,0.0004185487038491752,20.04447054862976
plm_prior,empirical,,NODE_0000234,32,0.0002057059375,0,20,nan,nan,0.9966666666666667,0.6787958843159065,1.3047260963544686e-05,0.00021725255302435193,0.4289844036102295
plm_prior,sim_neutral,neutral,NODE_0000234,32,0.0002057059375,0,20,0.6931471605599453,106.01322409327402,0.8283333333333334,0.37020717463848724,7.861934649799945e-06,0.0003203554595443834,0.4289844036102295
plm_prior,sim_JTT,JTT,NODE_0000234,32,0.0002057059375,0,20,0.6931471605599453,106.01322409327402,0.8416666666666667,0.3857591768631813,7.861934649799945e-06,0.00037313432835820896,0.4289844036102295
plm_prior,sim_WAG,WAG,NODE_0000234,32,0.0002057059375,0,20,0.6931471605599453,106.01322409327402,0.8250000000000001,0.3821843715239155,7.861934649799945e-06,0.00032649253731343285,0.4289844036102295
plm_prior,sim_LG,LG,NODE_0000234,32,0.0002057059375,0,20,0.6931471605599453,106.01322409327402,0.8083333333333333,0.35005700778642934,7.861934649799945e-06,0.00025407501963864887,0.4289844036102295
treesbm,empirical,,NODE_0000234,32,0.0002057059375,0,19,nan,nan,1.0,0.660681458930976,4.6552803308497295e-05,0.00019767850498201515,2617.3556413650513
treesbm,sim_neutral,neutral,NODE_0000234,32,0.0002057059375,0,19,0.6931471610599458,123.21770736264222,0.8701754385964913,0.528670745272525,5.241090319953907e-05,0.00029328771654194404,2617.3556413650513
treesbm,sim_JTT,JTT,NODE_0000234,32,0.0002057059375,0,19,0.6931471610599458,123.21770736264222,0.8596491228070176,0.5258810959545694,5.241090319953907e-05,0.0003540124860462232,2617.3556413650513
treesbm,sim_WAG,WAG,NODE_0000234,32,0.0002057059375,0,19,0.6931471610599458,123.21770736264222,0.8263157894736842,0.5099042796089222,5.241090319953907e-05,0.0003113759457559846,2617.3556413650513
treesbm,sim_LG,LG,NODE_0000234,32,0.0002057059375,0,19,0.6931471610599458,123.21770736264222,0.8438596491228071,0.5243925999648732,5.241090319953907e-05,0.00023773101252739075,2617.3556413650513
phylaflow,empirical,,NODE_0000234,32,0.0002057059375,0,20,nan,nan,1.0,0.6718061735261401,5.619959925067434e-05,0.0002786233307148468,18.929527044296265
phylaflow,sim_neutral,neutral,NODE_0000234,32,0.0002057059375,0,20,0.6931471605599453,156.51483423030857,0.9352952214419863,0.43700778642936594,5.6206920036636256e-05,0.00038172623723487826,18.929527044296265
phylaflow,sim_JTT,JTT,NODE_0000234,32,0.0002057059375,0,20,0.6931471605599453,156.51483423030857,0.9373620970950689,0.4643701334816463,5.6206920036636256e-05,0.00043818735271013354,18.929527044296265
phylaflow,sim_WAG,WAG,NODE_0000234,32,0.0002057059375,0,20,0.6931471605599453,156.51483423030857,0.923138966608284,0.4436679644048943,5.6206920036636256e-05,0.00038786331500392774,18.929527044296265
phylaflow,sim_LG,LG,NODE_0000234,32,0.0002057059375,0,20,0.6931471605599453,156.51483423030857,0.9124214674573191,0.43714682981090097,5.6206920036636256e-05,0.00031421838177533385,18.929527044296265
artreeformer_adapted,empirical,,NODE_0000234,32,0.0002057059375,0,20,nan,nan,1.0,0.6682480533926585,2.2006441751777952e-05,0.0003043990573448547,0.0
artreeformer_adapted,sim_neutral,neutral,NODE_0000234,32,0.0002057059375,0,20,0.6931471605599453,133.7382337948865,0.9203389830508475,0.49034343715239154,3.147795608933222e-05,0.0004075019638648861,0.0
artreeformer_adapted,sim_JTT,JTT,NODE_0000234,32,0.0002057059375,0,20,0.6931471605599453,133.7382337948865,0.9169491525423729,0.5059454949944383,3.147795608933222e-05,0.0004651904948939513,0.0
artreeformer_adapted,sim_WAG,WAG,NODE_0000234,32,0.0002057059375,0,20,0.6931471605599453,133.7382337948865,0.8983050847457628,0.5043520578420467,3.147795608933222e-05,0.0004136390416339356,0.0
artreeformer_adapted,sim_LG,LG,NODE_0000234,32,0.0002057059375,0,20,0.6931471605599453,133.7382337948865,0.9220338983050848,0.49035177975528366,3.147795608933222e-05,0.0003412215239591516,0.0
phylovae_adapted,empirical,,NODE_0000234,32,0.0002057059375,0,20,nan,nan,1.0,0.6705144605116796,2.166815436264077e-05,0.00030317164179104476,0.0
phylovae_adapted,sim_neutral,neutral,NODE_0000234,32,0.0002057059375,0,20,0.6931471605599453,128.06896857989162,0.8949152542372881,0.4978976640711902,3.197154290370333e-05,0.0004062745483110762,0.0
phylovae_adapted,sim_JTT,JTT,NODE_0000234,32,0.0002057059375,0,20,0.6931471605599453,128.06896857989162,0.9271186440677966,0.511523915461624,3.197154290370333e-05,0.0004639630793401414,0.0
phylovae_adapted,sim_WAG,WAG,NODE_0000234,32,0.0002057059375,0,20,0.6931471605599453,128.06896857989162,0.8898305084745762,0.4950250278086763,3.197154290370333e-05,0.0004124116260801257,0.0
phylovae_adapted,sim_LG,LG,NODE_0000234,32,0.0002057059375,0,20,0.6931471605599453,128.06896857989162,0.9,0.49172969966629587,3.197154290370333e-05,0.00033876669285153185,0.0
phylaflow_adapted,empirical,,NODE_0000234,32,0.0002057059375,0,20,nan,nan,1.0,0.6725792547274749,2.2065404635324985e-05,0.00027739591516103695,0.0
phylaflow_adapted,sim_neutral,neutral,NODE_0000234,32,0.0002057059375,0,20,0.6931471605599453,156.51483423030857,0.9352952214419863,0.43958147942157955,3.111261157005585e-05,0.00038049882168106835,0.0
phylaflow_adapted,sim_JTT,JTT,NODE_0000234,32,0.0002057059375,0,20,0.6931471605599453,156.51483423030857,0.9389682676939799,0.46285038932146827,3.111261157005585e-05,0.0004381873527101336,0.0
phylaflow_adapted,sim_WAG,WAG,NODE_0000234,32,0.0002057059375,0,20,0.6931471605599453,156.51483423030857,0.9247481620105829,0.44040322580645164,3.111261157005585e-05,0.00038540848389630796,0.0
phylaflow_adapted,sim_LG,LG,NODE_0000234,32,0.0002057059375,0,20,0.6931471605599453,156.51483423030857,0.9156932244359726,0.4350444938820912,3.111261157005585e-05,0.0003142183817753339,0.0
neutral_bd,empirical,,NODE_0000290,32,0.00026804218750000003,0,20,nan,nan,1.0,0.5751446051167964,3.0596563396937816e-05,0.00040381971720345643,19.90290379524231
neutral_bd,sim_neutral,neutral,NODE_0000290,32,0.00026804218750000003,0,20,0.6931471605599453,104.76061351909664,0.8633333333333334,0.38595522803114574,1.3111836655926055e-05,0.000493421052631579,19.90290379524231
neutral_bd,sim_JTT,JTT,NODE_0000290,32,0.00026804218750000003,0,20,0.6931471605599453,104.76061351909664,0.8383333333333334,0.4029393770856507,1.3111836655926055e-05,0.0006333464257659074,19.90290379524231
neutral_bd,sim_WAG,WAG,NODE_0000290,32,0.00026804218750000003,0,20,0.6931471605599453,104.76061351909664,0.8583333333333334,0.4184510567296997,1.3111836655926055e-05,0.00043573252160251377,19.90290379524231
neutral_bd,sim_LG,LG,NODE_0000290,32,0.00026804218750000003,0,20,0.6931471605599453,104.76061351909664,0.845,0.4296996662958843,1.3111836655926055e-05,0.0005719756480754124,19.90290379524231
empirical_bd,empirical,,NODE_0000290,32,0.00026804218750000003,0,20,nan,nan,1.0,0.5751446051167964,3.0596563396937816e-05,0.0003989100549882168,20.078856229782104
empirical_bd,sim_neutral,neutral,NODE_0000290,32,0.00026804218750000003,0,20,0.6931471605599453,104.76061351909664,0.8633333333333334,0.38093854282536155,1.3111836655926055e-05,0.0004885113904163394,20.078856229782104
empirical_bd,sim_JTT,JTT,NODE_0000290,32,0.00026804218750000003,0,20,0.6931471605599453,104.76061351909664,0.8333333333333334,0.396523915461624,1.3111836655926055e-05,0.0006284367635506677,20.078856229782104
empirical_bd,sim_WAG,WAG,NODE_0000290,32,0.00026804218750000003,0,20,0.6931471605599453,104.76061351909664,0.8583333333333334,0.41496523915461625,1.3111836655926055e-05,0.00043082285938727416,20.078856229782104
empirical_bd,sim_LG,LG,NODE_0000290,32,0.00026804218750000003,0,20,0.6931471605599453,104.76061351909664,0.8366666666666667,0.42461206896551723,1.3111836655926055e-05,0.0005670659858601729,20.078856229782104
plm_prior,empirical,,NODE_0000290,32,0.00026804218750000003,0,20,nan,nan,0.9983050847457627,0.5791754727474973,3.0596563396937816e-05,0.0003510408483896308,0.5379064083099365
plm_prior,sim_neutral,neutral,NODE_0000290,32,0.00026804218750000003,0,20,0.6931471605599453,104.76061351909664,0.8633333333333334,0.38599416017797555,1.3111836655926055e-05,0.0004406421838177533,0.5379064083099365
plm_prior,sim_JTT,JTT,NODE_0000290,32,0.00026804218750000003,0,20,0.6931471605599453,104.76061351909664,0.8383333333333334,0.4003587319243604,1.3111836655926055e-05,0.0005805675569520817,0.5379064083099365
plm_prior,sim_WAG,WAG,NODE_0000290,32,0.00026804218750000003,0,20,0.6931471605599453,104.76061351909664,0.8566666666666667,0.4163111790878754,1.3111836655926055e-05,0.0003829536527886881,0.5379064083099365
plm_prior,sim_LG,LG,NODE_0000290,32,0.00026804218750000003,0,20,0.6931471605599453,104.76061351909664,0.8366666666666667,0.42114432703003335,1.3111836655926055e-05,0.0005191967792615868,0.5379064083099365
treesbm,empirical,,NODE_0000290,32,0.00026804218750000003,0,19,nan,nan,0.9982158786797503,0.6252575961594754,6.192633061723361e-05,0.0002907036837970811,2446.3175342082977
treesbm,sim_neutral,neutral,NODE_0000290,32,0.00026804218750000003,0,19,0.6931471610599457,121.93399608989102,0.8578947368421053,0.5199036941631052,7.068885029396857e-05,0.0003811448298672841,2446.3175342082977
treesbm,sim_JTT,JTT,NODE_0000290,32,0.00026804218750000003,0,19,0.6931471610599457,121.93399608989102,0.8596491228070176,0.526806100345413,7.068885029396857e-05,0.0005323107454417663,2446.3175342082977
treesbm,sim_WAG,WAG,NODE_0000290,32,0.00026804218750000003,0,19,0.6931471610599457,121.93399608989102,0.8824561403508773,0.5348662256308179,7.068885029396857e-05,0.0003217120767354364,2446.3175342082977
treesbm,sim_LG,LG,NODE_0000290,32,0.00026804218750000003,0,19,0.6931471610599457,121.93399608989102,0.8631578947368421,0.5449563842866343,7.068885029396857e-05,0.0004677099268201927,2446.3175342082977
phylaflow,empirical,,NODE_0000290,32,0.00026804218750000003,0,20,nan,nan,1.0,0.5986582313681869,6.986696463375844e-05,0.00036576983503534957,18.781068086624146
phylaflow,sim_neutral,neutral,NODE_0000290,32,0.00026804218750000003,0,20,0.6931471605599453,156.37001406665405,0.921227746157269,0.4629171301446051,7.154729988600891e-05,0.00045414375490966224,18.781068086624146
phylaflow,sim_JTT,JTT,NODE_0000290,32,0.00026804218750000003,0,20,0.6931471605599453,156.37001406665405,0.9096814795847844,0.4886012235817575,7.154729988600891e-05,0.0005952965435978005,18.781068086624146
phylaflow,sim_WAG,WAG,NODE_0000290,32,0.00026804218750000003,0,20,0.6931471605599453,156.37001406665405,0.9653095432513593,0.5083231368186875,7.154729988600891e-05,0.0003952278083267871,18.781068086624146
phylaflow,sim_LG,LG,NODE_0000290,32,0.00026804218750000003,0,20,0.6931471605599453,156.37001406665405,0.9325506745081478,0.49936040044493885,7.154729988600891e-05,0.0005314709347996858,18.781068086624146
artreeformer_adapted,empirical,,NODE_0000290,32,0.00026804218750000003,0,20,nan,nan,0.9982758620689656,0.6052335928809789,2.8954893114142586e-05,0.0004111842105263158,0.0
artreeformer_adapted,sim_neutral,neutral,NODE_0000290,32,0.00026804218750000003,0,20,0.6931471605599453,133.593413631232,0.9169491525423729,0.5082730812013349,4.081511513988423e-05,0.0005007855459544384,0.0
artreeformer_adapted,sim_JTT,JTT,NODE_0000290,32,0.00026804218750000003,0,20,0.6931471605599453,133.593413631232,0.9322033898305084,0.5528031145717464,4.081511513988423e-05,0.0006394835035349568,0.0
artreeformer_adapted,sim_WAG,WAG,NODE_0000290,32,0.00026804218750000003,0,20,0.6931471605599453,133.593413631232,0.9271186440677966,0.5448901557285873,4.081511513988423e-05,0.00044309701492537316,0.0
artreeformer_adapted,sim_LG,LG,NODE_0000290,32,0.00026804218750000003,0,20,0.6931471605599453,133.593413631232,0.9203389830508475,0.5507605672969966,4.081511513988423e-05,0.0005793401413982718,0.0
phylovae_adapted,empirical,,NODE_0000290,32,0.00026804218750000003,0,20,nan,nan,1.0,0.5983273081201335,2.800546373279341e-05,0.0004737824037706206,0.0
phylovae_adapted,sim_neutral,neutral,NODE_0000290,32,0.00026804218750000003,0,20,0.6931471605599453,127.92414841623713,0.9101694915254237,0.5153740266963293,3.9794401505057356e-05,0.0005621563236449333,0.0
phylovae_adapted,sim_JTT,JTT,NODE_0000290,32,0.00026804218750000003,0,20,0.6931471605599453,127.92414841623713,0.9101694915254237,0.5065169632925473,3.9794401505057356e-05,0.0007033091123330715,0.0
phylovae_adapted,sim_WAG,WAG,NODE_0000290,32,0.00026804218750000003,0,20,0.6931471605599453,127.92414841623713,0.9271186440677966,0.54087319243604,3.9794401505057356e-05,0.0005056952081696779,0.0
phylovae_adapted,sim_LG,LG,NODE_0000290,32,0.00026804218750000003,0,20,0.6931471605599453,127.92414841623713,0.9033898305084745,0.5399916573971079,3.9794401505057356e-05,0.0006419383346425766,0.0
phylaflow_adapted,empirical,,NODE_0000290,32,0.00026804218750000003,0,20,nan,nan,1.0,0.6000583982202448,2.9469800532373496e-05,0.0004823743126472899,0.0
phylaflow_adapted,sim_neutral,neutral,NODE_0000290,32,0.00026804218750000003,0,20,0.6931471605599453,156.37001406665405,0.924443112158479,0.44879588431590656,3.7615982190056356e-05,0.0005719756480754124,0.0
phylaflow_adapted,sim_JTT,JTT,NODE_0000290,32,0.00026804218750000003,0,20,0.6931471605599453,156.37001406665405,0.9162495411528461,0.4678670745272525,3.7615982190056356e-05,0.0007069913589945012,0.0
phylaflow_adapted,sim_WAG,WAG,NODE_0000290,32,0.00026804218750000003,0,20,0.6931471605599453,156.37001406665405,0.963368094869233,0.5046106785317019,3.7615982190056356e-05,0.0005142871170463472,0.0
phylaflow_adapted,sim_LG,LG,NODE_0000290,32,0.00026804218750000003,0,20,0.6931471605599453,156.37001406665405,0.9316770726009453,0.49186179087875415,3.7615982190056356e-05,0.0006505302435192459,0.0
neutral_bd,empirical,,NODE_0000088,32,0.00017335343750000002,0,20,nan,nan,1.0,0.6715350389321468,9.046639628688054e-06,0.00016201885310290653,19.52577543258667
neutral_bd,sim_neutral,neutral,NODE_0000088,32,0.00017335343750000002,0,20,0.6931471605599453,104.75772739794806,0.8483333333333334,0.38897664071190213,7.197127027778905e-06,0.00027371366849960726,19.52577543258667
neutral_bd,sim_JTT,JTT,NODE_0000088,32,0.00017335343750000002,0,20,0.6931471605599453,104.75772739794806,0.8466666666666667,0.37500139043381536,7.197127027778905e-06,0.00033508444619010215,19.52577543258667
neutral_bd,sim_WAG,WAG,NODE_0000088,32,0.00017335343750000002,0,20,0.6931471605599453,104.75772739794806,0.8466666666666667,0.38337319243604007,7.197127027778905e-06,0.00040136488609583665,19.52577543258667
neutral_bd,sim_LG,LG,NODE_0000088,32,0.00017335343750000002,0,20,0.6931471605599453,104.75772739794806,0.8566666666666667,0.38348025583982204,7.197127027778905e-06,0.00026143951296150826,19.52577543258667
empirical_bd,empirical,,NODE_0000088,32,0.00017335343750000002,0,20,nan,nan,1.0,0.6715350389321468,9.046639628688054e-06,0.00020129615082482326,19.412527322769165
empirical_bd,sim_neutral,neutral,NODE_0000088,32,0.00017335343750000002,0,20,0.6931471605599453,104.75772739794806,0.8533333333333334,0.3909538375973304,7.197127027778905e-06,0.0003105361351139042,19.412527322769165
empirical_bd,sim_JTT,JTT,NODE_0000088,32,0.00017335343750000002,0,20,0.6931471605599453,104.75772739794806,0.8433333333333334,0.3719452169076752,7.197127027778905e-06,0.00037313432835820896,19.412527322769165
empirical_bd,sim_WAG,WAG,NODE_0000088,32,0.00017335343750000002,0,20,0.6931471605599453,104.75772739794806,0.8466666666666667,0.38306451612903225,7.197127027778905e-06,0.0004406421838177534,19.412527322769165
empirical_bd,sim_LG,LG,NODE_0000088,32,0.00017335343750000002,0,20,0.6931471605599453,104.75772739794806,0.855,0.3801265294771969,7.197127027778905e-06,0.000300716810683425,19.412527322769165
plm_prior,empirical,,NODE_0000088,32,0.00017335343750000002,0,20,nan,nan,1.0,0.6715350389321468,9.046639628688054e-06,0.00016079143754909662,0.3977046012878418
plm_prior,sim_neutral,neutral,NODE_0000088,32,0.00017335343750000002,0,20,0.6931471605599453,104.75772739794806,0.8483333333333334,0.38875973303670747,7.197127027778905e-06,0.00027248625294579734,0.3977046012878418
plm_prior,sim_JTT,JTT,NODE_0000088,32,0.00017335343750000002,0,20,0.6931471605599453,104.75772739794806,0.845,0.37882091212458285,7.197127027778905e-06,0.00033385703063629223,0.3977046012878418
plm_prior,sim_WAG,WAG,NODE_0000088,32,0.00017335343750000002,0,20,0.6931471605599453,104.75772739794806,0.8483333333333334,0.3856368186874305,7.197127027778905e-06,0.00040013747054202674,0.3977046012878418
plm_prior,sim_LG,LG,NODE_0000088,32,0.00017335343750000002,0,20,0.6931471605599453,104.75772739794806,0.8533333333333334,0.38067436040044494,7.197127027778905e-06,0.00026021209740769834,0.3977046012878418
treesbm,empirical,,NODE_0000088,32,0.00017335343750000002,0,19,nan,nan,1.0,0.6701232363444763,4.288639522747069e-05,0.00011498945714640097,2686.0115191936493
treesbm,sim_neutral,neutral,NODE_0000088,32,0.00017335343750000002,0,19,0.6931471610599456,122.67889980665447,0.8491228070175438,0.5010845383759733,4.574758361140153e-05,0.0002312709306652334,2686.0115191936493
treesbm,sim_JTT,JTT,NODE_0000088,32,0.00017335343750000002,0,19,0.6931471610599456,122.67889980665447,0.8491228070175438,0.49785434108073295,4.574758361140153e-05,0.00029716376565923846,2686.0115191936493
treesbm,sim_WAG,WAG,NODE_0000088,32,0.00017335343750000002,0,19,0.6931471610599456,122.67889980665447,0.8438596491228071,0.5039985949300392,4.574758361140153e-05,0.0003475524041840658,2686.0115191936493
treesbm,sim_LG,LG,NODE_0000088,32,0.00017335343750000002,0,19,0.6931471610599456,122.67889980665447,0.8508771929824561,0.48495843334699373,4.574758361140153e-05,0.00019121842311985778,2686.0115191936493
phylaflow,empirical,,NODE_0000088,32,0.00017335343750000002,0,20,nan,nan,1.0,0.67978170189099,4.787521242297497e-05,0.00020006873527101337,18.418742656707764
phylaflow,sim_neutral,neutral,NODE_0000088,32,0.00017335343750000002,0,20,0.6931471605599453,156.59052194797653,0.9302187965136798,0.43127641824249163,4.6870932435391814e-05,0.00031176355066771407,18.418742656707764
phylaflow,sim_JTT,JTT,NODE_0000088,32,0.00017335343750000002,0,20,0.6931471605599453,156.59052194797653,0.9156972955055849,0.4196913236929922,4.6870932435391814e-05,0.00037313432835820896,18.418742656707764
phylaflow,sim_WAG,WAG,NODE_0000088,32,0.00017335343750000002,0,20,0.6931471605599453,156.59052194797653,0.9218201876785193,0.45421718576195774,4.6870932435391814e-05,0.00043941476826394346,18.418742656707764
phylaflow,sim_LG,LG,NODE_0000088,32,0.00017335343750000002,0,20,0.6931471605599453,156.59052194797653,0.9106210604458892,0.41542130144605116,4.6870932435391814e-05,0.0002994893951296151,18.418742656707764
artreeformer_adapted,empirical,,NODE_0000088,32,0.00017335343750000002,0,20,nan,nan,1.0,0.6655964961067853,2.080718293799451e-05,0.00018902199528672428,0.0
artreeformer_adapted,sim_neutral,neutral,NODE_0000088,32,0.00017335343750000002,0,20,0.6931471605599453,133.81392151255446,0.9254237288135593,0.49688681868743045,2.6502183346376423e-05,0.000300716810683425,0.0
artreeformer_adapted,sim_JTT,JTT,NODE_0000088,32,0.00017335343750000002,0,20,0.6931471605599453,133.81392151255446,0.9084745762711864,0.4879588431590656,2.6502183346376423e-05,0.0003620875883739199,0.0
artreeformer_adapted,sim_WAG,WAG,NODE_0000088,32,0.00017335343750000002,0,20,0.6931471605599453,133.81392151255446,0.8898305084745762,0.4941365406006674,2.6502183346376423e-05,0.0004283680282796544,0.0
artreeformer_adapted,sim_LG,LG,NODE_0000088,32,0.00017335343750000002,0,20,0.6931471605599453,133.81392151255446,0.9220338983050848,0.47329115684093437,2.6502183346376423e-05,0.000288442655145326,0.0
phylovae_adapted,empirical,,NODE_0000088,32,0.00017335343750000002,0,20,nan,nan,1.0,0.6765058398220245,2.0881951082035104e-05,0.00014115278868813826,0.0
phylovae_adapted,sim_neutral,neutral,NODE_0000088,32,0.00017335343750000002,0,20,0.6931471605599453,128.14465629755958,0.9152542372881356,0.4806312569521691,2.6291183486798756e-05,0.00025284760408483895,0.0
phylovae_adapted,sim_JTT,JTT,NODE_0000088,32,0.00017335343750000002,0,20,0.6931471605599453,128.14465629755958,0.9067796610169492,0.47458008898776416,2.6291183486798756e-05,0.00031421838177533385,0.0
phylovae_adapted,sim_WAG,WAG,NODE_0000088,32,0.00017335343750000002,0,20,0.6931471605599453,128.14465629755958,0.8898305084745762,0.49088292547274753,2.6291183486798756e-05,0.00038049882168106835,0.0
phylovae_adapted,sim_LG,LG,NODE_0000088,32,0.00017335343750000002,0,20,0.6931471605599453,128.14465629755958,0.9152542372881356,0.4779477196885428,2.6291183486798756e-05,0.00024057344854674,0.0
phylaflow_adapted,empirical,,NODE_0000088,32,0.00017335343750000002,0,20,nan,nan,1.0,0.67978170189099,2.0873469134787748e-05,0.00013010604870384917,0.0
phylaflow_adapted,sim_neutral,neutral,NODE_0000088,32,0.00017335343750000002,0,20,0.6931471605599453,156.59052194797653,0.9301874681928777,0.43161568409343715,2.5796693510810074e-05,0.00024180086410054987,0.0
phylaflow_adapted,sim_JTT,JTT,NODE_0000088,32,0.00017335343750000002,0,20,0.6931471605599453,156.59052194797653,0.9156972955055849,0.4205881535038932,2.5796693510810074e-05,0.0003031716417910448,0.0
phylaflow_adapted,sim_WAG,WAG,NODE_0000088,32,0.00017335343750000002,0,20,0.6931471605599453,156.59052194797653,0.9236370989293927,0.45335372636262516,2.5796693510810074e-05,0.00036945208169677926,0.0
phylaflow_adapted,sim_LG,LG,NODE_0000088,32,0.00017335343750000002,0,20,0.6931471605599453,156.59052194797653,0.9105605643781336,0.4174221357063404,2.5796693510810074e-05,0.0002295267085624509,0.0
neutral_bd,empirical,,NODE_0000155,32,0.00044305187500000016,0,20,nan,nan,0.9883333333333333,0.6380380978865406,2.8538292282123834e-05,0.00026512175962293795,19.40041756629944
neutral_bd,sim_neutral,neutral,NODE_0000155,32,0.00044305187500000016,0,20,0.6931471605599453,103.28786242079084,0.87,0.4664905450500556,1.837371838044648e-05,0.0005707482325216025,19.40041756629944
neutral_bd,sim_JTT,JTT,NODE_0000155,32,0.00044305187500000016,0,20,0.6931471605599453,103.28786242079084,0.875,0.459619021134594,1.837371838044648e-05,0.0006578947368421052,19.40041756629944
neutral_bd,sim_WAG,WAG,NODE_0000155,32,0.00044305187500000016,0,20,0.6931471605599453,103.28786242079084,0.8633333333333334,0.47718159065628474,1.837371838044648e-05,0.0007192655145326002,19.40041756629944
neutral_bd,sim_LG,LG,NODE_0000155,32,0.00044305187500000016,0,20,0.6931471605599453,103.28786242079084,0.8533333333333334,0.4361457174638487,1.837371838044648e-05,0.0005302435192458759,19.40041756629944
empirical_bd,empirical,,NODE_0000155,32,0.00044305187500000016,0,20,nan,nan,0.9883333333333333,0.6380380978865406,2.8538292282123834e-05,0.0004713275726630008,18.996575593948364
empirical_bd,sim_neutral,neutral,NODE_0000155,32,0.00044305187500000016,0,20,0.6931471605599453,103.28786242079084,0.8733333333333334,0.45891685205784205,1.837371838044648e-05,0.0007769540455616654,18.996575593948364
empirical_bd,sim_JTT,JTT,NODE_0000155,32,0.00044305187500000016,0,20,0.6931471605599453,103.28786242079084,0.89,0.4670147385984427,1.837371838044648e-05,0.0008579634721131187,18.996575593948364
empirical_bd,sim_WAG,WAG,NODE_0000155,32,0.00044305187500000016,0,20,0.6931471605599453,103.28786242079084,0.865,0.479944382647386,1.837371838044648e-05,0.0009242439120188532,18.996575593948364
empirical_bd,sim_LG,LG,NODE_0000155,32,0.00044305187500000016,0,20,0.6931471605599453,103.28786242079084,0.8533333333333334,0.4446412680756396,1.837371838044648e-05,0.0007352219167321289,18.996575593948364
plm_prior,empirical,,NODE_0000155,32,0.00044305187500000016,0,20,nan,nan,0.9883333333333333,0.6380380978865406,2.8538292282123834e-05,0.0004836017282010998,0.984961986541748
plm_prior,sim_neutral,neutral,NODE_0000155,32,0.00044305187500000016,0,20,0.6931471605599453,103.28786242079084,0.8683333333333334,0.4598456618464961,1.837371838044648e-05,0.0007892282010997643,0.984961986541748
plm_prior,sim_JTT,JTT,NODE_0000155,32,0.00044305187500000016,0,20,0.6931471605599453,103.28786242079084,0.885,0.4620314238042269,1.837371838044648e-05,0.0008763747054202671,0.984961986541748
plm_prior,sim_WAG,WAG,NODE_0000155,32,0.00044305187500000016,0,20,0.6931471605599453,103.28786242079084,0.8783333333333334,0.4807035595105673,1.837371838044648e-05,0.0009365180675569521,0.984961986541748
plm_prior,sim_LG,LG,NODE_0000155,32,0.00044305187500000016,0,20,0.6931471605599453,103.28786242079084,0.855,0.43776835372636264,1.837371838044648e-05,0.0007487234878240378,0.984961986541748
treesbm,empirical,,NODE_0000155,32,0.00044305187500000016,0,20,nan,nan,0.9716666666666667,0.6577030033370411,0.00012656495474754173,0.00033140219952867246,2519.065840959549
treesbm,sim_neutral,neutral,NODE_0000155,32,0.00044305187500000016,0,20,0.6931471605599453,122.09095845735692,0.8933333333333333,0.5851251390433816,0.00011613002816489873,0.000637028672427337,2519.065840959549
treesbm,sim_JTT,JTT,NODE_0000155,32,0.00044305187500000016,0,20,0.6931471605599453,122.09095845735692,0.9116666666666667,0.581979977753059,0.00011613002816489873,0.0007241751767478398,2519.065840959549
treesbm,sim_WAG,WAG,NODE_0000155,32,0.00044305187500000016,0,20,0.6931471605599453,122.09095845735692,0.8683333333333334,0.5723401001112347,0.00011613002816489873,0.0007855459544383347,2519.065840959549
treesbm,sim_LG,LG,NODE_0000155,32,0.00044305187500000016,0,20,0.6931471605599453,122.09095845735692,0.8816666666666667,0.5678712458286985,0.00011613002816489873,0.0005965239591516104,2519.065840959549
phylaflow,empirical,,NODE_0000155,32,0.00044305187500000016,0,20,nan,nan,0.9944274322169059,0.6642046718576196,0.00014036996038880375,0.0004909662215239591,18.70745325088501
phylaflow,sim_neutral,neutral,NODE_0000155,32,0.00044305187500000016,0,20,0.6931471605599453,156.31844778468064,0.9539869045897487,0.548039488320356,0.00011591712927852274,0.0007929104477611941,18.70745325088501
phylaflow,sim_JTT,JTT,NODE_0000155,32,0.00044305187500000016,0,20,0.6931471605599453,156.31844778468064,0.9633225758407972,0.5468826473859845,0.00011591712927852274,0.0008812843676355068,18.70745325088501
phylaflow,sim_WAG,WAG,NODE_0000155,32,0.00044305187500000016,0,20,0.6931471605599453,156.31844778468064,0.9438436210976442,0.5514710789766407,0.00011591712927852274,0.0009451099764336214,18.70745325088501
phylaflow,sim_LG,LG,NODE_0000155,32,0.00044305187500000016,0,20,0.6931471605599453,156.31844778468064,0.9504391243480068,0.5218784760845384,0.00011591712927852274,0.0007548605655930872,18.70745325088501
artreeformer_adapted,empirical,,NODE_0000155,32,0.00044305187500000016,0,20,nan,nan,0.9932203389830508,0.6563431590656285,6.108846191127302e-05,0.0003792714061272585,0.0
artreeformer_adapted,sim_neutral,neutral,NODE_0000155,32,0.00044305187500000016,0,20,0.6931471605599453,133.54184734925855,0.9491525423728814,0.5906924360400445,6.780315188460681e-05,0.0006824430479183032,0.0
artreeformer_adapted,sim_JTT,JTT,NODE_0000155,32,0.00044305187500000016,0,20,0.6931471605599453,133.54184734925855,0.9389830508474576,0.57130978865406,6.780315188460681e-05,0.000769589552238806,0.0
artreeformer_adapted,sim_WAG,WAG,NODE_0000155,32,0.00044305187500000016,0,20,0.6931471605599453,133.54184734925855,0.9271186440677966,0.5865225250278087,6.780315188460681e-05,0.0008321877454831108,0.0
artreeformer_adapted,sim_LG,LG,NODE_0000155,32,0.00044305187500000016,0,20,0.6931471605599453,133.54184734925855,0.9338983050847458,0.5588111790878754,6.780315188460681e-05,0.0006431657501963865,0.0
phylovae_adapted,empirical,,NODE_0000155,32,0.00044305187500000016,0,20,nan,nan,0.9915254237288136,0.6508398220244717,5.8808890546480814e-05,0.00042714061272584446,0.0
phylovae_adapted,sim_neutral,neutral,NODE_0000155,32,0.00044305187500000016,0,20,0.6931471605599453,127.8725821342637,0.923728813559322,0.5772233036707453,6.902801548600639e-05,0.0007327670856245091,0.0
phylovae_adapted,sim_JTT,JTT,NODE_0000155,32,0.00044305187500000016,0,20,0.6931471605599453,127.8725821342637,0.9338983050847458,0.5687750278086763,6.902801548600639e-05,0.0008199135899450118,0.0
phylovae_adapted,sim_WAG,WAG,NODE_0000155,32,0.00044305187500000016,0,20,0.6931471605599453,127.8725821342637,0.9355932203389831,0.5637722469410457,6.902801548600639e-05,0.0008812843676355066,0.0
phylovae_adapted,sim_LG,LG,NODE_0000155,32,0.00044305187500000016,0,20,0.6931471605599453,127.8725821342637,0.9423728813559322,0.5763278642936597,6.902801548600639e-05,0.0006898075412411626,0.0
phylaflow_adapted,empirical,,NODE_0000155,32,0.00044305187500000016,0,20,nan,nan,0.9944274322169059,0.6642046718576196,5.567487083465229e-05,0.0004725549882168107,0.0
phylaflow_adapted,sim_neutral,neutral,NODE_0000155,32,0.00044305187500000016,0,20,0.6931471605599453,156.31844778468064,0.9443278628511905,0.5342686318131257,6.769394219860664e-05,0.0007769540455616654,0.0
phylaflow_adapted,sim_JTT,JTT,NODE_0000155,32,0.00044305187500000016,0,20,0.6931471605599453,156.31844778468064,0.9635061290041812,0.534190767519466,6.769394219860664e-05,0.0008604183032207384,0.0
phylaflow_adapted,sim_WAG,WAG,NODE_0000155,32,0.00044305187500000016,0,20,0.6931471605599453,156.31844778468064,0.9418728437744415,0.5323428809788654,6.769394219860664e-05,0.000925471327572663,0.0
phylaflow_adapted,sim_LG,LG,NODE_0000155,32,0.00044305187500000016,0,20,0.6931471605599453,156.31844778468064,0.9545638134654364,0.5188779199110123,6.769394219860664e-05,0.0007376767478397486,0.0
neutral_bd,empirical,,NODE_0000220,32,0.000136525,0,20,nan,nan,0.9883333333333333,0.6505088987764183,7.71988572910477e-06,7.732717989002357e-05,19.179749727249146
neutral_bd,sim_neutral,neutral,NODE_0000220,32,0.000136525,0,20,0.6931471605599453,105.19597605289822,0.8433333333333334,0.3679991657397108,4.930647294803784e-06,0.00016324626865671642,19.179749727249146
neutral_bd,sim_JTT,JTT,NODE_0000220,32,0.000136525,0,20,0.6931471605599453,105.19597605289822,0.8350000000000001,0.37294771968854284,4.930647294803784e-06,0.00015097211311861745,19.179749727249146
neutral_bd,sim_WAG,WAG,NODE_0000220,32,0.000136525,0,20,0.6931471605599453,105.19597605289822,0.855,0.39312013348164626,4.930647294803784e-06,0.0002393460329929301,19.179749727249146
neutral_bd,sim_LG,LG,NODE_0000220,32,0.000136525,0,20,0.6931471605599453,105.19597605289822,0.8316666666666667,0.35925055617352614,4.930647294803784e-06,0.00021847996857816184,19.179749727249146
empirical_bd,empirical,,NODE_0000220,32,0.000136525,0,20,nan,nan,0.9883333333333333,0.6505088987764183,7.71988572910477e-06,0.00010555773762765123,19.03227949142456
empirical_bd,sim_neutral,neutral,NODE_0000220,32,0.000136525,0,20,0.6931471605599453,105.19597605289822,0.8433333333333334,0.3679991657397108,4.930647294803784e-06,0.0001914768263943441,19.03227949142456
empirical_bd,sim_JTT,JTT,NODE_0000220,32,0.000136525,0,20,0.6931471605599453,105.19597605289822,0.8333333333333334,0.37247358175750833,4.930647294803784e-06,0.0001792026708562451,19.03227949142456
empirical_bd,sim_WAG,WAG,NODE_0000220,32,0.000136525,0,20,0.6931471605599453,105.19597605289822,0.855,0.3923122914349277,4.930647294803784e-06,0.00026757659073055773,19.03227949142456
empirical_bd,sim_LG,LG,NODE_0000220,32,0.000136525,0,20,0.6931471605599453,105.19597605289822,0.8316666666666667,0.35925055617352614,4.930647294803784e-06,0.0002467105263157895,19.03227949142456
plm_prior,empirical,,NODE_0000220,32,0.000136525,0,20,nan,nan,0.9883333333333333,0.6505088987764183,7.71988572910477e-06,0.00014115278868813826,0.3569972515106201
plm_prior,sim_neutral,neutral,NODE_0000220,32,0.000136525,0,20,0.6931471605599453,105.19597605289822,0.8433333333333334,0.3679991657397108,4.930647294803784e-06,0.00022707187745483112,0.3569972515106201
plm_prior,sim_JTT,JTT,NODE_0000220,32,0.000136525,0,20,0.6931471605599453,105.19597605289822,0.8366666666666667,0.37404616240266964,4.930647294803784e-06,0.00021479772191673215,0.3569972515106201
plm_prior,sim_WAG,WAG,NODE_0000220,32,0.000136525,0,20,0.6931471605599453,105.19597605289822,0.855,0.3909691323692992,4.930647294803784e-06,0.00030317164179104476,0.3569972515106201
plm_prior,sim_LG,LG,NODE_0000220,32,0.000136525,0,20,0.6931471605599453,105.19597605289822,0.8316666666666667,0.35925055617352614,4.930647294803784e-06,0.0002823055773762765,0.3569972515106201
treesbm,empirical,,NODE_0000220,32,0.000136525,0,19,nan,nan,0.9859649122807017,0.6586221532697148,3.6338580123732984e-05,0.00011111340802910655,2782.823586463928
treesbm,sim_neutral,neutral,NODE_0000220,32,0.000136525,0,19,0.6931471610599459,123.12664035470846,0.8403508771929825,0.512348515894854,3.59139612078628e-05,0.00019638648860958367,2782.823586463928
treesbm,sim_JTT,JTT,NODE_0000220,32,0.000136525,0,19,0.6931471610599459,123.12664035470846,0.8614035087719298,0.5185586323985715,3.59139612078628e-05,0.00018088229214040602,2782.823586463928
treesbm,sim_WAG,WAG,NODE_0000220,32,0.000136525,0,19,0.6931471610599459,123.12664035470846,0.8508771929824561,0.5092412622211814,3.59139612078628e-05,0.00027778352007276635,2782.823586463928
treesbm,sim_LG,LG,NODE_0000220,32,0.000136525,0,19,0.6931471610599459,123.12664035470846,0.8491228070175438,0.5169589017036473,3.59139612078628e-05,0.00025711125811386283,2782.823586463928
phylaflow,empirical,,NODE_0000220,32,0.000136525,0,20,nan,nan,0.9965506987808505,0.6683342602892103,4.005602943145052e-05,0.0001178318931657502,18.94663977622986
phylaflow,sim_neutral,neutral,NODE_0000220,32,0.000136525,0,20,0.6931471605599453,156.36336319494416,0.9108168455544875,0.4280603448275862,3.6209040494232227e-05,0.00020375098193244306,18.94663977622986
phylaflow,sim_JTT,JTT,NODE_0000220,32,0.000136525,0,20,0.6931471605599453,156.36336319494416,0.9101873990095406,0.4574221357063404,3.6209040494232227e-05,0.00019147682639434406,18.94663977622986
phylaflow,sim_WAG,WAG,NODE_0000220,32,0.000136525,0,20,0.6931471605599453,156.36336319494416,0.9037063325363752,0.4448957174638487,3.6209040494232227e-05,0.00027985074626865673,18.94663977622986
phylaflow,sim_LG,LG,NODE_0000220,32,0.000136525,0,20,0.6931471605599453,156.36336319494416,0.9041055749572886,0.43695494994438266,3.6209040494232227e-05,0.0002589846818538885,18.94663977622986
artreeformer_adapted,empirical,,NODE_0000220,32,0.000136525,0,20,nan,nan,0.9949152542372881,0.6576779755283648,1.7052392521245913e-05,0.00013256087981146898,0.0
artreeformer_adapted,sim_neutral,neutral,NODE_0000220,32,0.000136525,0,20,0.6931471605599453,133.5867627595221,0.8966101694915254,0.47879727474972195,1.9650342818149366e-05,0.00021847996857816184,0.0
artreeformer_adapted,sim_JTT,JTT,NODE_0000220,32,0.000136525,0,20,0.6931471605599453,133.5867627595221,0.9033898305084745,0.4961179087875417,1.9650342818149366e-05,0.00020620581304006284,0.0
artreeformer_adapted,sim_WAG,WAG,NODE_0000220,32,0.000136525,0,20,0.6931471605599453,133.5867627595221,0.8898305084745762,0.4771357063403782,1.9650342818149366e-05,0.0002945797329143755,0.0
artreeformer_adapted,sim_LG,LG,NODE_0000220,32,0.000136525,0,20,0.6931471605599453,133.5867627595221,0.8898305084745762,0.4849388209121246,1.9650342818149366e-05,0.00027371366849960726,0.0
phylovae_adapted,empirical,,NODE_0000220,32,0.000136525,0,20,nan,nan,0.9932203389830508,0.6621537819799778,1.650015708037046e-05,0.00012887863315003928,0.0
phylovae_adapted,sim_neutral,neutral,NODE_0000220,32,0.000136525,0,20,0.6931471605599453,127.91749754452727,0.9050847457627119,0.457555617352614,1.9347212709905905e-05,0.00021479772191673215,0.0
phylovae_adapted,sim_JTT,JTT,NODE_0000220,32,0.000136525,0,20,0.6931471605599453,127.91749754452727,0.9118644067796611,0.47731368186874307,1.9347212709905905e-05,0.00020252356637863315,0.0
phylovae_adapted,sim_WAG,WAG,NODE_0000220,32,0.000136525,0,20,0.6931471605599453,127.91749754452727,0.9050847457627119,0.48427558398220244,1.9347212709905905e-05,0.0002896700706991359,0.0
phylovae_adapted,sim_LG,LG,NODE_0000220,32,0.000136525,0,20,0.6931471605599453,127.91749754452727,0.8966101694915254,0.47217324805339267,1.9347212709905905e-05,0.00027003142183817757,0.0
phylaflow_adapted,empirical,,NODE_0000220,32,0.000136525,0,20,nan,nan,0.9965506987808505,0.6683342602892103,1.5807344148183712e-05,0.00010064807541241163,0.0
phylaflow_adapted,sim_neutral,neutral,NODE_0000220,32,0.000136525,0,20,0.6931471605599453,156.36336319494416,0.9108168455544875,0.43201334816462733,1.888746503079418e-05,0.00018656716417910448,0.0
phylaflow_adapted,sim_JTT,JTT,NODE_0000220,32,0.000136525,0,20,0.6931471605599453,156.36336319494416,0.9101873990095406,0.460924638487208,1.888746503079418e-05,0.0001742930086410055,0.0
phylaflow_adapted,sim_WAG,WAG,NODE_0000220,32,0.000136525,0,20,0.6931471605599453,156.36336319494416,0.9054304704674098,0.4425,1.888746503079418e-05,0.0002626669285153182,0.0
phylaflow_adapted,sim_LG,LG,NODE_0000220,32,0.000136525,0,20,0.6931471605599453,156.36336319494416,0.9041055749572886,0.4360761957730812,1.888746503079418e-05,0.0002418008641005499,0.0
neutral_bd,empirical,,NODE_0000073,32,0.0006991668749999996,0,20,nan,nan,0.9982142857142857,0.6386610122358176,6.63940607225828e-05,0.0017527494108405342,19.81189727783203
neutral_bd,sim_neutral,neutral,NODE_0000073,32,0.0006991668749999996,0,20,0.6931471605599453,104.79543516794212,0.9083333333333333,0.4958940489432703,2.7881612725892196e-05,0.0011869108405341713,19.81189727783203
neutral_bd,sim_JTT,JTT,NODE_0000073,32,0.0006991668749999996,0,20,0.6931471605599453,104.79543516794212,0.9183333333333333,0.5120189098998887,2.7881612725892196e-05,0.0013170168892380205,19.81189727783203
neutral_bd,sim_WAG,WAG,NODE_0000073,32,0.0006991668749999996,0,20,0.6931471605599453,104.79543516794212,0.9016666666666667,0.5147274749721913,2.7881612725892196e-05,0.001332973291437549,19.81189727783203
neutral_bd,sim_LG,LG,NODE_0000073,32,0.0006991668749999996,0,20,0.6931471605599453,104.79543516794212,0.9216666666666666,0.5329755283648498,2.7881612725892196e-05,0.0012470542026708563,19.81189727783203
empirical_bd,empirical,,NODE_0000073,32,0.0006991668749999996,0,20,nan,nan,0.9946428571428572,0.624730255839822,6.63940607225828e-05,0.0017490671641791045,19.429543256759644
empirical_bd,sim_neutral,neutral,NODE_0000073,32,0.0006991668749999996,0,20,0.6931471605599453,104.79543516794212,0.91,0.5238765294771969,2.7881612725892196e-05,0.001177091516103692,19.429543256759644
empirical_bd,sim_JTT,JTT,NODE_0000073,32,0.0006991668749999996,0,20,0.6931471605599453,104.79543516794212,0.9066666666666667,0.5307550055617353,2.7881612725892196e-05,0.0013133346425765907,19.429543256759644
empirical_bd,sim_WAG,WAG,NODE_0000073,32,0.0006991668749999996,0,20,0.6931471605599453,104.79543516794212,0.8966666666666667,0.5139196329254727,2.7881612725892196e-05,0.0013268362136684996,19.429543256759644
empirical_bd,sim_LG,LG,NODE_0000073,32,0.0006991668749999996,0,20,0.6931471605599453,104.79543516794212,0.92,0.5081076195773081,2.7881612725892196e-05,0.0012482816182246663,19.429543256759644
plm_prior,empirical,,NODE_0000073,32,0.0006991668749999996,0,20,nan,nan,1.0,0.6416810344827586,6.63940607225828e-05,0.0018951296150824823,1.494269609451294
plm_prior,sim_neutral,neutral,NODE_0000073,32,0.0006991668749999996,0,20,0.6931471605599453,104.79543516794212,0.9133333333333333,0.5322177419354839,2.7881612725892196e-05,0.0013170168892380205,1.494269609451294
plm_prior,sim_JTT,JTT,NODE_0000073,32,0.0006991668749999996,0,20,0.6931471605599453,104.79543516794212,0.9216666666666666,0.5239613459399333,2.7881612725892196e-05,0.0014520326001571094,1.494269609451294
plm_prior,sim_WAG,WAG,NODE_0000073,32,0.0006991668749999996,0,20,0.6931471605599453,104.79543516794212,0.8966666666666667,0.5133314794215795,2.7881612725892196e-05,0.0014606245090337784,1.494269609451294
plm_prior,sim_LG,LG,NODE_0000073,32,0.0006991668749999996,0,20,0.6931471605599453,104.79543516794212,0.9166666666666667,0.5312277530589544,2.7881612725892196e-05,0.0013648860958366065,1.494269609451294
treesbm,empirical,,NODE_0000073,32,0.0006991668749999996,0,20,nan,nan,0.9946428571428572,0.6596259733036708,0.00014440898040358715,0.0016435094265514533,2246.760618209839
treesbm,sim_neutral,neutral,NODE_0000073,32,0.0006991668749999996,0,20,0.6931471605599453,122.67028909146573,0.9133333333333333,0.5871384872080089,0.00018977399787972724,0.0010653967007069915,2246.760618209839
treesbm,sim_JTT,JTT,NODE_0000073,32,0.0006991668749999996,0,20,0.6931471605599453,122.67028909146573,0.915,0.5993367630700779,0.00018977399787972724,0.0011991849960722703,2246.760618209839
treesbm,sim_WAG,WAG,NODE_0000073,32,0.0006991668749999996,0,20,0.6931471605599453,122.67028909146573,0.8916666666666667,0.5943020022246941,0.00018977399787972724,0.0012151413982717989,2246.760618209839
treesbm,sim_LG,LG,NODE_0000073,32,0.0006991668749999996,0,20,0.6931471605599453,122.67028909146573,0.9166666666666666,0.6018840378197998,0.00018977399787972724,0.0011316771406127259,2246.760618209839
phylaflow,empirical,,NODE_0000073,32,0.0006991668749999996,0,20,nan,nan,0.9981481481481481,0.671412680756396,0.0001410240288247073,0.001864444226237235,19.174618244171143
phylaflow,sim_neutral,neutral,NODE_0000073,32,0.0006991668749999996,0,20,0.6931471605599453,156.6897229691309,0.9756452022809801,0.581472469410456,0.00018615666848383451,0.0012887863315003928,19.174618244171143
phylaflow,sim_JTT,JTT,NODE_0000073,32,0.0006991668749999996,0,20,0.6931471605599453,156.6897229691309,0.9664610302314477,0.5818701334816463,0.00018615666848383451,0.001420119795758052,19.174618244171143
phylaflow,sim_WAG,WAG,NODE_0000073,32,0.0006991668749999996,0,20,0.6931471605599453,156.6897229691309,0.966916739207351,0.5684649610678532,0.00018615666848383451,0.0014385310290652004,19.174618244171143
phylaflow,sim_LG,LG,NODE_0000073,32,0.0006991668749999996,0,20,0.6931471605599453,156.6897229691309,0.9807128675255963,0.6115058398220244,0.00018615666848383451,0.001358749018067557,19.174618244171143
artreeformer_adapted,empirical,,NODE_0000073,32,0.0006991668749999996,0,20,nan,nan,1.0,0.6374847052280311,7.897654766014198e-05,0.001816575019638649,0.0
artreeformer_adapted,sim_neutral,neutral,NODE_0000073,32,0.0006991668749999996,0,20,0.6931471605599453,133.91312253370893,0.9338983050847458,0.5707522246941046,0.00010132065929239505,0.0012433719560094266,0.0
artreeformer_adapted,sim_JTT,JTT,NODE_0000073,32,0.0006991668749999996,0,20,0.6931471605599453,133.91312253370893,0.9406779661016949,0.5853350945494994,0.00010132065929239505,0.0013771602513747054,0.0
artreeformer_adapted,sim_WAG,WAG,NODE_0000073,32,0.0006991668749999996,0,20,0.6931471605599453,133.91312253370893,0.9593220338983051,0.5962722469410456,0.00010132065929239505,0.001394344069128044,0.0
artreeformer_adapted,sim_LG,LG,NODE_0000073,32,0.0006991668749999996,0,20,0.6931471605599453,133.91312253370893,0.9610169491525423,0.5783495550611791,0.00010132065929239505,0.0013047427336999216,0.0
phylovae_adapted,empirical,,NODE_0000073,32,0.0006991668749999996,0,20,nan,nan,1.0,0.6306896551724138,8.375377540110164e-05,0.0017772977219167323,0.0
phylovae_adapted,sim_neutral,neutral,NODE_0000073,32,0.0006991668749999996,0,20,0.6931471605599453,128.24385731871413,0.9525423728813559,0.5648776418242492,0.00010208276982014244,0.0012053220738413198,0.0
phylovae_adapted,sim_JTT,JTT,NODE_0000073,32,0.0006991668749999996,0,20,0.6931471605599453,128.24385731871413,0.9525423728813559,0.5998901557285873,0.00010208276982014244,0.0013378829536527888,0.0
phylovae_adapted,sim_WAG,WAG,NODE_0000073,32,0.0006991668749999996,0,20,0.6931471605599453,128.24385731871413,0.9406779661016949,0.575134872080089,0.00010208276982014244,0.0013477022780832679,0.0
phylovae_adapted,sim_LG,LG,NODE_0000073,32,0.0006991668749999996,0,20,0.6931471605599453,128.24385731871413,0.9559322033898305,0.5967199666295884,0.00010208276982014244,0.0012679202670856245,0.0
phylaflow_adapted,empirical,,NODE_0000073,32,0.0006991668749999996,0,20,nan,nan,0.9982142857142857,0.6350987208008899,9.050231269547458e-05,0.0019638648860958365,0.0
phylaflow_adapted,sim_neutral,neutral,NODE_0000073,32,0.0006991668749999996,0,20,0.6931471605599453,156.6897229691309,0.9720581953420915,0.56646829810901,0.00010157516164419822,0.0013796150824823253,0.0
phylaflow_adapted,sim_JTT,JTT,NODE_0000073,32,0.0006991668749999996,0,20,0.6931471605599453,156.6897229691309,0.9683065024979726,0.5782411012235817,0.00010157516164419822,0.0015207678711704636,0.0
phylaflow_adapted,sim_WAG,WAG,NODE_0000073,32,0.0006991668749999996,0,20,0.6931471605599453,156.6897229691309,0.9634078610798289,0.5782786429365963,0.00010157516164419822,0.0015354968578161824,0.0
phylaflow_adapted,sim_LG,LG,NODE_0000073,32,0.0006991668749999996,0,20,0.6931471605599453,156.6897229691309,0.9669396373618282,0.5959399332591768,0.00010157516164419822,0.0014520326001571091,0.0
neutral_bd,empirical,,NODE_0000160,32,0.00038009406249999995,0,20,nan,nan,0.9916666666666667,0.6481076195773081,1.9408190402752888e-05,0.00028353299293008643,19.975866079330444
neutral_bd,sim_neutral,neutral,NODE_0000160,32,0.00038009406249999995,0,20,0.6931471605599453,103.75745704237846,0.7966666666666666,0.4448401001112347,1.4364958226060723e-05,0.0006799882168106834,19.975866079330444
neutral_bd,sim_JTT,JTT,NODE_0000160,32,0.00038009406249999995,0,20,0.6931471605599453,103.75745704237846,0.8633333333333334,0.4767825361512792,1.4364958226060723e-05,0.0005916142969363707,19.975866079330444
neutral_bd,sim_WAG,WAG,NODE_0000160,32,0.00038009406249999995,0,20,0.6931471605599453,103.75745704237846,0.8266666666666667,0.4240558954393771,1.4364958226060723e-05,0.0005486547525530243,19.975866079330444
neutral_bd,sim_LG,LG,NODE_0000160,32,0.00038009406249999995,0,20,0.6931471605599453,103.75745704237846,0.855,0.46366657397107897,1.4364958226060723e-05,0.0007008542812254517,19.975866079330444
empirical_bd,empirical,,NODE_0000160,32,0.00038009406249999995,0,20,nan,nan,0.9916666666666667,0.6481076195773081,1.9408190402752888e-05,0.0003203554595443834,20.009150743484497
empirical_bd,sim_neutral,neutral,NODE_0000160,32,0.00038009406249999995,0,20,0.6931471605599453,103.75745704237846,0.8016666666666666,0.45261540600667405,1.4364958226060723e-05,0.0007168106834249804,20.009150743484497
empirical_bd,sim_JTT,JTT,NODE_0000160,32,0.00038009406249999995,0,20,0.6931471605599453,103.75745704237846,0.8633333333333334,0.4763111790878754,1.4364958226060723e-05,0.0006284367635506677,20.009150743484497
empirical_bd,sim_WAG,WAG,NODE_0000160,32,0.00038009406249999995,0,20,0.6931471605599453,103.75745704237846,0.8166666666666667,0.4213459399332592,1.4364958226060723e-05,0.0005854772191673213,20.009150743484497
empirical_bd,sim_LG,LG,NODE_0000160,32,0.00038009406249999995,0,20,0.6931471605599453,103.75745704237846,0.855,0.4676793659621802,1.4364958226060723e-05,0.0007413589945011784,20.009150743484497
plm_prior,empirical,,NODE_0000160,32,0.00038009406249999995,0,20,nan,nan,0.9916666666666667,0.6481076195773081,1.9408190402752888e-05,0.00040872937941869604,0.7340917587280273
plm_prior,sim_neutral,neutral,NODE_0000160,32,0.00038009406249999995,0,20,0.6931471605599453,103.75745704237846,0.7933333333333333,0.44813959955506116,1.4364958226060723e-05,0.0008039571877454831,0.7340917587280273
plm_prior,sim_JTT,JTT,NODE_0000160,32,0.00038009406249999995,0,20,0.6931471605599453,103.75745704237846,0.8633333333333334,0.47296579532814237,1.4364958226060723e-05,0.0007168106834249804,0.7340917587280273
plm_prior,sim_WAG,WAG,NODE_0000160,32,0.00038009406249999995,0,20,0.6931471605599453,103.75745704237846,0.8283333333333334,0.4268284204671858,1.4364958226060723e-05,0.000672623723487824,0.7340917587280273
plm_prior,sim_LG,LG,NODE_0000160,32,0.00038009406249999995,0,20,0.6931471605599453,103.75745704237846,0.8533333333333334,0.4492408231368187,1.4364958226060723e-05,0.000829732914375491,0.7340917587280273
treesbm,empirical,,NODE_0000160,32,0.00038009406249999995,0,20,nan,nan,0.9916666666666667,0.6418562291434928,9.667106274543258e-05,0.00025407501963864887,2546.19366645813
treesbm,sim_neutral,neutral,NODE_0000160,32,0.00038009406249999995,0,20,0.6931471605599453,121.9633392982272,0.8483333333333334,0.548150723025584,9.865205342768909e-05,0.0006505302435192459,2546.19366645813
treesbm,sim_JTT,JTT,NODE_0000160,32,0.00038009406249999995,0,20,0.6931471605599453,121.9633392982272,0.8866666666666667,0.5828712458286985,9.865205342768909e-05,0.0005621563236449332,2546.19366645813
treesbm,sim_WAG,WAG,NODE_0000160,32,0.00038009406249999995,0,20,0.6931471605599453,121.9633392982272,0.8766666666666667,0.5676988320355951,9.865205342768909e-05,0.0005191967792615868,2546.19366645813
treesbm,sim_LG,LG,NODE_0000160,32,0.00038009406249999995,0,20,0.6931471605599453,121.9633392982272,0.8966666666666667,0.564694104560623,9.865205342768909e-05,0.0006750785545954439,2546.19366645813
phylaflow,empirical,,NODE_0000160,32,0.00038009406249999995,0,20,nan,nan,0.9931306715063521,0.6614446607341491,0.00010944146917125583,0.0003080813040062844,18.98102569580078
phylaflow,sim_neutral,neutral,NODE_0000160,32,0.00038009406249999995,0,20,0.6931471605599453,156.59562772801004,0.9139657864655206,0.5085289210233593,0.00010242574992996387,0.0007033091123330715,18.98102569580078
phylaflow,sim_JTT,JTT,NODE_0000160,32,0.00038009406249999995,0,20,0.6931471605599453,156.59562772801004,0.9372030389034505,0.5368604004449389,0.00010242574992996387,0.0006149351924587588,18.98102569580078
phylaflow,sim_WAG,WAG,NODE_0000160,32,0.00038009406249999995,0,20,0.6931471605599453,156.59562772801004,0.9261517056761714,0.5020272525027809,0.00010242574992996387,0.0005719756480754124,18.98102569580078
phylaflow,sim_LG,LG,NODE_0000160,32,0.00038009406249999995,0,20,0.6931471605599453,156.59562772801004,0.9507414000197438,0.5154463292547274,0.00010242574992996387,0.0007254025923016497,18.98102569580078
artreeformer_adapted,empirical,,NODE_0000160,32,0.00038009406249999995,0,20,nan,nan,0.9915254237288136,0.6615225250278086,4.7278115556440966e-05,0.0004885113904163394,0.0
artreeformer_adapted,sim_neutral,neutral,NODE_0000160,32,0.00038009406249999995,0,20,0.6931471605599453,133.81902729258792,0.9288135593220339,0.5489502224694105,5.662087164156288e-05,0.0008849666142969364,0.0
artreeformer_adapted,sim_JTT,JTT,NODE_0000160,32,0.00038009406249999995,0,20,0.6931471605599453,133.81902729258792,0.940677966101695,0.5867088431590656,5.662087164156288e-05,0.0007880007855459544,0.0
artreeformer_adapted,sim_WAG,WAG,NODE_0000160,32,0.00038009406249999995,0,20,0.6931471605599453,133.81902729258792,0.9254237288135593,0.5391963292547275,5.662087164156288e-05,0.0007524057344854674,0.0
artreeformer_adapted,sim_LG,LG,NODE_0000160,32,0.00038009406249999995,0,20,0.6931471605599453,133.81902729258792,0.9338983050847458,0.55418659621802,5.662087164156288e-05,0.0009070600942655146,0.0
phylovae_adapted,empirical,,NODE_0000160,32,0.00038009406249999995,0,20,nan,nan,0.9915254237288136,0.6577766963292547,4.648944759340207e-05,0.0003743617439120189,0.0
phylovae_adapted,sim_neutral,neutral,NODE_0000160,32,0.00038009406249999995,0,20,0.6931471605599453,128.14976207759315,0.9254237288135593,0.5287833704115684,5.769768173055787e-05,0.000769589552238806,0.0
phylovae_adapted,sim_JTT,JTT,NODE_0000160,32,0.00038009406249999995,0,20,0.6931471605599453,128.14976207759315,0.9372881355932203,0.5467964404894327,5.769768173055787e-05,0.0006824430479183032,0.0
phylovae_adapted,sim_WAG,WAG,NODE_0000160,32,0.00038009406249999995,0,20,0.6931471605599453,128.14976207759315,0.9203389830508475,0.526380700778643,5.769768173055787e-05,0.0006358012568735271,0.0
phylovae_adapted,sim_LG,LG,NODE_0000160,32,0.00038009406249999995,0,20,0.6931471605599453,128.14976207759315,0.9254237288135593,0.5474068409343715,5.769768173055787e-05,0.000794137863315004,0.0
phylaflow_adapted,empirical,,NODE_0000160,32,0.00038009406249999995,0,20,nan,nan,0.9931306715063521,0.6614446607341491,4.600751707760988e-05,0.00041977611940298507,0.0
phylaflow_adapted,sim_neutral,neutral,NODE_0000160,32,0.00038009406249999995,0,20,0.6931471605599453,156.59562772801004,0.92806108081721,0.5107911568409343,5.71533704281136e-05,0.0008162313432835822,0.0
phylaflow_adapted,sim_JTT,JTT,NODE_0000160,32,0.00038009406249999995,0,20,0.6931471605599453,156.59562772801004,0.9425898605585363,0.5184663515016685,5.71533704281136e-05,0.0007266300078554596,0.0
phylaflow_adapted,sim_WAG,WAG,NODE_0000160,32,0.00038009406249999995,0,20,0.6931471605599453,156.59562772801004,0.9316776771004369,0.5025903781979978,5.71533704281136e-05,0.0006812156323644933,0.0
phylaflow_adapted,sim_LG,LG,NODE_0000160,32,0.00038009406249999995,0,20,0.6931471605599453,156.59562772801004,0.9486540146949474,0.5100889877641824,5.71533704281136e-05,0.0008395522388059701,0.0
neutral_bd,empirical,,NODE_0000121,32,0.0006280206249999997,0,20,nan,nan,0.9783333333333334,0.6570494994438265,5.3539585127959536e-05,0.02655835444991046,19.965659618377686
neutral_bd,sim_neutral,neutral,NODE_0000121,32,0.0006280206249999997,0,20,0.6931471605599453,103.13082576993216,0.88,0.5140072302558398,2.5948221048569314e-05,0.0012581009426551454,19.965659618377686
neutral_bd,sim_JTT,JTT,NODE_0000121,32,0.0006280206249999997,0,20,0.6931471605599453,103.13082576993216,0.8883333333333333,0.5214349276974416,2.5948221048569314e-05,0.0010923998428908092,19.965659618377686
neutral_bd,sim_WAG,WAG,NODE_0000121,32,0.0006280206249999997,0,20,0.6931471605599453,103.13082576993216,0.9,0.5239210233592881,2.5948221048569314e-05,0.0013317458758837393,19.965659618377686
neutral_bd,sim_LG,LG,NODE_0000121,32,0.0006280206249999997,0,20,0.6931471605599453,103.13082576993216,0.89,0.5211457174638487,2.5948221048569314e-05,0.0013673409269442263,19.965659618377686
empirical_bd,empirical,,NODE_0000121,32,0.0006280206249999997,0,20,nan,nan,0.9783333333333334,0.6567602892102335,5.3539585127959536e-05,0.026577985360927106,19.50587272644043
empirical_bd,sim_neutral,neutral,NODE_0000121,32,0.0006280206249999997,0,20,0.6931471605599453,103.13082576993216,0.8983333333333333,0.5016003893214683,2.5948221048569314e-05,0.0012838766692851533,19.50587272644043
empirical_bd,sim_JTT,JTT,NODE_0000121,32,0.0006280206249999997,0,20,0.6931471605599453,103.13082576993216,0.89,0.5057953281423804,2.5948221048569314e-05,0.0011009917517674785,19.50587272644043
empirical_bd,sim_WAG,WAG,NODE_0000121,32,0.0006280206249999997,0,20,0.6931471605599453,103.13082576993216,0.9033333333333333,0.5290197441601779,2.5948221048569314e-05,0.001358749018067557,19.50587272644043
empirical_bd,sim_LG,LG,NODE_0000121,32,0.0006280206249999997,0,20,0.6931471605599453,103.13082576993216,0.895,0.5304671857619577,2.5948221048569314e-05,0.001383297329143755,19.50587272644043
plm_prior,empirical,,NODE_0000121,32,0.0006280206249999997,0,20,nan,nan,0.975,0.6596245828698554,5.3539585127959536e-05,0.026738772929554046,1.417187213897705
plm_prior,sim_neutral,neutral,NODE_0000121,32,0.0006280206249999997,0,20,0.6931471605599453,103.13082576993216,0.905,0.5050570077864294,2.5948221048569314e-05,0.0014409858601728202,1.417187213897705
plm_prior,sim_JTT,JTT,NODE_0000121,32,0.0006280206249999997,0,20,0.6931471605599453,103.13082576993216,0.915,0.5357897664071191,2.5948221048569314e-05,0.0012765121759622938,1.417187213897705
plm_prior,sim_WAG,WAG,NODE_0000121,32,0.0006280206249999997,0,20,0.6931471605599453,103.13082576993216,0.925,0.5433940489432703,2.5948221048569314e-05,0.001515858208955224,1.417187213897705
plm_prior,sim_LG,LG,NODE_0000121,32,0.0006280206249999997,0,20,0.6931471605599453,103.13082576993216,0.905,0.539297830923248,2.5948221048569314e-05,0.0015489984289080911,1.417187213897705
treesbm,empirical,,NODE_0000121,32,0.0006280206249999997,0,20,nan,nan,0.9666666666666667,0.6488264738598443,0.00015159159804257585,0.026428209711985055,2201.1618621349335
treesbm,sim_neutral,neutral,NODE_0000121,32,0.0006280206249999997,0,20,0.6931471605599453,122.67841854437114,0.905,0.5962277530589544,0.00017771934547198268,0.0011464061272584447,2201.1618621349335
treesbm,sim_JTT,JTT,NODE_0000121,32,0.0006280206249999997,0,20,0.6931471605599453,122.67841854437114,0.9033333333333333,0.5879268631813126,0.00017771934547198268,0.0009831598586017283,2201.1618621349335
treesbm,sim_WAG,WAG,NODE_0000121,32,0.0006280206249999997,0,20,0.6931471605599453,122.67841854437114,0.9166666666666667,0.594539766407119,0.00017771934547198268,0.001227415553809898,2201.1618621349335
treesbm,sim_LG,LG,NODE_0000121,32,0.0006280206249999997,0,20,0.6931471605599453,122.67841854437114,0.915,0.5961429365962181,0.00017771934547198268,0.0012531912804399057,2201.1618621349335
phylaflow,empirical,,NODE_0000121,32,0.0006280206249999997,0,20,nan,nan,0.9809605322082636,0.6673498331479422,0.00016279115002840742,0.026571848283158058,18.844260454177856
phylaflow,sim_neutral,neutral,NODE_0000121,32,0.0006280206249999997,0,20,0.6931471605599453,156.76255373067815,0.9514689730868328,0.5786749165739711,0.00016497226261662367,0.0013035153181461116,18.844260454177856
phylaflow,sim_JTT,JTT,NODE_0000121,32,0.0006280206249999997,0,20,0.6931471605599453,156.76255373067815,0.9683286519149567,0.5806757508342603,0.00016497226261662367,0.0011329045561665357,18.844260454177856
phylaflow,sim_WAG,WAG,NODE_0000121,32,0.0006280206249999997,0,20,0.6931471605599453,156.76255373067815,0.9705885989081412,0.5900528364849833,0.00016497226261662367,0.0013771602513747054,18.844260454177856
phylaflow,sim_LG,LG,NODE_0000121,32,0.0006280206249999997,0,20,0.6931471605599453,156.76255373067815,0.9655137950402339,0.6029213014460512,0.00016497226261662367,0.0014029359780047134,18.844260454177856
artreeformer_adapted,empirical,,NODE_0000121,32,0.0006280206249999997,0,20,nan,nan,0.9847457627118644,0.6587013348164628,6.4063320659276e-05,0.026524006159014558,0.0
artreeformer_adapted,sim_neutral,neutral,NODE_0000121,32,0.0006280206249999997,0,20,0.6931471605599453,133.98595329525605,0.9559322033898305,0.5944104560622915,8.984882665697952e-05,0.0012445993715632364,0.0
artreeformer_adapted,sim_JTT,JTT,NODE_0000121,32,0.0006280206249999997,0,20,0.6931471605599453,133.98595329525605,0.9627118644067797,0.578936318131257,8.984882665697952e-05,0.0010727611940298508,0.0
artreeformer_adapted,sim_WAG,WAG,NODE_0000121,32,0.0006280206249999997,0,20,0.6931471605599453,133.98595329525605,0.9593220338983051,0.5822385984427142,8.984882665697952e-05,0.00132192655145326,0.0
artreeformer_adapted,sim_LG,LG,NODE_0000121,32,0.0006280206249999997,0,20,0.6931471605599453,133.98595329525605,0.9474576271186441,0.6040850945494994,8.984882665697952e-05,0.0013513845247446975,0.0
phylovae_adapted,empirical,,NODE_0000121,32,0.0006280206249999997,0,20,nan,nan,0.9847457627118644,0.6607188542825362,6.233189685231744e-05,0.0265031478324441,0.0
phylovae_adapted,sim_neutral,neutral,NODE_0000121,32,0.0006280206249999997,0,20,0.6931471605599453,128.3166880802612,0.9423728813559322,0.5975764738598442,9.203570876690756e-05,0.001224960722702278,0.0
phylovae_adapted,sim_JTT,JTT,NODE_0000121,32,0.0006280206249999997,0,20,0.6931471605599453,128.3166880802612,0.9474576271186441,0.6032814238042269,9.203570876690756e-05,0.0010568047918303222,0.0
phylovae_adapted,sim_WAG,WAG,NODE_0000121,32,0.0006280206249999997,0,20,0.6931471605599453,128.3166880802612,0.9542372881355932,0.5879073971078976,9.203570876690756e-05,0.0012961508248232523,0.0
phylovae_adapted,sim_LG,LG,NODE_0000121,32,0.0006280206249999997,0,20,0.6931471605599453,128.3166880802612,0.9389830508474576,0.5739849833147942,9.203570876690756e-05,0.001332973291437549,0.0
phylaflow_adapted,empirical,,NODE_0000121,32,0.0006280206249999997,0,20,nan,nan,0.9827787140264455,0.6660692436040044,6.711328777751385e-05,0.026636916783198603,0.0
phylaflow_adapted,sim_neutral,neutral,NODE_0000121,32,0.0006280206249999997,0,20,0.6931471605599453,156.76255373067815,0.9601576858998649,0.5711957730812013,9.037038166146779e-05,0.0013550667714061272,0.0
phylaflow_adapted,sim_JTT,JTT,NODE_0000121,32,0.0006280206249999997,0,20,0.6931471605599453,156.76255373067815,0.9647714424470399,0.5634162958843159,9.037038166146779e-05,0.0011844560094265515,0.0
phylaflow_adapted,sim_WAG,WAG,NODE_0000121,32,0.0006280206249999997,0,20,0.6931471605599453,156.76255373067815,0.9636208463883261,0.5599888765294772,9.037038166146779e-05,0.0014274842890809112,0.0
phylaflow_adapted,sim_LG,LG,NODE_0000121,32,0.0006280206249999997,0,20,0.6931471605599453,156.76255373067815,0.9475428577953571,0.5723261957730812,9.037038166146779e-05,0.0014606245090337784,0.0
neutral_bd,empirical,,NODE_0000092,32,0.0003011106250000001,0,20,nan,nan,0.9916666666666667,0.6743756952169077,2.6256801347664987e-05,0.0002258444619010212,19.592212200164795
neutral_bd,sim_neutral,neutral,NODE_0000092,32,0.0003011106250000001,0,20,0.6931471605599453,102.91244919673476,0.8400000000000001,0.40798109010011124,1.2286265242244901e-05,0.0005952965435978005,19.592212200164795
neutral_bd,sim_JTT,JTT,NODE_0000092,32,0.0003011106250000001,0,20,0.6931471605599453,102.91244919673476,0.8533333333333334,0.3987388765294772,1.2286265242244901e-05,0.00045782600157109193,19.592212200164795
neutral_bd,sim_WAG,WAG,NODE_0000092,32,0.0003011106250000001,0,20,0.6931471605599453,102.91244919673476,0.8483333333333334,0.4199429922135706,1.2286265242244901e-05,0.0004983307148468185,19.592212200164795
neutral_bd,sim_LG,LG,NODE_0000092,32,0.0003011106250000001,0,20,0.6931471605599453,102.91244919673476,0.8366666666666667,0.4394646829810901,1.2286265242244901e-05,0.0005830223880597015,19.592212200164795
empirical_bd,empirical,,NODE_0000092,32,0.0003011106250000001,0,20,nan,nan,0.9916666666666667,0.6743756952169077,2.6256801347664987e-05,0.00020743322859387276,19.423738718032837
empirical_bd,sim_neutral,neutral,NODE_0000092,32,0.0003011106250000001,0,20,0.6931471605599453,102.91244919673476,0.8483333333333334,0.4239599555061179,1.2286265242244901e-05,0.0005756578947368422,19.423738718032837
empirical_bd,sim_JTT,JTT,NODE_0000092,32,0.0003011106250000001,0,20,0.6931471605599453,102.91244919673476,0.8516666666666667,0.39304505005561735,1.2286265242244901e-05,0.00043941476826394346,19.423738718032837
empirical_bd,sim_WAG,WAG,NODE_0000092,32,0.0003011106250000001,0,20,0.6931471605599453,102.91244919673476,0.8533333333333334,0.4222219132369299,1.2286265242244901e-05,0.0004799194815396701,19.423738718032837
empirical_bd,sim_LG,LG,NODE_0000092,32,0.0003011106250000001,0,20,0.6931471605599453,102.91244919673476,0.8250000000000001,0.4311262513904338,1.2286265242244901e-05,0.000564611154752553,19.423738718032837
plm_prior,empirical,,NODE_0000092,32,0.0003011106250000001,0,20,nan,nan,0.9916666666666667,0.6743756952169077,2.6256801347664987e-05,0.0002393460329929301,0.5538980960845947
plm_prior,sim_neutral,neutral,NODE_0000092,32,0.0003011106250000001,0,20,0.6931471605599453,102.91244919673476,0.8300000000000001,0.4100931590656285,1.2286265242244901e-05,0.0006087981146897094,0.5538980960845947
plm_prior,sim_JTT,JTT,NODE_0000092,32,0.0003011106250000001,0,20,0.6931471605599453,102.91244919673476,0.8466666666666667,0.3896635150166852,1.2286265242244901e-05,0.0004713275726630008,0.5538980960845947
plm_prior,sim_WAG,WAG,NODE_0000092,32,0.0003011106250000001,0,20,0.6931471605599453,102.91244919673476,0.8400000000000001,0.4141518353726363,1.2286265242244901e-05,0.0005118322859387275,0.5538980960845947
plm_prior,sim_LG,LG,NODE_0000092,32,0.0003011106250000001,0,20,0.6931471605599453,102.91244919673476,0.8216666666666667,0.4305102892102336,1.2286265242244901e-05,0.0005977513747054203,0.5538980960845947
treesbm,empirical,,NODE_0000092,32,0.0003011106250000001,0,20,nan,nan,0.9916666666666667,0.6706493325917686,6.311676795797175e-05,0.00018288491751767478,2511.333528995514
treesbm,sim_neutral,neutral,NODE_0000092,32,0.0003011106250000001,0,20,0.6931471605599453,121.7039850226206,0.8633333333333334,0.551487764182425,7.564467791994851e-05,0.0005523369992144541,2511.333528995514
treesbm,sim_JTT,JTT,NODE_0000092,32,0.0003011106250000001,0,20,0.6931471605599453,121.7039850226206,0.8816666666666667,0.5385456062291435,7.564467791994851e-05,0.00041486645718774546,2511.333528995514
treesbm,sim_WAG,WAG,NODE_0000092,32,0.0003011106250000001,0,20,0.6931471605599453,121.7039850226206,0.8400000000000001,0.5555019466073415,7.564467791994851e-05,0.0004553711704634721,2511.333528995514
treesbm,sim_LG,LG,NODE_0000092,32,0.0003011106250000001,0,20,0.6931471605599453,121.7039850226206,0.875,0.551277808676307,7.564467791994851e-05,0.0005412902592301649,2511.333528995514
phylaflow,empirical,,NODE_0000092,32,0.0003011106250000001,0,20,nan,nan,0.9965214761040533,0.6673150723025584,7.162794651430228e-05,0.0002442556952081697,18.71944546699524
phylaflow,sim_neutral,neutral,NODE_0000092,32,0.0003011106250000001,0,20,0.6931471605599453,156.2236488113232,0.9371415720804351,0.49868464961067854,8.135179134313552e-05,0.0006124803613511391,18.71944546699524
phylaflow,sim_JTT,JTT,NODE_0000092,32,0.0003011106250000001,0,20,0.6931471605599453,156.2236488113232,0.9303666423565276,0.4425389321468298,8.135179134313552e-05,0.0004737824037706206,18.71944546699524
phylaflow,sim_WAG,WAG,NODE_0000092,32,0.0003011106250000001,0,20,0.6931471605599453,156.2236488113232,0.9269424037940196,0.4681145717463849,8.135179134313552e-05,0.000516741948153967,18.71944546699524
phylaflow,sim_LG,LG,NODE_0000092,32,0.0003011106250000001,0,20,0.6931471605599453,156.2236488113232,0.9232653517940165,0.49552836484983315,8.135179134313552e-05,0.0006026610369206599,18.71944546699524
artreeformer_adapted,empirical,,NODE_0000092,32,0.0003011106250000001,0,20,nan,nan,0.9898305084745762,0.6655075083426029,3.2210910583837226e-05,0.00025775726630007857,0.0
artreeformer_adapted,sim_neutral,neutral,NODE_0000092,32,0.0003011106250000001,0,20,0.6931471605599453,133.4470483759011,0.9203389830508475,0.5227586206896552,4.495364884842049e-05,0.0006272093479968578,0.0
artreeformer_adapted,sim_JTT,JTT,NODE_0000092,32,0.0003011106250000001,0,20,0.6931471605599453,133.4470483759011,0.9033898305084745,0.5050361512791991,4.495364884842049e-05,0.0004897388059701493,0.0
artreeformer_adapted,sim_WAG,WAG,NODE_0000092,32,0.0003011106250000001,0,20,0.6931471605599453,133.4470483759011,0.9186440677966101,0.5257146829810901,4.495364884842049e-05,0.0005302435192458759,0.0
artreeformer_adapted,sim_LG,LG,NODE_0000092,32,0.0003011106250000001,0,20,0.6931471605599453,133.4470483759011,0.923728813559322,0.5331215239154616,4.495364884842049e-05,0.0006149351924587588,0.0
phylovae_adapted,empirical,,NODE_0000092,32,0.0003011106250000001,0,20,nan,nan,0.9915254237288136,0.6703184093437152,3.324459877837307e-05,0.00031176355066771407,0.0
phylovae_adapted,sim_neutral,neutral,NODE_0000092,32,0.0003011106250000001,0,20,0.6931471605599453,127.77778316090628,0.923728813559322,0.5368298109010011,4.545096073843108e-05,0.0006787608012568735,0.0
phylovae_adapted,sim_JTT,JTT,NODE_0000092,32,0.0003011106250000001,0,20,0.6931471605599453,127.77778316090628,0.9016949152542373,0.5012889321468298,4.545096073843108e-05,0.0005425176747839749,0.0
phylovae_adapted,sim_WAG,WAG,NODE_0000092,32,0.0003011106250000001,0,20,0.6931471605599453,127.77778316090628,0.9186440677966101,0.5150431034482759,4.545096073843108e-05,0.0005842498036135114,0.0
phylovae_adapted,sim_LG,LG,NODE_0000092,32,0.0003011106250000001,0,20,0.6931471605599453,127.77778316090628,0.9152542372881356,0.5276738042269188,4.545096073843108e-05,0.0006689414768263944,0.0
phylaflow_adapted,empirical,,NODE_0000092,32,0.0003011106250000001,0,20,nan,nan,0.9965214761040533,0.6673150723025584,3.4925381638271395e-05,0.00024548311076197957,0.0
phylaflow_adapted,sim_neutral,neutral,NODE_0000092,32,0.0003011106250000001,0,20,0.6931471605599453,156.2236488113232,0.9370583571675534,0.4855686874304783,4.297712191444129e-05,0.0006149351924587588,0.0
phylaflow_adapted,sim_JTT,JTT,NODE_0000092,32,0.0003011106250000001,0,20,0.6931471605599453,156.2236488113232,0.9179582256086203,0.4441740823136819,4.297712191444129e-05,0.00047746465043205027,0.0
phylaflow_adapted,sim_WAG,WAG,NODE_0000092,32,0.0003011106250000001,0,20,0.6931471605599453,156.2236488113232,0.9251218962129688,0.46933398220244715,4.297712191444129e-05,0.000517969363707777,0.0
phylaflow_adapted,sim_LG,LG,NODE_0000092,32,0.0003011106250000001,0,20,0.6931471605599453,156.2236488113232,0.9251690334118541,0.4878601223581758,4.297712191444129e-05,0.0006038884524744698,0.0
neutral_bd,empirical,,NODE_0000148,32,0.0001494815625,0,20,nan,nan,1.0,0.6606840934371524,1.069420436827914e-05,0.0001301060487038492,19.788328409194946
neutral_bd,sim_neutral,neutral,NODE_0000148,32,0.0001494815625,0,20,0.6931471605599453,105.16174646095263,0.8233333333333334,0.36178114571746384,5.644353792607895e-06,0.0003056264728986646,19.788328409194946
neutral_bd,sim_JTT,JTT,NODE_0000148,32,0.0001494815625,0,20,0.6931471605599453,105.16174646095263,0.8516666666666667,0.39398220244716353,5.644353792607895e-06,0.0002786233307148468,19.788328409194946
neutral_bd,sim_WAG,WAG,NODE_0000148,32,0.0001494815625,0,20,0.6931471605599453,105.16174646095263,0.8633333333333334,0.3686012235817575,5.644353792607895e-06,0.0003056264728986646,19.788328409194946
neutral_bd,sim_LG,LG,NODE_0000148,32,0.0001494815625,0,20,0.6931471605599453,105.16174646095263,0.8266666666666667,0.38104143492769743,5.644353792607895e-06,0.0003473586017282011,19.788328409194946
empirical_bd,empirical,,NODE_0000148,32,0.0001494815625,0,20,nan,nan,1.0,0.6606840934371524,1.069420436827914e-05,0.0001166044776119403,19.277342319488525
empirical_bd,sim_neutral,neutral,NODE_0000148,32,0.0001494815625,0,20,0.6931471605599453,105.16174646095263,0.8216666666666667,0.3579908231368187,5.644353792607895e-06,0.0002921249018067557,19.277342319488525
empirical_bd,sim_JTT,JTT,NODE_0000148,32,0.0001494815625,0,20,0.6931471605599453,105.16174646095263,0.8533333333333334,0.40066045606229145,5.644353792607895e-06,0.00026389434406912804,19.277342319488525
empirical_bd,sim_WAG,WAG,NODE_0000148,32,0.0001494815625,0,20,0.6931471605599453,105.16174646095263,0.8633333333333334,0.3676696329254727,5.644353792607895e-06,0.0002921249018067557,19.277342319488525
empirical_bd,sim_LG,LG,NODE_0000148,32,0.0001494815625,0,20,0.6931471605599453,105.16174646095263,0.8316666666666667,0.38673248053392656,5.644353792607895e-06,0.00033385703063629223,19.277342319488525
plm_prior,empirical,,NODE_0000148,32,0.0001494815625,0,20,nan,nan,1.0,0.6606840934371524,1.069420436827914e-05,0.00014238020424194817,0.359403133392334
plm_prior,sim_neutral,neutral,NODE_0000148,32,0.0001494815625,0,20,0.6931471605599453,105.16174646095263,0.8216666666666667,0.3594591212458287,5.644353792607895e-06,0.00031790062843676354,0.359403133392334
plm_prior,sim_JTT,JTT,NODE_0000148,32,0.0001494815625,0,20,0.6931471605599453,105.16174646095263,0.8533333333333334,0.3950111234705228,5.644353792607895e-06,0.0002908974862529458,0.359403133392334
plm_prior,sim_WAG,WAG,NODE_0000148,32,0.0001494815625,0,20,0.6931471605599453,105.16174646095263,0.86,0.36720105672969966,5.644353792607895e-06,0.00031790062843676354,0.359403133392334
plm_prior,sim_LG,LG,NODE_0000148,32,0.0001494815625,0,20,0.6931471605599453,105.16174646095263,0.8316666666666667,0.38334538375973304,5.644353792607895e-06,0.0003596327572663001,0.359403133392334
treesbm,empirical,,NODE_0000148,32,0.0001494815625,0,19,nan,nan,1.0,0.6552060769275804,3.7271246424380016e-05,0.00011498945714640095,2792.7256145477295
treesbm,sim_neutral,neutral,NODE_0000148,32,0.0001494815625,0,19,0.6931471610599458,123.19549581555827,0.8701754385964913,0.49751770973596393,3.967255761586285e-05,0.0002945797329143755,2792.7256145477295
treesbm,sim_JTT,JTT,NODE_0000148,32,0.0001494815625,0,19,0.6931471610599458,123.19549581555827,0.8649122807017544,0.5150547391838886,3.967255761586285e-05,0.0002687394054657461,2792.7256145477295
treesbm,sim_WAG,WAG,NODE_0000148,32,0.0001494815625,0,19,0.6931471610599458,123.19549581555827,0.887719298245614,0.5081947778233125,3.967255761586285e-05,0.00029716376565923846,2792.7256145477295
treesbm,sim_LG,LG,NODE_0000148,32,0.0001494815625,0,19,0.6931471610599458,123.19549581555827,0.8701754385964913,0.5130993501551432,3.967255761586285e-05,0.000339800305949477,2792.7256145477295
phylaflow,empirical,,NODE_0000148,32,0.0001494815625,0,20,nan,nan,1.0,0.6550305895439377,4.23212725060981e-05,0.00014728986645718776,19.00571584701538
phylaflow,sim_neutral,neutral,NODE_0000148,32,0.0001494815625,0,20,0.6931471605599453,156.53099292984896,0.9218235936520995,0.41824388209121244,4.019906430623371e-05,0.00032281029065200315,19.00571584701538
phylaflow,sim_JTT,JTT,NODE_0000148,32,0.0001494815625,0,20,0.6931471605599453,156.53099292984896,0.9509561510631215,0.47030033370411567,4.019906430623371e-05,0.00029580714846818543,19.00571584701538
phylaflow,sim_WAG,WAG,NODE_0000148,32,0.0001494815625,0,20,0.6931471605599453,156.53099292984896,0.9225707208630147,0.4433773637374861,4.019906430623371e-05,0.00032281029065200315,19.00571584701538
phylaflow,sim_LG,LG,NODE_0000148,32,0.0001494815625,0,20,0.6931471605599453,156.53099292984896,0.9163068244867285,0.4330005561735262,4.019906430623371e-05,0.0003633150039277298,19.00571584701538
artreeformer_adapted,empirical,,NODE_0000148,32,0.0001494815625,0,20,nan,nan,1.0,0.6492741935483871,1.7991861443673994e-05,0.000228299293008641,0.0
artreeformer_adapted,sim_neutral,neutral,NODE_0000148,32,0.0001494815625,0,20,0.6931471605599453,133.75439249442678,0.9118644067796611,0.48025583982202447,2.217686628415325e-05,0.00040381971720345643,0.0
artreeformer_adapted,sim_JTT,JTT,NODE_0000148,32,0.0001494815625,0,20,0.6931471605599453,133.75439249442678,0.9355932203389831,0.5248595661846496,2.217686628415325e-05,0.00037681657501963865,0.0
artreeformer_adapted,sim_WAG,WAG,NODE_0000148,32,0.0001494815625,0,20,0.6931471605599453,133.75439249442678,0.9169491525423729,0.5068047830923248,2.217686628415325e-05,0.00040381971720345643,0.0
artreeformer_adapted,sim_LG,LG,NODE_0000148,32,0.0001494815625,0,20,0.6931471605599453,133.75439249442678,0.9084745762711864,0.4945800889877642,2.217686628415325e-05,0.00044555184603299293,0.0
phylovae_adapted,empirical,,NODE_0000148,32,0.0001494815625,0,20,nan,nan,1.0,0.650408787541713,1.7425989094971423e-05,0.00017306559308719562,0.0
phylovae_adapted,sim_neutral,neutral,NODE_0000148,32,0.0001494815625,0,20,0.6931471605599453,128.08512727943196,0.9101694915254237,0.48994577308120135,2.2815117003653833e-05,0.000348586017282011,0.0
phylovae_adapted,sim_JTT,JTT,NODE_0000148,32,0.0001494815625,0,20,0.6931471605599453,128.08512727943196,0.9067796610169492,0.5066573971078977,2.2815117003653833e-05,0.00032158287509819324,0.0
phylovae_adapted,sim_WAG,WAG,NODE_0000148,32,0.0001494815625,0,20,0.6931471605599453,128.08512727943196,0.9118644067796611,0.4958356507230256,2.2815117003653833e-05,0.000348586017282011,0.0
phylovae_adapted,sim_LG,LG,NODE_0000148,32,0.0001494815625,0,20,0.6931471605599453,128.08512727943196,0.8762711864406779,0.48123748609566186,2.2815117003653833e-05,0.00039031814611154757,0.0
phylaflow_adapted,empirical,,NODE_0000148,32,0.0001494815625,0,20,nan,nan,1.0,0.6550305895439377,1.723840398606973e-05,0.0001718381775333857,0.0
phylaflow_adapted,sim_neutral,neutral,NODE_0000148,32,0.0001494815625,0,20,0.6931471605599453,156.53099292984896,0.9234902603187661,0.41982202447163514,2.2833113975438584e-05,0.00034735860172820115,0.0
phylaflow_adapted,sim_JTT,JTT,NODE_0000148,32,0.0001494815625,0,20,0.6931471605599453,156.53099292984896,0.9545937172006875,0.4697469410456062,2.2833113975438584e-05,0.0003203554595443834,0.0
phylaflow_adapted,sim_WAG,WAG,NODE_0000148,32,0.0001494815625,0,20,0.6931471605599453,156.53099292984896,0.9246164242018214,0.44250417130144604,2.2833113975438584e-05,0.0003473586017282011,0.0
phylaflow_adapted,sim_LG,LG,NODE_0000148,32,0.0001494815625,0,20,0.6931471605599453,156.53099292984896,0.9160339200032978,0.42795328142380423,2.2833113975438584e-05,0.00038909073055773765,0.0
neutral_bd,empirical,,NODE_0000111,32,0.00027703562499999996,0,20,nan,nan,0.9766666666666667,0.6572733592880979,2.0459241347908267e-05,0.00024057344854674,19.84611487388611
neutral_bd,sim_neutral,neutral,NODE_0000111,32,0.00027703562499999996,0,20,0.6931471605599453,103.79026904172487,0.8300000000000001,0.37762374860956616,1.0235692111290238e-05,0.0004774646504320503,19.84611487388611
neutral_bd,sim_JTT,JTT,NODE_0000111,32,0.00027703562499999996,0,20,0.6931471605599453,103.79026904172487,0.8433333333333334,0.42089265850945495,1.0235692111290238e-05,0.0005584740769835035,19.84611487388611
neutral_bd,sim_WAG,WAG,NODE_0000111,32,0.00027703562499999996,0,20,0.6931471605599453,103.79026904172487,0.8433333333333334,0.3748957174638487,1.0235692111290238e-05,0.0004664179104477612,19.84611487388611
neutral_bd,sim_LG,LG,NODE_0000111,32,0.00027703562499999996,0,20,0.6931471605599453,103.79026904172487,0.865,0.4325750834260289,1.0235692111290238e-05,0.0005069226237234878,19.84611487388611
empirical_bd,empirical,,NODE_0000111,32,0.00027703562499999996,0,20,nan,nan,0.9766666666666667,0.6572733592880979,2.0459241347908267e-05,0.0002823055773762765,19.45620632171631
empirical_bd,sim_neutral,neutral,NODE_0000111,32,0.00027703562499999996,0,20,0.6931471605599453,103.79026904172487,0.8383333333333334,0.38829949944382647,1.0235692111290238e-05,0.0005191967792615869,19.45620632171631
empirical_bd,sim_JTT,JTT,NODE_0000111,32,0.00027703562499999996,0,20,0.6931471605599453,103.79026904172487,0.8366666666666667,0.4227252502780868,1.0235692111290238e-05,0.0006026610369206599,19.45620632171631
empirical_bd,sim_WAG,WAG,NODE_0000111,32,0.00027703562499999996,0,20,0.6931471605599453,103.79026904172487,0.8433333333333334,0.37943826473859843,1.0235692111290238e-05,0.0005081500392772977,19.45620632171631
empirical_bd,sim_LG,LG,NODE_0000111,32,0.00027703562499999996,0,20,0.6931471605599453,103.79026904172487,0.865,0.4304060066740823,1.0235692111290238e-05,0.0005486547525530243,19.45620632171631
plm_prior,empirical,,NODE_0000111,32,0.00027703562499999996,0,20,nan,nan,0.9766666666666667,0.6572733592880979,2.0459241347908267e-05,0.00022216221523959154,0.5443131923675537
plm_prior,sim_neutral,neutral,NODE_0000111,32,0.00027703562499999996,0,20,0.6931471605599453,103.79026904172487,0.8250000000000001,0.38043798665183537,1.0235692111290238e-05,0.00045782600157109193,0.5443131923675537
plm_prior,sim_JTT,JTT,NODE_0000111,32,0.00027703562499999996,0,20,0.6931471605599453,103.79026904172487,0.8383333333333334,0.4154491101223582,1.0235692111290238e-05,0.0005425176747839749,0.5443131923675537
plm_prior,sim_WAG,WAG,NODE_0000111,32,0.00027703562499999996,0,20,0.6931471605599453,103.79026904172487,0.8416666666666667,0.38395022246941046,1.0235692111290238e-05,0.00044800667714061277,0.5443131923675537
plm_prior,sim_LG,LG,NODE_0000111,32,0.00027703562499999996,0,20,0.6931471605599453,103.79026904172487,0.86,0.4318242491657397,1.0235692111290238e-05,0.0004872839748625295,0.5443131923675537
treesbm,empirical,,NODE_0000111,32,0.00027703562499999996,0,19,nan,nan,0.9736842105263158,0.6538551607048767,7.173492718411523e-05,0.00018734237400256336,2551.612203836441
treesbm,sim_neutral,neutral,NODE_0000111,32,0.00027703562499999996,0,19,0.6931471610599458,122.1778544600725,0.8456140350877193,0.5344198231953633,7.16178416162453e-05,0.000432825484764543,2551.612203836441
treesbm,sim_JTT,JTT,NODE_0000111,32,0.00027703562499999996,0,19,0.6931471610599458,122.1778544600725,0.868421052631579,0.5567531174989755,7.16178416162453e-05,0.0004974263033861165,2551.612203836441
treesbm,sim_WAG,WAG,NODE_0000111,32,0.00027703562499999996,0,19,0.6931471610599458,122.1778544600725,0.8508771929824561,0.5452344710497044,7.16178416162453e-05,0.0004211973374126597,2551.612203836441
treesbm,sim_LG,LG,NODE_0000111,32,0.00027703562499999996,0,19,0.6931471610599458,122.1778544600725,0.8491228070175438,0.555026052338856,7.16178416162453e-05,0.0004444536321164262,2551.612203836441
phylaflow,empirical,,NODE_0000111,32,0.00027703562499999996,0,20,nan,nan,0.9896521476104053,0.6615781423804227,8.256786051713006e-05,0.00028476040848389634,17.804518699645996
phylaflow,sim_neutral,neutral,NODE_0000111,32,0.00027703562499999996,0,20,0.6931471605599453,156.2692679538233,0.9283953867971678,0.4738000556173526,7.498558045878945e-05,0.0005204241948153967,17.804518699645996
phylaflow,sim_JTT,JTT,NODE_0000111,32,0.00027703562499999996,0,20,0.6931471605599453,156.2692679538233,0.9351987594827534,0.4867088431590656,7.498558045878945e-05,0.0006026610369206599,17.804518699645996
phylaflow,sim_WAG,WAG,NODE_0000111,32,0.00027703562499999996,0,20,0.6931471605599453,156.2692679538233,0.9439475803750829,0.4528726362625139,7.498558045878945e-05,0.0005093774548311077,17.804518699645996
phylaflow,sim_LG,LG,NODE_0000111,32,0.00027703562499999996,0,20,0.6931471605599453,156.2692679538233,0.9271411610449625,0.50168659621802,7.498558045878945e-05,0.0005498821681068342,17.804518699645996
artreeformer_adapted,empirical,,NODE_0000111,32,0.00027703562499999996,0,20,nan,nan,0.9779661016949153,0.654079532814238,3.326004155990488e-05,0.00026143951296150826,0.0
artreeformer_adapted,sim_neutral,neutral,NODE_0000111,32,0.00027703562499999996,0,20,0.6931471605599453,133.49266751840116,0.8983050847457628,0.511035873192436,4.135891463770321e-05,0.0004983307148468185,0.0
artreeformer_adapted,sim_JTT,JTT,NODE_0000111,32,0.00027703562499999996,0,20,0.6931471605599453,133.49266751840116,0.9152542372881356,0.5221148498331479,4.135891463770321e-05,0.000576885310290652,0.0
artreeformer_adapted,sim_WAG,WAG,NODE_0000111,32,0.00027703562499999996,0,20,0.6931471605599453,133.49266751840116,0.9033898305084745,0.5079393770856507,4.135891463770321e-05,0.00048728397486252944,0.0
artreeformer_adapted,sim_LG,LG,NODE_0000111,32,0.00027703562499999996,0,20,0.6931471605599453,133.49266751840116,0.923728813559322,0.5258662402669633,4.135891463770321e-05,0.0005277886881382561,0.0
phylovae_adapted,empirical,,NODE_0000111,32,0.00027703562499999996,0,20,nan,nan,0.9864406779661017,0.6579254727474972,3.224988333935113e-05,0.00022093479968578162,0.0
phylovae_adapted,sim_neutral,neutral,NODE_0000111,32,0.00027703562499999996,0,20,0.6931471605599453,127.82340230340633,0.9288135593220339,0.5270842602892102,4.1638353200084946e-05,0.00045782600157109193,0.0
phylovae_adapted,sim_JTT,JTT,NODE_0000111,32,0.00027703562499999996,0,20,0.6931471605599453,127.82340230340633,0.9203389830508475,0.5293312013348165,4.1638353200084946e-05,0.0005400628436763551,0.0
phylovae_adapted,sim_WAG,WAG,NODE_0000111,32,0.00027703562499999996,0,20,0.6931471605599453,127.82340230340633,0.9050847457627119,0.5036818687430479,4.1638353200084946e-05,0.00044677926158680285,0.0
phylovae_adapted,sim_LG,LG,NODE_0000111,32,0.00027703562499999996,0,20,0.6931471605599453,127.82340230340633,0.9152542372881356,0.5148081201334817,4.1638353200084946e-05,0.0004872839748625295,0.0
phylaflow_adapted,empirical,,NODE_0000111,32,0.00027703562499999996,0,20,nan,nan,0.9896521476104053,0.6615781423804227,3.1001876707456866e-05,0.00027003142183817757,0.0
phylaflow_adapted,sim_neutral,neutral,NODE_0000111,32,0.00027703562499999996,0,20,0.6931471605599453,156.2692679538233,0.9232491708774738,0.4718520578420467,4.089456955084024e-05,0.0005069226237234878,0.0
phylaflow_adapted,sim_JTT,JTT,NODE_0000111,32,0.00027703562499999996,0,20,0.6931471605599453,156.2692679538233,0.9299020537686248,0.48104838709677417,4.089456955084024e-05,0.0005903868813825609,0.0
phylaflow_adapted,sim_WAG,WAG,NODE_0000111,32,0.00027703562499999996,0,20,0.6931471605599453,156.2692679538233,0.9355945975380956,0.44520578420467183,4.089456955084024e-05,0.0004958758837391988,0.0
phylaflow_adapted,sim_LG,LG,NODE_0000111,32,0.00027703562499999996,0,20,0.6931471605599453,156.2692679538233,0.9270534417467168,0.4937666852057842,4.089456955084024e-05,0.0005363805970149254,0.0
neutral_bd,empirical,,NODE_0000122,32,0.00026237218749999993,0,20,nan,nan,1.0,0.6801598998887652,1.9609343564419374e-05,0.00024302827965435981,18.330809354782104
neutral_bd,sim_neutral,neutral,NODE_0000122,32,0.00026237218749999993,0,20,0.6931471605599453,105.79647552359182,0.7866666666666667,0.3583439933259177,1.0738049819524738e-05,0.0004762372348782404,18.330809354782104
neutral_bd,sim_JTT,JTT,NODE_0000122,32,0.00026237218749999993,0,20,0.6931471605599453,105.79647552359182,0.8166666666666667,0.39241796440489435,1.0738049819524738e-05,0.0004529163393558523,18.330809354782104
neutral_bd,sim_WAG,WAG,NODE_0000122,32,0.00026237218749999993,0,20,0.6931471605599453,105.79647552359182,0.8250000000000001,0.4277043937708565,1.0738049819524738e-05,0.0005191967792615869,18.330809354782104
neutral_bd,sim_LG,LG,NODE_0000122,32,0.00026237218749999993,0,20,0.6931471605599453,105.79647552359182,0.8383333333333334,0.3716629588431591,1.0738049819524738e-05,0.0004480066771406127,18.330809354782104
empirical_bd,empirical,,NODE_0000122,32,0.00026237218749999993,0,20,nan,nan,1.0,0.6801598998887652,1.9609343564419374e-05,0.0002467105263157895,18.20805335044861
empirical_bd,sim_neutral,neutral,NODE_0000122,32,0.00026237218749999993,0,20,0.6931471605599453,105.79647552359182,0.7866666666666667,0.3553948832035595,1.0738049819524738e-05,0.0004799194815396701,18.20805335044861
empirical_bd,sim_JTT,JTT,NODE_0000122,32,0.00026237218749999993,0,20,0.6931471605599453,105.79647552359182,0.8200000000000001,0.39179783092324805,1.0738049819524738e-05,0.000456598586017282,18.20805335044861
empirical_bd,sim_WAG,WAG,NODE_0000122,32,0.00026237218749999993,0,20,0.6931471605599453,105.79647552359182,0.8266666666666667,0.4291226362625139,1.0738049819524738e-05,0.0005228790259230165,18.20805335044861
empirical_bd,sim_LG,LG,NODE_0000122,32,0.00026237218749999993,0,20,0.6931471605599453,105.79647552359182,0.8416666666666667,0.37451195773081203,1.0738049819524738e-05,0.00045168892380204246,18.20805335044861
plm_prior,empirical,,NODE_0000122,32,0.00026237218749999993,0,20,nan,nan,1.0,0.6801598998887652,1.9609343564419374e-05,0.00022707187745483112,0.5196504592895508
plm_prior,sim_neutral,neutral,NODE_0000122,32,0.00026237218749999993,0,20,0.6931471605599453,105.79647552359182,0.7916666666666667,0.3672330367074527,1.0738049819524738e-05,0.0004602808326787117,0.5196504592895508
plm_prior,sim_JTT,JTT,NODE_0000122,32,0.00026237218749999993,0,20,0.6931471605599453,105.79647552359182,0.8116666666666666,0.3928823692992214,1.0738049819524738e-05,0.0004369599371563237,0.5196504592895508
plm_prior,sim_WAG,WAG,NODE_0000122,32,0.00026237218749999993,0,20,0.6931471605599453,105.79647552359182,0.8250000000000001,0.4283064516129032,1.0738049819524738e-05,0.0005032403770620582,0.5196504592895508
plm_prior,sim_LG,LG,NODE_0000122,32,0.00026237218749999993,0,20,0.6931471605599453,105.79647552359182,0.835,0.37202725250278085,1.0738049819524738e-05,0.00043205027494108407,0.5196504592895508
treesbm,empirical,,NODE_0000122,32,0.00026237218749999993,0,19,nan,nan,1.0,0.6679219600725953,6.29468834962991e-05,0.00017054616116095423,2553.070805311203
treesbm,sim_neutral,neutral,NODE_0000122,32,0.00026237218749999993,0,19,0.6931471610599457,122.25603908874893,0.8666666666666667,0.5146829810901001,6.552791297142678e-05,0.00041344523917807087,2553.070805311203
treesbm,sim_JTT,JTT,NODE_0000122,32,0.00026237218749999993,0,19,0.6931471610599457,122.25603908874893,0.868421052631579,0.5545108600199051,6.552791297142678e-05,0.0003759767643775582,2553.070805311203
treesbm,sim_WAG,WAG,NODE_0000122,32,0.00026237218749999993,0,19,0.6931471610599457,122.25603908874893,0.8526315789473684,0.5370572566009016,6.552791297142678e-05,0.00045608177946830945,2553.070805311203
treesbm,sim_LG,LG,NODE_0000122,32,0.00026237218749999993,0,19,0.6931471610599457,122.25603908874893,0.8719298245614036,0.5454130320238862,6.552791297142678e-05,0.0003798528134948526,2553.070805311203
phylaflow,empirical,,NODE_0000122,32,0.00026237218749999993,0,20,nan,nan,1.0,0.6879129588431591,7.418889482577033e-05,0.00026512175962293795,17.40595817565918
phylaflow,sim_neutral,neutral,NODE_0000122,32,0.00026237218749999993,0,20,0.6931471605599453,156.4118392935652,0.926480891210777,0.4556771412680756,7.259715684914658e-05,0.0004983307148468185,17.40595817565918
phylaflow,sim_JTT,JTT,NODE_0000122,32,0.00026237218749999993,0,20,0.6931471605599453,156.4118392935652,0.9458535701881501,0.4889599555061179,7.259715684914658e-05,0.0004750098193244305,17.40595817565918
phylaflow,sim_WAG,WAG,NODE_0000122,32,0.00026237218749999993,0,20,0.6931471605599453,156.4118392935652,0.9368163270167639,0.4878086763070078,7.259715684914658e-05,0.0005412902592301649,17.40595817565918
phylaflow,sim_LG,LG,NODE_0000122,32,0.00026237218749999993,0,20,0.6931471605599453,156.4118392935652,0.9328948529950825,0.475460233592881,7.259715684914658e-05,0.0004701001571091909,17.40595817565918
artreeformer_adapted,empirical,,NODE_0000122,32,0.00026237218749999993,0,20,nan,nan,1.0,0.6801640711902114,2.9654985230289338e-05,0.0004013648860958366,0.0
artreeformer_adapted,sim_neutral,neutral,NODE_0000122,32,0.00026237218749999993,0,20,0.6931471605599453,133.6352388581431,0.9050847457627118,0.5256882647385984,3.9111898252132315e-05,0.0006345738413197172,0.0
artreeformer_adapted,sim_JTT,JTT,NODE_0000122,32,0.00026237218749999993,0,20,0.6931471605599453,133.6352388581431,0.9169491525423729,0.5326807563959955,3.9111898252132315e-05,0.0006087981146897094,0.0
artreeformer_adapted,sim_WAG,WAG,NODE_0000122,32,0.00026237218749999993,0,20,0.6931471605599453,133.6352388581431,0.9152542372881356,0.544646829810901,3.9111898252132315e-05,0.0006750785545954439,0.0
artreeformer_adapted,sim_LG,LG,NODE_0000122,32,0.00026237218749999993,0,20,0.6931471605599453,133.6352388581431,0.9254237288135593,0.5238723581757508,3.9111898252132315e-05,0.0006063432835820896,0.0
phylovae_adapted,empirical,,NODE_0000122,32,0.00026237218749999993,0,20,nan,nan,1.0,0.6739196329254727,2.8798908582282708e-05,0.00027003142183817757,0.0
phylovae_adapted,sim_neutral,neutral,NODE_0000122,32,0.00026237218749999993,0,20,0.6931471605599453,127.96597364314827,0.9050847457627119,0.4929949944382647,3.798777243810324e-05,0.0005032403770620582,0.0
phylovae_adapted,sim_JTT,JTT,NODE_0000122,32,0.00026237218749999993,0,20,0.6931471605599453,127.96597364314827,0.9203389830508475,0.5108078420467186,3.798777243810324e-05,0.0004799194815396701,0.0
phylovae_adapted,sim_WAG,WAG,NODE_0000122,32,0.00026237218749999993,0,20,0.6931471605599453,127.96597364314827,0.9169491525423729,0.5345981646273638,3.798777243810324e-05,0.0005425176747839749,0.0
phylovae_adapted,sim_LG,LG,NODE_0000122,32,0.00026237218749999993,0,20,0.6931471605599453,127.96597364314827,0.9220338983050848,0.49794354838709676,3.798777243810324e-05,0.0004750098193244305,0.0
phylaflow_adapted,empirical,,NODE_0000122,32,0.00026237218749999993,0,20,nan,nan,1.0,0.6879129588431591,2.8729516288759865e-05,0.00021602513747054204,0.0
phylaflow_adapted,sim_neutral,neutral,NODE_0000122,32,0.00026237218749999993,0,20,0.6931471605599453,156.4118392935652,0.9177078810992915,0.4427043937708565,3.550524269382792e-05,0.00044800667714061277,0.0
phylaflow_adapted,sim_JTT,JTT,NODE_0000122,32,0.00026237218749999993,0,20,0.6931471605599453,156.4118392935652,0.9388662743623788,0.48172413793103447,3.550524269382792e-05,0.0004259131971720346,0.0
phylaflow_adapted,sim_WAG,WAG,NODE_0000122,32,0.00026237218749999993,0,20,0.6931471605599453,156.4118392935652,0.9280817878023938,0.4870620133481646,3.550524269382792e-05,0.000492193637077769,0.0
phylaflow_adapted,sim_LG,LG,NODE_0000122,32,0.00026237218749999993,0,20,0.6931471605599453,156.4118392935652,0.9346230960164289,0.47335650723025585,3.550524269382792e-05,0.000421003534956795,0.0
neutral_bd,empirical,,NODE_0000104,32,0.00028018718750000016,0,20,nan,nan,1.0,0.6596690767519466,1.947853506832152e-05,0.0002479379418695994,18.09991955757141
neutral_bd,sim_neutral,neutral,NODE_0000104,32,0.00028018718750000016,0,20,0.6931471605599453,104.52696243225981,0.8583333333333334,0.4221273637374861,1.1152136215388167e-05,0.000661576983503535,18.09991955757141
neutral_bd,sim_JTT,JTT,NODE_0000104,32,0.00028018718750000016,0,20,0.6931471605599453,104.52696243225981,0.8366666666666667,0.3970564516129032,1.1152136215388167e-05,0.0006186174391201886,18.09991955757141
neutral_bd,sim_WAG,WAG,NODE_0000104,32,0.00028018718750000016,0,20,0.6931471605599453,104.52696243225981,0.8350000000000001,0.4154824805339266,1.1152136215388167e-05,0.0005118322859387274,18.09991955757141
neutral_bd,sim_LG,LG,NODE_0000104,32,0.00028018718750000016,0,20,0.6931471605599453,104.52696243225981,0.855,0.43840100111234703,1.1152136215388167e-05,0.0005449725058915947,18.09991955757141
empirical_bd,empirical,,NODE_0000104,32,0.00028018718750000016,0,20,nan,nan,1.0,0.6596690767519466,1.947853506832152e-05,0.00039154556166535743,18.072357416152954
empirical_bd,sim_neutral,neutral,NODE_0000104,32,0.00028018718750000016,0,20,0.6931471605599453,104.52696243225981,0.8566666666666667,0.42199527252502783,1.1152136215388167e-05,0.000805184603299293,18.072357416152954
empirical_bd,sim_JTT,JTT,NODE_0000104,32,0.00028018718750000016,0,20,0.6931471605599453,104.52696243225981,0.8533333333333334,0.42379866518353726,1.1152136215388167e-05,0.0007622250589159466,18.072357416152954
empirical_bd,sim_WAG,WAG,NODE_0000104,32,0.00028018718750000016,0,20,0.6931471605599453,104.52696243225981,0.8416666666666667,0.41913932146829813,1.1152136215388167e-05,0.0006505302435192459,18.072357416152954
empirical_bd,sim_LG,LG,NODE_0000104,32,0.00028018718750000016,0,20,0.6931471605599453,104.52696243225981,0.8633333333333334,0.44949110122358177,1.1152136215388167e-05,0.0006885801256873527,18.072357416152954
plm_prior,empirical,,NODE_0000104,32,0.00028018718750000016,0,20,nan,nan,1.0,0.6596690767519466,1.947853506832152e-05,0.0002356637863315004,0.5388898849487305
plm_prior,sim_neutral,neutral,NODE_0000104,32,0.00028018718750000016,0,20,0.6931471605599453,104.52696243225981,0.8666666666666667,0.431277808676307,1.1152136215388167e-05,0.0006493028279654359,0.5388898849487305
plm_prior,sim_JTT,JTT,NODE_0000104,32,0.00028018718750000016,0,20,0.6931471605599453,104.52696243225981,0.8433333333333334,0.40390294771968854,1.1152136215388167e-05,0.0006063432835820895,0.5388898849487305
plm_prior,sim_WAG,WAG,NODE_0000104,32,0.00028018718750000016,0,20,0.6931471605599453,104.52696243225981,0.8416666666666667,0.41647525027808674,1.1152136215388167e-05,0.0004995581304006284,0.5388898849487305
plm_prior,sim_LG,LG,NODE_0000104,32,0.00028018718750000016,0,20,0.6931471605599453,104.52696243225981,0.8583333333333334,0.4507675194660734,1.1152136215388167e-05,0.0005326983503534956,0.5388898849487305
treesbm,empirical,,NODE_0000104,32,0.00028018718750000016,0,20,nan,nan,1.0,0.6733481646273637,7.001439876184207e-05,0.0001816575019638649,2640.389659166336
treesbm,sim_neutral,neutral,NODE_0000104,32,0.00028018718750000016,0,20,0.6931471605599453,121.9320853728498,0.8816666666666667,0.5440294771968854,7.47508986498949e-05,0.0005952965435978005,2640.389659166336
treesbm,sim_JTT,JTT,NODE_0000104,32,0.00028018718750000016,0,20,0.6931471605599453,121.9320853728498,0.855,0.5488362068965518,7.47508986498949e-05,0.0005523369992144541,2640.389659166336
treesbm,sim_WAG,WAG,NODE_0000104,32,0.00028018718750000016,0,20,0.6931471605599453,121.9320853728498,0.89,0.5500764738598443,7.47508986498949e-05,0.00044432443047918307,2640.389659166336
treesbm,sim_LG,LG,NODE_0000104,32,0.00028018718750000016,0,20,0.6931471605599453,121.9320853728498,0.8883333333333333,0.5626640711902113,7.47508986498949e-05,0.0004786920659858602,2640.389659166336
phylaflow,empirical,,NODE_0000104,32,0.00028018718750000016,0,20,nan,nan,1.0,0.6784079532814238,7.990005218769838e-05,0.00031544579732914376,17.450087070465088
phylaflow,sim_neutral,neutral,NODE_0000104,32,0.00028018718750000016,0,20,0.6931471605599453,156.5522574094228,0.9251234770334976,0.4900597886540601,7.458392375520192e-05,0.0007278574234092694,17.450087070465088
phylaflow,sim_JTT,JTT,NODE_0000104,32,0.00028018718750000016,0,20,0.6931471605599453,156.5522574094228,0.9163491694433028,0.4764571746384872,7.458392375520192e-05,0.0006861252945797329,17.450087070465088
phylaflow,sim_WAG,WAG,NODE_0000104,32,0.00028018718750000016,0,20,0.6931471605599453,156.5522574094228,0.932248897271368,0.4971245828698554,7.458392375520192e-05,0.0005793401413982718,17.450087070465088
phylaflow,sim_LG,LG,NODE_0000104,32,0.00028018718750000016,0,20,0.6931471605599453,156.5522574094228,0.9548811767931451,0.5118228587319243,7.458392375520192e-05,0.000612480361351139,17.450087070465088
artreeformer_adapted,empirical,,NODE_0000104,32,0.00028018718750000016,0,20,nan,nan,1.0,0.6753851501668521,3.2081072109666464e-05,0.00027125883739198743,0.0
artreeformer_adapted,sim_neutral,neutral,NODE_0000104,32,0.00028018718750000016,0,20,0.6931471605599453,133.77565697400064,0.9322033898305084,0.5147650166852058,4.2066578642587635e-05,0.0006836704634721132,0.0
artreeformer_adapted,sim_JTT,JTT,NODE_0000104,32,0.00028018718750000016,0,20,0.6931471605599453,133.77565697400064,0.9152542372881356,0.5188389877641825,4.2066578642587635e-05,0.0006419383346425766,0.0
artreeformer_adapted,sim_WAG,WAG,NODE_0000104,32,0.00028018718750000016,0,20,0.6931471605599453,133.77565697400064,0.9220338983050848,0.5226001112347052,4.2066578642587635e-05,0.0005326983503534956,0.0
artreeformer_adapted,sim_LG,LG,NODE_0000104,32,0.00028018718750000016,0,20,0.6931471605599453,133.77565697400064,0.9254237288135593,0.5355617352614016,4.2066578642587635e-05,0.0005682934014139828,0.0
phylovae_adapted,empirical,,NODE_0000104,32,0.00028018718750000016,0,20,nan,nan,1.0,0.6685414349276975,3.1458377455514784e-05,0.0003682246661429694,0.0
phylovae_adapted,sim_neutral,neutral,NODE_0000104,32,0.00028018718750000016,0,20,0.6931471605599453,128.1063917590058,0.923728813559322,0.506678253615128,4.202686714637986e-05,0.000781863707776905,0.0
phylovae_adapted,sim_JTT,JTT,NODE_0000104,32,0.00028018718750000016,0,20,0.6931471605599453,128.1063917590058,0.9169491525423729,0.4938473303670745,4.202686714637986e-05,0.0007389041633935585,0.0
phylovae_adapted,sim_WAG,WAG,NODE_0000104,32,0.00028018718750000016,0,20,0.6931471605599453,128.1063917590058,0.9288135593220339,0.520729977753059,4.202686714637986e-05,0.0006321190102120974,0.0
phylovae_adapted,sim_LG,LG,NODE_0000104,32,0.00028018718750000016,0,20,0.6931471605599453,128.1063917590058,0.9203389830508475,0.5333565072302558,4.202686714637986e-05,0.0006640318146111547,0.0
phylaflow_adapted,empirical,,NODE_0000104,32,0.00028018718750000016,0,20,nan,nan,1.0,0.6784079532814238,3.112773894355251e-05,0.00026021209740769834,0.0
phylaflow_adapted,sim_neutral,neutral,NODE_0000104,32,0.00028018718750000016,0,20,0.6931471605599453,156.5522574094228,0.9145560863345279,0.45723303670745274,4.2415029100376805e-05,0.0006738511390416339,0.0
phylaflow_adapted,sim_JTT,JTT,NODE_0000104,32,0.00028018718750000016,0,20,0.6931471605599453,156.5522574094228,0.9114866551107592,0.46342046718576196,4.2415029100376805e-05,0.0006308915946582875,0.0
phylaflow_adapted,sim_WAG,WAG,NODE_0000104,32,0.00028018718750000016,0,20,0.6931471605599453,156.5522574094228,0.9218805561192033,0.4768131256952169,4.2415029100376805e-05,0.0005241064414768264,0.0
phylaflow_adapted,sim_LG,LG,NODE_0000104,32,0.00028018718750000016,0,20,0.6931471605599453,156.5522574094228,0.9547526109307979,0.49396412680756396,4.2415029100376805e-05,0.0005560192458758837,0.0
