method,track,sim_regime,root_id,N,H,sample_seed,valid,tree_kl,split_kl,rf,quartet,branch_w_all,terminal_edit,runtime
neutral_bd,empirical,,NODE_ROOT,16,0.470270625,0,20,0.6931471700599456,117.13157466614734,0.9821428571428572,0.6460989010989011,0.02971590199243862,0.814981087248221,0.9724693298339844
neutral_bd,sim_neutral,neutral,NODE_ROOT,16,0.470270625,0,20,0.6931471605599453,42.12630442721897,0.9357142857142857,0.589532967032967,0.028473018361092506,0.5609529702970297,0.9724693298339844
empirical_bd,empirical,,NODE_ROOT,16,0.470270625,0,20,0.6931471700599454,120.13727717095549,0.9892857142857143,0.6565384615384615,0.02971590199243862,0.811646803531997,0.7014110088348389
empirical_bd,sim_neutral,neutral,NODE_ROOT,16,0.470270625,0,20,0.6931471605599453,42.12630442721897,0.9285714285714286,0.6151373626373626,0.028473018361092506,0.5607054455445545,0.7014110088348389
plm_prior,empirical,,NODE_ROOT,16,0.470270625,0,20,0.6931471700599456,120.87269706964476,0.9928571428571429,0.6561813186813187,0.02971590199243862,0.81278150220451,2.3391504287719727
plm_prior,sim_neutral,neutral,NODE_ROOT,16,0.470270625,0,20,0.6931471605599453,42.12630442721897,0.9428571428571428,0.5786263736263736,0.028473018361092506,0.5785272277227723,2.3391504287719727
treesbm,empirical,,NODE_ROOT,16,0.470270625,0,6,0.6931471770599454,133.66971979249018,1.0,0.6629120879120879,0.05620436085810602,0.7421601606821239,114.16888380050659
treesbm,sim_neutral,neutral,NODE_ROOT,16,0.470270625,0,6,0.6931471675599453,65.966479451846,0.9642857142857143,0.6365384615384615,0.05553458012991711,0.5030940594059405,114.16888380050659
phylaflow,empirical,,NODE_ROOT,16,0.470270625,0,20,0.6931471700599456,115.979947399009,0.9818783068783069,0.6617307692307692,0.16912183223094732,0.795496027458247,0.7019286155700684
phylaflow,sim_neutral,neutral,NODE_ROOT,16,0.470270625,0,20,0.6931471610599453,78.24619508423808,0.9888888888888889,0.6722802197802198,0.1760452039797905,0.5416460396039604,0.7019286155700684
artreeformer_adapted,empirical,,NODE_ROOT,16,0.470270625,0,20,0.6931471700599456,113.48467298343573,0.9740740740740741,0.6461263736263736,0.04670171681510869,0.7958988132862544,0.0
artreeformer_adapted,sim_neutral,neutral,NODE_ROOT,16,0.470270625,0,20,0.6931471605599453,62.74872291739958,0.962962962962963,0.6370604395604396,0.052424962624515146,0.5417079207920792,0.0
phylovae_adapted,empirical,,NODE_ROOT,16,0.470270625,0,20,0.6931471700599456,115.11489354816649,0.9851851851851852,0.6689285714285714,0.0467665767732171,0.7982115631732914,0.0
phylovae_adapted,sim_neutral,neutral,NODE_ROOT,16,0.470270625,0,20,0.6931471605599453,62.43205902134655,0.9740740740740741,0.609010989010989,0.055473170431293684,0.5427289603960397,0.0
phylaflow_adapted,empirical,,NODE_ROOT,16,0.470270625,0,20,0.6931471700599456,115.12815731008811,0.9747354497354498,0.6658516483516483,0.04003716974134829,0.7993882011345381,0.0
phylaflow_adapted,sim_neutral,neutral,NODE_ROOT,16,0.470270625,0,20,0.6931471610599453,78.24619508423808,0.9601648351648352,0.6202747252747253,0.04601297886628702,0.553125,0.0
neutral_bd,empirical,,NODE_0000003,16,0.175821875,0,20,0.6931471700599451,115.81147907084446,0.9821428571428572,0.6556043956043957,0.021345793647800215,0.7422047712084501,0.8619346618652344
neutral_bd,sim_neutral,neutral,NODE_0000003,16,0.175821875,0,20,0.6931471605599453,42.82180963219914,0.9107142857142857,0.5999175824175824,0.009376298361172503,0.2626856435643564,0.8619346618652344
empirical_bd,empirical,,NODE_0000003,16,0.175821875,0,20,0.6931471700599451,113.2781808282843,0.9678571428571429,0.6350824175824176,0.021345793647800215,0.7384935328055399,0.6990883350372314
empirical_bd,sim_neutral,neutral,NODE_0000003,16,0.175821875,0,20,0.6931471605599453,42.82180963219914,0.8964285714285715,0.5753571428571429,0.009376298361172503,0.266460396039604,0.6990883350372314
plm_prior,empirical,,NODE_0000003,16,0.175821875,0,20,0.6931471700599451,114.45650197718334,0.975,0.6440934065934066,0.021345793647800215,0.7417427964285149,1.5449211597442627
plm_prior,sim_neutral,neutral,NODE_0000003,16,0.175821875,0,20,0.6931471605599453,42.82180963219914,0.9285714285714286,0.5762362637362637,0.009376298361172503,0.27314356435643566,1.5449211597442627
treesbm,empirical,,NODE_0000003,16,0.175821875,0,12,0.6931471740599457,124.20972402265106,0.9821428571428572,0.6733516483516484,0.02807469052644876,0.7058136610286505,110.0975329875946
treesbm,sim_neutral,neutral,NODE_0000003,16,0.175821875,0,12,0.6931471645599457,60.73163066923006,0.9523809523809523,0.6223901098901099,0.021032615547667916,0.23277640264026403,110.0975329875946
phylaflow,empirical,,NODE_0000003,16,0.175821875,0,20,0.6931471700599451,120.93020772491158,0.9928571428571429,0.6754395604395604,0.05485711319859335,0.734642555267867,0.8334753513336182
phylaflow,sim_neutral,neutral,NODE_0000003,16,0.175821875,0,20,0.6931471610599452,78.74613173280272,0.9855820105820106,0.673021978021978,0.06276159322155019,0.2566212871287129,0.8334753513336182
artreeformer_adapted,empirical,,NODE_0000003,16,0.175821875,0,20,0.6931471700599451,117.07029785131829,0.9888888888888889,0.6584615384615384,0.027362940974939676,0.7405040591228177,0.0
artreeformer_adapted,sim_neutral,neutral,NODE_0000003,16,0.175821875,0,20,0.6931471605599453,63.24865956596423,0.9777777777777777,0.6214835164835165,0.01897664881098444,0.2641398514851485,0.0
phylovae_adapted,empirical,,NODE_0000003,16,0.175821875,0,20,0.6931471700599451,117.39155184547158,0.9888888888888889,0.6533241758241758,0.02332216819701164,0.7355948011895147,0.0
phylovae_adapted,sim_neutral,neutral,NODE_0000003,16,0.175821875,0,20,0.6931471605599453,62.9319956699112,0.962962962962963,0.6198626373626374,0.01977947973106685,0.2573019801980198,0.0
phylaflow_adapted,empirical,,NODE_0000003,16,0.175821875,0,20,0.6931471700599451,107.51819955571443,0.9712962962962963,0.6384340659340659,0.024943879525921524,0.7390256952880919,0.0
phylaflow_adapted,sim_neutral,neutral,NODE_0000003,16,0.175821875,0,20,0.6931471610599452,78.74613173280272,0.9854497354497355,0.6164560439560439,0.015706425748024264,0.26324257425742575,0.0
neutral_bd,empirical,,NODE_0000002,16,0.27601687500000005,0,20,0.6931471700599451,120.00863505241941,0.9857142857142858,0.6496153846153846,0.018525243620972257,0.7673520186882535,0.8549375534057617
neutral_bd,sim_neutral,neutral,NODE_0000002,16,0.27601687500000005,0,20,0.6931471605599453,41.90767810158932,0.9357142857142857,0.6072252747252748,0.017230838339368552,0.38923267326732675,0.8549375534057617
empirical_bd,empirical,,NODE_0000002,16,0.27601687500000005,0,20,0.6931471700599451,118.05071418903543,0.9857142857142858,0.6485164835164835,0.018525243620972257,0.7647179370584283,0.7015125751495361
empirical_bd,sim_neutral,neutral,NODE_0000002,16,0.27601687500000005,0,20,0.6931471605599453,41.90767810158932,0.9392857142857143,0.5941208791208791,0.017230838339368552,0.3957611386138614,0.7015125751495361
plm_prior,empirical,,NODE_0000002,16,0.27601687500000005,0,20,0.693147170059945,118.83925744945827,0.9821428571428572,0.6284065934065934,0.018525243620972257,0.7651583463698083,1.743786096572876
plm_prior,sim_neutral,neutral,NODE_0000002,16,0.27601687500000005,0,20,0.6931471605599453,41.90767810158932,0.9571428571428572,0.606510989010989,0.017230838339368552,0.39767945544554456,1.743786096572876
treesbm,empirical,,NODE_0000002,16,0.27601687500000005,0,10,0.6931471750599455,120.01880524767589,0.9714285714285714,0.6524725274725275,0.028206533416806144,0.7099988401496282,111.26969742774963
treesbm,sim_neutral,neutral,NODE_0000002,16,0.27601687500000005,0,10,0.6931471655599453,61.61308673257813,0.9714285714285714,0.6634065934065934,0.029365321787910736,0.34659653465346535,111.26969742774963
phylaflow,empirical,,NODE_0000002,16,0.27601687500000005,0,20,0.6931471700599454,121.44693237394335,0.9928571428571429,0.6657142857142857,0.09769146750204291,0.7530635362018103,0.7048563957214355
phylaflow,sim_neutral,neutral,NODE_0000002,16,0.27601687500000005,0,20,0.6931471610599453,78.41312108690624,0.9892857142857143,0.6543956043956044,0.09817342233238834,0.3744740099009901,0.7048563957214355
artreeformer_adapted,empirical,,NODE_0000002,16,0.27601687500000005,0,20,0.6931471700599451,115.81693257407187,0.9888888888888889,0.6532417582417582,0.03328215089264347,0.7568089273413057,0.0
artreeformer_adapted,sim_neutral,neutral,NODE_0000002,16,0.27601687500000005,0,20,0.6931471605599453,62.915648920067724,0.9703703703703703,0.6290384615384615,0.030245566535420182,0.38112623762376235,0.0
phylovae_adapted,empirical,,NODE_0000002,16,0.27601687500000005,0,20,0.6931471700599451,114.90389349467446,0.9851851851851852,0.6648351648351648,0.03139592235043377,0.7552381791551007,0.0
phylovae_adapted,sim_neutral,neutral,NODE_0000002,16,0.27601687500000005,0,20,0.6931471605599453,62.598985024014695,0.9740740740740741,0.639010989010989,0.028994591729368878,0.37750618811881187,0.0
phylaflow_adapted,empirical,,NODE_0000002,16,0.27601687500000005,0,20,0.6931471700599451,116.03961965869257,0.9821428571428572,0.6513186813186813,0.029843286451019763,0.7586710345220562,0.0
phylaflow_adapted,sim_neutral,neutral,NODE_0000002,16,0.27601687500000005,0,20,0.6931471610599453,78.41312108690624,0.9714285714285714,0.638598901098901,0.026923256525391053,0.3801980198019802,0.0
neutral_bd,empirical,,NODE_ROOT,16,0.08010999999999999,0,20,0.6931471700599451,108.93134427455996,0.95,0.6467582417582418,0.006000279376115369,0.5620569919843252,1.1103508472442627
neutral_bd,sim_neutral,neutral,NODE_ROOT,16,0.08010999999999999,0,20,0.6931471605599453,42.12630442721897,0.9392857142857143,0.5928021978021978,0.0048503422915414296,0.13678861788617885,1.1103508472442627
empirical_bd,empirical,,NODE_ROOT,16,0.08010999999999999,0,20,0.6931471700599455,112.48133751341237,0.9714285714285714,0.6481318681318682,0.006000279376115369,0.5600399179603582,0.8432881832122803
empirical_bd,sim_neutral,neutral,NODE_ROOT,16,0.08010999999999999,0,20,0.6931471605599453,42.12630442721897,0.9428571428571428,0.589945054945055,0.0048503422915414296,0.1350609756097561,0.8432881832122803
plm_prior,empirical,,NODE_ROOT,16,0.08010999999999999,0,20,0.6931471700599456,106.54377183785661,0.9571428571428572,0.6466758241758241,0.006000279376115369,0.5577246217223422,1.3054225444793701
plm_prior,sim_neutral,neutral,NODE_ROOT,16,0.08010999999999999,0,20,0.6931471605599453,42.12630442721897,0.9428571428571428,0.605,0.0048503422915414296,0.13323170731707318,1.3054225444793701
treesbm,empirical,,NODE_ROOT,16,0.08010999999999999,0,17,0.6931471715599455,115.88964855125562,0.9789915966386554,0.6556237879767292,0.011542344208878622,0.5438744234351751,111.29674935340881
treesbm,sim_neutral,neutral,NODE_ROOT,16,0.08010999999999999,0,17,0.6931471620599453,57.90923894174341,0.9663865546218487,0.6474466709760828,0.009063997441366859,0.10404710664753707,111.29674935340881
phylaflow,empirical,,NODE_ROOT,16,0.08010999999999999,0,20,0.6931471700599456,116.29895458872086,0.9855820105820106,0.6630769230769231,0.0267281370290728,0.5483146447541379,0.8452749252319336
phylaflow,sim_neutral,neutral,NODE_ROOT,16,0.08010999999999999,0,20,0.6931471610599453,78.24619508423808,0.9892857142857143,0.6548626373626374,0.029989075526078234,0.13267276422764226,0.8452749252319336
artreeformer_adapted,empirical,,NODE_ROOT,16,0.08010999999999999,0,20,0.6931471700599456,114.66071726418649,0.9814814814814815,0.6412912087912088,0.007700591395196682,0.5480616936620883,0.0
artreeformer_adapted,sim_neutral,neutral,NODE_ROOT,16,0.08010999999999999,0,20,0.6931471605599453,62.74872291739958,0.9740740740740741,0.6017032967032967,0.008930525388120739,0.12939532520325203,0.0
phylovae_adapted,empirical,,NODE_ROOT,16,0.08010999999999999,0,20,0.6931471700599456,111.33950146724897,0.9740740740740741,0.6507417582417583,0.00709047640915571,0.548495579027975,0.0
phylovae_adapted,sim_neutral,neutral,NODE_ROOT,16,0.08010999999999999,0,20,0.6931471605599453,62.43205902134655,0.9925925925925926,0.6321978021978022,0.009449783692636419,0.13125,0.0
phylaflow_adapted,empirical,,NODE_ROOT,16,0.08010999999999999,0,20,0.6931471700599451,114.66586775342549,0.9821428571428571,0.6396428571428572,0.006848771736957789,0.5506060790159885,0.0
phylaflow_adapted,sim_neutral,neutral,NODE_ROOT,16,0.08010999999999999,0,20,0.6931471610599453,78.24619508423808,0.964021164021164,0.6433241758241758,0.007838252148915856,0.1375,0.0
neutral_bd,empirical,,NODE_0000008,16,0.049184375,0,20,0.6931471700599454,114.68743993795519,0.9785714285714285,0.6674725274725275,0.006886578081676399,0.5992574407893342,1.0330920219421387
neutral_bd,sim_neutral,neutral,NODE_0000008,16,0.049184375,0,20,0.6931471605599453,41.627601048128106,0.9178571428571428,0.5919230769230769,0.0030660078960275494,0.08170797413793103,1.0330920219421387
empirical_bd,empirical,,NODE_0000008,16,0.049184375,0,20,0.6931471700599456,121.51737945055427,0.9928571428571429,0.6714285714285715,0.006886578081676399,0.6007214310451774,0.7940654754638672
empirical_bd,sim_neutral,neutral,NODE_0000008,16,0.049184375,0,20,0.6931471605599453,41.627601048128106,0.9214285714285715,0.6091758241758242,0.0030660078960275494,0.08803879310344828,0.7940654754638672
plm_prior,empirical,,NODE_0000008,16,0.049184375,0,20,0.6931471700599453,117.14221837951953,0.9785714285714285,0.6706593406593406,0.006886578081676399,0.6010869765278973,1.0002150535583496
plm_prior,sim_neutral,neutral,NODE_0000008,16,0.049184375,0,20,0.6931471605599453,41.627601048128106,0.9392857142857143,0.6261538461538462,0.0030660078960275494,0.08798491379310346,1.0002150535583496
treesbm,empirical,,NODE_0000008,16,0.049184375,0,16,0.6931471720599456,116.78110575968,0.9821428571428572,0.658070054945055,0.011419801624530067,0.5919993708519846,117.04995584487915
treesbm,sim_neutral,neutral,NODE_0000008,16,0.049184375,0,16,0.6931471625599455,58.56281701360834,0.9910714285714286,0.6863667582417583,0.0061420117135244446,0.0668103448275862,117.04995584487915
phylaflow,empirical,,NODE_0000008,16,0.049184375,0,20,0.6931471700599454,116.49449967490906,0.9855820105820106,0.6563736263736264,0.011943025695015675,0.5925249325275719,0.7988717555999756
phylaflow,sim_neutral,neutral,NODE_0000008,16,0.049184375,0,20,0.6931471610599453,78.56115794814829,0.9781746031746031,0.6597802197802198,0.01770121966381592,0.08483297413793103,0.7988717555999756
artreeformer_adapted,empirical,,NODE_0000008,16,0.049184375,0,20,0.6931471700599454,119.95119959837588,0.9925925925925926,0.6749725274725275,0.0064840801598919475,0.5952151123365628,0.0
artreeformer_adapted,sim_neutral,neutral,NODE_0000008,16,0.049184375,0,20,0.6931471605599453,63.0636857813098,0.9777777777777777,0.6190934065934066,0.005239132164855231,0.0890625,0.0
phylovae_adapted,empirical,,NODE_0000008,16,0.049184375,0,20,0.6931471700599454,117.65719725132097,0.9888888888888889,0.6352197802197802,0.005728726036990319,0.5938699556591895,0.0
phylovae_adapted,sim_neutral,neutral,NODE_0000008,16,0.049184375,0,20,0.6931471605599453,62.74702188525677,0.9777777777777777,0.6244505494505495,0.005434221087275796,0.08440193965517241,0.0
phylaflow_adapted,empirical,,NODE_0000008,16,0.049184375,0,20,0.6931471700599454,119.04833791554339,0.9892857142857143,0.6547527472527472,0.0063516941602625296,0.596330681063001,0.0
phylaflow_adapted,sim_neutral,neutral,NODE_0000008,16,0.049184375,0,20,0.6931471610599453,78.56115794814829,0.9564713064713065,0.6075,0.004427799460224811,0.08717672413793104,0.0
neutral_bd,empirical,,NODE_ROOT,16,0.08750499999999999,0,20,0.6931471700599455,116.82200851349128,0.9821428571428571,0.6604120879120879,0.005664611345479393,0.6399104396084355,1.075960397720337
neutral_bd,sim_neutral,neutral,NODE_ROOT,16,0.08750499999999999,0,20,0.6931471605599453,42.12630442721897,0.9357142857142857,0.609478021978022,0.005298080167536297,0.14162176724137931,1.075960397720337
empirical_bd,empirical,,NODE_ROOT,16,0.08750499999999999,0,20,0.6931471700599455,120.75331089632701,0.9892857142857143,0.6473626373626373,0.005664611345479393,0.6372094960617783,0.7934207916259766
empirical_bd,sim_neutral,neutral,NODE_ROOT,16,0.08750499999999999,0,20,0.6931471605599453,42.12630442721897,0.9392857142857143,0.6000824175824175,0.005298080167536297,0.14620150862068965,0.7934207916259766
plm_prior,empirical,,NODE_ROOT,16,0.08750499999999999,0,20,0.6931471700599455,117.9378516829947,0.9857142857142858,0.6500549450549451,0.005664611345479393,0.6398994054460017,1.3076276779174805
plm_prior,sim_neutral,neutral,NODE_ROOT,16,0.08750499999999999,0,20,0.6931471605599453,42.12630442721897,0.9428571428571428,0.5776923076923077,0.005298080167536297,0.15021551724137933,1.3076276779174805
treesbm,empirical,,NODE_ROOT,16,0.08750499999999999,0,17,0.6931471715599455,116.73209812856913,0.9831932773109244,0.6586619263089851,0.013735278707731014,0.6241041979671453,111.70952105522156
treesbm,sim_neutral,neutral,NODE_ROOT,16,0.08750499999999999,0,17,0.6931471620599453,58.27515886997008,0.9789915966386554,0.6620232708468002,0.010268241248502168,0.11365365111561866,111.70952105522156
phylaflow,empirical,,NODE_ROOT,16,0.08750499999999999,0,20,0.6931471700599456,119.53371505864047,0.9928571428571429,0.664010989010989,0.02818180365213921,0.6254281911430816,0.800356388092041
phylaflow,sim_neutral,neutral,NODE_ROOT,16,0.08750499999999999,0,20,0.6931471610599453,78.24619508423808,1.0,0.6759340659340659,0.032757384270496515,0.14119073275862068,0.800356388092041
artreeformer_adapted,empirical,,NODE_ROOT,16,0.08750499999999999,0,20,0.6931471700599456,118.46438443785416,0.9925925925925926,0.6731318681318681,0.009314280877510442,0.6272735299931644,0.0
artreeformer_adapted,sim_neutral,neutral,NODE_ROOT,16,0.08750499999999999,0,20,0.6931471605599453,62.74872291739958,0.9592592592592593,0.5914010989010989,0.009754907303551434,0.14248383620689656,0.0
phylovae_adapted,empirical,,NODE_ROOT,16,0.08750499999999999,0,20,0.6931471700599456,117.53637200912601,0.9888888888888889,0.6528296703296703,0.009276180403628865,0.6279026776657803,0.0
phylovae_adapted,sim_neutral,neutral,NODE_ROOT,16,0.08750499999999999,0,20,0.6931471605599453,62.43205902134655,0.9740740740740741,0.6237637362637363,0.010322098639672322,0.14749461206896552,0.0
phylaflow_adapted,empirical,,NODE_ROOT,16,0.08750499999999999,0,20,0.6931471700599455,116.56033916885784,0.982010582010582,0.6548076923076923,0.00860677361906301,0.6301172073711606,0.0
phylaflow_adapted,sim_neutral,neutral,NODE_ROOT,16,0.08750499999999999,0,20,0.6931471610599453,78.24619508423808,0.9784391534391534,0.6292582417582417,0.008561805695804293,0.14870689655172414,0.0
neutral_bd,empirical,,NODE_ROOT,16,0.11186187500000003,0,20,0.6931471700599454,114.82398526551597,0.9785714285714285,0.652032967032967,0.011459742615407244,0.5345005989361092,0.9972944259643555
neutral_bd,sim_neutral,neutral,NODE_ROOT,16,0.11186187500000003,0,20,0.6931471605599453,42.12630442721897,0.9428571428571428,0.6010714285714286,0.00677279219977058,0.18212090163934425,0.9972944259643555
empirical_bd,empirical,,NODE_ROOT,16,0.11186187500000003,0,20,0.6931471700599455,112.17970245779372,0.975,0.6639560439560439,0.011459742615407244,0.5398391156871153,0.8398952484130859
empirical_bd,sim_neutral,neutral,NODE_ROOT,16,0.11186187500000003,0,20,0.6931471605599453,42.12630442721897,0.8928571428571429,0.566456043956044,0.00677279219977058,0.19149590163934427,0.8398952484130859
plm_prior,empirical,,NODE_ROOT,16,0.11186187500000003,0,20,0.6931471700599455,118.43043574708452,0.9892857142857143,0.6537087912087912,0.011459742615407244,0.5386041973365718,1.3819890022277832
plm_prior,sim_neutral,neutral,NODE_ROOT,16,0.11186187500000003,0,20,0.6931471605599453,42.12630442721897,0.9571428571428572,0.5970879120879121,0.00677279219977058,0.18814036885245902,1.3819890022277832
treesbm,empirical,,NODE_ROOT,16,0.11186187500000003,0,16,0.6931471720599456,119.32336018480765,0.9776785714285714,0.6558035714285715,0.017302191686059114,0.5063370218550136,137.50508642196655
treesbm,sim_neutral,neutral,NODE_ROOT,16,0.11186187500000003,0,16,0.6931471625599455,57.95852520585176,0.9776785714285714,0.6692307692307692,0.012255013326644928,0.1434106045081967,137.50508642196655
phylaflow,empirical,,NODE_ROOT,16,0.11186187500000003,0,20,0.6931471700599454,115.03175058405603,0.9857142857142858,0.6594230769230769,0.04257879420845785,0.5350514154481345,0.9592597484588623
phylaflow,sim_neutral,neutral,NODE_ROOT,16,0.11186187500000003,0,20,0.6931471610599453,78.24619508423808,0.9892857142857143,0.6602472527472527,0.041875349118258944,0.18627049180327868,0.9592597484588623
artreeformer_adapted,empirical,,NODE_ROOT,16,0.11186187500000003,0,20,0.6931471700599454,115.76691138377487,0.9888888888888889,0.645576923076923,0.013181597605594316,0.5299918173333036,0.0
artreeformer_adapted,sim_neutral,neutral,NODE_ROOT,16,0.11186187500000003,0,20,0.6931471605599453,62.74872291739958,0.9777777777777777,0.6166208791208792,0.012470169949448122,0.18309426229508197,0.0
phylovae_adapted,empirical,,NODE_ROOT,16,0.11186187500000003,0,20,0.6931471700599454,113.26749638123462,0.9851851851851852,0.676923076923077,0.015419171353361787,0.5326734313303731,0.0
phylovae_adapted,sim_neutral,neutral,NODE_ROOT,16,0.11186187500000003,0,20,0.6931471605599453,62.43205902134655,0.937037037037037,0.6331043956043956,0.0131952380751808,0.18954918032786885,0.0
phylaflow_adapted,empirical,,NODE_ROOT,16,0.11186187500000003,0,20,0.6931471700599456,112.93872328740221,0.9748677248677249,0.6740934065934066,0.012292020705629689,0.5327350643090297,0.0
phylaflow_adapted,sim_neutral,neutral,NODE_ROOT,16,0.11186187500000003,0,20,0.6931471610599453,78.24619508423808,0.9821428571428571,0.6181043956043956,0.010944970441898728,0.18550204918032787,0.0
neutral_bd,empirical,,NODE_0000000,16,0.047948124999999994,0,20,0.6931471700599451,118.01866634941484,0.9857142857142858,0.6598901098901099,0.0035012494177991895,0.5285217155150379,0.9875659942626953
neutral_bd,sim_neutral,neutral,NODE_0000000,16,0.047948124999999994,0,20,0.6931471605599453,42.10928425631266,0.9607142857142857,0.623021978021978,0.002721072627095454,0.08801229508196722,0.9875659942626953
empirical_bd,empirical,,NODE_0000000,16,0.047948124999999994,0,20,0.6931471700599451,112.6453182950118,0.9678571428571429,0.6584615384615384,0.0035012494177991895,0.5299618727102327,0.8416407108306885
empirical_bd,sim_neutral,neutral,NODE_0000000,16,0.047948124999999994,0,20,0.6931471605599453,42.10928425631266,0.9428571428571428,0.6013461538461539,0.002721072627095454,0.08783299180327868,0.8416407108306885
plm_prior,empirical,,NODE_0000000,16,0.047948124999999994,0,20,0.6931471700599451,114.99077004609961,0.9821428571428572,0.656043956043956,0.0035012494177991895,0.5269082282525347,0.9871761798858643
plm_prior,sim_neutral,neutral,NODE_0000000,16,0.047948124999999994,0,20,0.6931471605599453,42.10928425631266,0.9500000000000001,0.6141208791208791,0.002721072627095454,0.08744877049180327,0.9871761798858643
treesbm,empirical,,NODE_0000000,16,0.047948124999999994,0,17,0.6931471715599451,116.09112334328243,0.9789915966386554,0.6589851325145443,0.006535987304848625,0.5168581384159696,125.36994743347168
treesbm,sim_neutral,neutral,NODE_0000000,16,0.047948124999999994,0,17,0.6931471620599453,58.09170705835281,0.9621848739495799,0.6309308338720103,0.005568460751084105,0.07145009643201543,125.36994743347168
phylaflow,empirical,,NODE_0000000,16,0.047948124999999994,0,20,0.6931471700599451,121.9424478254634,0.9962962962962963,0.6833241758241758,0.01606366889625683,0.5266694001874415,0.9804425239562988
phylaflow,sim_neutral,neutral,NODE_0000000,16,0.047948124999999994,0,20,0.6931471610599452,78.39423194548019,0.9927248677248677,0.6702197802197802,0.017541773870308492,0.08555327868852458,0.9804425239562988
artreeformer_adapted,empirical,,NODE_0000000,16,0.047948124999999994,0,20,0.6931471700599451,113.2513376816944,0.9851851851851852,0.6663736263736264,0.004803288400344336,0.5268810705461362,0.0
artreeformer_adapted,sim_neutral,neutral,NODE_0000000,16,0.047948124999999994,0,20,0.6931471605599453,62.89675977864165,0.9888888888888889,0.6411813186813187,0.005711363763234819,0.08634733606557377,0.0
phylovae_adapted,empirical,,NODE_0000000,16,0.047948124999999994,0,20,0.6931471700599451,113.41889298528909,0.9851851851851852,0.6741483516483516,0.004543572350138666,0.5267527370708017,0.0
phylovae_adapted,sim_neutral,neutral,NODE_0000000,16,0.047948124999999994,0,20,0.6931471605599453,62.58009588258862,0.9555555555555556,0.6384065934065934,0.005691739880481615,0.08921618852459016,0.0
phylaflow_adapted,empirical,,NODE_0000000,16,0.047948124999999994,0,20,0.6931471700599451,121.92510377571361,0.9964285714285714,0.6565384615384615,0.004391874009471031,0.5288643818693022,0.0
phylaflow_adapted,sim_neutral,neutral,NODE_0000000,16,0.047948124999999994,0,20,0.6931471610599452,78.39423194548019,0.9636039886039887,0.6195604395604396,0.004840303572110456,0.08788422131147541,0.0
neutral_bd,empirical,,NODE_0000006,16,0.06214750000000001,0,20,0.6931471700599451,112.56189293454761,0.975,0.6127472527472527,0.004017891542019774,0.09369723702334348,0.9950625896453857
neutral_bd,sim_neutral,neutral,NODE_0000006,16,0.06214750000000001,0,20,0.6931471605599453,43.45461983526338,0.9107142857142857,0.566923076923077,0.003693129357421072,0.09932851239669421,0.9950625896453857
empirical_bd,empirical,,NODE_0000006,16,0.06214750000000001,0,20,0.6931471700599456,106.05407035219676,0.9571428571428572,0.6157417582417583,0.004017891542019774,0.09151990901841381,0.9424927234649658
empirical_bd,sim_neutral,neutral,NODE_0000006,16,0.06214750000000001,0,20,0.6931471605599453,43.45461983526338,0.9214285714285715,0.5779395604395604,0.003693129357421072,0.09713326446280993,0.9424927234649658
plm_prior,empirical,,NODE_0000006,16,0.06214750000000001,0,20,0.6931471700599456,110.82073799430228,0.9571428571428572,0.6276648351648352,0.004017891542019774,0.09426416150137741,1.1349327564239502
plm_prior,sim_neutral,neutral,NODE_0000006,16,0.06214750000000001,0,20,0.6931471605599453,43.45461983526338,0.9321428571428572,0.5948901098901099,0.003693129357421072,0.09917355371900827,1.1349327564239502
treesbm,empirical,,NODE_0000006,16,0.06214750000000001,0,17,0.6931471715599454,113.78292056877535,0.9663865546218487,0.6730122818358112,0.008971264984909577,0.06723382235669388,116.02777814865112
treesbm,sim_neutral,neutral,NODE_0000006,16,0.06214750000000001,0,17,0.6931471620599453,58.377364849342186,0.9495798319327732,0.6592436974789916,0.007422072592225038,0.0738940204180846,116.02777814865112
phylaflow,empirical,,NODE_0000006,16,0.06214750000000001,0,20,0.6931471700599456,116.29965832095714,0.9855820105820106,0.6590384615384616,0.020685666938397358,0.09146919629911555,0.8333544731140137
phylaflow,sim_neutral,neutral,NODE_0000006,16,0.06214750000000001,0,20,0.6931471610599452,78.2962162745352,0.9817358567358567,0.6739560439560439,0.022490346135282405,0.09886363636363636,0.8333544731140137
artreeformer_adapted,empirical,,NODE_0000006,16,0.06214750000000001,0,20,0.6931471700599451,114.93180884595793,0.9851851851851852,0.6419230769230769,0.006595163690191777,0.09508074162679425,0.0
artreeformer_adapted,sim_neutral,neutral,NODE_0000006,16,0.06214750000000001,0,20,0.6931471605599453,62.79874410769675,0.9740740740740741,0.6025,0.0068448487338211034,0.10121384297520661,0.0
phylovae_adapted,empirical,,NODE_0000006,16,0.06214750000000001,0,20,0.6931471700599455,116.08611432413441,0.9814814814814815,0.6179945054945055,0.005924017494583839,0.09170035432071916,0.0
phylovae_adapted,sim_neutral,neutral,NODE_0000006,16,0.06214750000000001,0,20,0.6931471605599453,62.48208021164372,0.9703703703703703,0.6326648351648352,0.007105116835005928,0.09886363636363636,0.0
phylaflow_adapted,empirical,,NODE_0000006,16,0.06214750000000001,0,20,0.6931471700599455,102.22777175008825,0.9531644281644281,0.6181868131868132,0.005807770088000032,0.09589204318906772,0.0
phylaflow_adapted,sim_neutral,neutral,NODE_0000006,16,0.06214750000000001,0,20,0.6931471610599452,78.2962162745352,0.9892857142857143,0.6186263736263736,0.005793259841935668,0.10294421487603306,0.0
neutral_bd,empirical,,NODE_0000008,16,0.0673475,0,20,0.6931471700599451,114.44012775152424,0.9642857142857143,0.6176098901098901,0.004013480206715271,0.14869610006069944,1.097799301147461
neutral_bd,sim_neutral,neutral,NODE_0000008,16,0.0673475,0,20,0.6931471605599453,41.627601048128106,0.9321428571428572,0.5976923076923077,0.004198243177385407,0.1147210743801653,1.097799301147461
empirical_bd,empirical,,NODE_0000008,16,0.0673475,0,20,0.6931471700599451,107.19158545828638,0.9535714285714286,0.6507967032967032,0.004013480206715271,0.14773724946887987,0.8310987949371338
empirical_bd,sim_neutral,neutral,NODE_0000008,16,0.0673475,0,20,0.6931471605599453,41.627601048128106,0.9607142857142857,0.6171428571428571,0.004198243177385407,0.11487603305785124,0.8310987949371338
plm_prior,empirical,,NODE_0000008,16,0.0673475,0,20,0.6931471700599451,100.56756124479077,0.9321428571428572,0.6187912087912087,0.004013480206715271,0.14876990970957651,1.1702771186828613
plm_prior,sim_neutral,neutral,NODE_0000008,16,0.0673475,0,20,0.6931471605599453,41.627601048128106,0.925,0.5637362637362637,0.004198243177385407,0.1162706611570248,1.1702771186828613
treesbm,empirical,,NODE_0000008,16,0.0673475,0,16,0.6931471720599456,105.79703283457732,0.9508928571428572,0.621462912087912,0.008736844555379647,0.12283646515472522,122.31792330741882
treesbm,sim_neutral,neutral,NODE_0000008,16,0.0673475,0,16,0.6931471625599455,59.317639571391496,0.9508928571428572,0.6323832417582418,0.008694490071330566,0.08874612603305786,122.31792330741882
phylaflow,empirical,,NODE_0000008,16,0.0673475,0,20,0.6931471700599451,121.88732085513283,0.9962962962962963,0.6775,0.023284003701688122,0.1440393875192604,0.8322591781616211
phylaflow,sim_neutral,neutral,NODE_0000008,16,0.0673475,0,20,0.6931471610599453,78.56115794814829,0.989010989010989,0.6524725274725275,0.024238040867833384,0.11518595041322315,0.8322591781616211
artreeformer_adapted,empirical,,NODE_0000008,16,0.0673475,0,20,0.6931471700599451,112.77205536102407,0.9814814814814815,0.649478021978022,0.007239621107989544,0.1460307889176822,0.0
artreeformer_adapted,sim_neutral,neutral,NODE_0000008,16,0.0673475,0,20,0.6931471605599453,63.0636857813098,0.9518518518518518,0.6223076923076923,0.007173872870654302,0.1181301652892562,0.0
phylovae_adapted,empirical,,NODE_0000008,16,0.0673475,0,20,0.6931471700599451,109.36625215079606,0.9740740740740741,0.6687637362637363,0.006872490416544796,0.14523975915744503,0.0
phylovae_adapted,sim_neutral,neutral,NODE_0000008,16,0.0673475,0,20,0.6931471605599453,62.74702188525677,0.9703703703703703,0.6279945054945055,0.00744100549565399,0.11683884297520661,0.0
phylaflow_adapted,empirical,,NODE_0000008,16,0.0673475,0,20,0.6931471700599451,115.04353825768096,0.9785714285714285,0.6382417582417582,0.006391593794975191,0.14714429541952656,0.0
phylaflow_adapted,sim_neutral,neutral,NODE_0000008,16,0.0673475,0,20,0.6931471610599453,78.56115794814829,0.9642857142857143,0.6406043956043956,0.006062925962716624,0.11825929752066117,0.0
neutral_bd,empirical,,NODE_0000015,16,0.05738999999999999,0,20,0.6931471700599451,112.38405893454872,0.9642857142857143,0.6485439560439561,0.003270063029289476,0.1362025347854508,1.0839531421661377
neutral_bd,sim_neutral,neutral,NODE_0000015,16,0.05738999999999999,0,20,0.6931471605599453,42.48779727861,0.9107142857142857,0.5625549450549451,0.0032409693053918453,0.10015495867768595,1.0839531421661377
empirical_bd,empirical,,NODE_0000015,16,0.05738999999999999,0,20,0.6931471700599451,110.552820467157,0.9642857142857143,0.6449725274725274,0.003270063029289476,0.13457384174954476,0.8336038589477539
empirical_bd,sim_neutral,neutral,NODE_0000015,16,0.05738999999999999,0,20,0.6931471605599453,42.48779727861,0.9392857142857143,0.5831593406593406,0.0032409693053918453,0.0990960743801653,0.8336038589477539
plm_prior,empirical,,NODE_0000015,16,0.05738999999999999,0,20,0.6931471700599451,110.86527036571624,0.9642857142857143,0.633489010989011,0.003270063029289476,0.1378820927884391,1.1470668315887451
plm_prior,sim_neutral,neutral,NODE_0000015,16,0.05738999999999999,0,20,0.6931471605599453,42.48779727861,0.9357142857142857,0.5646153846153846,0.0032409693053918453,0.10216942148760332,1.1470668315887451
treesbm,empirical,,NODE_0000015,16,0.05738999999999999,0,17,0.6931471715599451,114.92004055772068,0.9747899159663865,0.6610536522301228,0.006150974737214012,0.1118045270181192,111.6712486743927
treesbm,sim_neutral,neutral,NODE_0000015,16,0.05738999999999999,0,17,0.6931471620599453,58.29573240412113,0.9495798319327731,0.6101163542340013,0.007363638780630586,0.07583859990277103,111.6712486743927
phylaflow,empirical,,NODE_0000015,16,0.05738999999999999,0,20,0.6931471700599451,116.59964783553673,0.9855820105820106,0.6543681318681319,0.021949797346839613,0.12903985808586638,0.8335802555084229
phylaflow,sim_neutral,neutral,NODE_0000015,16,0.05738999999999999,0,20,0.6931471610599453,78.49391458460771,0.9817358567358567,0.6582142857142858,0.02077071644028198,0.09666838842975208,0.8335802555084229
artreeformer_adapted,empirical,,NODE_0000015,16,0.05738999999999999,0,20,0.6931471700599451,112.97129876277256,0.9814814814814815,0.6488736263736263,0.006346883734205316,0.1279075325675865,0.0
artreeformer_adapted,sim_neutral,neutral,NODE_0000015,16,0.05738999999999999,0,20,0.6931471605599453,62.99644241776922,0.9666666666666667,0.607445054945055,0.006751434701179548,0.09579028925619835,0.0
phylovae_adapted,empirical,,NODE_0000015,16,0.05738999999999999,0,20,0.6931471700599451,114.4812832360112,0.9814814814814815,0.6552472527472527,0.006773671621263007,0.13544054518606716,0.0
phylovae_adapted,sim_neutral,neutral,NODE_0000015,16,0.05738999999999999,0,20,0.6931471605599453,62.67977852171618,0.962962962962963,0.6381318681318682,0.006763318237790876,0.10464876033057852,0.0
phylaflow_adapted,empirical,,NODE_0000015,16,0.05738999999999999,0,20,0.6931471700599451,118.34929908731456,0.9857142857142858,0.6469230769230769,0.0054475353258946445,0.1321421432156698,0.0
phylaflow_adapted,sim_neutral,neutral,NODE_0000015,16,0.05738999999999999,0,20,0.6931471610599453,78.49391458460771,0.964021164021164,0.6097802197802198,0.0054946783881523,0.09997417355371901,0.0
neutral_bd,empirical,,NODE_ROOT,16,0.07495874999999999,0,20,0.6931471700599452,112.81891951353387,0.975,0.6206593406593407,0.0064524641042800245,0.16481816891647805,1.0148837566375732
neutral_bd,sim_neutral,neutral,NODE_ROOT,16,0.07495874999999999,0,20,0.6931471605599453,42.12630442721897,0.9142857142857143,0.5642857142857143,0.004538454565548385,0.12295971074380166,1.0148837566375732
empirical_bd,empirical,,NODE_ROOT,16,0.07495874999999999,0,20,0.6931471700599453,103.07489870598607,0.9392857142857143,0.6225,0.0064524641042800245,0.1668347651152675,0.8306574821472168
empirical_bd,sim_neutral,neutral,NODE_ROOT,16,0.07495874999999999,0,20,0.6931471605599453,42.12630442721897,0.9321428571428572,0.6046978021978022,0.004538454565548385,0.13132747933884298,0.8306574821472168
plm_prior,empirical,,NODE_ROOT,16,0.07495874999999999,0,20,0.6931471700599453,115.55430667914437,0.9714285714285714,0.6217857142857143,0.0064524641042800245,0.16354092174686613,1.259791612625122
plm_prior,sim_neutral,neutral,NODE_ROOT,16,0.07495874999999999,0,20,0.6931471605599453,42.12630442721897,0.9392857142857143,0.6133241758241759,0.004538454565548385,0.12324380165289256,1.259791612625122
treesbm,empirical,,NODE_ROOT,16,0.07495874999999999,0,16,0.6931471720599456,115.55980830203141,0.9776785714285714,0.6617788461538462,0.011438249875989195,0.13576451493510444,117.05452251434326
treesbm,sim_neutral,neutral,NODE_ROOT,16,0.07495874999999999,0,16,0.6931471625599456,58.42122339529617,0.9642857142857143,0.6532967032967033,0.008456024071378182,0.09597753099173553,117.05452251434326
phylaflow,empirical,,NODE_ROOT,16,0.07495874999999999,0,20,0.6931471700599452,121.8601092360857,0.9962962962962963,0.6715659340659341,0.02556713447631886,0.15891569781015083,0.9865195751190186
phylaflow,sim_neutral,neutral,NODE_ROOT,16,0.07495874999999999,0,20,0.6931471610599453,78.24619508423808,0.9891534391534391,0.6614835164835164,0.02806071171002892,0.12432851239669422,0.9865195751190186
artreeformer_adapted,empirical,,NODE_ROOT,16,0.07495874999999999,0,20,0.6931471700599452,115.59487960107316,0.9888888888888889,0.6326373626373626,0.009427781919340567,0.16181216121508246,0.0
artreeformer_adapted,sim_neutral,neutral,NODE_ROOT,16,0.07495874999999999,0,20,0.6931471605599453,62.74872291739958,0.9740740740740741,0.6270329670329671,0.008356272874008183,0.1272727272727273,0.0
phylovae_adapted,empirical,,NODE_ROOT,16,0.07495874999999999,0,20,0.6931471700599452,113.272602161268,0.9851851851851852,0.6378296703296703,0.008126899407369966,0.1603828501875662,0.0
phylovae_adapted,sim_neutral,neutral,NODE_ROOT,16,0.07495874999999999,0,20,0.6931471605599453,62.43205902134655,0.9555555555555556,0.5900824175824175,0.008842141722262017,0.1268853305785124,0.0
phylaflow_adapted,empirical,,NODE_ROOT,16,0.07495874999999999,0,20,0.6931471700599454,119.95542985546754,0.9927248677248677,0.6338461538461538,0.008494725394287491,0.16445397781797785,0.0
phylaflow_adapted,sim_neutral,neutral,NODE_ROOT,16,0.07495874999999999,0,20,0.6931471610599453,78.24619508423808,0.964021164021164,0.6222252747252747,0.0073342352174203766,0.1299328512396694,0.0
neutral_bd,empirical,,NODE_ROOT,16,0.051051875,0,20,0.6931471700599452,116.07947547069763,0.975,0.6558791208791209,0.004045299187755377,0.18224244368168488,0.9954609870910645
neutral_bd,sim_neutral,neutral,NODE_ROOT,16,0.051051875,0,20,0.6931471605599453,42.12630442721897,0.9178571428571428,0.571510989010989,0.00309098824584929,0.087474173553719,0.9954609870910645
empirical_bd,empirical,,NODE_ROOT,16,0.051051875,0,20,0.6931471700599451,110.81173612858916,0.9642857142857143,0.6445879120879121,0.004045299187755377,0.18606513957389142,0.8248758316040039
empirical_bd,sim_neutral,neutral,NODE_ROOT,16,0.051051875,0,20,0.6931471605599453,42.12630442721897,0.95,0.6241483516483517,0.00309098824584929,0.09178719008264463,0.8248758316040039
plm_prior,empirical,,NODE_ROOT,16,0.051051875,0,20,0.6931471700599451,105.2098673004884,0.9392857142857143,0.598489010989011,0.004045299187755377,0.18142170421221007,1.0314533710479736
plm_prior,sim_neutral,neutral,NODE_ROOT,16,0.051051875,0,20,0.6931471605599453,42.12630442721897,0.9321428571428572,0.5950274725274726,0.00309098824584929,0.08848140495867769,1.0314533710479736
treesbm,empirical,,NODE_ROOT,16,0.051051875,0,17,0.6931471715599453,116.80263414270689,0.9747899159663865,0.6381060116354234,0.0076224213078476405,0.1634977323040653,108.67143321037292
treesbm,sim_neutral,neutral,NODE_ROOT,16,0.051051875,0,17,0.6931471620599453,57.387497029409815,0.9537815126050421,0.6100517129928895,0.005679037765404171,0.06727029654837142,108.67143321037292
phylaflow,empirical,,NODE_ROOT,16,0.051051875,0,20,0.6931471700599453,115.56903743028883,0.9784391534391534,0.6573076923076923,0.016534649963512265,0.17843604899804497,0.9933292865753174
phylaflow,sim_neutral,neutral,NODE_ROOT,16,0.051051875,0,20,0.6931471610599453,78.24619508423808,0.982010582010582,0.643021978021978,0.019111203783833547,0.0881456611570248,0.9933292865753174
artreeformer_adapted,empirical,,NODE_ROOT,16,0.051051875,0,20,0.6931471700599451,113.8110799912134,0.9777777777777777,0.6565384615384615,0.0052032597003730955,0.18002914500577624,0.0
artreeformer_adapted,sim_neutral,neutral,NODE_ROOT,16,0.051051875,0,20,0.6931471605599453,62.74872291739958,0.9592592592592593,0.6220054945054945,0.0056911754562310145,0.0915805785123967,0.0
phylovae_adapted,empirical,,NODE_ROOT,16,0.051051875,0,20,0.6931471700599452,114.35332550413344,0.9814814814814815,0.6562912087912088,0.004603444214690046,0.1813706136696881,0.0
phylovae_adapted,sim_neutral,neutral,NODE_ROOT,16,0.051051875,0,20,0.6931471605599453,62.43205902134655,0.9666666666666667,0.6483241758241758,0.006022084332212119,0.09292355371900826,0.0
phylaflow_adapted,empirical,,NODE_ROOT,16,0.051051875,0,20,0.6931471700599451,120.06730003601427,0.9928571428571429,0.647967032967033,0.0046753712716717,0.17968762496667554,0.0
phylaflow_adapted,sim_neutral,neutral,NODE_ROOT,16,0.051051875,0,20,0.6931471610599453,78.24619508423808,0.9531644281644281,0.5794505494505494,0.004995100098925648,0.08783574380165289,0.0
neutral_bd,empirical,,NODE_0000000,16,0.03259937499999999,0,20,0.6931471700599451,105.32340626139879,0.95,0.6182417582417582,0.0038024912565868926,0.11153109170887764,0.9902563095092773
neutral_bd,sim_neutral,neutral,NODE_0000000,16,0.03259937499999999,0,20,0.6931471605599453,42.10928425631266,0.9035714285714286,0.5779395604395604,0.0018500257720801354,0.06485020661157025,0.9902563095092773
empirical_bd,empirical,,NODE_0000000,16,0.03259937499999999,0,20,0.6931471700599451,107.57414248952479,0.9535714285714286,0.6164560439560439,0.0038024912565868926,0.10863325335466098,0.933485746383667
empirical_bd,sim_neutral,neutral,NODE_0000000,16,0.03259937499999999,0,20,0.6931471605599453,42.10928425631266,0.8785714285714286,0.5548626373626374,0.0018500257720801354,0.0625,0.933485746383667
plm_prior,empirical,,NODE_0000000,16,0.03259937499999999,0,20,0.6931471700599451,105.41121954059392,0.9535714285714286,0.5964560439560439,0.0038024912565868926,0.11020089087354483,0.8504207134246826
plm_prior,sim_neutral,neutral,NODE_0000000,16,0.03259937499999999,0,20,0.6931471605599453,42.10928425631266,0.9142857142857143,0.5380494505494505,0.0018500257720801354,0.06428202479338843,0.8504207134246826
treesbm,empirical,,NODE_0000000,16,0.03259937499999999,0,17,0.6931471715599451,105.96988237355475,0.9495798319327731,0.6020361990950226,0.00616983792984365,0.09586463217651764,110.09441590309143
treesbm,sim_neutral,neutral,NODE_0000000,16,0.03259937499999999,0,17,0.6931471620599453,58.04130510055518,0.9495798319327731,0.5957983193277311,0.003850852797256644,0.04946524064171123,110.09441590309143
phylaflow,empirical,,NODE_0000000,16,0.03259937499999999,0,20,0.693147170059945,119.62351146831176,0.9891534391534391,0.6297527472527472,0.00970986603830444,0.10737553319114904,0.8331990242004395
phylaflow,sim_neutral,neutral,NODE_0000000,16,0.03259937499999999,0,20,0.6931471610599452,78.39423194548019,0.9780321530321531,0.6072802197802197,0.011926448939627729,0.062345041322314054,0.8331990242004395
artreeformer_adapted,empirical,,NODE_0000000,16,0.03259937499999999,0,20,0.6931471700599451,113.74295642131108,0.9703703703703703,0.6030494505494506,0.0048782387184197265,0.10698813649693416,0.0
artreeformer_adapted,sim_neutral,neutral,NODE_0000000,16,0.03259937499999999,0,20,0.6931471605599453,62.89675977864165,0.9481481481481482,0.5854395604395605,0.0038830900911996672,0.06389462809917355,0.0
phylovae_adapted,empirical,,NODE_0000000,16,0.03259937499999999,0,20,0.6931471700599451,113.21686503925801,0.9814814814814815,0.6149450549450549,0.0042244229395858555,0.1086463054296632,0.0
phylovae_adapted,sim_neutral,neutral,NODE_0000000,16,0.03259937499999999,0,20,0.6931471605599453,62.58009588258862,0.9592592592592593,0.5795054945054945,0.0038697480405391316,0.06415289256198348,0.0
phylaflow_adapted,empirical,,NODE_0000000,16,0.03259937499999999,0,20,0.6931471700599451,113.08917528898249,0.9678571428571429,0.5990659340659341,0.004469529597176949,0.105957855682929,0.0
phylaflow_adapted,sim_neutral,neutral,NODE_0000000,16,0.03259937499999999,0,20,0.6931471610599452,78.39423194548019,0.9386243386243386,0.5406593406593406,0.0032908663531904174,0.06079545454545455,0.0
neutral_bd,empirical,,NODE_0000008,16,0.04737749999999999,0,20,0.6931471700599451,112.63228501282185,0.9607142857142857,0.6108241758241758,0.004465148808602462,0.12863787017906336,1.0183806419372559
neutral_bd,sim_neutral,neutral,NODE_0000008,16,0.04737749999999999,0,20,0.6931471605599453,41.627601048128106,0.9178571428571428,0.5836538461538462,0.0029533726736193184,0.07667871900826446,1.0183806419372559
empirical_bd,empirical,,NODE_0000008,16,0.04737749999999999,0,20,0.6931471700599451,104.75114572715538,0.9357142857142857,0.6198076923076923,0.004465148808602462,0.13253917011019284,0.9386975765228271
empirical_bd,sim_neutral,neutral,NODE_0000008,16,0.04737749999999999,0,20,0.6931471605599453,41.627601048128106,0.9214285714285715,0.5999450549450549,0.0029533726736193184,0.08290289256198348,0.9386975765228271
plm_prior,empirical,,NODE_0000008,16,0.04737749999999999,0,20,0.6931471700599451,114.72795330042156,0.9785714285714285,0.6093406593406593,0.004465148808602462,0.13054644455922865,0.9683265686035156
plm_prior,sim_neutral,neutral,NODE_0000008,16,0.04737749999999999,0,20,0.6931471605599453,41.627601048128106,0.9107142857142857,0.5466483516483517,0.0029533726736193184,0.0797004132231405,0.9683265686035156
treesbm,empirical,,NODE_0000008,16,0.04737749999999999,0,17,0.6931471715599451,119.49961178875321,0.9789915966386554,0.6671299288946347,0.007144937085329046,0.11149048979095771,110.33968758583069
treesbm,sim_neutral,neutral,NODE_0000008,16,0.04737749999999999,0,17,0.6931471620599453,58.0615631935262,0.9327731092436975,0.6299935358758888,0.006074498448622623,0.0580943121050073,110.33968758583069
phylaflow,empirical,,NODE_0000008,16,0.04737749999999999,0,20,0.6931471700599451,116.26193913980379,0.9818783068783069,0.6582692307692308,0.015210485131362623,0.12755315943526171,0.8299822807312012
phylaflow,sim_neutral,neutral,NODE_0000008,16,0.04737749999999999,0,20,0.6931471610599453,78.56115794814829,0.9783068783068783,0.6532417582417582,0.017050934054208038,0.07858987603305785,0.8299822807312012
artreeformer_adapted,empirical,,NODE_0000008,16,0.04737749999999999,0,20,0.6931471700599451,113.17340114011347,0.9851851851851852,0.6376923076923077,0.005229717958359873,0.1294600120523416,0.0
artreeformer_adapted,sim_neutral,neutral,NODE_0000008,16,0.04737749999999999,0,20,0.6931471605599453,63.0636857813098,0.9555555555555556,0.5887637362637362,0.00504666337918147,0.08192148760330578,0.0
phylovae_adapted,empirical,,NODE_0000008,16,0.04737749999999999,0,20,0.693147170059945,108.31518500153825,0.9666666666666667,0.6488736263736263,0.0043543768270842415,0.12543754304407714,0.0
phylovae_adapted,sim_neutral,neutral,NODE_0000008,16,0.04737749999999999,0,20,0.6931471605599453,62.74702188525677,0.9703703703703703,0.6015384615384616,0.005234585365014986,0.07691115702479338,0.0
phylaflow_adapted,empirical,,NODE_0000008,16,0.04737749999999999,0,20,0.6931471700599451,114.53120378381195,0.9821428571428572,0.6374175824175824,0.004739612067012031,0.13150632747933885,0.0
phylaflow_adapted,sim_neutral,neutral,NODE_0000008,16,0.04737749999999999,0,20,0.6931471610599453,78.56115794814829,0.9604497354497354,0.603021978021978,0.004265136416327358,0.08274793388429752,0.0
neutral_bd,empirical,,NODE_0000003,16,0.0442225,0,20,0.6931471700599451,111.11758238902932,0.9678571428571429,0.630934065934066,0.004255158582303671,0.17929635430551852,1.109415054321289
neutral_bd,sim_neutral,neutral,NODE_0000003,16,0.0442225,0,20,0.6931471605599453,42.82180963219914,0.925,0.6092032967032968,0.002358314938212046,0.08628615702479339,1.109415054321289
empirical_bd,empirical,,NODE_0000003,16,0.0442225,0,20,0.6931471700599451,108.47651863724712,0.95,0.6382417582417582,0.004255158582303671,0.1795077493224029,0.8227243423461914
empirical_bd,sim_neutral,neutral,NODE_0000003,16,0.0442225,0,20,0.6931471605599453,42.82180963219914,0.9035714285714286,0.587032967032967,0.002358314938212046,0.08618285123966943,0.8227243423461914
plm_prior,empirical,,NODE_0000003,16,0.0442225,0,20,0.6931471700599451,101.3649794349919,0.9357142857142857,0.5939285714285715,0.004255158582303671,0.18022012185639386,0.9481198787689209
plm_prior,sim_neutral,neutral,NODE_0000003,16,0.0442225,0,20,0.6931471605599453,42.82180963219914,0.8928571428571428,0.5629945054945055,0.002358314938212046,0.08672520661157025,0.9481198787689209
treesbm,empirical,,NODE_0000003,16,0.0442225,0,17,0.6931471715599451,117.66661092375057,0.9789915966386554,0.6605365223012282,0.007168186450676032,0.16280082664230716,112.05810642242432
treesbm,sim_neutral,neutral,NODE_0000003,16,0.0442225,0,17,0.6931471620599453,58.35877363251044,0.9327731092436975,0.6304460245636716,0.005407745937259808,0.06778682547399126,112.05810642242432
phylaflow,empirical,,NODE_0000003,16,0.0442225,0,20,0.6931471700599451,115.82273620515457,0.9784391534391534,0.6574450549450549,0.013580558418672258,0.17639573891406737,0.832120418548584
phylaflow,sim_neutral,neutral,NODE_0000003,16,0.0442225,0,20,0.6931471610599452,78.74613173280272,0.9462962962962963,0.6212637362637363,0.015785718109535597,0.08613119834710745,0.832120418548584
artreeformer_adapted,empirical,,NODE_0000003,16,0.0442225,0,20,0.6931471700599451,114.94286176546476,0.9851851851851852,0.6486263736263737,0.00469275392971757,0.17759075357682397,0.0
artreeformer_adapted,sim_neutral,neutral,NODE_0000003,16,0.0442225,0,20,0.6931471605599453,63.24865956596423,0.9481481481481482,0.5732417582417583,0.004772983179958464,0.08731921487603306,0.0
phylovae_adapted,empirical,,NODE_0000003,16,0.0442225,0,20,0.6931471700599451,109.77719933827325,0.9740740740740741,0.6468956043956043,0.003914170896863019,0.17534148532613525,0.0
phylovae_adapted,sim_neutral,neutral,NODE_0000003,16,0.0442225,0,20,0.6931471605599453,62.9319956699112,0.937037037037037,0.6053296703296703,0.004974910217554578,0.08620867768595042,0.0
phylaflow_adapted,empirical,,NODE_0000003,16,0.0442225,0,20,0.6931471700599451,119.3900412131507,0.9892857142857143,0.6407142857142857,0.004277022705553267,0.176952722329601,0.0
phylaflow_adapted,sim_neutral,neutral,NODE_0000003,16,0.0442225,0,20,0.6931471610599452,78.74613173280272,0.9677248677248678,0.6198076923076923,0.003950460729883599,0.08837809917355373,0.0
neutral_bd,empirical,,NODE_0000005,16,0.04463875,0,20,0.6931471700599456,118.14326433848015,0.9857142857142858,0.6292032967032967,0.004481461540571414,0.1283019111570248,1.1146330833435059
neutral_bd,sim_neutral,neutral,NODE_0000005,16,0.04463875,0,20,0.6931471605599453,42.767377117518194,0.9214285714285715,0.5818956043956044,0.0033355148533913102,0.07858987603305785,1.1146330833435059
empirical_bd,empirical,,NODE_0000005,16,0.04463875,0,20,0.6931471700599456,114.18268043548088,0.9607142857142857,0.6023901098901099,0.004481461540571414,0.12744727100550965,0.8238928318023682
empirical_bd,sim_neutral,neutral,NODE_0000005,16,0.04463875,0,20,0.6931471605599453,42.767377117518194,0.9142857142857143,0.5668406593406593,0.0033355148533913102,0.07820247933884297,0.8238928318023682
plm_prior,empirical,,NODE_0000005,16,0.04463875,0,20,0.6931471700599454,114.13010226437846,0.9607142857142857,0.5942307692307692,0.004481461540571414,0.1266449294077135,0.9495999813079834
plm_prior,sim_neutral,neutral,NODE_0000005,16,0.04463875,0,20,0.6931471605599453,42.767377117518194,0.925,0.5754395604395605,0.0033355148533913102,0.07732438016528925,0.9495999813079834
treesbm,empirical,,NODE_0000005,16,0.04463875,0,17,0.6931471715599455,118.94055706430052,0.9831932773109243,0.6610536522301228,0.007100748859726318,0.10771653702803435,112.07104063034058
treesbm,sim_neutral,neutral,NODE_0000005,16,0.04463875,0,17,0.6931471620599453,57.776107128979035,0.9663865546218487,0.6432449903038139,0.005776680209436608,0.0596438988818668,112.07104063034058
phylaflow,empirical,,NODE_0000005,16,0.04463875,0,20,0.6931471700599456,115.37184508233352,0.9855820105820106,0.644010989010989,0.013858094950606938,0.1241389032369146,0.832895040512085
phylaflow,sim_neutral,neutral,NODE_0000005,16,0.04463875,0,20,0.6931471610599452,78.12418449183355,0.9857142857142858,0.6452197802197802,0.015744383362912097,0.07696280991735538,0.832895040512085
artreeformer_adapted,empirical,,NODE_0000005,16,0.04463875,0,20,0.6931471700599456,112.86615060214501,0.9814814814814815,0.6392307692307693,0.004931039167320652,0.12453232610192838,0.0
artreeformer_adapted,sim_neutral,neutral,NODE_0000005,16,0.04463875,0,20,0.6931471605599453,62.626712324995054,0.9777777777777777,0.5982142857142857,0.005122256258390902,0.07884814049586777,0.0
phylovae_adapted,empirical,,NODE_0000005,16,0.04463875,0,20,0.6931471700599456,114.33051593288329,0.9814814814814815,0.6581043956043956,0.0040788428710479005,0.12463347968319559,0.0
phylovae_adapted,sim_neutral,neutral,NODE_0000005,16,0.04463875,0,20,0.6931471605599453,62.310048428942025,0.9592592592592593,0.6168131868131869,0.005197450396137452,0.07861570247933884,0.0
phylaflow_adapted,empirical,,NODE_0000005,16,0.04463875,0,20,0.6931471700599456,109.1290249495294,0.9674603174603175,0.6160164835164835,0.004530656961382404,0.12530668904958678,0.0
phylaflow_adapted,sim_neutral,neutral,NODE_0000005,16,0.04463875,0,20,0.6931471610599452,78.12418449183355,0.9528998778998778,0.576565934065934,0.004505366012558017,0.07835743801652893,0.0
neutral_bd,empirical,,NODE_0000001,16,0.03738062500000001,0,20,0.6931471700599451,106.2450430785887,0.9464285714285714,0.6076648351648352,0.004962388346724065,0.11675826446280992,1.0082645416259766
neutral_bd,sim_neutral,neutral,NODE_0000001,16,0.03738062500000001,0,20,0.6931471605599453,41.7419668463002,0.9464285714285714,0.5733516483516483,0.002772376817282886,0.06681301652892563,1.0082645416259766
empirical_bd,empirical,,NODE_0000001,16,0.03738062500000001,0,20,0.6931471700599453,116.31321122129805,0.9857142857142858,0.6631318681318681,0.004962388346724065,0.10922778925619835,0.8260972499847412
empirical_bd,sim_neutral,neutral,NODE_0000001,16,0.03738062500000001,0,20,0.6931471605599453,41.7419668463002,0.9107142857142857,0.5638186813186813,0.002772376817282886,0.05981404958677686,0.8260972499847412
plm_prior,empirical,,NODE_0000001,16,0.03738062500000001,0,20,0.6931471700599451,106.77359936168364,0.95,0.633598901098901,0.004962388346724065,0.11432515495867769,0.8765771389007568
plm_prior,sim_neutral,neutral,NODE_0000001,16,0.03738062500000001,0,20,0.6931471605599453,41.7419668463002,0.925,0.583489010989011,0.002772376817282886,0.06510847107438017,0.8765771389007568
treesbm,empirical,,NODE_0000001,16,0.03738062500000001,0,16,0.6931471720599456,118.31446803445999,0.9821428571428572,0.6681318681318681,0.0077244264687209,0.09936144111570248,109.63436889648438
treesbm,sim_neutral,neutral,NODE_0000001,16,0.03738062500000001,0,16,0.6931471625599455,58.37540028749725,0.9776785714285714,0.6328983516483516,0.005067046578723553,0.049360795454545456,109.63436889648438
phylaflow,empirical,,NODE_0000001,16,0.03738062500000001,0,20,0.6931471700599451,123.19266879075342,0.9964285714285714,0.6592857142857143,0.010328370664303954,0.10903615702479338,0.9873414039611816
phylaflow,sim_neutral,neutral,NODE_0000001,16,0.03738062500000001,0,20,0.6931471610599452,78.81112627243063,0.9564713064713065,0.6310164835164835,0.013185925419205796,0.0631456611570248,0.9873414039611816
artreeformer_adapted,empirical,,NODE_0000001,16,0.03738062500000001,0,20,0.6931471700599452,113.5954085420702,0.9740740740740741,0.6393956043956044,0.005204012521579258,0.10913946280991736,0.0
artreeformer_adapted,sim_neutral,neutral,NODE_0000001,16,0.03738062500000001,0,20,0.6931471605599453,63.313654105592136,0.9555555555555556,0.5612087912087912,0.0044156419236874465,0.06358471074380165,0.0
phylovae_adapted,empirical,,NODE_0000001,16,0.03738062500000001,0,20,0.6931471700599451,111.88078172475176,0.9740740740740741,0.6326923076923077,0.00418921636242833,0.11224405991735538,0.0
phylovae_adapted,sim_neutral,neutral,NODE_0000001,16,0.03738062500000001,0,20,0.6931471605599453,62.996990209539106,0.9518518518518518,0.6164285714285714,0.004431965277957436,0.06580578512396694,0.0
phylaflow_adapted,empirical,,NODE_0000001,16,0.03738062500000001,0,20,0.6931471700599453,118.32447099843651,0.9891534391534391,0.6554670329670329,0.0048971119828421636,0.1148279958677686,0.0
phylaflow_adapted,sim_neutral,neutral,NODE_0000001,16,0.03738062500000001,0,20,0.6931471610599452,78.81112627243063,0.9604497354497354,0.5877472527472527,0.003906638509069439,0.06815599173553719,0.0
neutral_bd,empirical,,NODE_0000003,16,0.026390625,0,20,0.6931471700599451,118.65186745543554,0.9857142857142858,0.6419505494505494,0.005014258427385805,0.09941347265023112,0.9960975646972656
neutral_bd,sim_neutral,neutral,NODE_0000003,16,0.026390625,0,20,0.6931471605599453,42.82180963219914,0.8785714285714286,0.5159065934065934,0.0014073696685228626,0.04865702479338843,0.9960975646972656
empirical_bd,empirical,,NODE_0000003,16,0.026390625,0,20,0.6931471700599451,116.50778523508819,0.9607142857142857,0.633489010989011,0.005014258427385805,0.10023644330438437,0.823021411895752
empirical_bd,sim_neutral,neutral,NODE_0000003,16,0.026390625,0,20,0.6931471605599453,42.82180963219914,0.9071428571428571,0.5338736263736263,0.0014073696685228626,0.050025826446280994,0.823021411895752
plm_prior,empirical,,NODE_0000003,16,0.026390625,0,20,0.6931471700599451,115.41277015308366,0.9821428571428572,0.6412087912087913,0.005014258427385805,0.10183225942008685,0.7734870910644531
plm_prior,sim_neutral,neutral,NODE_0000003,16,0.026390625,0,20,0.6931471605599453,42.82180963219914,0.8678571428571429,0.5253571428571429,0.0014073696685228626,0.05142045454545455,0.7734870910644531
treesbm,empirical,,NODE_0000003,16,0.026390625,0,17,0.6931471715599451,117.44834102494556,0.9789915966386554,0.6628959276018099,0.0070972198386243,0.09274325782981634,108.77071452140808
treesbm,sim_neutral,neutral,NODE_0000003,16,0.026390625,0,17,0.6931471620599453,58.18470228164843,0.9327731092436975,0.6059146735617323,0.0031818090452241828,0.042871900826446284,108.77071452140808
phylaflow,empirical,,NODE_0000003,16,0.026390625,0,20,0.6931471700599453,114.75563209495863,0.9818783068783069,0.6661813186813187,0.006374320613814976,0.09842664413783443,0.9826602935791016
phylaflow,sim_neutral,neutral,NODE_0000003,16,0.026390625,0,20,0.6931471610599452,78.74613173280272,0.9641534391534392,0.6133516483516483,0.009420430029610783,0.04984504132231405,0.9826602935791016
artreeformer_adapted,empirical,,NODE_0000003,16,0.026390625,0,20,0.693147170059945,111.03966406942945,0.962962962962963,0.6312912087912088,0.004902905693319724,0.10005716399355652,0.0
artreeformer_adapted,sim_neutral,neutral,NODE_0000003,16,0.026390625,0,20,0.6931471605599453,63.24865956596423,0.9296296296296296,0.5629395604395604,0.0028483692517065145,0.05121384297520661,0.0
phylovae_adapted,empirical,,NODE_0000003,16,0.026390625,0,20,0.6931471700599452,110.46748171243549,0.9777777777777777,0.6479945054945054,0.004039462524033186,0.10127708712704861,0.0
phylovae_adapted,sim_neutral,neutral,NODE_0000003,16,0.026390625,0,20,0.6931471605599453,62.9319956699112,0.9407407407407408,0.6123901098901099,0.0029688730840669634,0.05284090909090909,0.0
phylaflow_adapted,empirical,,NODE_0000003,16,0.026390625,0,20,0.6931471700599451,110.98416024753422,0.9712962962962963,0.6318131868131868,0.004724966212345269,0.10036362760890881,0.0
phylaflow_adapted,sim_neutral,neutral,NODE_0000003,16,0.026390625,0,20,0.6931471610599452,78.74613173280272,0.953032153032153,0.6162637362637363,0.002357513204807154,0.0512396694214876,0.0
neutral_bd,empirical,,NODE_0000002,16,0.028791249999999997,0,20,0.6931471700599451,115.79888105966137,0.9821428571428572,0.6321978021978022,0.005850896903452662,0.10455753169211374,0.9986295700073242
neutral_bd,sim_neutral,neutral,NODE_0000002,16,0.028791249999999997,0,20,0.6931471605599453,41.90767810158932,0.9285714285714286,0.5671428571428572,0.0017973443628703668,0.05614669421487604,0.9986295700073242
empirical_bd,empirical,,NODE_0000002,16,0.028791249999999997,0,20,0.6931471700599451,116.01322170671843,0.9857142857142858,0.6559065934065934,0.005850896903452662,0.104554883387029,0.8211483955383301
empirical_bd,sim_neutral,neutral,NODE_0000002,16,0.028791249999999997,0,20,0.6931471605599453,41.90767810158932,0.9285714285714286,0.5611263736263736,0.0017973443628703668,0.05622417355371901,0.8211483955383301
plm_prior,empirical,,NODE_0000002,16,0.028791249999999997,0,20,0.6931471700599451,123.81656200895222,0.9964285714285714,0.6645879120879121,0.005850896903452662,0.10594544491525423,0.7963042259216309
plm_prior,sim_neutral,neutral,NODE_0000002,16,0.028791249999999997,0,20,0.6931471605599453,41.90767810158932,0.9071428571428571,0.5491208791208791,0.0017973443628703668,0.05736053719008265,0.7963042259216309
treesbm,empirical,,NODE_0000002,16,0.028791249999999997,0,17,0.6931471715599451,120.96861122734266,0.9915966386554622,0.6555914673561732,0.008040822855437375,0.09587106964231273,108.83021092414856
treesbm,sim_neutral,neutral,NODE_0000002,16,0.028791249999999997,0,17,0.6931471620599453,58.01018627741776,0.9327731092436975,0.6241111829347123,0.003286456724647007,0.04742950899368012,108.83021092414856
phylaflow,empirical,,NODE_0000002,16,0.028791249999999997,0,20,0.6931471700599451,111.52290043812285,0.9746031746031746,0.6613461538461538,0.006356780424795926,0.10201372303543914,0.9967043399810791
phylaflow,sim_neutral,neutral,NODE_0000002,16,0.028791249999999997,0,20,0.6931471610599453,78.41312108690624,0.953042328042328,0.5735164835164835,0.010240444703706521,0.05630165289256198,0.9967043399810791
artreeformer_adapted,empirical,,NODE_0000002,16,0.028791249999999997,0,20,0.6931471700599451,117.59696450095683,0.9888888888888889,0.649945054945055,0.005445013213570937,0.1013832119344446,0.0
artreeformer_adapted,sim_neutral,neutral,NODE_0000002,16,0.028791249999999997,0,20,0.6931471605599453,62.915648920067724,0.9555555555555556,0.577032967032967,0.0031549073494615723,0.05570764462809918,0.0
phylovae_adapted,empirical,,NODE_0000002,16,0.028791249999999997,0,20,0.693147170059945,115.70002776170081,0.9888888888888889,0.6589835164835165,0.004449401417358635,0.10267993591539432,0.0
phylovae_adapted,sim_neutral,neutral,NODE_0000002,16,0.028791249999999997,0,20,0.6931471605599453,62.598985024014695,0.9296296296296296,0.5682692307692307,0.003024418485747263,0.05754132231404959,0.0
phylaflow_adapted,empirical,,NODE_0000002,16,0.028791249999999997,0,20,0.6931471700599451,116.83474102877412,0.982010582010582,0.6441758241758242,0.005380425952178899,0.10519465698977448,0.0
phylaflow_adapted,sim_neutral,neutral,NODE_0000002,16,0.028791249999999997,0,20,0.6931471610599453,78.41312108690624,0.9568783068783069,0.594532967032967,0.002808358037662244,0.059478305785123975,0.0
neutral_bd,empirical,,NODE_ROOT,16,0.03782875,0,20,0.6931471700599454,107.80109812788096,0.9607142857142857,0.6303296703296704,0.0054331344530392425,0.05599261100994537,0.9838175773620605
neutral_bd,sim_neutral,neutral,NODE_ROOT,16,0.03782875,0,20,0.6931471605599453,42.12630442721897,0.8642857142857143,0.5406043956043957,0.0022903805512563707,0.06712293388429752,0.9838175773620605
empirical_bd,empirical,,NODE_ROOT,16,0.03782875,0,20,0.6931471700599454,110.50504810077251,0.9642857142857143,0.6241758241758242,0.0054331344530392425,0.05747653733015829,0.9295258522033691
empirical_bd,sim_neutral,neutral,NODE_ROOT,16,0.03782875,0,20,0.6931471605599453,42.12630442721897,0.8857142857142857,0.5337362637362637,0.0022903805512563707,0.07019628099173554,0.9295258522033691
plm_prior,empirical,,NODE_ROOT,16,0.03782875,0,20,0.6931471700599454,108.1522417457383,0.95,0.6476373626373626,0.0054331344530392425,0.061867689802493346,0.9030251502990723
plm_prior,sim_neutral,neutral,NODE_ROOT,16,0.03782875,0,20,0.6931471605599453,42.12630442721897,0.9071428571428571,0.5537362637362637,0.0022903805512563707,0.07339876033057852,0.9030251502990723
treesbm,empirical,,NODE_ROOT,16,0.03782875,0,16,0.6931471720599456,114.16353372447719,0.96875,0.6679601648351648,0.00804639078786112,0.04484745981580053,109.73079633712769
treesbm,sim_neutral,neutral,NODE_ROOT,16,0.03782875,0,16,0.6931471625599456,57.8104690993047,0.9107142857142857,0.5810439560439561,0.004228045989991626,0.05878744834710744,109.73079633712769
phylaflow,empirical,,NODE_ROOT,16,0.03782875,0,20,0.6931471700599454,115.67999510318643,0.9785714285714285,0.6711813186813187,0.010225705746386723,0.059993740369799695,0.8234424591064453
phylaflow,sim_neutral,neutral,NODE_ROOT,16,0.03782875,0,20,0.6931471610599453,78.24619508423808,0.9674603174603175,0.6530494505494505,0.014161143937175536,0.07301136363636364,0.8234424591064453
artreeformer_adapted,empirical,,NODE_ROOT,16,0.03782875,0,20,0.6931471700599454,109.25333741259846,0.9592592592592593,0.6422802197802198,0.005272682451941947,0.056930242330858666,0.0
artreeformer_adapted,sim_neutral,neutral,NODE_ROOT,16,0.03782875,0,20,0.6931471605599453,62.74872291739958,0.9333333333333333,0.5787087912087913,0.00421708416272466,0.06820764462809918,0.0
phylovae_adapted,empirical,,NODE_ROOT,16,0.03782875,0,20,0.6931471700599454,110.57843938533307,0.9777777777777777,0.6397802197802198,0.0041190846533917655,0.05646733611150021,0.0
phylovae_adapted,sim_neutral,neutral,NODE_ROOT,16,0.03782875,0,20,0.6931471605599453,62.43205902134655,0.9518518518518518,0.6166208791208792,0.004462283171424541,0.06856921487603305,0.0
phylaflow_adapted,empirical,,NODE_ROOT,16,0.03782875,0,20,0.6931471700599454,112.76555756548574,0.9783068783068783,0.619065934065934,0.005015739930891334,0.05809505883176916,0.0
phylaflow_adapted,sim_neutral,neutral,NODE_ROOT,16,0.03782875,0,20,0.6931471610599453,78.24619508423808,0.9494708994708995,0.6166483516483516,0.0037013017223605136,0.0699896694214876,0.0
neutral_bd,empirical,,NODE_0000002,16,0.019015625,0,20,0.6931471700599451,108.5808854294595,0.9607142857142857,0.6481593406593407,0.003554083772361666,0.08685101514946154,1.001410722732544
neutral_bd,sim_neutral,neutral,NODE_0000002,16,0.019015625,0,20,0.6931471605599453,41.90767810158932,0.95,0.6067857142857143,0.0011870837980360986,0.03389616935483871,1.001410722732544
empirical_bd,empirical,,NODE_0000002,16,0.019015625,0,20,0.6931471700599451,115.10349290546574,0.9785714285714285,0.6623076923076923,0.003554083772361666,0.08614344298103138,0.9568681716918945
empirical_bd,sim_neutral,neutral,NODE_0000002,16,0.019015625,0,20,0.6931471605599453,41.90767810158932,0.9357142857142857,0.608489010989011,0.0011870837980360986,0.03432459677419355,0.9568681716918945
plm_prior,empirical,,NODE_0000002,16,0.019015625,0,20,0.6931471700599451,112.02384872021061,0.9714285714285714,0.6515659340659341,0.003554083772361666,0.08887474719626587,0.657038688659668
plm_prior,sim_neutral,neutral,NODE_0000002,16,0.019015625,0,20,0.6931471605599453,41.90767810158932,0.9571428571428572,0.6372252747252747,0.0011870837980360986,0.03702116935483871,0.657038688659668
treesbm,empirical,,NODE_0000002,16,0.019015625,0,19,0.693147170559946,119.55720669904086,0.9887218045112782,0.6747252747252748,0.005782492875188934,0.07981194694830604,109.16875195503235
treesbm,sim_neutral,neutral,NODE_0000002,16,0.019015625,0,19,0.6931471610599461,57.935885434933525,0.9548872180451128,0.6415268941584731,0.0024443722813671477,0.02750955008488964,109.16875195503235
phylaflow,empirical,,NODE_0000002,16,0.019015625,0,20,0.6931471700599453,121.87116215559251,0.9964285714285714,0.6708516483516483,0.0037203947228694693,0.08622376994986211,0.8546843528747559
phylaflow,sim_neutral,neutral,NODE_0000002,16,0.019015625,0,20,0.6931471610599453,78.41312108690624,0.9785714285714285,0.64,0.0067634596038351705,0.035912298387096774,0.8546843528747559
artreeformer_adapted,empirical,,NODE_0000002,16,0.019015625,0,20,0.6931471700599452,118.15892940177454,0.9925925925925926,0.6717307692307692,0.0035033553201018184,0.08754329727758872,0.0
artreeformer_adapted,sim_neutral,neutral,NODE_0000002,16,0.019015625,0,20,0.6931471605599453,62.915648920067724,0.9666666666666667,0.6263736263736264,0.002083707205039907,0.03717237903225806,0.0
phylovae_adapted,empirical,,NODE_0000002,16,0.019015625,0,20,0.6931471700599451,115.52799597899926,0.9888888888888889,0.6489010989010989,0.0030705098834374325,0.08645577390847034,0.0
phylovae_adapted,sim_neutral,neutral,NODE_0000002,16,0.019015625,0,20,0.6931471605599453,62.598985024014695,0.962962962962963,0.6426648351648352,0.0019975238229683603,0.036189516129032255,0.0
phylaflow_adapted,empirical,,NODE_0000002,16,0.019015625,0,20,0.6931471700599451,117.12959979667818,0.9857142857142858,0.6530769230769231,0.0034213488150546443,0.08691939852453912,0.0
phylaflow_adapted,sim_neutral,neutral,NODE_0000002,16,0.019015625,0,20,0.6931471610599453,78.41312108690624,0.982010582010582,0.6332692307692308,0.0018548233685554158,0.03608870967741935,0.0
neutral_bd,empirical,,NODE_ROOT,16,0.029864999999999996,0,20,0.6931471700599453,106.65312132839477,0.9535714285714286,0.6575,0.0028647069590729646,0.09589551504752794,1.1524221897125244
neutral_bd,sim_neutral,neutral,NODE_ROOT,16,0.029864999999999996,0,20,0.6931471605599453,42.12630442721897,0.9571428571428572,0.6082967032967033,0.001808207121918422,0.05531754032258064,1.1524221897125244
empirical_bd,empirical,,NODE_ROOT,16,0.029864999999999996,0,20,0.6931471700599453,110.44766501155654,0.975,0.6712912087912088,0.0028647069590729646,0.10125256164182549,0.854788064956665
empirical_bd,sim_neutral,neutral,NODE_ROOT,16,0.029864999999999996,0,20,0.6931471605599453,42.12630442721897,0.95,0.6221703296703297,0.001808207121918422,0.06068548387096774,0.854788064956665
plm_prior,empirical,,NODE_ROOT,16,0.029864999999999996,0,20,0.6931471700599452,111.96589308970832,0.975,0.6716758241758242,0.0028647069590729646,0.09954735459899769,0.8207294940948486
plm_prior,sim_neutral,neutral,NODE_ROOT,16,0.029864999999999996,0,20,0.6931471605599453,42.12630442721897,0.9571428571428572,0.6381043956043956,0.001808207121918422,0.05846774193548387,0.8207294940948486
treesbm,empirical,,NODE_ROOT,16,0.029864999999999996,0,18,0.6931471710599456,110.40047241856888,0.9603174603174603,0.6627289377289377,0.005504235617877909,0.08946761994809475,131.40424513816833
treesbm,sim_neutral,neutral,NODE_ROOT,16,0.029864999999999996,0,18,0.6931471615599455,57.8132223047427,0.9722222222222222,0.6394993894993894,0.0036057629654377894,0.04981518817204301,131.40424513816833
phylaflow,empirical,,NODE_ROOT,16,0.029864999999999996,0,20,0.6931471700599453,106.25207070105623,0.9675925925925926,0.6374725274725275,0.008815176890525005,0.09643131229431255,0.852759599685669
phylaflow,sim_neutral,neutral,NODE_ROOT,16,0.029864999999999996,0,20,0.6931471610599453,78.24619508423808,0.9928571428571429,0.6887637362637362,0.01117992436133225,0.05803931451612903,0.852759599685669
artreeformer_adapted,empirical,,NODE_ROOT,16,0.029864999999999996,0,20,0.6931471700599452,122.90198157030284,1.0,0.6842582417582418,0.0039606413900441844,0.09828885266449955,0.0
artreeformer_adapted,sim_neutral,neutral,NODE_ROOT,16,0.029864999999999996,0,20,0.6931471605599453,62.74872291739958,0.9703703703703703,0.6248076923076923,0.0033292989728651344,0.05967741935483871,0.0
phylovae_adapted,empirical,,NODE_ROOT,16,0.029864999999999996,0,20,0.6931471700599454,110.929060241889,0.9814814814814815,0.6752197802197802,0.0036972028773191528,0.09742542219833815,0.0
phylovae_adapted,sim_neutral,neutral,NODE_ROOT,16,0.029864999999999996,0,20,0.6931471605599453,62.43205902134655,0.9814814814814815,0.6487087912087912,0.0035228784169340486,0.05803931451612903,0.0
phylaflow_adapted,empirical,,NODE_ROOT,16,0.029864999999999996,0,20,0.6931471700599452,109.19194097556085,0.9714285714285714,0.6572802197802198,0.0036930657003702,0.09717585114557686,0.0
phylaflow_adapted,sim_neutral,neutral,NODE_ROOT,16,0.029864999999999996,0,20,0.6931471610599453,78.24619508423808,0.9818681318681319,0.649478021978022,0.002922099618366896,0.05751008064516129,0.0
neutral_bd,empirical,,NODE_0000000,16,0.027324375,0,20,0.6931471700599451,111.71804949703048,0.9714285714285714,0.6707692307692308,0.002892916786507701,0.09835055364787877,1.0240676403045654
neutral_bd,sim_neutral,neutral,NODE_0000000,16,0.027324375,0,20,0.6931471605599453,42.10928425631266,0.9714285714285714,0.628956043956044,0.0015506677031686088,0.048462701612903225,1.0240676403045654
empirical_bd,empirical,,NODE_0000000,16,0.027324375,0,20,0.6931471700599451,112.33434295715494,0.9714285714285714,0.6599725274725274,0.002892916786507701,0.09588017074998488,0.8481061458587646
empirical_bd,sim_neutral,neutral,NODE_0000000,16,0.027324375,0,20,0.6931471605599453,42.10928425631266,0.9607142857142857,0.627912087912088,0.0015506677031686088,0.04669858870967742,0.8481061458587646
plm_prior,empirical,,NODE_0000000,16,0.027324375,0,20,0.6931471700599451,105.01183123474081,0.9607142857142857,0.6570879120879121,0.002892916786507701,0.09733113711693687,0.78656005859375
plm_prior,sim_neutral,neutral,NODE_0000000,16,0.027324375,0,20,0.6931471605599453,42.10928425631266,0.9607142857142857,0.6195879120879121,0.0015506677031686088,0.047076612903225803,0.78656005859375
treesbm,empirical,,NODE_0000000,16,0.027324375,0,19,0.693147170559946,114.04436072035693,0.9699248120300752,0.6509543088490457,0.005512699324024105,0.08793658636334749,139.85657000541687
treesbm,sim_neutral,neutral,NODE_0000000,16,0.027324375,0,19,0.6931471610599453,57.32111870743837,0.9661654135338346,0.6301619433198381,0.0032337939634386075,0.038492147707979624,139.85657000541687
phylaflow,empirical,,NODE_0000000,16,0.027324375,0,20,0.6931471700599451,108.71691948060312,0.9708892958892958,0.6593681318681319,0.00760664634240851,0.0960026415924941,1.0112111568450928
phylaflow,sim_neutral,neutral,NODE_0000000,16,0.027324375,0,20,0.6931471610599452,78.39423194548019,0.9673280423280424,0.6601098901098901,0.009996595433033318,0.04848790322580645,1.0112111568450928
artreeformer_adapted,empirical,,NODE_0000000,16,0.027324375,0,20,0.6931471700599451,115.71618646124114,0.9888888888888889,0.6672802197802198,0.00370672694922392,0.09603575426104859,0.0
artreeformer_adapted,sim_neutral,neutral,NODE_0000000,16,0.027324375,0,20,0.6931471605599453,62.89675977864165,0.9703703703703703,0.6333241758241759,0.003254755951938463,0.047933467741935486,0.0
phylovae_adapted,empirical,,NODE_0000000,16,0.027324375,0,20,0.6931471700599451,113.09546459853284,0.9851851851851852,0.6723626373626373,0.003397986826967291,0.0930823051527996,0.0
phylovae_adapted,sim_neutral,neutral,NODE_0000000,16,0.027324375,0,20,0.6931471605599453,62.58009588258862,0.9703703703703703,0.6400549450549451,0.00324357281742998,0.04533770161290322,0.0
phylaflow_adapted,empirical,,NODE_0000000,16,0.027324375,0,20,0.6931471700599451,113.46891898628132,0.9784391534391534,0.6614835164835164,0.003459922387642333,0.09666478819933731,0.0
phylaflow_adapted,sim_neutral,neutral,NODE_0000000,16,0.027324375,0,20,0.6931471610599452,78.39423194548019,0.9678571428571429,0.6321978021978022,0.002758361665199331,0.04886592741935484,0.0
neutral_bd,empirical,,NODE_0000001,16,0.105368125,0,20,0.6931471700599456,111.78940959821102,0.9714285714285714,0.6453571428571429,0.007059831373701176,0.21019778753443527,1.0296759605407715
neutral_bd,sim_neutral,neutral,NODE_0000001,16,0.105368125,0,20,0.6931471605599453,41.7419668463002,0.9607142857142857,0.5979945054945055,0.007814747533797663,0.16949896694214878,1.0296759605407715
empirical_bd,empirical,,NODE_0000001,16,0.105368125,0,20,0.6931471700599451,116.11872960881303,0.9857142857142858,0.6629120879120879,0.007059831373701176,0.20911661597030914,0.8189127445220947
empirical_bd,sim_neutral,neutral,NODE_0000001,16,0.105368125,0,20,0.6931471605599453,41.7419668463002,0.9535714285714285,0.5967307692307693,0.007814747533797663,0.17045454545454547,0.8189127445220947
plm_prior,empirical,,NODE_0000001,16,0.105368125,0,20,0.6931471700599454,119.60992613465862,0.9857142857142858,0.678434065934066,0.007059831373701176,0.21125215220385676,1.347104549407959
plm_prior,sim_neutral,neutral,NODE_0000001,16,0.105368125,0,20,0.6931471605599453,41.7419668463002,0.9357142857142857,0.5846978021978022,0.007814747533797663,0.17267561983471075,1.347104549407959
treesbm,empirical,,NODE_0000001,16,0.105368125,0,14,0.6931471730599454,124.75281128749705,0.9948979591836735,0.6719387755102041,0.01156453120913894,0.1760862138703048,112.03461074829102
treesbm,sim_neutral,neutral,NODE_0000001,16,0.105368125,0,14,0.6931471635599455,59.8977040616487,0.9744897959183674,0.6544740973312402,0.014237026498046155,0.13485094451003543,112.03461074829102
phylaflow,empirical,,NODE_0000001,16,0.105368125,0,20,0.6931471700599451,116.49331432469948,0.9857142857142858,0.6530494505494505,0.04183147375802247,0.20047051958983778,0.9352297782897949
phylaflow,sim_neutral,neutral,NODE_0000001,16,0.105368125,0,20,0.6931471610599452,78.81112627243063,0.989021164021164,0.6687912087912088,0.03716835226301202,0.16942148760330578,0.9352297782897949
artreeformer_adapted,empirical,,NODE_0000001,16,0.105368125,0,20,0.6931471700599454,115.82085300389585,0.9888888888888889,0.6716758241758242,0.012246135773608136,0.1993011794077135,0.0
artreeformer_adapted,sim_neutral,neutral,NODE_0000001,16,0.105368125,0,20,0.6931471605599453,63.313654105592136,0.9666666666666667,0.6163461538461539,0.01244676647783014,0.16986053719008265,0.0
phylovae_adapted,empirical,,NODE_0000001,16,0.105368125,0,20,0.6931471700599456,120.20878868751399,0.9962962962962963,0.6624725274725275,0.014528322380214061,0.19926774850780532,0.0
phylovae_adapted,sim_neutral,neutral,NODE_0000001,16,0.105368125,0,20,0.6931471605599453,62.996990209539106,0.9666666666666667,0.5862637362637363,0.01249277858258065,0.16942148760330578,0.0
phylaflow_adapted,empirical,,NODE_0000001,16,0.105368125,0,20,0.6931471700599456,121.79322561401179,0.9962962962962963,0.6678296703296703,0.010508247943350457,0.1947152156029997,0.0
phylaflow_adapted,sim_neutral,neutral,NODE_0000001,16,0.105368125,0,20,0.6931471610599452,78.81112627243063,0.9714285714285714,0.642445054945055,0.0110119928372905,0.16198347107438016,0.0
neutral_bd,empirical,,NODE_ROOT,16,0.12638375,0,20,0.6931471700599452,116.55975468590196,0.9785714285714285,0.6506043956043956,0.006826399977590706,0.2838979418098736,1.0147864818572998
neutral_bd,sim_neutral,neutral,NODE_ROOT,16,0.12638375,0,20,0.6931471605599453,42.12630442721897,0.9035714285714286,0.5851098901098901,0.007652034048041432,0.20552685950413224,1.0147864818572998
empirical_bd,empirical,,NODE_ROOT,16,0.12638375,0,20,0.6931471700599454,108.42854930774638,0.9571428571428572,0.6382967032967033,0.006826399977590706,0.28075507510166603,0.929387092590332
empirical_bd,sim_neutral,neutral,NODE_ROOT,16,0.12638375,0,20,0.6931471605599453,42.12630442721897,0.95,0.5992857142857143,0.007652034048041432,0.2028409090909091,0.929387092590332
plm_prior,empirical,,NODE_ROOT,16,0.12638375,0,20,0.6931471700599454,111.59141853377734,0.9678571428571429,0.6407967032967032,0.006826399977590706,0.2826543984214439,1.4327471256256104
plm_prior,sim_neutral,neutral,NODE_ROOT,16,0.12638375,0,20,0.6931471605599453,42.12630442721897,0.9464285714285714,0.598543956043956,0.007652034048041432,0.20493285123966942,1.4327471256256104
treesbm,empirical,,NODE_ROOT,16,0.12638375,0,14,0.6931471730599458,122.14470030908547,0.9897959183673469,0.6650706436420722,0.014562355882991127,0.24635773171183076,111.26271200180054
treesbm,sim_neutral,neutral,NODE_ROOT,16,0.12638375,0,14,0.6931471635599457,59.44019227196583,0.9795918367346939,0.6581240188383045,0.014262972976659998,0.1675029515938607,111.26271200180054
phylaflow,empirical,,NODE_ROOT,16,0.12638375,0,20,0.6931471700599454,114.33760314609576,0.982010582010582,0.6717307692307692,0.047012432922407345,0.26811238740216015,0.8376438617706299
phylaflow,sim_neutral,neutral,NODE_ROOT,16,0.12638375,0,20,0.6931471610599453,78.24619508423808,0.9891534391534391,0.6612087912087912,0.04731159435799513,0.19852789256198347,0.8376438617706299
artreeformer_adapted,empirical,,NODE_ROOT,16,0.12638375,0,20,0.6931471700599454,116.24621285369224,0.9888888888888889,0.6487087912087912,0.01323389139886103,0.265104117131816,0.0
artreeformer_adapted,sim_neutral,neutral,NODE_ROOT,16,0.12638375,0,20,0.6931471605599453,62.74872291739958,0.9666666666666667,0.6117032967032967,0.014089043665221629,0.19891528925619836,0.0
phylovae_adapted,empirical,,NODE_ROOT,16,0.12638375,0,20,0.6931471700599452,116.5292376886076,0.9851851851851852,0.6342582417582417,0.014612271202771901,0.26764874974036906,0.0
phylovae_adapted,sim_neutral,neutral,NODE_ROOT,16,0.12638375,0,20,0.6931471605599453,62.43205902134655,0.962962962962963,0.6257142857142857,0.01490823991716687,0.2005681818181818,0.0
phylaflow_adapted,empirical,,NODE_ROOT,16,0.12638375,0,20,0.6931471700599454,114.92273735963013,0.9857142857142858,0.6536263736263737,0.01143303377955529,0.26844512324270847,0.0
phylaflow_adapted,sim_neutral,neutral,NODE_ROOT,16,0.12638375,0,20,0.6931471610599453,78.24619508423808,0.964021164021164,0.6278021978021978,0.012365843215897445,0.19984504132231407,0.0
neutral_bd,empirical,,NODE_0000002,16,0.035597500000000004,0,20,0.6931471700599454,119.8570691419369,0.9821428571428571,0.6759340659340659,0.006944175387740338,0.10705772210743802,0.9988939762115479
neutral_bd,sim_neutral,neutral,NODE_0000002,16,0.035597500000000004,0,20,0.6931471605599453,41.90767810158932,0.8964285714285715,0.5789835164835165,0.0022222364766127864,0.06262913223140495,0.9988939762115479
empirical_bd,empirical,,NODE_0000002,16,0.035597500000000004,0,20,0.6931471700599454,117.27814086702284,0.9821428571428572,0.6756868131868132,0.006944175387740338,0.11033811122589532,0.9297406673431396
empirical_bd,sim_neutral,neutral,NODE_0000002,16,0.035597500000000004,0,20,0.6931471605599453,41.90767810158932,0.9035714285714286,0.5705494505494506,0.0022222364766127864,0.06647727272727273,0.9297406673431396
plm_prior,empirical,,NODE_0000002,16,0.035597500000000004,0,20,0.6931471700599453,109.23452722945152,0.9642857142857143,0.6414010989010989,0.006944175387740338,0.10759814049586777,0.8441476821899414
plm_prior,sim_neutral,neutral,NODE_0000002,16,0.035597500000000004,0,20,0.6931471605599453,41.90767810158932,0.8964285714285715,0.5551373626373627,0.0022222364766127864,0.06317148760330579,0.8441476821899414
treesbm,empirical,,NODE_0000002,16,0.035597500000000004,0,17,0.6931471715599453,118.41113239046001,0.9831932773109244,0.6624434389140271,0.009637434338523598,0.09386875101280182,112.96931314468384
treesbm,sim_neutral,neutral,NODE_0000002,16,0.035597500000000004,0,17,0.6931471620599453,57.87141231540963,0.9327731092436975,0.6024240465416936,0.003967440734641596,0.050346378220709774,112.96931314468384
phylaflow,empirical,,NODE_0000002,16,0.035597500000000004,0,20,0.6931471700599453,116.84042248162845,0.9854395604395605,0.6685714285714286,0.007674246248901209,0.10369920798898072,0.8265256881713867
phylaflow,sim_neutral,neutral,NODE_0000002,16,0.035597500000000004,0,20,0.6931471610599453,78.41312108690624,0.9748677248677249,0.6535714285714286,0.012661285298144156,0.061492768595041325,0.8265256881713867
artreeformer_adapted,empirical,,NODE_0000002,16,0.035597500000000004,0,20,0.6931471700599453,112.53993205004274,0.9777777777777777,0.6782967032967033,0.006976643075308715,0.10543001033057851,0.0
artreeformer_adapted,sim_neutral,neutral,NODE_0000002,16,0.035597500000000004,0,20,0.6931471605599453,62.915648920067724,0.9444444444444444,0.6082417582417583,0.00390072728250626,0.06288739669421488,0.0
phylovae_adapted,empirical,,NODE_0000002,16,0.035597500000000004,0,20,0.6931471700599454,117.96444778928951,0.9925925925925926,0.6570604395604396,0.0058461956401838384,0.10439910468319559,0.0
phylovae_adapted,sim_neutral,neutral,NODE_0000002,16,0.035597500000000004,0,20,0.6931471605599453,62.598985024014695,0.937037037037037,0.6153021978021977,0.003739390858208247,0.06252582644628099,0.0
phylaflow_adapted,empirical,,NODE_0000002,16,0.035597500000000004,0,20,0.6931471700599453,110.99316399696639,0.9748677248677249,0.6701923076923076,0.006675021197674419,0.10837680785123967,0.0
phylaflow_adapted,sim_neutral,neutral,NODE_0000002,16,0.035597500000000004,0,20,0.6931471610599453,78.41312108690624,0.9491961741961742,0.630934065934066,0.003472253731452499,0.06650309917355372,0.0
neutral_bd,empirical,,NODE_0000003,16,0.028619374999999996,0,20,0.6931471700599451,110.70068085427386,0.9571428571428572,0.6621703296703296,0.008269447688509395,0.1004472279614325,1.1085069179534912
neutral_bd,sim_neutral,neutral,NODE_0000003,16,0.028619374999999996,0,20,0.6931471605599453,42.82180963219914,0.9142857142857143,0.545989010989011,0.0015262253283914833,0.04932851239669422,1.1085069179534912
empirical_bd,empirical,,NODE_0000003,16,0.028619374999999996,0,20,0.6931471700599451,115.45795525008255,0.9678571428571429,0.6782417582417583,0.008269447688509395,0.10215069731404959,0.8205909729003906
empirical_bd,sim_neutral,neutral,NODE_0000003,16,0.028619374999999996,0,20,0.6931471605599453,42.82180963219914,0.9107142857142857,0.5518956043956044,0.0015262253283914833,0.05196280991735537,0.8205909729003906
plm_prior,empirical,,NODE_0000003,16,0.028619374999999996,0,20,0.6931471700599451,112.07121370360085,0.9714285714285714,0.6667307692307692,0.008269447688509395,0.10372568009641873,0.7782766819000244
plm_prior,sim_neutral,neutral,NODE_0000003,16,0.028619374999999996,0,20,0.6931471605599453,42.82180963219914,0.9178571428571428,0.5903296703296703,0.0015262253283914833,0.053021694214876035,0.7782766819000244
treesbm,empirical,,NODE_0000003,16,0.028619374999999996,0,17,0.6931471715599451,118.13050861155155,0.9705882352941176,0.6589528118939884,0.010346117521658977,0.09256223667152812,112.5465943813324
treesbm,sim_neutral,neutral,NODE_0000003,16,0.028619374999999996,0,17,0.6931471620599453,58.296938935978204,0.9159663865546218,0.6139948287007111,0.0033650811858596044,0.04107924161400097,112.5465943813324
phylaflow,empirical,,NODE_0000003,16,0.028619374999999996,0,20,0.693147170059945,111.91998974893434,0.9785714285714285,0.6631593406593407,0.004648722264611993,0.09894864841597796,0.8235609531402588
phylaflow,sim_neutral,neutral,NODE_0000003,16,0.028619374999999996,0,20,0.6931471610599452,78.74613173280272,0.9533068783068783,0.6044780219780219,0.010216007376812487,0.05067148760330579,0.8235609531402588
artreeformer_adapted,empirical,,NODE_0000003,16,0.028619374999999996,0,20,0.6931471700599451,117.60255189896347,0.9888888888888889,0.6590384615384615,0.00781531589520603,0.10243328168044077,0.0
artreeformer_adapted,sim_neutral,neutral,NODE_0000003,16,0.028619374999999996,0,20,0.6931471605599453,63.24865956596423,0.9259259259259259,0.5569780219780219,0.003088920696385861,0.05384814049586777,0.0
phylovae_adapted,empirical,,NODE_0000003,16,0.028619374999999996,0,20,0.6931471700599451,114.94951263717455,0.9851851851851852,0.6839010989010988,0.006772301406076675,0.09946474690082645,0.0
phylovae_adapted,sim_neutral,neutral,NODE_0000003,16,0.028619374999999996,0,20,0.6931471605599453,62.9319956699112,0.9518518518518518,0.5899450549450549,0.003219601359206875,0.05023243801652893,0.0
phylaflow_adapted,empirical,,NODE_0000003,16,0.028619374999999996,0,20,0.6931471700599451,116.00037605867524,0.9748677248677249,0.6856043956043956,0.007768690093795699,0.10189264807162535,0.0
phylaflow_adapted,sim_neutral,neutral,NODE_0000003,16,0.028619374999999996,0,20,0.6931471610599452,78.74613173280272,0.9531746031746031,0.5526648351648352,0.0025566107083794995,0.05325413223140496,0.0
neutral_bd,empirical,,NODE_0000000,16,0.019494374999999994,0,20,0.6931471700599452,110.82661460280184,0.9607142857142857,0.6457417582417583,0.005294683929008962,0.03407258064516129,1.0144259929656982
neutral_bd,sim_neutral,neutral,NODE_0000000,16,0.019494374999999994,0,20,0.6931471605599453,42.10928425631266,0.9392857142857143,0.6112087912087912,0.001106312503248749,0.03424899193548387,1.0144259929656982
empirical_bd,empirical,,NODE_0000000,16,0.019494374999999994,0,20,0.6931471700599451,113.35292142154057,0.9785714285714285,0.6342582417582417,0.005294683929008962,0.037197580645161286,0.8562214374542236
empirical_bd,sim_neutral,neutral,NODE_0000000,16,0.019494374999999994,0,20,0.6931471605599453,42.10928425631266,0.9107142857142857,0.602912087912088,0.001106312503248749,0.037752016129032256,0.8562214374542236
plm_prior,empirical,,NODE_0000000,16,0.019494374999999994,0,20,0.6931471700599451,117.20804054736156,0.9821428571428572,0.645576923076923,0.005294683929008962,0.037651209677419355,0.6717956066131592
plm_prior,sim_neutral,neutral,NODE_0000000,16,0.019494374999999994,0,20,0.6931471605599453,42.10928425631266,0.9535714285714286,0.6210164835164835,0.001106312503248749,0.03843245967741935,0.6717956066131592
treesbm,empirical,,NODE_0000000,16,0.019494374999999994,0,19,0.693147170559946,120.317825384289,0.9887218045112782,0.6525737420474262,0.007363305450209798,0.028517614601018676,109.38745975494385
treesbm,sim_neutral,neutral,NODE_0000000,16,0.019494374999999994,0,19,0.6931471610599457,57.51540546439888,0.9172932330827067,0.6424812030075188,0.002512994419072732,0.028889006791171477,109.38745975494385
phylaflow,empirical,,NODE_0000000,16,0.019494374999999994,0,20,0.6931471700599452,119.77311208138906,0.9928571428571429,0.6718131868131868,0.003079798518875291,0.03467741935483871,1.0195207595825195
phylaflow,sim_neutral,neutral,NODE_0000000,16,0.019494374999999994,0,20,0.6931471610599452,78.39423194548019,0.982010582010582,0.6557142857142857,0.007131997716135825,0.03578629032258064,1.0195207595825195
artreeformer_adapted,empirical,,NODE_0000000,16,0.019494374999999994,0,20,0.6931471700599451,119.58076577336536,0.9925925925925926,0.6540384615384616,0.004963863986321616,0.0350554435483871,0.0
artreeformer_adapted,sim_neutral,neutral,NODE_0000000,16,0.019494374999999994,0,20,0.6931471605599453,62.89675977864165,0.9777777777777777,0.6460714285714285,0.002322081769869223,0.035912298387096774,0.0
phylovae_adapted,empirical,,NODE_0000000,16,0.019494374999999994,0,20,0.6931471700599451,115.35596419629758,0.9888888888888889,0.6416208791208792,0.004344701769338797,0.035635080645161285,0.0
phylovae_adapted,sim_neutral,neutral,NODE_0000000,16,0.019494374999999994,0,20,0.6931471605599453,62.58009588258862,0.9814814814814815,0.6473626373626373,0.0023141032445494745,0.035912298387096774,0.0
phylaflow_adapted,empirical,,NODE_0000000,16,0.019494374999999994,0,20,0.693147170059945,119.1357822849547,0.9892857142857143,0.663489010989011,0.004984904610262617,0.035836693548387095,0.0
phylaflow_adapted,sim_neutral,neutral,NODE_0000000,16,0.019494374999999994,0,20,0.6931471610599452,78.39423194548019,0.9711640211640211,0.6314835164835165,0.0019679329055841237,0.03669354838709677,0.0
neutral_bd,empirical,,NODE_ROOT,16,0.021256875,0,20,0.6931471700599453,108.8451849174368,0.9678571428571429,0.6361538461538462,0.0059250010059804705,0.03815524193548387,1.0143771171569824
neutral_bd,sim_neutral,neutral,NODE_ROOT,16,0.021256875,0,20,0.6931471605599453,42.12630442721897,0.925,0.5950824175824175,0.0012870193458807857,0.04024697580645161,1.0143771171569824
empirical_bd,empirical,,NODE_ROOT,16,0.021256875,0,20,0.6931471700599454,111.60862136144279,0.9714285714285714,0.6497802197802198,0.0059250010059804705,0.03815524193548387,0.8490381240844727
empirical_bd,sim_neutral,neutral,NODE_ROOT,16,0.021256875,0,20,0.6931471605599453,42.12630442721897,0.9178571428571428,0.5747802197802198,0.0012870193458807857,0.04054939516129032,0.8490381240844727
plm_prior,empirical,,NODE_ROOT,16,0.021256875,0,20,0.6931471700599453,113.17864081492614,0.9785714285714285,0.6538461538461539,0.0059250010059804705,0.03870967741935484,0.6619832515716553
plm_prior,sim_neutral,neutral,NODE_ROOT,16,0.021256875,0,20,0.6931471605599453,42.12630442721897,0.9535714285714286,0.6244505494505495,0.0012870193458807857,0.04122983870967742,0.6619832515716553
treesbm,empirical,,NODE_ROOT,16,0.021256875,0,19,0.6931471705599459,117.97423738380446,0.9849624060150376,0.6720358588779641,0.008212507768280463,0.032019312393887944,114.05255699157715
treesbm,sim_neutral,neutral,NODE_ROOT,16,0.021256875,0,19,0.6931471610599458,57.91303297946681,0.9586466165413534,0.6329381145170618,0.0026825978452787408,0.033637521222410864,114.05255699157715
phylaflow,empirical,,NODE_ROOT,16,0.021256875,0,20,0.6931471700599454,115.85653495648414,0.982010582010582,0.6734615384615384,0.003290024874507614,0.0377016129032258,1.0163161754608154
phylaflow,sim_neutral,neutral,NODE_ROOT,16,0.021256875,0,20,0.6931471610599453,78.24619508423808,0.971031746031746,0.6533791208791209,0.007957483832522835,0.040272177419354835,1.0163161754608154
artreeformer_adapted,empirical,,NODE_ROOT,16,0.021256875,0,20,0.6931471700599454,115.65000657140376,0.9888888888888889,0.6627472527472528,0.005362626860187819,0.03911290322580645,0.0
artreeformer_adapted,sim_neutral,neutral,NODE_ROOT,16,0.021256875,0,20,0.6931471605599453,62.74872291739958,0.9518518518518518,0.6215659340659341,0.002369679963295582,0.04140625,0.0
phylovae_adapted,empirical,,NODE_ROOT,16,0.021256875,0,20,0.6931471700599454,112.87515246785814,0.9740740740740741,0.6539835164835165,0.004716112289419807,0.04188508064516129,0.0
phylovae_adapted,sim_neutral,neutral,NODE_ROOT,16,0.021256875,0,20,0.6931471605599453,62.43205902134655,0.9666666666666667,0.6398901098901099,0.0025074631223494046,0.04405241935483871,0.0
phylaflow_adapted,empirical,,NODE_ROOT,16,0.021256875,0,20,0.6931471700599452,109.8218758214943,0.964021164021164,0.6510164835164836,0.005496003496224917,0.037197580645161286,0.0
phylaflow_adapted,sim_neutral,neutral,NODE_ROOT,16,0.021256875,0,20,0.6931471610599453,78.24619508423808,0.9678571428571429,0.616510989010989,0.002079849533740928,0.03969254032258064,0.0
neutral_bd,empirical,,NODE_0000017,16,0.012612500000000002,0,20,0.6931471700599454,110.61862881158177,0.9678571428571429,0.6252197802197802,0.00325658671782482,0.022776622292704725,1.017819881439209
neutral_bd,sim_neutral,neutral,NODE_0000017,16,0.012612500000000002,0,20,0.6931471605599453,42.2226345957915,0.8892857142857142,0.5182692307692308,0.0008585893531477411,0.02212301587301587,1.017819881439209
empirical_bd,empirical,,NODE_0000017,16,0.012612500000000002,0,20,0.6931471700599454,113.04647509052585,0.9642857142857143,0.6249175824175824,0.00325658671782482,0.02398449329304491,0.9734728336334229
empirical_bd,sim_neutral,neutral,NODE_0000017,16,0.012612500000000002,0,20,0.6931471605599453,42.2226345957915,0.8821428571428571,0.5088736263736263,0.0008585893531477411,0.02306547619047619,0.9734728336334229
plm_prior,empirical,,NODE_0000017,16,0.012612500000000002,0,20,0.6931471700599455,117.1329563842399,0.975,0.6232417582417582,0.00325658671782482,0.02381542630242553,0.5239927768707275
plm_prior,sim_neutral,neutral,NODE_0000017,16,0.012612500000000002,0,20,0.6931471605599453,42.2226345957915,0.8821428571428571,0.5188186813186814,0.0008585893531477411,0.02279265873015873,0.5239927768707275
treesbm,empirical,,NODE_0000017,16,0.012612500000000002,0,20,0.6931471700599453,122.5518514148865,0.9928571428571429,0.6476648351648352,0.004581012388953731,0.016553077550766303,148.30738520622253
treesbm,sim_neutral,neutral,NODE_0000017,16,0.012612500000000002,0,20,0.6931471605599453,57.161804166857024,0.9285714285714286,0.5843956043956043,0.0015665522810283871,0.015029761904761903,148.30738520622253
phylaflow,empirical,,NODE_0000017,16,0.012612500000000002,0,20,0.6931471700599454,121.98604025831416,0.9964285714285714,0.6623076923076923,0.0027600270191142236,0.021522358184530757,0.8675835132598877
phylaflow,sim_neutral,neutral,NODE_0000017,16,0.012612500000000002,0,20,0.6931471610599452,78.39031151565615,0.946031746031746,0.585054945054945,0.004634608320517224,0.021155753968253966,0.8675835132598877
artreeformer_adapted,empirical,,NODE_0000017,16,0.012612500000000002,0,20,0.6931471700599454,116.2491442411227,0.9888888888888889,0.6274175824175824,0.0031804726964081357,0.02540117844191419,0.0
artreeformer_adapted,sim_neutral,neutral,NODE_0000017,16,0.012612500000000002,0,20,0.6931471605599453,62.892839348817674,0.9296296296296296,0.5462912087912087,0.0015027729441380224,0.024379960317460318,0.0
phylovae_adapted,empirical,,NODE_0000017,16,0.012612500000000002,0,20,0.6931471700599454,113.84599887230638,0.9851851851851852,0.6193956043956044,0.0028102398786940585,0.023134989422065693,0.0
phylovae_adapted,sim_neutral,neutral,NODE_0000017,16,0.012612500000000002,0,20,0.6931471605599453,62.57617545276464,0.9,0.5322802197802198,0.0015616031596417182,0.021899801587301586,0.0
phylaflow_adapted,empirical,,NODE_0000017,16,0.012612500000000002,0,20,0.6931471700599455,117.4593218479712,0.9857142857142858,0.6432417582417582,0.003137041136071356,0.02456473023210311,0.0
phylaflow_adapted,sim_neutral,neutral,NODE_0000017,16,0.012612500000000002,0,20,0.6931471610599452,78.39031151565615,0.9462962962962963,0.5453571428571429,0.0013707208941506888,0.024107142857142855,0.0
neutral_bd,empirical,,NODE_0000010,16,0.035679999999999996,0,20,0.6931471700599451,107.35539298165284,0.9500000000000001,0.6116483516483516,0.0026056208970595047,0.04523583963710166,1.1498806476593018
neutral_bd,sim_neutral,neutral,NODE_0000010,16,0.035679999999999996,0,20,0.6931471605599453,43.32336667251519,0.9214285714285715,0.5973076923076923,0.002415307824541166,0.06041666666666666,1.1498806476593018
empirical_bd,empirical,,NODE_0000010,16,0.035679999999999996,0,20,0.6931471700599451,112.054792244351,0.9571428571428572,0.6237637362637363,0.0026056208970595047,0.049723221384265166,0.8607711791992188
empirical_bd,sim_neutral,neutral,NODE_0000010,16,0.035679999999999996,0,20,0.6931471605599453,43.32336667251519,0.9035714285714286,0.5627197802197802,0.002415307824541166,0.06542658730158729,0.8607711791992188
plm_prior,empirical,,NODE_0000010,16,0.035679999999999996,0,20,0.693147170059945,111.40583875854722,0.9678571428571429,0.6329395604395605,0.0026056208970595047,0.04864435339026608,0.8999533653259277
plm_prior,sim_neutral,neutral,NODE_0000010,16,0.035679999999999996,0,20,0.6931471605599453,43.32336667251519,0.9142857142857143,0.5442582417582418,0.002415307824541166,0.0630704365079365,0.8999533653259277
treesbm,empirical,,NODE_0000010,16,0.035679999999999996,0,18,0.6931471710599456,120.55985042244453,0.9880952380952381,0.6534798534798535,0.004563202876221176,0.032756719442099215,169.64256262779236
treesbm,sim_neutral,neutral,NODE_0000010,16,0.035679999999999996,0,18,0.6931471615599455,57.91666539029779,0.9285714285714286,0.597039072039072,0.004464899526029766,0.04852843915343915,169.64256262779236
phylaflow,empirical,,NODE_0000010,16,0.035679999999999996,0,20,0.6931471700599451,117.1820516071854,0.9891534391534391,0.6697252747252748,0.012921603968694307,0.0467649610707815,0.8641633987426758
phylaflow,sim_neutral,neutral,NODE_0000010,16,0.035679999999999996,0,20,0.6931471610599452,78.57409995010107,0.9711538461538461,0.6434065934065935,0.0130677260562192,0.0632688492063492,0.8641633987426758
artreeformer_adapted,empirical,,NODE_0000010,16,0.035679999999999996,0,20,0.6931471700599451,117.16372657895951,0.9851851851851852,0.6354120879120879,0.004243043032458323,0.046368871100685806,0.0
artreeformer_adapted,sim_neutral,neutral,NODE_0000010,16,0.035679999999999996,0,20,0.6931471605599453,63.076627783262595,0.9592592592592593,0.6081868131868132,0.003946489526051821,0.0617063492063492,0.0
phylovae_adapted,empirical,,NODE_0000010,16,0.035679999999999996,0,20,0.6931471700599451,111.90605885090238,0.9740740740740741,0.6321978021978022,0.004320442536391741,0.053362739946055386,0.0
phylovae_adapted,sim_neutral,neutral,NODE_0000010,16,0.035679999999999996,0,20,0.6931471605599453,62.75996388720955,0.9481481481481482,0.5843956043956043,0.004117503928810241,0.06902281746031745,0.0
phylaflow_adapted,empirical,,NODE_0000010,16,0.035679999999999996,0,20,0.6931471700599451,114.71770359485876,0.9821428571428572,0.6247802197802198,0.0037603374276386856,0.04659013362662103,0.0
phylaflow_adapted,sim_neutral,neutral,NODE_0000010,16,0.035679999999999996,0,20,0.6931471610599452,78.57409995010107,0.9678571428571429,0.5949175824175824,0.003604650042521877,0.062301587301587295,0.0
neutral_bd,empirical,,NODE_0000014,16,0.014226875000000003,0,20,0.6931471700599452,116.86280172295,0.9785714285714285,0.6479120879120879,0.004206803254375367,0.024675897901533496,1.052577257156372
neutral_bd,sim_neutral,neutral,NODE_0000014,16,0.014226875000000003,0,20,0.6931471605599453,42.76276171940623,0.8892857142857142,0.5264285714285715,0.000888727553165342,0.025024801587301585,1.052577257156372
empirical_bd,empirical,,NODE_0000014,16,0.014226875000000003,0,20,0.6931471700599453,110.25932254899355,0.9642857142857143,0.6166208791208792,0.004206803254375367,0.02555782553134248,0.8573958873748779
empirical_bd,sim_neutral,neutral,NODE_0000014,16,0.014226875000000003,0,20,0.6931471605599453,42.76276171940623,0.8857142857142857,0.5036538461538461,0.000888727553165342,0.026190476190476188,0.8573958873748779
plm_prior,empirical,,NODE_0000014,16,0.014226875000000003,0,20,0.6931471700599452,119.42247043580282,0.9821428571428571,0.6306868131868132,0.004206803254375367,0.0270539077212806,0.553337574005127
plm_prior,sim_neutral,neutral,NODE_0000014,16,0.014226875000000003,0,20,0.6931471605599453,42.76276171940623,0.8928571428571428,0.5203846153846154,0.000888727553165342,0.02775297619047619,0.553337574005127
treesbm,empirical,,NODE_0000014,16,0.014226875000000003,0,20,0.6931471700599452,120.37802657244538,0.9857142857142858,0.6825824175824176,0.00582785968170483,0.01825438861985472,140.20498323440552
treesbm,sim_neutral,neutral,NODE_0000014,16,0.014226875000000003,0,20,0.6931471605599453,57.0845713575128,0.9214285714285715,0.5655769230769231,0.0017868129863099493,0.018675595238095238,140.20498323440552
phylaflow,empirical,,NODE_0000014,16,0.014226875000000003,0,20,0.6931471700599452,113.47683408090819,0.9781644281644282,0.661978021978022,0.0035361883481733847,0.024379960317460318,1.027622938156128
phylaflow,sim_neutral,neutral,NODE_0000014,16,0.014226875000000003,0,20,0.6931471610599452,78.28956540282545,0.9423280423280423,0.55,0.005210179450515082,0.026215277777777775,1.027622938156128
artreeformer_adapted,empirical,,NODE_0000014,16,0.014226875000000003,0,20,0.6931471700599453,121.41056934928356,0.9962962962962963,0.6441208791208791,0.0036269065904767483,0.02564652273338714,0.0
artreeformer_adapted,sim_neutral,neutral,NODE_0000014,16,0.014226875000000003,0,20,0.6931471605599453,62.79209323598695,0.9148148148148149,0.546978021978022,0.0015951312908381032,0.026314484126984127,0.0
phylovae_adapted,empirical,,NODE_0000014,16,0.014226875000000003,0,20,0.6931471700599452,111.34900929507941,0.9740740740740741,0.6212087912087912,0.003270999375200815,0.027520513855259617,0.0
phylovae_adapted,sim_neutral,neutral,NODE_0000014,16,0.014226875000000003,0,20,0.6931471605599453,62.47542933993391,0.8925925925925926,0.5648351648351648,0.0015581965856207246,0.02800099206349206,0.0
phylaflow_adapted,empirical,,NODE_0000014,16,0.014226875000000003,0,20,0.6931471700599451,115.28073196937956,0.9854497354497355,0.6308241758241758,0.0038546448938138267,0.025956332391713747,0.0
phylaflow_adapted,sim_neutral,neutral,NODE_0000014,16,0.014226875000000003,0,20,0.6931471610599452,78.28956540282545,0.9240638990638991,0.555054945054945,0.0013281121380069418,0.027232142857142858,0.0
neutral_bd,empirical,,NODE_0000008,16,0.065234375,0,20,0.6931471700599452,114.72759355895494,0.9785714285714285,0.6461538461538462,0.006367305855162585,0.07328270619959915,1.0217320919036865
neutral_bd,sim_neutral,neutral,NODE_0000008,16,0.065234375,0,20,0.6931471605599453,41.627601048128106,0.9357142857142857,0.6060714285714286,0.004066517239314765,0.11259920634920634,1.0217320919036865
empirical_bd,empirical,,NODE_0000008,16,0.065234375,0,20,0.6931471700599453,109.5686494725336,0.9535714285714286,0.6056318681318682,0.006367305855162585,0.07655649094910158,0.9710893630981445
empirical_bd,sim_neutral,neutral,NODE_0000008,16,0.065234375,0,20,0.6931471605599453,41.627601048128106,0.9464285714285714,0.6072252747252748,0.004066517239314765,0.11790674603174602,0.9710893630981445
plm_prior,empirical,,NODE_0000008,16,0.065234375,0,20,0.6931471700599451,110.18230497408408,0.9464285714285714,0.6495054945054946,0.006367305855162585,0.07218449790072431,1.1906232833862305
plm_prior,sim_neutral,neutral,NODE_0000008,16,0.065234375,0,20,0.6931471605599453,41.627601048128106,0.9285714285714286,0.5966208791208791,0.004066517239314765,0.11185515873015872,1.1906232833862305
treesbm,empirical,,NODE_0000008,16,0.065234375,0,17,0.6931471715599453,118.0349810681549,0.9831932773109244,0.676890756302521,0.007802013136010443,0.04834960176684631,171.51223015785217
treesbm,sim_neutral,neutral,NODE_0000008,16,0.065234375,0,17,0.6931471620599453,58.95733016795751,0.9831932773109243,0.6773432449903038,0.008963351759167175,0.08817693744164332,171.51223015785217
phylaflow,empirical,,NODE_0000008,16,0.065234375,0,20,0.6931471700599454,121.24587432105838,0.9928571428571429,0.6658516483516483,0.02802631927655121,0.0707965906439204,0.8624701499938965
phylaflow,sim_neutral,neutral,NODE_0000008,16,0.065234375,0,20,0.6931471610599453,78.56115794814829,0.9892857142857143,0.6658516483516483,0.023477537358291965,0.1111111111111111,0.8624701499938965
artreeformer_adapted,empirical,,NODE_0000008,16,0.065234375,0,20,0.6931471700599451,110.81689646951878,0.9703703703703703,0.6412362637362637,0.009373933632108108,0.07120510398930541,0.0
artreeformer_adapted,sim_neutral,neutral,NODE_0000008,16,0.065234375,0,20,0.6931471605599453,63.0636857813098,0.9703703703703703,0.6356318681318681,0.006948782256900243,0.11086309523809523,0.0
phylovae_adapted,empirical,,NODE_0000008,16,0.065234375,0,20,0.6931471700599451,114.92515797424821,0.9851851851851852,0.6615659340659341,0.011309346747735514,0.06989236961183082,0.0
phylovae_adapted,sim_neutral,neutral,NODE_0000008,16,0.065234375,0,20,0.6931471605599453,62.74702188525677,0.9703703703703703,0.6182692307692308,0.007207533210298127,0.10952380952380952,0.0
phylaflow_adapted,empirical,,NODE_0000008,16,0.065234375,0,20,0.6931471700599455,114.60743050495032,0.9857142857142858,0.638598901098901,0.008309236640702851,0.06966116336245981,0.0
phylaflow_adapted,sim_neutral,neutral,NODE_0000008,16,0.065234375,0,20,0.6931471610599453,78.56115794814829,0.9638888888888889,0.6161538461538462,0.005872692911378925,0.10880456349206348,0.0
neutral_bd,empirical,,NODE_0000000,16,0.07222125000000001,0,20,0.6931471700599453,115.52162953859701,0.9714285714285714,0.6208241758241758,0.006402939725789362,0.09539563556338514,1.124535083770752
neutral_bd,sim_neutral,neutral,NODE_0000000,16,0.07222125000000001,0,20,0.6931471605599453,42.10928425631266,0.9285714285714286,0.6214560439560439,0.004098580840640121,0.12279265873015872,1.124535083770752
empirical_bd,empirical,,NODE_0000000,16,0.07222125000000001,0,20,0.6931471700599451,120.25299663311702,0.9892857142857143,0.6258241758241758,0.006402939725789362,0.09513974229760273,0.8562502861022949
empirical_bd,sim_neutral,neutral,NODE_0000000,16,0.07222125000000001,0,20,0.6931471605599453,42.10928425631266,0.9464285714285714,0.5823076923076923,0.004098580840640121,0.1232390873015873,0.8562502861022949
plm_prior,empirical,,NODE_0000000,16,0.07222125000000001,0,20,0.6931471700599451,115.17998406342664,0.9678571428571429,0.6421153846153846,0.006402939725789362,0.09582490584569013,1.2565183639526367
plm_prior,sim_neutral,neutral,NODE_0000000,16,0.07222125000000001,0,20,0.6931471605599453,42.10928425631266,0.9821428571428571,0.6335164835164835,0.004098580840640121,0.12194940476190474,1.2565183639526367
treesbm,empirical,,NODE_0000000,16,0.07222125000000001,0,17,0.6931471715599451,120.24906332600042,0.9831932773109243,0.645087265675501,0.011463087454729985,0.07086642471822945,181.05203247070312
treesbm,sim_neutral,neutral,NODE_0000000,16,0.07222125000000001,0,17,0.6931471620599453,58.370121115855554,0.953781512605042,0.6552682611506141,0.009418157515678137,0.09836017740429505,181.05203247070312
phylaflow,empirical,,NODE_0000000,16,0.07222125000000001,0,20,0.6931471700599451,119.44303282292321,0.9928571428571429,0.6790659340659341,0.026864427106705772,0.0934224444500671,0.8615572452545166
phylaflow,sim_neutral,neutral,NODE_0000000,16,0.07222125000000001,0,20,0.6931471610599452,78.39423194548019,0.9817358567358567,0.6588461538461539,0.02642207252381647,0.12249503968253968,0.8615572452545166
artreeformer_adapted,empirical,,NODE_0000000,16,0.07222125000000001,0,20,0.6931471700599451,109.71927034832191,0.962962962962963,0.615934065934066,0.008025017031702806,0.09470467309503709,0.0
artreeformer_adapted,sim_neutral,neutral,NODE_0000000,16,0.07222125000000001,0,20,0.6931471605599453,62.89675977864165,0.9666666666666667,0.6138736263736264,0.008602668617084043,0.12294146825396825,0.0
phylovae_adapted,empirical,,NODE_0000000,16,0.07222125000000001,0,20,0.6931471700599451,109.92642154972484,0.9740740740740741,0.6082142857142857,0.008783687357223577,0.09737989268008648,0.0
phylovae_adapted,sim_neutral,neutral,NODE_0000000,16,0.07222125000000001,0,20,0.6931471605599453,62.58009588258862,0.9481481481481482,0.6090384615384615,0.008573110394686612,0.1261656746031746,0.0
phylaflow_adapted,empirical,,NODE_0000000,16,0.07222125000000001,0,20,0.6931471700599451,115.3212334775715,0.9783068783068783,0.6369230769230769,0.0071352183990307586,0.09217845810003095,0.0
phylaflow_adapted,sim_neutral,neutral,NODE_0000000,16,0.07222125000000001,0,20,0.6931471610599452,78.39423194548019,0.9714285714285714,0.6164560439560439,0.007290645345512101,0.1204861111111111,0.0
neutral_bd,empirical,,NODE_0000000,16,0.024114375,0,20,0.6931471700599451,106.08290593562793,0.9571428571428572,0.6107417582417582,0.0032312536764630873,0.636116723778808,1.037527084350586
neutral_bd,sim_neutral,neutral,NODE_0000000,16,0.024114375,0,20,0.6931471605599453,42.10928425631266,0.9428571428571428,0.6090384615384615,0.0013684990963049118,0.042800000000000005,1.037527084350586
empirical_bd,empirical,,NODE_0000000,16,0.024114375,0,20,0.693147170059945,118.72293303051433,0.9892857142857143,0.6418406593406594,0.0032312536764630873,0.6386782957065108,0.8636643886566162
empirical_bd,sim_neutral,neutral,NODE_0000000,16,0.024114375,0,20,0.6931471605599453,42.10928425631266,0.9464285714285714,0.6305494505494506,0.0013684990963049118,0.0466,0.8636643886566162
plm_prior,empirical,,NODE_0000000,16,0.024114375,0,20,0.693147170059945,114.42263948642659,0.975,0.6273351648351648,0.0032312536764630873,0.6384754770543573,0.7645719051361084
plm_prior,sim_neutral,neutral,NODE_0000000,16,0.024114375,0,20,0.6931471605599453,42.10928425631266,0.9535714285714285,0.6277197802197803,0.0013684990963049118,0.0462,0.7645719051361084
treesbm,empirical,,NODE_0000000,16,0.024114375,0,15,0.6931471725599454,127.63506164662192,1.0,0.6568864468864469,0.005739455115024042,0.6338821989294273,129.35575985908508
treesbm,sim_neutral,neutral,NODE_0000000,16,0.024114375,0,15,0.6931471630599453,59.196481362016335,0.9666666666666667,0.6485714285714286,0.0029989921213728846,0.0373,129.35575985908508
phylaflow,empirical,,NODE_0000000,16,0.024114375,0,20,0.6931471700599451,119.44528164683595,0.9927248677248677,0.6602472527472527,0.006194818332070567,0.6382779295168984,1.0282013416290283
phylaflow,sim_neutral,neutral,NODE_0000000,16,0.024114375,0,20,0.6931471610599452,78.39423194548019,0.9892857142857143,0.6582967032967033,0.008822220123807144,0.046775,1.0282013416290283
artreeformer_adapted,empirical,,NODE_0000000,16,0.024114375,0,20,0.693147170059945,116.85943901991074,0.9851851851851852,0.6553296703296704,0.003357286708134624,0.6378976046496002,0.0
artreeformer_adapted,sim_neutral,neutral,NODE_0000000,16,0.024114375,0,20,0.6931471605599453,62.89675977864165,0.9851851851851852,0.6641208791208791,0.002872395271933066,0.045375,0.0
phylovae_adapted,empirical,,NODE_0000000,16,0.024114375,0,20,0.6931471700599451,113.99080718168642,0.9777777777777777,0.6308516483516483,0.0028479114577501363,0.638178675334274,0.0
phylovae_adapted,sim_neutral,neutral,NODE_0000000,16,0.024114375,0,20,0.6931471605599453,62.58009588258862,0.9740740740740741,0.6416208791208791,0.002862525904410003,0.04585,0.0
phylaflow_adapted,empirical,,NODE_0000000,16,0.024114375,0,20,0.693147170059945,120.70984106567363,0.9892857142857143,0.6447802197802198,0.0032481981999418924,0.6373148945105154,0.0
phylaflow_adapted,sim_neutral,neutral,NODE_0000000,16,0.024114375,0,20,0.6931471610599452,78.39423194548019,0.9674603174603175,0.6582967032967033,0.0024343161583839012,0.04515,0.0
neutral_bd,empirical,,NODE_0000002,16,0.019310625,0,20,0.6931471700599456,113.73271685373112,0.9714285714285714,0.6243681318681319,0.0042340593379204,0.6385311949875697,1.0155773162841797
neutral_bd,sim_neutral,neutral,NODE_0000002,16,0.019310625,0,20,0.6931471605599453,41.90767810158932,0.9285714285714286,0.6011538461538461,0.0012054996913039061,0.030075,1.0155773162841797
empirical_bd,empirical,,NODE_0000002,16,0.019310625,0,20,0.6931471700599456,117.36168831329192,0.9821428571428572,0.636978021978022,0.0042340593379204,0.639063431431835,0.9681172370910645
empirical_bd,sim_neutral,neutral,NODE_0000002,16,0.019310625,0,20,0.6931471605599453,41.90767810158932,0.9428571428571428,0.6042307692307692,0.0012054996913039061,0.032875,0.9681172370910645
plm_prior,empirical,,NODE_0000002,16,0.019310625,0,20,0.6931471700599456,117.58309493955132,0.9857142857142858,0.6235439560439561,0.0042340593379204,0.6398740274138278,0.6722433567047119
plm_prior,sim_neutral,neutral,NODE_0000002,16,0.019310625,0,20,0.6931471605599453,41.90767810158932,0.9214285714285714,0.582032967032967,0.0012054996913039061,0.033575,0.6722433567047119
treesbm,empirical,,NODE_0000002,16,0.019310625,0,16,0.6931471720599456,112.82606681495116,0.9553571428571429,0.6334134615384616,0.006381738778685435,0.6347431549418799,124.73189973831177
treesbm,sim_neutral,neutral,NODE_0000002,16,0.019310625,0,16,0.6931471625599455,58.63347267756298,0.9241071428571429,0.6543956043956044,0.0024354720111492336,0.02446875,124.73189973831177
phylaflow,empirical,,NODE_0000002,16,0.019310625,0,20,0.6931471700599451,121.69402459285735,0.9964285714285714,0.6596153846153846,0.003490289825568829,0.6380495834173218,0.8674795627593994
phylaflow,sim_neutral,neutral,NODE_0000002,16,0.019310625,0,20,0.6931471610599453,78.41312108690624,0.9708892958892958,0.612445054945055,0.0068683849262019805,0.031675,0.8674795627593994
artreeformer_adapted,empirical,,NODE_0000002,16,0.019310625,0,20,0.6931471700599456,117.78515498319882,0.9888888888888889,0.6316208791208792,0.0038648205354317494,0.6385123059866962,0.0
artreeformer_adapted,sim_neutral,neutral,NODE_0000002,16,0.019310625,0,20,0.6931471605599453,62.915648920067724,0.962962962962963,0.6203021978021978,0.0021160329174730653,0.034575,0.0
phylovae_adapted,empirical,,NODE_0000002,16,0.019310625,0,20,0.6931471700599456,122.86301329951246,1.0,0.6591483516483516,0.003328034367748233,0.6394740274138279,0.0
phylovae_adapted,sim_neutral,neutral,NODE_0000002,16,0.019310625,0,20,0.6931471605599453,62.598985024014695,0.9666666666666667,0.6113186813186813,0.0020285125245112054,0.031875,0.0
phylaflow_adapted,empirical,,NODE_0000002,16,0.019310625,0,20,0.6931471700599451,112.72807641835189,0.9714285714285714,0.6307967032967033,0.003922246016411703,0.6384368860444802,0.0
phylaflow_adapted,sim_neutral,neutral,NODE_0000002,16,0.019310625,0,20,0.6931471610599453,78.41312108690624,0.971021571021571,0.6244780219780219,0.0018835982783321837,0.033325,0.0
neutral_bd,empirical,,NODE_0000001,16,0.018788125,0,20,0.6931471700599452,113.73693044585289,0.9714285714285714,0.6258516483516483,0.0039051470120421076,0.6372358294698649,1.137420892715454
neutral_bd,sim_neutral,neutral,NODE_0000001,16,0.018788125,0,20,0.6931471605599453,41.7419668463002,0.9392857142857143,0.6162087912087912,0.0013934427846033343,0.03295,1.137420892715454
empirical_bd,empirical,,NODE_0000001,16,0.018788125,0,20,0.6931471700599453,110.53225971981966,0.9642857142857143,0.6171978021978022,0.0039051470120421076,0.6368792985285225,0.8615577220916748
empirical_bd,sim_neutral,neutral,NODE_0000001,16,0.018788125,0,20,0.6931471605599453,41.7419668463002,0.9464285714285714,0.6157417582417583,0.0013934427846033343,0.03675,0.8615577220916748
plm_prior,empirical,,NODE_0000001,16,0.018788125,0,20,0.6931471700599453,118.63311796068405,0.9892857142857143,0.6295879120879121,0.0039051470120421076,0.6387823607471612,0.6662871837615967
plm_prior,sim_neutral,neutral,NODE_0000001,16,0.018788125,0,20,0.6931471605599453,41.7419668463002,0.9464285714285714,0.6248901098901098,0.0013934427846033343,0.037525,0.6662871837615967
treesbm,empirical,,NODE_0000001,16,0.018788125,0,16,0.6931471720599456,114.53551853520567,0.96875,0.6413804945054945,0.006018038764450181,0.6336321453168043,124.82893943786621
treesbm,sim_neutral,neutral,NODE_0000001,16,0.018788125,0,16,0.6931471625599454,59.03147786308739,0.9553571428571429,0.6392857142857143,0.0026751689866795457,0.030281250000000003,124.82893943786621
phylaflow,empirical,,NODE_0000001,16,0.018788125,0,20,0.6931471700599454,117.30560729126611,0.9891534391534391,0.6837912087912088,0.0035251122948313,0.6370324833702883,1.0398852825164795
phylaflow,sim_neutral,neutral,NODE_0000001,16,0.018788125,0,20,0.6931471610599452,78.81112627243063,0.9857142857142858,0.639010989010989,0.006627465833348583,0.035675,1.0398852825164795
artreeformer_adapted,empirical,,NODE_0000001,16,0.018788125,0,20,0.6931471700599454,118.10974957091724,0.9925925925925926,0.6422252747252747,0.003524415817568405,0.6373390143116306,0.0
artreeformer_adapted,sim_neutral,neutral,NODE_0000001,16,0.018788125,0,20,0.6931471605599453,63.313654105592136,0.9777777777777777,0.6012087912087912,0.0022193752088810765,0.035675,0.0
phylovae_adapted,empirical,,NODE_0000001,16,0.018788125,0,20,0.6931471700599454,113.31822130376813,0.9851851851851852,0.6429945054945055,0.0030603028719859296,0.6358179432910032,0.0
phylovae_adapted,sim_neutral,neutral,NODE_0000001,16,0.018788125,0,20,0.6931471605599453,62.996990209539106,0.9740740740740741,0.6329120879120879,0.002227579598733944,0.032925,0.0
phylaflow_adapted,empirical,,NODE_0000001,16,0.018788125,0,20,0.6931471700599454,104.14758540853737,0.9605820105820105,0.6125824175824176,0.0036257011730568313,0.6367576177517973,0.0
phylaflow_adapted,sim_neutral,neutral,NODE_0000001,16,0.018788125,0,20,0.6931471610599452,78.81112627243063,0.9563288563288563,0.6256593406593407,0.00196354161114776,0.033875,0.0
neutral_bd,empirical,,NODE_ROOT,16,0.048066874999999995,0,20,0.6931471700599454,113.47099187770557,0.9714285714285714,0.6415659340659341,0.004730021562700809,0.6321672764227642,1.043703556060791
neutral_bd,sim_neutral,neutral,NODE_ROOT,16,0.048066874999999995,0,20,0.6931471605599453,42.12630442721897,0.9428571428571428,0.603489010989011,0.002910258352699232,0.08795,1.043703556060791
empirical_bd,empirical,,NODE_ROOT,16,0.048066874999999995,0,20,0.6931471700599456,125.71110097771265,1.0,0.6551648351648351,0.004730021562700809,0.6328524390243903,0.8748185634613037
empirical_bd,sim_neutral,neutral,NODE_ROOT,16,0.048066874999999995,0,20,0.6931471605599453,42.12630442721897,0.925,0.5981593406593406,0.002910258352699232,0.091525,0.8748185634613037
plm_prior,empirical,,NODE_ROOT,16,0.048066874999999995,0,20,0.6931471700599456,115.26831332577709,0.9785714285714285,0.6534340659340659,0.004730021562700809,0.6283857723577235,1.010608434677124
plm_prior,sim_neutral,neutral,NODE_ROOT,16,0.048066874999999995,0,20,0.6931471605599453,42.12630442721897,0.9428571428571428,0.5944230769230769,0.002910258352699232,0.086825,1.010608434677124
treesbm,empirical,,NODE_ROOT,16,0.048066874999999995,0,16,0.6931471720599456,118.30520309955836,0.9821428571428572,0.6588255494505495,0.008744893047464921,0.6202428861788618,119.17104125022888
treesbm,sim_neutral,neutral,NODE_ROOT,16,0.048066874999999995,0,16,0.6931471625599455,58.482594879044186,0.96875,0.6535370879120879,0.005704749630422812,0.07184375,119.17104125022888
phylaflow,empirical,,NODE_ROOT,16,0.048066874999999995,0,20,0.6931471700599454,119.10776293034337,0.9892857142857143,0.6725,0.01552694899099355,0.6289707317073171,0.9816005229949951
phylaflow,sim_neutral,neutral,NODE_ROOT,16,0.048066874999999995,0,20,0.6931471610599453,78.24619508423808,0.9892857142857143,0.6665384615384615,0.01799377287077221,0.087425,0.9816005229949951
artreeformer_adapted,empirical,,NODE_ROOT,16,0.048066874999999995,0,20,0.6931471700599455,119.73509376485043,0.9925925925925926,0.6546428571428572,0.005005933351584797,0.6310741869918699,0.0
artreeformer_adapted,sim_neutral,neutral,NODE_ROOT,16,0.048066874999999995,0,20,0.6931471605599453,62.74872291739958,0.9740740740740741,0.6175274725274725,0.005358412776371566,0.08665,0.0
phylovae_adapted,empirical,,NODE_ROOT,16,0.048066874999999995,0,20,0.6931471700599454,112.92343281583118,0.9851851851851852,0.6617582417582417,0.004966325724025241,0.630564837398374,0.0
phylovae_adapted,sim_neutral,neutral,NODE_ROOT,16,0.048066874999999995,0,20,0.6931471605599453,62.43205902134655,0.9666666666666667,0.6364835164835165,0.005669973430670243,0.08605,0.0
phylaflow_adapted,empirical,,NODE_ROOT,16,0.048066874999999995,0,20,0.6931471700599456,111.59641578265916,0.9785714285714285,0.6693131868131869,0.004937495310884538,0.6299022357723577,0.0
phylaflow_adapted,sim_neutral,neutral,NODE_ROOT,16,0.048066874999999995,0,20,0.6931471610599453,78.24619508423808,0.9677248677248678,0.6461813186813187,0.004703036902514291,0.0887,0.0
neutral_bd,empirical,,NODE_ROOT,16,0.06864812499999999,0,20,0.6931471700599456,115.72500452552399,0.9714285714285714,0.6279120879120879,0.016146360995525817,0.7139402878086949,1.0042929649353027
neutral_bd,sim_neutral,neutral,NODE_ROOT,16,0.06864812499999999,0,20,0.6931471605599453,42.12630442721897,0.9392857142857143,0.5907142857142857,0.0041563712885098305,0.11713627049180328,1.0042929649353027
empirical_bd,empirical,,NODE_ROOT,16,0.06864812499999999,0,20,0.6931471700599456,112.56895118925165,0.975,0.6282692307692308,0.016146360995525817,0.7126595380440998,0.9425981044769287
empirical_bd,sim_neutral,neutral,NODE_ROOT,16,0.06864812499999999,0,20,0.6931471605599453,42.12630442721897,0.9107142857142857,0.5932967032967033,0.0041563712885098305,0.11629098360655737,0.9425981044769287
plm_prior,empirical,,NODE_ROOT,16,0.06864812499999999,0,20,0.6931471700599456,118.38552033682072,0.9892857142857143,0.6369230769230769,0.016146360995525817,0.7120957939482834,1.2026140689849854
plm_prior,sim_neutral,neutral,NODE_ROOT,16,0.06864812499999999,0,20,0.6931471605599453,42.12630442721897,0.95,0.6183516483516484,0.0041563712885098305,0.11508709016393442,1.2026140689849854
treesbm,empirical,,NODE_ROOT,16,0.06864812499999999,0,16,0.6931471720599456,119.06104785443192,0.9866071428571429,0.6794642857142857,0.021103433915172283,0.701574675293732,133.44174075126648
treesbm,sim_neutral,neutral,NODE_ROOT,16,0.06864812499999999,0,16,0.6931471625599455,58.3771075387651,0.9553571428571429,0.6185096153846154,0.00713959812510704,0.09826460040983606,133.44174075126648
phylaflow,empirical,,NODE_ROOT,16,0.06864812499999999,0,20,0.6931471700599454,122.08608263890844,0.9964285714285714,0.6742307692307692,0.023695061170028366,0.7097688207167746,0.8362381458282471
phylaflow,sim_neutral,neutral,NODE_ROOT,16,0.06864812499999999,0,20,0.6931471610599453,78.24619508423808,0.9785714285714285,0.6503021978021978,0.02569833735299787,0.1147797131147541,0.8362381458282471
artreeformer_adapted,empirical,,NODE_ROOT,16,0.06864812499999999,0,20,0.6931471700599456,108.75830836601165,0.9703703703703703,0.6055769230769231,0.013308547048015802,0.7122025922415502,0.0
artreeformer_adapted,sim_neutral,neutral,NODE_ROOT,16,0.06864812499999999,0,20,0.6931471605599453,62.74872291739958,0.9777777777777777,0.6515384615384615,0.0076527752235599315,0.11595799180327868,0.0
phylovae_adapted,empirical,,NODE_ROOT,16,0.06864812499999999,0,20,0.6931471700599456,116.6366823146756,0.9851851851851852,0.6535164835164835,0.01215160344815243,0.7110630085746472,0.0
phylovae_adapted,sim_neutral,neutral,NODE_ROOT,16,0.06864812499999999,0,20,0.6931471605599453,62.43205902134655,0.9740740740740741,0.6313736263736264,0.008097739759768649,0.11239754098360656,0.0
phylaflow_adapted,empirical,,NODE_ROOT,16,0.06864812499999999,0,20,0.6931471700599456,117.11516798511147,0.989010989010989,0.6483516483516484,0.014051923658141048,0.7125054103812606,0.0
phylaflow_adapted,sim_neutral,neutral,NODE_ROOT,16,0.06864812499999999,0,20,0.6931471610599453,78.24619508423808,0.9857142857142858,0.6538186813186813,0.00671678084259511,0.11562499999999999,0.0
