family_id,donor_id,family,n_pcp_rows,excluded,exclusion_reason,root_source,n_topo_roots,n_naive_flagged,n_leaves,max_depth,passed_stage
sample-igg-SC-24::1401,sample-igg-SC-24,1401,2,True,lt_min_leaves,topological,1,0,1,2,after_topology_validation
sample-igg-SC-24::474,sample-igg-SC-24,474,1,True,lt_min_leaves,topological,1,0,0,2,after_topology_validation
sample-igg-SC-24::238,sample-igg-SC-24,238,2,True,lt_min_leaves,topological,1,0,2,2,after_topology_validation
sample-igg-SC-24::1257,sample-igg-SC-24,1257,2,True,lt_min_leaves,topological,1,0,2,2,after_topology_validation
sample-igg-SC-24::818,sample-igg-SC-24,818,1,True,lt_min_leaves,topological,1,0,1,2,after_topology_validation
sample-igg-SC-24::411,sample-igg-SC-24,411,4,True,lt_min_leaves,topological,1,0,2,3,after_topology_validation
sample-igg-SC-24::526,sample-igg-SC-24,526,2,True,lt_min_leaves,topological,1,0,0,2,after_topology_validation
sample-igg-SC-24::55,sample-igg-SC-24,55,2,True,lt_min_leaves,topological,1,0,2,2,after_topology_validation
sample-igg-SC-24::1604,sample-igg-SC-24,1604,2,True,lt_min_leaves,topological,1,0,2,2,after_topology_validation
sample-igg-SC-24::1012,sample-igg-SC-24,1012,2,True,lt_min_leaves,topological,1,0,1,2,after_topology_validation
sample-igg-SC-24::1090,sample-igg-SC-24,1090,4,True,lt_min_leaves,topological,1,0,3,3,after_topology_validation
sample-igg-SC-24::1922,sample-igg-SC-24,1922,5,True,lt_min_leaves,topological,1,0,3,4,after_topology_validation
sample-igg-SC-24::360,sample-igg-SC-24,360,4,True,lt_min_leaves,topological,1,0,3,3,after_topology_validation
sample-igg-SC-24::1334,sample-igg-SC-24,1334,2,True,lt_min_leaves,topological,1,0,2,2,after_topology_validation
sample-igg-SC-24::18,sample-igg-SC-24,18,2,True,lt_min_leaves,topological,1,0,2,2,after_topology_validation
sample-igg-SC-24::1735,sample-igg-SC-24,1735,2,True,lt_min_leaves,topological,1,0,1,2,after_topology_validation
sample-igg-SC-24::1117,sample-igg-SC-24,1117,6,False,,topological,1,0,4,4,final_eligible
sample-igg-SC-24::1112,sample-igg-SC-24,1112,2,True,lt_min_leaves,topological,1,0,2,2,after_topology_validation
sample-igg-SC-24::386,sample-igg-SC-24,386,2,True,lt_min_leaves,topological,1,0,2,2,after_topology_validation
sample-igg-SC-24::711,sample-igg-SC-24,711,2,True,lt_min_leaves,topological,1,0,1,2,after_topology_validation
sample-igg-SC-24::1862,sample-igg-SC-24,1862,1,True,lt_min_leaves,topological,1,0,1,2,after_topology_validation
sample-igg-SC-24::995,sample-igg-SC-24,995,4,True,lt_min_leaves,topological,1,0,2,3,after_topology_validation
sample-igg-SC-24::1008,sample-igg-SC-24,1008,2,True,lt_min_leaves,topological,1,0,2,2,after_topology_validation
sample-igg-SC-24::2059,sample-igg-SC-24,2059,2,True,lt_min_leaves,topological,1,0,0,2,after_topology_validation
sample-igg-SC-24::277,sample-igg-SC-24,277,1,True,lt_min_leaves,topological,1,0,1,2,after_topology_validation
sample-igg-SC-24::365,sample-igg-SC-24,365,1,True,lt_min_leaves,topological,1,0,1,2,after_topology_validation
sample-igg-SC-24::2105,sample-igg-SC-24,2105,2,True,lt_min_leaves,topological,1,0,2,2,after_topology_validation
sample-igg-SC-24::141,sample-igg-SC-24,141,2,True,lt_min_leaves,topological,1,0,2,2,after_topology_validation
sample-igg-SC-24::58,sample-igg-SC-24,58,2,True,lt_min_leaves,topological,1,0,2,2,after_topology_validation
sample-igg-SC-24::1374,sample-igg-SC-24,1374,2,True,lt_min_leaves,topological,1,0,1,2,after_topology_validation
sample-igg-SC-24::606,sample-igg-SC-24,606,2,True,lt_min_leaves,topological,1,0,2,2,after_topology_validation
sample-igg-SC-24::997,sample-igg-SC-24,997,2,True,lt_min_leaves,topological,1,0,0,2,after_topology_validation
sample-igg-SC-24::1819,sample-igg-SC-24,1819,2,True,multi_root_no_usable_naive,,2,0,0,3,raw_families
sample-igg-SC-24::1032,sample-igg-SC-24,1032,2,True,lt_min_leaves,topological,1,0,1,2,after_topology_validation
sample-igg-SC-24::905,sample-igg-SC-24,905,2,True,lt_min_leaves,topological,1,0,2,2,after_topology_validation
sample-igg-SC-24::910,sample-igg-SC-24,910,2,True,lt_min_leaves,topological,1,0,1,2,after_topology_validation
sample-igg-SC-24::627,sample-igg-SC-24,627,2,True,lt_min_leaves,topological,1,0,0,2,after_topology_validation
sample-igg-SC-24::145,sample-igg-SC-24,145,2,True,lt_min_leaves,topological,1,0,2,2,after_topology_validation
sample-igg-SC-24::1365,sample-igg-SC-24,1365,2,True,lt_min_leaves,topological,1,0,0,3,after_topology_validation
sample-igg-SC-24::1454,sample-igg-SC-24,1454,4,True,lt_min_leaves,topological,1,0,3,3,after_topology_validation
sample-igg-SC-24::741,sample-igg-SC-24,741,4,True,lt_min_leaves,topological,1,0,2,3,after_topology_validation
sample-igg-SC-24::72,sample-igg-SC-24,72,1,True,lt_min_leaves,topological,1,0,1,2,after_topology_validation
sample-igg-SC-24::383,sample-igg-SC-24,383,1,True,lt_min_leaves,topological,1,0,1,2,after_topology_validation
sample-igg-SC-24::351,sample-igg-SC-24,351,2,True,lt_min_leaves,topological,1,0,2,2,after_topology_validation
sample-igg-SC-24::1411,sample-igg-SC-24,1411,1,True,lt_min_leaves,topological,1,0,1,2,after_topology_validation
sample-igg-SC-24::1820,sample-igg-SC-24,1820,5,True,multi_root_no_usable_naive,,2,0,0,4,raw_families
sample-igg-SC-24::2116,sample-igg-SC-24,2116,4,True,lt_min_leaves,topological,1,0,2,3,after_topology_validation
sample-igg-SC-24::819,sample-igg-SC-24,819,2,True,lt_min_leaves,topological,1,0,2,2,after_topology_validation
sample-igg-SC-24::863,sample-igg-SC-24,863,4,True,lt_min_leaves,topological,1,0,3,3,after_topology_validation
sample-igg-SC-24::793,sample-igg-SC-24,793,2,True,lt_min_leaves,topological,1,0,1,2,after_topology_validation
sample-igg-SC-24::545,sample-igg-SC-24,545,2,True,lt_min_leaves,topological,1,0,2,2,after_topology_validation
sample-igg-SC-24::2157,sample-igg-SC-24,2157,2,True,lt_min_leaves,topological,1,0,2,2,after_topology_validation
sample-igg-SC-24::435,sample-igg-SC-24,435,2,True,lt_min_leaves,topological,1,0,2,2,after_topology_validation
sample-igg-SC-24::1507,sample-igg-SC-24,1507,2,True,lt_min_leaves,topological,1,0,1,2,after_topology_validation
sample-igg-SC-24::121,sample-igg-SC-24,121,2,True,lt_min_leaves,topological,1,0,2,2,after_topology_validation
sample-igg-SC-24::1611,sample-igg-SC-24,1611,2,True,lt_min_leaves,topological,1,0,1,2,after_topology_validation
sample-igg-SC-24::1831,sample-igg-SC-24,1831,4,True,lt_min_leaves,topological,1,0,2,3,after_topology_validation
sample-igg-SC-24::1560,sample-igg-SC-24,1560,2,True,lt_min_leaves,topological,1,0,1,2,after_topology_validation
sample-igg-SC-24::1455,sample-igg-SC-24,1455,2,True,lt_min_leaves,topological,1,0,2,2,after_topology_validation
sample-igg-SC-24::84,sample-igg-SC-24,84,4,True,lt_min_leaves,topological,1,0,3,3,after_topology_validation
sample-igg-SC-24::2185,sample-igg-SC-24,2185,4,True,lt_min_leaves,topological,1,0,2,3,after_topology_validation
sample-igg-SC-24::1079,sample-igg-SC-24,1079,2,True,lt_min_leaves,topological,1,0,2,2,after_topology_validation
sample-igg-SC-24::1474,sample-igg-SC-24,1474,3,True,lt_min_leaves,topological,1,0,1,3,after_topology_validation
sample-igg-SC-24::1925,sample-igg-SC-24,1925,2,True,lt_min_leaves,topological,1,0,1,2,after_topology_validation
sample-igg-SC-24::1067,sample-igg-SC-24,1067,4,True,lt_min_leaves,topological,1,0,3,3,after_topology_validation
sample-igg-SC-24::318,sample-igg-SC-24,318,1,True,lt_min_leaves,topological,1,0,1,2,after_topology_validation
sample-igg-SC-24::1952,sample-igg-SC-24,1952,2,True,lt_min_leaves,topological,1,0,2,2,after_topology_validation
sample-igg-SC-24::1673,sample-igg-SC-24,1673,2,True,lt_min_leaves,topological,1,0,0,2,after_topology_validation
sample-igg-SC-24::1805,sample-igg-SC-24,1805,2,True,lt_min_leaves,topological,1,0,1,2,after_topology_validation
sample-igg-SC-24::919,sample-igg-SC-24,919,1,True,lt_min_leaves,topological,1,0,0,2,after_topology_validation
sample-igg-SC-24::98,sample-igg-SC-24,98,1,True,lt_min_leaves,topological,1,0,1,2,after_topology_validation
sample-igg-SC-24::2107,sample-igg-SC-24,2107,1,True,lt_min_leaves,topological,1,0,1,2,after_topology_validation
sample-igg-SC-24::1046,sample-igg-SC-24,1046,2,True,lt_min_leaves,topological,1,0,2,2,after_topology_validation
sample-igg-SC-24::219,sample-igg-SC-24,219,2,True,lt_min_leaves,topological,1,0,2,2,after_topology_validation
sample-igg-SC-24::2170,sample-igg-SC-24,2170,2,True,lt_min_leaves,topological,1,0,1,2,after_topology_validation
sample-igg-SC-24::1048,sample-igg-SC-24,1048,2,True,lt_min_leaves,topological,1,0,0,2,after_topology_validation
sample-igg-SC-24::1263,sample-igg-SC-24,1263,1,True,lt_min_leaves,topological,1,0,1,2,after_topology_validation
sample-igg-SC-24::51,sample-igg-SC-24,51,2,True,lt_min_leaves,topological,1,0,1,2,after_topology_validation
sample-igg-SC-24::409,sample-igg-SC-24,409,2,True,lt_min_leaves,topological,1,0,2,2,after_topology_validation
sample-igg-SC-24::1069,sample-igg-SC-24,1069,2,True,lt_min_leaves,topological,1,0,2,2,after_topology_validation
sample-igg-SC-24::56,sample-igg-SC-24,56,2,True,lt_min_leaves,topological,1,0,2,2,after_topology_validation
sample-igg-SC-24::1803,sample-igg-SC-24,1803,2,True,lt_min_leaves,topological,1,0,2,2,after_topology_validation
sample-igg-SC-24::782,sample-igg-SC-24,782,2,True,lt_min_leaves,topological,1,0,1,2,after_topology_validation
sample-igg-SC-24::795,sample-igg-SC-24,795,2,True,lt_min_leaves,topological,1,0,2,2,after_topology_validation
sample-igg-SC-24::506,sample-igg-SC-24,506,4,True,lt_min_leaves,topological,1,0,2,3,after_topology_validation
sample-igg-SC-24::2066,sample-igg-SC-24,2066,4,True,lt_min_leaves,topological,1,0,1,3,after_topology_validation
sample-igg-SC-24::28,sample-igg-SC-24,28,2,True,lt_min_leaves,topological,1,0,1,2,after_topology_validation
sample-igg-SC-24::1934,sample-igg-SC-24,1934,1,True,lt_min_leaves,topological,1,0,1,2,after_topology_validation
sample-igg-SC-24::1027,sample-igg-SC-24,1027,2,True,lt_min_leaves,topological,1,0,2,2,after_topology_validation
sample-igg-SC-24::1154,sample-igg-SC-24,1154,2,True,lt_min_leaves,topological,1,0,2,2,after_topology_validation
sample-igg-SC-24::1636,sample-igg-SC-24,1636,1,True,lt_min_leaves,topological,1,0,0,2,after_topology_validation
sample-igg-SC-24::870,sample-igg-SC-24,870,4,True,lt_min_leaves,topological,1,0,3,3,after_topology_validation
sample-igg-SC-24::427,sample-igg-SC-24,427,2,True,lt_min_leaves,topological,1,0,2,2,after_topology_validation
sample-igg-SC-24::583,sample-igg-SC-24,583,2,True,lt_min_leaves,topological,1,0,2,2,after_topology_validation
sample-igg-SC-24::231,sample-igg-SC-24,231,2,True,lt_min_leaves,topological,1,0,0,2,after_topology_validation
sample-igg-SC-24::60,sample-igg-SC-24,60,2,True,lt_min_leaves,topological,1,0,1,2,after_topology_validation
sample-igg-SC-24::1054,sample-igg-SC-24,1054,2,True,lt_min_leaves,topological,1,0,2,2,after_topology_validation
sample-igg-SC-24::568,sample-igg-SC-24,568,3,True,lt_min_leaves,topological,1,0,2,3,after_topology_validation
sample-igg-SC-24::2164,sample-igg-SC-24,2164,2,True,lt_min_leaves,topological,1,0,1,2,after_topology_validation
sample-igg-SC-24::503,sample-igg-SC-24,503,1,True,lt_min_leaves,topological,1,0,0,2,after_topology_validation
sample-igg-SC-24::161,sample-igg-SC-24,161,2,True,lt_min_leaves,topological,1,0,1,2,after_topology_validation
sample-igg-SC-24::340,sample-igg-SC-24,340,2,True,lt_min_leaves,topological,1,0,2,2,after_topology_validation
sample-igg-SC-24::1418,sample-igg-SC-24,1418,2,True,lt_min_leaves,topological,1,0,2,2,after_topology_validation
sample-igg-SC-24::175,sample-igg-SC-24,175,2,True,lt_min_leaves,topological,1,0,2,2,after_topology_validation
sample-igg-SC-24::766,sample-igg-SC-24,766,2,True,lt_min_leaves,topological,1,0,2,2,after_topology_validation
sample-igg-SC-24::1926,sample-igg-SC-24,1926,2,True,lt_min_leaves,topological,1,0,1,2,after_topology_validation
sample-igg-SC-24::789,sample-igg-SC-24,789,2,True,lt_min_leaves,topological,1,0,1,2,after_topology_validation
sample-igg-SC-24::815,sample-igg-SC-24,815,1,True,lt_min_leaves,topological,1,0,1,2,after_topology_validation
sample-igg-SC-24::1280,sample-igg-SC-24,1280,2,True,lt_min_leaves,topological,1,0,1,2,after_topology_validation
sample-igg-SC-24::430,sample-igg-SC-24,430,1,True,lt_min_leaves,topological,1,0,1,2,after_topology_validation
sample-igg-SC-24::562,sample-igg-SC-24,562,3,True,lt_min_leaves,topological,1,0,2,3,after_topology_validation
sample-igg-SC-24::1943,sample-igg-SC-24,1943,2,True,lt_min_leaves,topological,1,0,1,2,after_topology_validation
sample-igg-SC-24::2030,sample-igg-SC-24,2030,1,True,lt_min_leaves,topological,1,0,1,2,after_topology_validation
sample-igg-SC-24::1081,sample-igg-SC-24,1081,1,True,lt_min_leaves,topological,1,0,1,2,after_topology_validation
sample-igg-SC-24::551,sample-igg-SC-24,551,2,True,lt_min_leaves,topological,1,0,1,2,after_topology_validation
sample-igg-SC-24::929,sample-igg-SC-24,929,2,True,lt_min_leaves,topological,1,0,1,2,after_topology_validation
sample-igg-SC-24::820,sample-igg-SC-24,820,2,True,lt_min_leaves,topological,1,0,2,2,after_topology_validation
sample-igg-SC-24::822,sample-igg-SC-24,822,3,True,lt_min_leaves,topological,1,0,2,3,after_topology_validation
sample-igg-SC-24::2191,sample-igg-SC-24,2191,2,True,lt_min_leaves,topological,1,0,1,2,after_topology_validation
sample-igg-SC-24::244,sample-igg-SC-24,244,4,True,lt_min_leaves,topological,1,0,3,3,after_topology_validation
sample-igg-SC-24::645,sample-igg-SC-24,645,1,True,lt_min_leaves,topological,1,0,1,2,after_topology_validation
sample-igg-SC-24::576,sample-igg-SC-24,576,2,True,lt_min_leaves,topological,1,0,2,2,after_topology_validation
sample-igg-SC-24::1644,sample-igg-SC-24,1644,4,True,lt_min_leaves,topological,1,0,3,3,after_topology_validation
sample-igg-SC-24::101,sample-igg-SC-24,101,1,True,lt_min_leaves,topological,1,0,1,2,after_topology_validation
sample-igg-SC-24::909,sample-igg-SC-24,909,2,True,lt_min_leaves,topological,1,0,1,2,after_topology_validation
sample-igg-SC-24::1036,sample-igg-SC-24,1036,1,True,lt_min_leaves,topological,1,0,1,2,after_topology_validation
sample-igg-SC-24::570,sample-igg-SC-24,570,4,True,lt_min_leaves,topological,1,0,2,3,after_topology_validation
sample-igg-SC-24::65,sample-igg-SC-24,65,2,True,lt_min_leaves,topological,1,0,2,2,after_topology_validation
sample-igg-SC-24::1671,sample-igg-SC-24,1671,4,True,lt_min_leaves,topological,1,0,3,3,after_topology_validation
sample-igg-SC-24::1376,sample-igg-SC-24,1376,2,True,lt_min_leaves,topological,1,0,1,2,after_topology_validation
sample-igg-SC-24::2180,sample-igg-SC-24,2180,2,True,lt_min_leaves,topological,1,0,1,2,after_topology_validation
sample-igg-SC-24::155,sample-igg-SC-24,155,2,True,lt_min_leaves,topological,1,0,2,2,after_topology_validation
sample-igg-SC-24::284,sample-igg-SC-24,284,2,True,lt_min_leaves,topological,1,0,1,2,after_topology_validation
sample-igg-SC-24::1612,sample-igg-SC-24,1612,2,True,lt_min_leaves,topological,1,0,2,2,after_topology_validation
sample-igg-SC-24::622,sample-igg-SC-24,622,2,True,lt_min_leaves,topological,1,0,2,2,after_topology_validation
sample-igg-SC-24::1967,sample-igg-SC-24,1967,2,True,lt_min_leaves,topological,1,0,0,2,after_topology_validation
sample-igg-SC-24::86,sample-igg-SC-24,86,2,True,lt_min_leaves,topological,1,0,2,2,after_topology_validation
sample-igg-SC-24::1851,sample-igg-SC-24,1851,2,True,lt_min_leaves,topological,1,0,2,2,after_topology_validation
sample-igg-SC-24::1291,sample-igg-SC-24,1291,1,True,lt_min_leaves,topological,1,0,1,2,after_topology_validation
sample-igg-SC-24::858,sample-igg-SC-24,858,2,True,lt_min_leaves,topological,1,0,1,2,after_topology_validation
sample-igg-SC-24::1277,sample-igg-SC-24,1277,2,True,lt_min_leaves,topological,1,0,2,2,after_topology_validation
sample-igg-SC-24::615,sample-igg-SC-24,615,3,True,lt_min_leaves,topological,1,0,2,3,after_topology_validation
sample-igg-SC-24::1503,sample-igg-SC-24,1503,2,True,lt_min_leaves,topological,1,0,1,2,after_topology_validation
sample-igg-SC-24::187,sample-igg-SC-24,187,1,True,lt_min_leaves,topological,1,0,0,2,after_topology_validation
sample-igg-SC-24::1020,sample-igg-SC-24,1020,4,True,lt_min_leaves,topological,1,0,2,3,after_topology_validation
sample-igg-SC-24::835,sample-igg-SC-24,835,2,True,lt_min_leaves,topological,1,0,2,2,after_topology_validation
sample-igg-SC-24::2067,sample-igg-SC-24,2067,2,True,lt_min_leaves,topological,1,0,2,2,after_topology_validation
sample-igg-SC-24::2167,sample-igg-SC-24,2167,2,True,lt_min_leaves,topological,1,0,1,2,after_topology_validation
sample-igg-SC-24::785,sample-igg-SC-24,785,2,True,lt_min_leaves,topological,1,0,1,2,after_topology_validation
sample-igg-SC-24::246,sample-igg-SC-24,246,2,True,lt_min_leaves,topological,1,0,1,2,after_topology_validation
sample-igg-SC-24::139,sample-igg-SC-24,139,4,True,lt_min_leaves,topological,1,0,3,3,after_topology_validation
sample-igg-SC-24::113,sample-igg-SC-24,113,2,True,lt_min_leaves,topological,1,0,2,2,after_topology_validation
sample-igg-SC-24::1137,sample-igg-SC-24,1137,2,True,lt_min_leaves,topological,1,0,2,2,after_topology_validation
sample-igg-SC-24::242,sample-igg-SC-24,242,5,True,lt_min_leaves,topological,1,0,3,4,after_topology_validation
sample-igg-SC-24::1043,sample-igg-SC-24,1043,2,True,lt_min_leaves,topological,1,0,1,2,after_topology_validation
sample-igg-SC-24::453,sample-igg-SC-24,453,4,True,lt_min_leaves,topological,1,0,2,3,after_topology_validation
sample-igg-SC-24::843,sample-igg-SC-24,843,2,True,lt_min_leaves,topological,1,0,2,2,after_topology_validation
sample-igg-SC-24::2054,sample-igg-SC-24,2054,2,True,lt_min_leaves,topological,1,0,0,2,after_topology_validation
sample-igg-SC-24::2055,sample-igg-SC-24,2055,2,True,lt_min_leaves,topological,1,0,1,2,after_topology_validation
sample-igg-SC-24::635,sample-igg-SC-24,635,4,True,lt_min_leaves,topological,1,0,2,3,after_topology_validation
sample-igg-SC-24::1188,sample-igg-SC-24,1188,5,True,lt_min_leaves,topological,1,0,3,3,after_topology_validation
sample-igg-SC-24::847,sample-igg-SC-24,847,2,True,lt_min_leaves,topological,1,0,2,2,after_topology_validation
sample-igg-SC-24::604,sample-igg-SC-24,604,1,True,lt_min_leaves,topological,1,0,1,2,after_topology_validation
sample-igg-SC-24::377,sample-igg-SC-24,377,4,True,lt_min_leaves,topological,1,0,2,3,after_topology_validation
sample-igg-SC-24::2047,sample-igg-SC-24,2047,4,True,lt_min_leaves,topological,1,0,3,3,after_topology_validation
sample-igg-SC-24::942,sample-igg-SC-24,942,2,True,lt_min_leaves,topological,1,0,0,2,after_topology_validation
sample-igg-SC-24::1482,sample-igg-SC-24,1482,6,True,lt_min_leaves,topological,1,0,3,4,after_topology_validation
sample-igg-SC-24::217,sample-igg-SC-24,217,2,True,lt_min_leaves,topological,1,0,0,2,after_topology_validation
sample-igg-SC-24::1650,sample-igg-SC-24,1650,2,True,lt_min_leaves,topological,1,0,2,2,after_topology_validation
sample-igg-SC-24::1679,sample-igg-SC-24,1679,2,True,lt_min_leaves,topological,1,0,2,2,after_topology_validation
sample-igg-SC-24::479,sample-igg-SC-24,479,2,True,lt_min_leaves,topological,1,0,1,2,after_topology_validation
sample-igg-SC-24::445,sample-igg-SC-24,445,2,True,lt_min_leaves,topological,1,0,2,2,after_topology_validation
sample-igg-SC-24::2072,sample-igg-SC-24,2072,3,True,lt_min_leaves,topological,1,0,1,3,after_topology_validation
sample-igg-SC-24::1159,sample-igg-SC-24,1159,2,True,lt_min_leaves,topological,1,0,1,2,after_topology_validation
sample-igg-SC-24::272,sample-igg-SC-24,272,3,True,lt_min_leaves,topological,1,0,2,3,after_topology_validation
sample-igg-SC-24::1562,sample-igg-SC-24,1562,2,True,lt_min_leaves,topological,1,0,2,2,after_topology_validation
sample-igg-SC-24::1554,sample-igg-SC-24,1554,2,True,multi_root_no_usable_naive,,2,0,0,3,raw_families
sample-igg-SC-24::487,sample-igg-SC-24,487,2,True,lt_min_leaves,topological,1,0,2,2,after_topology_validation
sample-igg-SC-24::1051,sample-igg-SC-24,1051,4,True,lt_min_leaves,topological,1,0,1,3,after_topology_validation
sample-igg-SC-24::1797,sample-igg-SC-24,1797,2,True,lt_min_leaves,topological,1,0,1,2,after_topology_validation
sample-igg-SC-24::388,sample-igg-SC-24,388,2,True,lt_min_leaves,topological,1,0,1,2,after_topology_validation
sample-igg-SC-24::1561,sample-igg-SC-24,1561,2,True,lt_min_leaves,topological,1,0,2,2,after_topology_validation
sample-igg-SC-24::211,sample-igg-SC-24,211,2,True,lt_min_leaves,topological,1,0,1,2,after_topology_validation
sample-igg-SC-24::73,sample-igg-SC-24,73,2,True,lt_min_leaves,topological,1,0,1,2,after_topology_validation
sample-igg-SC-24::338,sample-igg-SC-24,338,2,True,lt_min_leaves,topological,1,0,0,2,after_topology_validation
sample-igg-SC-24::350,sample-igg-SC-24,350,4,True,lt_min_leaves,topological,1,0,3,3,after_topology_validation
sample-igg-SC-24::1887,sample-igg-SC-24,1887,2,True,lt_min_leaves,topological,1,0,0,2,after_topology_validation
sample-igg-SC-24::1525,sample-igg-SC-24,1525,2,True,lt_min_leaves,topological,1,0,1,2,after_topology_validation
sample-igg-SC-24::252,sample-igg-SC-24,252,2,True,lt_min_leaves,topological,1,0,2,2,after_topology_validation
sample-igg-SC-24::1483,sample-igg-SC-24,1483,2,True,lt_min_leaves,topological,1,0,1,2,after_topology_validation
sample-igg-SC-24::973,sample-igg-SC-24,973,2,True,lt_min_leaves,topological,1,0,1,2,after_topology_validation
sample-igg-SC-24::30,sample-igg-SC-24,30,4,True,lt_min_leaves,topological,1,0,3,3,after_topology_validation
sample-igg-SC-24::1502,sample-igg-SC-24,1502,2,True,multi_root_no_usable_naive,,2,0,0,3,raw_families
sample-igg-SC-24::566,sample-igg-SC-24,566,2,True,lt_min_leaves,topological,1,0,2,2,after_topology_validation
sample-igg-SC-24::582,sample-igg-SC-24,582,2,True,lt_min_leaves,topological,1,0,2,2,after_topology_validation
sample-igg-SC-24::269,sample-igg-SC-24,269,1,True,lt_min_leaves,topological,1,0,1,2,after_topology_validation
sample-igg-SC-24::1218,sample-igg-SC-24,1218,1,True,lt_min_leaves,topological,1,0,0,2,after_topology_validation
sample-igg-SC-24::1939,sample-igg-SC-24,1939,2,True,lt_min_leaves,topological,1,0,1,2,after_topology_validation
sample-igg-SC-24::129,sample-igg-SC-24,129,1,True,lt_min_leaves,topological,1,0,1,2,after_topology_validation
sample-igg-SC-24::1305,sample-igg-SC-24,1305,2,True,lt_min_leaves,topological,1,0,2,2,after_topology_validation
sample-igg-SC-24::390,sample-igg-SC-24,390,2,True,lt_min_leaves,topological,1,0,2,2,after_topology_validation
sample-igg-SC-24::1099,sample-igg-SC-24,1099,3,True,lt_min_leaves,topological,1,0,1,3,after_topology_validation
sample-igg-SC-24::1858,sample-igg-SC-24,1858,2,True,lt_min_leaves,topological,1,0,2,2,after_topology_validation
sample-igg-SC-24::2110,sample-igg-SC-24,2110,2,True,lt_min_leaves,topological,1,0,2,2,after_topology_validation
sample-igg-SC-24::1358,sample-igg-SC-24,1358,2,True,lt_min_leaves,topological,1,0,1,2,after_topology_validation
sample-igg-SC-24::1388,sample-igg-SC-24,1388,2,True,lt_min_leaves,topological,1,0,1,2,after_topology_validation
sample-igg-SC-24::1271,sample-igg-SC-24,1271,2,True,lt_min_leaves,topological,1,0,2,2,after_topology_validation
sample-igg-SC-24::801,sample-igg-SC-24,801,1,True,lt_min_leaves,topological,1,0,1,2,after_topology_validation
sample-igg-SC-24::1493,sample-igg-SC-24,1493,1,True,lt_min_leaves,topological,1,0,1,2,after_topology_validation
sample-igg-SC-24::1421,sample-igg-SC-24,1421,6,False,,topological,1,0,4,4,final_eligible
sample-igg-SC-24::791,sample-igg-SC-24,791,5,True,lt_min_leaves,topological,1,0,3,4,after_topology_validation
sample-igg-SC-24::613,sample-igg-SC-24,613,2,True,lt_min_leaves,topological,1,0,1,2,after_topology_validation
sample-igg-SC-24::1456,sample-igg-SC-24,1456,3,True,multi_root_no_usable_naive,,2,0,0,4,raw_families
sample-igg-SC-24::1959,sample-igg-SC-24,1959,1,True,lt_min_leaves,topological,1,0,1,2,after_topology_validation
sample-igg-SC-24::1458,sample-igg-SC-24,1458,2,True,lt_min_leaves,topological,1,0,1,2,after_topology_validation
sample-igg-SC-24::1728,sample-igg-SC-24,1728,2,True,lt_min_leaves,topological,1,0,1,2,after_topology_validation
sample-igg-SC-24::1985,sample-igg-SC-24,1985,2,True,lt_min_leaves,topological,1,0,0,2,after_topology_validation
sample-igg-SC-24::1153,sample-igg-SC-24,1153,1,True,lt_min_leaves,topological,1,0,0,2,after_topology_validation
sample-igg-SC-24::394,sample-igg-SC-24,394,3,True,lt_min_leaves,topological,1,0,2,3,after_topology_validation
sample-igg-SC-24::854,sample-igg-SC-24,854,3,True,lt_min_leaves,topological,1,0,1,3,after_topology_validation
sample-igg-SC-24::868,sample-igg-SC-24,868,2,True,lt_min_leaves,topological,1,0,0,2,after_topology_validation
sample-igg-SC-24::1247,sample-igg-SC-24,1247,25,True,multi_root_no_usable_naive,,2,0,0,7,raw_families
sample-igg-SC-24::567,sample-igg-SC-24,567,9,True,lt_min_leaves,topological,1,0,2,4,after_topology_validation
sample-igg-SC-24::1917,sample-igg-SC-24,1917,20,False,,topological,1,0,8,7,final_eligible
sample-igg-SC-24::1652,sample-igg-SC-24,1652,9,True,lt_min_leaves,topological,1,0,0,5,after_topology_validation
sample-igg-SC-24::1975,sample-igg-SC-24,1975,2,True,lt_min_leaves,topological,1,0,0,2,after_topology_validation
sample-igg-SC-24::721,sample-igg-SC-24,721,1,True,lt_min_leaves,topological,1,0,1,5,after_topology_validation
sample-igg-SC-24::1653,sample-igg-SC-24,1653,6,True,lt_min_leaves,topological,1,0,2,4,after_topology_validation
sample-igg-SC-24::397,sample-igg-SC-24,397,5,True,multi_root_no_usable_naive,,3,0,0,5,raw_families
sample-igg-SC-24::367,sample-igg-SC-24,367,17,True,multi_root_no_usable_naive,,7,0,0,11,raw_families
sample-igg-SC-24::1816,sample-igg-SC-24,1816,33,True,multi_root_no_usable_naive,,4,0,0,11,raw_families
sample-igg-SC-24::328,sample-igg-SC-24,328,3,True,lt_min_leaves,topological,1,0,1,3,after_topology_validation
sample-igg-SC-24::628,sample-igg-SC-24,628,4,True,lt_min_leaves,topological,1,0,1,3,after_topology_validation
sample-igg-SC-24::1234,sample-igg-SC-24,1234,2,True,lt_min_leaves,topological,1,0,0,2,after_topology_validation
sample-igg-SC-24::34,sample-igg-SC-24,34,4,True,lt_min_leaves,topological,1,0,2,4,after_topology_validation
sample-igg-SC-24::2070,sample-igg-SC-24,2070,3,True,lt_min_leaves,topological,1,0,2,3,after_topology_validation
sample-igg-SC-24::1171,sample-igg-SC-24,1171,4,True,lt_min_leaves,topological,1,0,0,3,after_topology_validation
sample-igg-SC-24::1000,sample-igg-SC-24,1000,6,True,lt_min_leaves,topological,1,0,1,4,after_topology_validation
sample-igg-SC-24::1516,sample-igg-SC-24,1516,3,True,lt_min_leaves,topological,1,0,1,3,after_topology_validation
sample-igg-SC-24::1292,sample-igg-SC-24,1292,5,True,multi_root_no_usable_naive,,2,0,0,4,raw_families
sample-igg-SC-24::1473,sample-igg-SC-24,1473,9,True,multi_root_no_usable_naive,,3,0,0,5,raw_families
sample-igg-SC-24::2183,sample-igg-SC-24,2183,6,True,lt_min_leaves,topological,1,0,2,4,after_topology_validation
sample-igg-SC-24::1658,sample-igg-SC-24,1658,5,True,lt_min_leaves,topological,1,0,1,4,after_topology_validation
sample-igg-SC-24::529,sample-igg-SC-24,529,8,True,multi_root_no_usable_naive,,3,0,0,4,raw_families
sample-igg-SC-24::1920,sample-igg-SC-24,1920,11,True,multi_root_no_usable_naive,,3,0,0,8,raw_families
sample-igg-SC-24::1383,sample-igg-SC-24,1383,21,True,multi_root_no_usable_naive,,6,0,0,8,raw_families
sample-igg-SC-24::1918,sample-igg-SC-24,1918,27,True,multi_root_no_usable_naive,,3,0,0,9,raw_families
sample-igg-SC-24::1165,sample-igg-SC-24,1165,4,True,lt_min_leaves,topological,1,0,0,3,after_topology_validation
sample-igg-SC-24::63,sample-igg-SC-24,63,5,True,lt_min_leaves,topological,1,0,0,3,after_topology_validation
sample-igg-SC-24::1472,sample-igg-SC-24,1472,5,True,lt_min_leaves,topological,1,0,1,4,after_topology_validation
sample-igg-SC-24::57,sample-igg-SC-24,57,10,True,lt_min_leaves,topological,1,0,3,5,after_topology_validation
sample-igg-SC-24::1359,sample-igg-SC-24,1359,2,True,lt_min_leaves,topological,1,0,0,2,after_topology_validation
sample-igg-SC-24::988,sample-igg-SC-24,988,6,True,lt_min_leaves,topological,1,0,3,4,after_topology_validation
sample-igg-SC-24::806,sample-igg-SC-24,806,3,True,lt_min_leaves,topological,1,0,0,3,after_topology_validation
sample-igg-SC-24::565,sample-igg-SC-24,565,12,False,,topological,1,0,4,7,final_eligible
sample-igg-SC-24::1683,sample-igg-SC-24,1683,5,True,multi_root_no_usable_naive,,2,0,0,4,raw_families
sample-igg-SC-24::1695,sample-igg-SC-24,1695,1,True,lt_min_leaves,topological,1,0,0,2,after_topology_validation
sample-igg-SC-24::1288,sample-igg-SC-24,1288,25,True,multi_root_no_usable_naive,,2,0,0,7,raw_families
sample-igg-SC-24::633,sample-igg-SC-24,633,3,True,lt_min_leaves,topological,1,0,0,3,after_topology_validation
sample-igg-SC-24::1353,sample-igg-SC-24,1353,4,True,lt_min_leaves,topological,1,0,2,3,after_topology_validation
sample-igg-SC-24::1976,sample-igg-SC-24,1976,12,True,multi_root_no_usable_naive,,2,0,0,7,raw_families
sample-igg-SC-24::687,sample-igg-SC-24,687,8,False,,topological,1,0,4,4,final_eligible
sample-igg-SC-24::1690,sample-igg-SC-24,1690,2,True,lt_min_leaves,topological,1,0,0,2,after_topology_validation
sample-igg-SC-24::543,sample-igg-SC-24,543,8,True,lt_min_leaves,topological,1,0,3,5,after_topology_validation
sample-igg-SC-24::1827,sample-igg-SC-24,1827,2,True,multi_root_no_usable_naive,,2,0,0,3,raw_families
sample-igg-SC-24::216,sample-igg-SC-24,216,7,True,lt_min_leaves,topological,1,0,3,4,after_topology_validation
sample-igg-SC-6::2375,sample-igg-SC-6,2375,2,True,lt_min_leaves,topological,1,0,0,2,after_topology_validation
sample-igg-SC-6::1610,sample-igg-SC-6,1610,3,True,multi_root_no_usable_naive,,2,0,0,3,raw_families
sample-igg-SC-6::2006,sample-igg-SC-6,2006,1,True,lt_min_leaves,topological,1,0,1,2,after_topology_validation
sample-igg-SC-6::1979,sample-igg-SC-6,1979,2,True,lt_min_leaves,topological,1,0,1,2,after_topology_validation
sample-igg-SC-6::186,sample-igg-SC-6,186,2,True,lt_min_leaves,topological,1,0,2,2,after_topology_validation
sample-igg-SC-6::754,sample-igg-SC-6,754,1,True,lt_min_leaves,topological,1,0,0,2,after_topology_validation
sample-igg-SC-6::1427,sample-igg-SC-6,1427,2,True,lt_min_leaves,topological,1,0,2,2,after_topology_validation
sample-igg-SC-6::618,sample-igg-SC-6,618,2,True,lt_min_leaves,topological,1,0,2,2,after_topology_validation
sample-igg-SC-6::1956,sample-igg-SC-6,1956,1,True,lt_min_leaves,topological,1,0,1,2,after_topology_validation
sample-igg-SC-6::2298,sample-igg-SC-6,2298,1,True,lt_min_leaves,topological,1,0,1,2,after_topology_validation
sample-igg-SC-6::1732,sample-igg-SC-6,1732,1,True,lt_min_leaves,topological,1,0,0,2,after_topology_validation
sample-igg-SC-6::564,sample-igg-SC-6,564,2,True,lt_min_leaves,topological,1,0,1,2,after_topology_validation
sample-igg-SC-6::428,sample-igg-SC-6,428,2,True,lt_min_leaves,topological,1,0,2,2,after_topology_validation
sample-igg-SC-6::2014,sample-igg-SC-6,2014,2,True,lt_min_leaves,topological,1,0,1,2,after_topology_validation
sample-igg-SC-6::2329,sample-igg-SC-6,2329,4,True,lt_min_leaves,topological,1,0,2,3,after_topology_validation
sample-igg-SC-6::242,sample-igg-SC-6,242,2,True,lt_min_leaves,topological,1,0,1,2,after_topology_validation
sample-igg-SC-6::999,sample-igg-SC-6,999,2,True,lt_min_leaves,topological,1,0,1,2,after_topology_validation
sample-igg-SC-6::2322,sample-igg-SC-6,2322,2,True,multi_root_no_usable_naive,,2,0,0,3,raw_families
sample-igg-SC-6::1626,sample-igg-SC-6,1626,1,True,lt_min_leaves,topological,1,0,1,2,after_topology_validation
sample-igg-SC-6::1280,sample-igg-SC-6,1280,2,True,lt_min_leaves,topological,1,0,1,2,after_topology_validation
sample-igg-SC-6::728,sample-igg-SC-6,728,4,True,lt_min_leaves,topological,1,0,2,3,after_topology_validation
sample-igg-SC-6::408,sample-igg-SC-6,408,1,True,lt_min_leaves,topological,1,0,1,2,after_topology_validation
sample-igg-SC-6::1574,sample-igg-SC-6,1574,2,True,lt_min_leaves,topological,1,0,2,2,after_topology_validation
sample-igg-SC-6::1049,sample-igg-SC-6,1049,2,True,lt_min_leaves,topological,1,0,0,2,after_topology_validation
sample-igg-SC-6::1535,sample-igg-SC-6,1535,2,True,lt_min_leaves,topological,1,0,0,2,after_topology_validation
sample-igg-SC-6::1723,sample-igg-SC-6,1723,1,True,lt_min_leaves,topological,1,0,1,2,after_topology_validation
sample-igg-SC-6::902,sample-igg-SC-6,902,2,True,lt_min_leaves,topological,1,0,1,2,after_topology_validation
sample-igg-SC-6::1628,sample-igg-SC-6,1628,2,True,lt_min_leaves,topological,1,0,1,2,after_topology_validation
sample-igg-SC-6::2917,sample-igg-SC-6,2917,2,True,lt_min_leaves,topological,1,0,1,2,after_topology_validation
sample-igg-SC-6::1672,sample-igg-SC-6,1672,2,True,lt_min_leaves,topological,1,0,0,2,after_topology_validation
sample-igg-SC-6::2837,sample-igg-SC-6,2837,2,True,lt_min_leaves,topological,1,0,2,2,after_topology_validation
sample-igg-SC-6::786,sample-igg-SC-6,786,1,True,lt_min_leaves,topological,1,0,1,2,after_topology_validation
sample-igg-SC-6::642,sample-igg-SC-6,642,2,True,lt_min_leaves,topological,1,0,1,2,after_topology_validation
sample-igg-SC-6::48,sample-igg-SC-6,48,3,True,lt_min_leaves,topological,1,0,2,3,after_topology_validation
sample-igg-SC-6::2196,sample-igg-SC-6,2196,1,True,lt_min_leaves,topological,1,0,1,2,after_topology_validation
sample-igg-SC-6::359,sample-igg-SC-6,359,2,True,lt_min_leaves,topological,1,0,2,2,after_topology_validation
sample-igg-SC-6::1989,sample-igg-SC-6,1989,2,True,lt_min_leaves,topological,1,0,2,2,after_topology_validation
sample-igg-SC-6::1286,sample-igg-SC-6,1286,1,True,lt_min_leaves,topological,1,0,0,2,after_topology_validation
sample-igg-SC-6::117,sample-igg-SC-6,117,1,True,lt_min_leaves,topological,1,0,1,2,after_topology_validation
sample-igg-SC-6::2505,sample-igg-SC-6,2505,4,True,lt_min_leaves,topological,1,0,1,3,after_topology_validation
sample-igg-SC-6::2002,sample-igg-SC-6,2002,2,True,lt_min_leaves,topological,1,0,0,2,after_topology_validation
sample-igg-SC-6::1189,sample-igg-SC-6,1189,2,True,lt_min_leaves,topological,1,0,1,2,after_topology_validation
sample-igg-SC-6::1222,sample-igg-SC-6,1222,3,True,lt_min_leaves,topological,1,0,2,3,after_topology_validation
sample-igg-SC-6::1691,sample-igg-SC-6,1691,4,True,lt_min_leaves,topological,1,0,2,3,after_topology_validation
sample-igg-SC-6::31,sample-igg-SC-6,31,2,True,lt_min_leaves,topological,1,0,1,2,after_topology_validation
sample-igg-SC-6::1604,sample-igg-SC-6,1604,2,True,lt_min_leaves,topological,1,0,2,2,after_topology_validation
sample-igg-SC-6::56,sample-igg-SC-6,56,2,True,lt_min_leaves,topological,1,0,1,2,after_topology_validation
sample-igg-SC-6::2531,sample-igg-SC-6,2531,3,True,lt_min_leaves,topological,1,0,1,3,after_topology_validation
sample-igg-SC-6::1939,sample-igg-SC-6,1939,3,True,multi_root_no_usable_naive,,2,0,0,3,raw_families
sample-igg-SC-6::1739,sample-igg-SC-6,1739,3,True,lt_min_leaves,topological,1,0,1,3,after_topology_validation
sample-igg-SC-6::1011,sample-igg-SC-6,1011,1,True,lt_min_leaves,topological,1,0,0,2,after_topology_validation
sample-igg-SC-6::499,sample-igg-SC-6,499,1,True,lt_min_leaves,topological,1,0,1,2,after_topology_validation
sample-igg-SC-6::2947,sample-igg-SC-6,2947,2,True,lt_min_leaves,topological,1,0,1,2,after_topology_validation
sample-igg-SC-6::1190,sample-igg-SC-6,1190,1,True,lt_min_leaves,topological,1,0,1,2,after_topology_validation
sample-igg-SC-6::2144,sample-igg-SC-6,2144,2,True,lt_min_leaves,topological,1,0,2,2,after_topology_validation
sample-igg-SC-6::150,sample-igg-SC-6,150,2,True,lt_min_leaves,topological,1,0,0,2,after_topology_validation
sample-igg-SC-6::1583,sample-igg-SC-6,1583,1,True,lt_min_leaves,topological,1,0,1,4,after_topology_validation
sample-igg-SC-6::1578,sample-igg-SC-6,1578,1,True,lt_min_leaves,topological,1,0,0,2,after_topology_validation
sample-igg-SC-6::892,sample-igg-SC-6,892,4,True,lt_min_leaves,topological,1,0,1,3,after_topology_validation
sample-igg-SC-6::1815,sample-igg-SC-6,1815,3,True,lt_min_leaves,topological,1,0,2,3,after_topology_validation
sample-igg-SC-6::3349,sample-igg-SC-6,3349,1,True,lt_min_leaves,topological,1,0,1,2,after_topology_validation
sample-igg-SC-6::1642,sample-igg-SC-6,1642,2,True,lt_min_leaves,topological,1,0,2,2,after_topology_validation
sample-igg-SC-6::3064,sample-igg-SC-6,3064,2,True,lt_min_leaves,topological,1,0,1,2,after_topology_validation
sample-igg-SC-6::1611,sample-igg-SC-6,1611,2,True,lt_min_leaves,topological,1,0,1,2,after_topology_validation
sample-igg-SC-6::615,sample-igg-SC-6,615,2,True,multi_root_no_usable_naive,,2,0,0,3,raw_families
sample-igg-SC-6::1882,sample-igg-SC-6,1882,1,True,lt_min_leaves,topological,1,0,1,2,after_topology_validation
sample-igg-SC-6::91,sample-igg-SC-6,91,2,True,lt_min_leaves,topological,1,0,1,2,after_topology_validation
sample-igg-SC-6::610,sample-igg-SC-6,610,3,True,lt_min_leaves,topological,1,0,2,3,after_topology_validation
sample-igg-SC-6::893,sample-igg-SC-6,893,2,True,lt_min_leaves,topological,1,0,1,2,after_topology_validation
sample-igg-SC-6::590,sample-igg-SC-6,590,1,True,lt_min_leaves,topological,1,0,1,2,after_topology_validation
sample-igg-SC-6::366,sample-igg-SC-6,366,2,True,lt_min_leaves,topological,1,0,2,2,after_topology_validation
sample-igg-SC-6::623,sample-igg-SC-6,623,2,True,lt_min_leaves,topological,1,0,1,2,after_topology_validation
sample-igg-SC-6::100,sample-igg-SC-6,100,1,True,lt_min_leaves,topological,1,0,1,2,after_topology_validation
sample-igg-SC-6::2366,sample-igg-SC-6,2366,2,True,lt_min_leaves,topological,1,0,0,2,after_topology_validation
sample-igg-SC-6::1762,sample-igg-SC-6,1762,1,True,lt_min_leaves,topological,1,0,1,2,after_topology_validation
sample-igg-SC-6::1060,sample-igg-SC-6,1060,2,True,lt_min_leaves,topological,1,0,1,2,after_topology_validation
sample-igg-SC-6::310,sample-igg-SC-6,310,2,True,lt_min_leaves,topological,1,0,0,2,after_topology_validation
sample-igg-SC-6::1953,sample-igg-SC-6,1953,2,True,lt_min_leaves,topological,1,0,1,2,after_topology_validation
sample-igg-SC-6::3093,sample-igg-SC-6,3093,2,True,lt_min_leaves,topological,1,0,0,2,after_topology_validation
sample-igg-SC-6::1745,sample-igg-SC-6,1745,1,True,lt_min_leaves,topological,1,0,1,2,after_topology_validation
sample-igg-SC-6::1944,sample-igg-SC-6,1944,2,True,lt_min_leaves,topological,1,0,0,2,after_topology_validation
sample-igg-SC-6::382,sample-igg-SC-6,382,2,True,lt_min_leaves,topological,1,0,2,2,after_topology_validation
sample-igg-SC-6::474,sample-igg-SC-6,474,1,True,lt_min_leaves,topological,1,0,0,2,after_topology_validation
sample-igg-SC-6::2528,sample-igg-SC-6,2528,2,True,lt_min_leaves,topological,1,0,1,2,after_topology_validation
sample-igg-SC-6::2208,sample-igg-SC-6,2208,1,True,lt_min_leaves,topological,1,0,1,2,after_topology_validation
sample-igg-SC-6::1373,sample-igg-SC-6,1373,2,True,lt_min_leaves,topological,1,0,2,2,after_topology_validation
sample-igg-SC-6::1057,sample-igg-SC-6,1057,2,True,lt_min_leaves,topological,1,0,1,2,after_topology_validation
sample-igg-SC-6::1220,sample-igg-SC-6,1220,2,True,lt_min_leaves,topological,1,0,2,2,after_topology_validation
sample-igg-SC-6::850,sample-igg-SC-6,850,2,True,lt_min_leaves,topological,1,0,2,2,after_topology_validation
sample-igg-SC-6::1857,sample-igg-SC-6,1857,1,True,lt_min_leaves,topological,1,0,1,2,after_topology_validation
sample-igg-SC-6::1192,sample-igg-SC-6,1192,1,True,lt_min_leaves,topological,1,0,1,2,after_topology_validation
sample-igg-SC-6::3062,sample-igg-SC-6,3062,2,True,lt_min_leaves,topological,1,0,2,2,after_topology_validation
sample-igg-SC-6::2273,sample-igg-SC-6,2273,1,True,lt_min_leaves,topological,1,0,1,2,after_topology_validation
sample-igg-SC-6::1704,sample-igg-SC-6,1704,1,True,lt_min_leaves,topological,1,0,1,2,after_topology_validation
sample-igg-SC-6::1713,sample-igg-SC-6,1713,1,True,lt_min_leaves,topological,1,0,1,2,after_topology_validation
sample-igg-SC-6::307,sample-igg-SC-6,307,2,True,lt_min_leaves,topological,1,0,2,2,after_topology_validation
sample-igg-SC-6::2482,sample-igg-SC-6,2482,2,True,lt_min_leaves,topological,1,0,1,2,after_topology_validation
sample-igg-SC-6::1059,sample-igg-SC-6,1059,2,True,lt_min_leaves,topological,1,0,2,2,after_topology_validation
sample-igg-SC-6::2739,sample-igg-SC-6,2739,2,True,lt_min_leaves,topological,1,0,1,2,after_topology_validation
sample-igg-SC-6::182,sample-igg-SC-6,182,6,True,lt_min_leaves,topological,1,0,3,3,after_topology_validation
sample-igg-SC-6::2805,sample-igg-SC-6,2805,2,True,lt_min_leaves,topological,1,0,0,2,after_topology_validation
sample-igg-SC-6::191,sample-igg-SC-6,191,2,True,lt_min_leaves,topological,1,0,1,2,after_topology_validation
sample-igg-SC-6::218,sample-igg-SC-6,218,3,True,lt_min_leaves,topological,1,0,1,3,after_topology_validation
sample-igg-SC-6::1282,sample-igg-SC-6,1282,2,True,lt_min_leaves,topological,1,0,1,2,after_topology_validation
sample-igg-SC-6::134,sample-igg-SC-6,134,1,True,lt_min_leaves,topological,1,0,1,2,after_topology_validation
sample-igg-SC-6::177,sample-igg-SC-6,177,2,True,lt_min_leaves,topological,1,0,1,2,after_topology_validation
sample-igg-SC-6::1904,sample-igg-SC-6,1904,2,True,lt_min_leaves,topological,1,0,0,2,after_topology_validation
sample-igg-SC-6::1613,sample-igg-SC-6,1613,4,True,lt_min_leaves,topological,1,0,3,3,after_topology_validation
sample-igg-SC-6::1943,sample-igg-SC-6,1943,2,True,lt_min_leaves,topological,1,0,1,2,after_topology_validation
sample-igg-SC-6::2975,sample-igg-SC-6,2975,2,True,lt_min_leaves,topological,1,0,2,2,after_topology_validation
sample-igg-SC-6::2846,sample-igg-SC-6,2846,4,True,lt_min_leaves,topological,1,0,3,3,after_topology_validation
sample-igg-SC-6::1455,sample-igg-SC-6,1455,2,True,lt_min_leaves,topological,1,0,2,2,after_topology_validation
sample-igg-SC-6::2288,sample-igg-SC-6,2288,2,True,lt_min_leaves,topological,1,0,1,2,after_topology_validation
sample-igg-SC-6::1364,sample-igg-SC-6,1364,4,True,lt_min_leaves,topological,1,0,1,3,after_topology_validation
sample-igg-SC-6::2426,sample-igg-SC-6,2426,2,True,lt_min_leaves,topological,1,0,1,2,after_topology_validation
sample-igg-SC-6::446,sample-igg-SC-6,446,2,True,lt_min_leaves,topological,1,0,0,2,after_topology_validation
sample-igg-SC-6::2453,sample-igg-SC-6,2453,2,True,lt_min_leaves,topological,1,0,2,2,after_topology_validation
sample-igg-SC-6::718,sample-igg-SC-6,718,1,True,lt_min_leaves,topological,1,0,1,2,after_topology_validation
sample-igg-SC-6::702,sample-igg-SC-6,702,2,True,lt_min_leaves,topological,1,0,1,2,after_topology_validation
sample-igg-SC-6::582,sample-igg-SC-6,582,2,True,lt_min_leaves,topological,1,0,0,2,after_topology_validation
sample-igg-SC-6::2928,sample-igg-SC-6,2928,2,True,lt_min_leaves,topological,1,0,2,2,after_topology_validation
sample-igg-SC-6::1812,sample-igg-SC-6,1812,2,True,lt_min_leaves,topological,1,0,1,2,after_topology_validation
sample-igg-SC-6::1994,sample-igg-SC-6,1994,2,True,lt_min_leaves,topological,1,0,0,2,after_topology_validation
sample-igg-SC-6::1605,sample-igg-SC-6,1605,2,True,lt_min_leaves,topological,1,0,0,2,after_topology_validation
sample-igg-SC-6::1167,sample-igg-SC-6,1167,2,True,lt_min_leaves,topological,1,0,2,2,after_topology_validation
sample-igg-SC-6::1496,sample-igg-SC-6,1496,2,True,lt_min_leaves,topological,1,0,2,2,after_topology_validation
sample-igg-SC-6::1078,sample-igg-SC-6,1078,2,True,lt_min_leaves,topological,1,0,0,2,after_topology_validation
sample-igg-SC-6::1526,sample-igg-SC-6,1526,2,True,lt_min_leaves,topological,1,0,1,2,after_topology_validation
sample-igg-SC-6::2077,sample-igg-SC-6,2077,4,True,lt_min_leaves,topological,1,0,2,3,after_topology_validation
sample-igg-SC-6::1673,sample-igg-SC-6,1673,3,True,lt_min_leaves,topological,1,0,1,3,after_topology_validation
sample-igg-SC-6::2783,sample-igg-SC-6,2783,1,True,lt_min_leaves,topological,1,0,0,2,after_topology_validation
sample-igg-SC-6::3179,sample-igg-SC-6,3179,2,True,lt_min_leaves,topological,1,0,2,2,after_topology_validation
sample-igg-SC-6::270,sample-igg-SC-6,270,1,True,lt_min_leaves,topological,1,0,1,2,after_topology_validation
sample-igg-SC-6::540,sample-igg-SC-6,540,4,True,lt_min_leaves,topological,1,0,2,3,after_topology_validation
sample-igg-SC-6::2269,sample-igg-SC-6,2269,2,True,lt_min_leaves,topological,1,0,0,2,after_topology_validation
sample-igg-SC-6::3156,sample-igg-SC-6,3156,2,True,lt_min_leaves,topological,1,0,1,2,after_topology_validation
sample-igg-SC-6::579,sample-igg-SC-6,579,3,True,lt_min_leaves,topological,1,0,2,3,after_topology_validation
sample-igg-SC-6::211,sample-igg-SC-6,211,2,True,lt_min_leaves,topological,1,0,0,2,after_topology_validation
sample-igg-SC-6::3045,sample-igg-SC-6,3045,2,True,lt_min_leaves,topological,1,0,0,2,after_topology_validation
sample-igg-SC-6::2792,sample-igg-SC-6,2792,2,True,lt_min_leaves,topological,1,0,2,2,after_topology_validation
sample-igg-SC-6::2324,sample-igg-SC-6,2324,2,True,lt_min_leaves,topological,1,0,1,3,after_topology_validation
sample-igg-SC-6::2418,sample-igg-SC-6,2418,1,True,lt_min_leaves,topological,1,0,0,2,after_topology_validation
sample-igg-SC-6::154,sample-igg-SC-6,154,2,True,lt_min_leaves,topological,1,0,1,2,after_topology_validation
sample-igg-SC-6::3183,sample-igg-SC-6,3183,4,True,lt_min_leaves,topological,1,0,3,3,after_topology_validation
sample-igg-SC-6::202,sample-igg-SC-6,202,4,True,lt_min_leaves,topological,1,0,3,3,after_topology_validation
sample-igg-SC-6::1245,sample-igg-SC-6,1245,2,True,lt_min_leaves,topological,1,0,1,2,after_topology_validation
sample-igg-SC-6::704,sample-igg-SC-6,704,2,True,lt_min_leaves,topological,1,0,2,2,after_topology_validation
sample-igg-SC-6::543,sample-igg-SC-6,543,1,True,lt_min_leaves,topological,1,0,0,2,after_topology_validation
sample-igg-SC-6::323,sample-igg-SC-6,323,2,True,lt_min_leaves,topological,1,0,1,2,after_topology_validation
sample-igg-SC-6::1924,sample-igg-SC-6,1924,2,True,lt_min_leaves,topological,1,0,1,2,after_topology_validation
sample-igg-SC-6::3104,sample-igg-SC-6,3104,2,True,lt_min_leaves,topological,1,0,1,2,after_topology_validation
sample-igg-SC-6::2564,sample-igg-SC-6,2564,2,True,lt_min_leaves,topological,1,0,0,2,after_topology_validation
sample-igg-SC-6::3293,sample-igg-SC-6,3293,2,True,lt_min_leaves,topological,1,0,1,2,after_topology_validation
sample-igg-SC-6::1296,sample-igg-SC-6,1296,1,True,lt_min_leaves,topological,1,0,1,2,after_topology_validation
sample-igg-SC-6::1655,sample-igg-SC-6,1655,2,True,lt_min_leaves,topological,1,0,1,2,after_topology_validation
sample-igg-SC-6::1281,sample-igg-SC-6,1281,4,True,lt_min_leaves,topological,1,0,2,3,after_topology_validation
sample-igg-SC-6::2534,sample-igg-SC-6,2534,2,True,lt_min_leaves,topological,1,0,2,2,after_topology_validation
sample-igg-SC-6::2161,sample-igg-SC-6,2161,1,True,lt_min_leaves,topological,1,0,1,2,after_topology_validation
sample-igg-SC-6::44,sample-igg-SC-6,44,2,True,lt_min_leaves,topological,1,0,1,2,after_topology_validation
sample-igg-SC-6::1874,sample-igg-SC-6,1874,1,True,lt_min_leaves,topological,1,0,1,2,after_topology_validation
sample-igg-SC-6::1937,sample-igg-SC-6,1937,4,True,lt_min_leaves,topological,1,0,3,3,after_topology_validation
sample-igg-SC-6::559,sample-igg-SC-6,559,2,True,lt_min_leaves,topological,1,0,2,2,after_topology_validation
sample-igg-SC-6::3112,sample-igg-SC-6,3112,2,True,lt_min_leaves,topological,1,0,2,2,after_topology_validation
sample-igg-SC-6::2516,sample-igg-SC-6,2516,1,True,lt_min_leaves,topological,1,0,1,2,after_topology_validation
sample-igg-SC-6::3184,sample-igg-SC-6,3184,4,True,lt_min_leaves,topological,1,0,2,3,after_topology_validation
sample-igg-SC-6::2040,sample-igg-SC-6,2040,2,True,lt_min_leaves,topological,1,0,2,2,after_topology_validation
sample-igg-SC-6::67,sample-igg-SC-6,67,2,True,lt_min_leaves,topological,1,0,2,2,after_topology_validation
sample-igg-SC-6::207,sample-igg-SC-6,207,1,True,lt_min_leaves,topological,1,0,1,2,after_topology_validation
sample-igg-SC-6::456,sample-igg-SC-6,456,2,True,lt_min_leaves,topological,1,0,2,2,after_topology_validation
sample-igg-SC-6::2510,sample-igg-SC-6,2510,2,True,lt_min_leaves,topological,1,0,1,2,after_topology_validation
sample-igg-SC-6::30,sample-igg-SC-6,30,2,True,lt_min_leaves,topological,1,0,2,2,after_topology_validation
sample-igg-SC-6::317,sample-igg-SC-6,317,2,True,lt_min_leaves,topological,1,0,2,2,after_topology_validation
sample-igg-SC-6::89,sample-igg-SC-6,89,2,True,lt_min_leaves,topological,1,0,1,2,after_topology_validation
sample-igg-SC-6::65,sample-igg-SC-6,65,2,True,lt_min_leaves,topological,1,0,1,2,after_topology_validation
sample-igg-SC-6::1879,sample-igg-SC-6,1879,2,True,lt_min_leaves,topological,1,0,0,2,after_topology_validation
sample-igg-SC-6::2912,sample-igg-SC-6,2912,2,True,lt_min_leaves,topological,1,0,2,2,after_topology_validation
sample-igg-SC-6::1669,sample-igg-SC-6,1669,2,True,lt_min_leaves,topological,1,0,2,2,after_topology_validation
sample-igg-SC-6::1718,sample-igg-SC-6,1718,2,True,lt_min_leaves,topological,1,0,1,2,after_topology_validation
sample-igg-SC-6::1615,sample-igg-SC-6,1615,2,True,lt_min_leaves,topological,1,0,1,2,after_topology_validation
sample-igg-SC-6::1266,sample-igg-SC-6,1266,2,True,lt_min_leaves,topological,1,0,1,2,after_topology_validation
sample-igg-SC-6::1595,sample-igg-SC-6,1595,2,True,lt_min_leaves,topological,1,0,1,2,after_topology_validation
sample-igg-SC-6::890,sample-igg-SC-6,890,2,True,lt_min_leaves,topological,1,0,1,2,after_topology_validation
sample-igg-SC-6::2542,sample-igg-SC-6,2542,1,True,lt_min_leaves,topological,1,0,1,2,after_topology_validation
sample-igg-SC-6::536,sample-igg-SC-6,536,1,True,lt_min_leaves,topological,1,0,1,2,after_topology_validation
sample-igg-SC-6::2725,sample-igg-SC-6,2725,1,True,lt_min_leaves,topological,1,0,1,2,after_topology_validation
sample-igg-SC-6::173,sample-igg-SC-6,173,1,True,lt_min_leaves,topological,1,0,1,2,after_topology_validation
sample-igg-SC-6::2221,sample-igg-SC-6,2221,2,True,lt_min_leaves,topological,1,0,1,2,after_topology_validation
sample-igg-SC-6::2041,sample-igg-SC-6,2041,2,True,multi_root_no_usable_naive,,2,0,0,3,raw_families
sample-igg-SC-6::1998,sample-igg-SC-6,1998,2,True,lt_min_leaves,topological,1,0,2,2,after_topology_validation
sample-igg-SC-6::1997,sample-igg-SC-6,1997,4,True,lt_min_leaves,topological,1,0,3,3,after_topology_validation
sample-igg-SC-6::619,sample-igg-SC-6,619,2,True,lt_min_leaves,topological,1,0,0,2,after_topology_validation
sample-igg-SC-6::2794,sample-igg-SC-6,2794,2,True,lt_min_leaves,topological,1,0,1,2,after_topology_validation
sample-igg-SC-6::1248,sample-igg-SC-6,1248,1,True,lt_min_leaves,topological,1,0,0,2,after_topology_validation
sample-igg-SC-6::916,sample-igg-SC-6,916,2,True,lt_min_leaves,topological,1,0,0,2,after_topology_validation
sample-igg-SC-6::333,sample-igg-SC-6,333,4,True,lt_min_leaves,topological,1,0,2,3,after_topology_validation
sample-igg-SC-6::709,sample-igg-SC-6,709,2,True,lt_min_leaves,topological,1,0,1,2,after_topology_validation
sample-igg-SC-6::1423,sample-igg-SC-6,1423,1,True,lt_min_leaves,topological,1,0,1,2,after_topology_validation
sample-igg-SC-6::908,sample-igg-SC-6,908,1,True,lt_min_leaves,topological,1,0,1,2,after_topology_validation
sample-igg-SC-6::753,sample-igg-SC-6,753,2,True,lt_min_leaves,topological,1,0,1,2,after_topology_validation
sample-igg-SC-6::2412,sample-igg-SC-6,2412,2,True,lt_min_leaves,topological,1,0,0,2,after_topology_validation
sample-igg-SC-6::2035,sample-igg-SC-6,2035,2,True,lt_min_leaves,topological,1,0,1,2,after_topology_validation
sample-igg-SC-6::1206,sample-igg-SC-6,1206,2,True,lt_min_leaves,topological,1,0,2,2,after_topology_validation
sample-igg-SC-6::1659,sample-igg-SC-6,1659,1,True,lt_min_leaves,topological,1,0,0,2,after_topology_validation
sample-igg-SC-6::2356,sample-igg-SC-6,2356,2,True,lt_min_leaves,topological,1,0,1,2,after_topology_validation
sample-igg-SC-6::365,sample-igg-SC-6,365,2,True,lt_min_leaves,topological,1,0,1,2,after_topology_validation
sample-igg-SC-6::1698,sample-igg-SC-6,1698,3,True,lt_min_leaves,topological,1,0,0,3,after_topology_validation
sample-igg-SC-6::387,sample-igg-SC-6,387,1,True,lt_min_leaves,topological,1,0,1,2,after_topology_validation
sample-igg-SC-6::2302,sample-igg-SC-6,2302,2,True,lt_min_leaves,topological,1,0,2,2,after_topology_validation
sample-igg-SC-6::2656,sample-igg-SC-6,2656,1,True,lt_min_leaves,topological,1,0,1,4,after_topology_validation
sample-igg-SC-6::2635,sample-igg-SC-6,2635,2,True,lt_min_leaves,topological,1,0,1,2,after_topology_validation
sample-igg-SC-6::1009,sample-igg-SC-6,1009,2,True,lt_min_leaves,topological,1,0,1,2,after_topology_validation
sample-igg-SC-6::898,sample-igg-SC-6,898,1,True,lt_min_leaves,topological,1,0,1,2,after_topology_validation
sample-igg-SC-6::1027,sample-igg-SC-6,1027,1,True,lt_min_leaves,topological,1,0,0,2,after_topology_validation
sample-igg-SC-6::2894,sample-igg-SC-6,2894,2,True,multi_root_no_usable_naive,,2,0,0,3,raw_families
sample-igg-SC-6::995,sample-igg-SC-6,995,1,True,lt_min_leaves,topological,1,0,1,2,after_topology_validation
sample-igg-SC-6::1783,sample-igg-SC-6,1783,2,True,lt_min_leaves,topological,1,0,2,2,after_topology_validation
sample-igg-SC-6::1986,sample-igg-SC-6,1986,2,True,lt_min_leaves,topological,1,0,2,2,after_topology_validation
sample-igg-SC-6::674,sample-igg-SC-6,674,1,True,lt_min_leaves,topological,1,0,1,2,after_topology_validation
sample-igg-SC-6::135,sample-igg-SC-6,135,3,True,lt_min_leaves,topological,1,0,1,3,after_topology_validation
sample-igg-SC-6::2272,sample-igg-SC-6,2272,2,True,lt_min_leaves,topological,1,0,0,2,after_topology_validation
sample-igg-SC-6::2003,sample-igg-SC-6,2003,2,True,lt_min_leaves,topological,1,0,1,2,after_topology_validation
sample-igg-SC-6::2499,sample-igg-SC-6,2499,2,True,lt_min_leaves,topological,1,0,1,2,after_topology_validation
sample-igg-SC-6::1706,sample-igg-SC-6,1706,2,True,lt_min_leaves,topological,1,0,0,2,after_topology_validation
sample-igg-SC-6::792,sample-igg-SC-6,792,2,True,multi_root_no_usable_naive,,2,0,0,3,raw_families
sample-igg-SC-6::2734,sample-igg-SC-6,2734,1,True,lt_min_leaves,topological,1,0,0,2,after_topology_validation
sample-igg-SC-6::328,sample-igg-SC-6,328,1,True,lt_min_leaves,topological,1,0,0,2,after_topology_validation
sample-igg-SC-6::208,sample-igg-SC-6,208,2,True,lt_min_leaves,topological,1,0,2,2,after_topology_validation
sample-igg-SC-6::1445,sample-igg-SC-6,1445,2,True,lt_min_leaves,topological,1,0,1,2,after_topology_validation
sample-igg-SC-6::2744,sample-igg-SC-6,2744,2,True,lt_min_leaves,topological,1,0,1,2,after_topology_validation
sample-igg-SC-6::871,sample-igg-SC-6,871,4,True,lt_min_leaves,topological,1,0,1,3,after_topology_validation
sample-igg-SC-6::2655,sample-igg-SC-6,2655,2,True,lt_min_leaves,topological,1,0,2,2,after_topology_validation
sample-igg-SC-6::2154,sample-igg-SC-6,2154,1,True,lt_min_leaves,topological,1,0,1,2,after_topology_validation
sample-igg-SC-6::390,sample-igg-SC-6,390,2,True,lt_min_leaves,topological,1,0,1,2,after_topology_validation
sample-igg-SC-6::1744,sample-igg-SC-6,1744,1,True,lt_min_leaves,topological,1,0,1,2,after_topology_validation
sample-igg-SC-6::472,sample-igg-SC-6,472,2,True,lt_min_leaves,topological,1,0,1,2,after_topology_validation
sample-igg-SC-6::1957,sample-igg-SC-6,1957,1,True,lt_min_leaves,topological,1,0,1,2,after_topology_validation
sample-igg-SC-6::2262,sample-igg-SC-6,2262,2,True,lt_min_leaves,topological,1,0,0,2,after_topology_validation
sample-igg-SC-6::2165,sample-igg-SC-6,2165,4,True,lt_min_leaves,topological,1,0,2,3,after_topology_validation
sample-igg-SC-6::1285,sample-igg-SC-6,1285,2,True,lt_min_leaves,topological,1,0,2,2,after_topology_validation
sample-igg-SC-6::1283,sample-igg-SC-6,1283,2,True,lt_min_leaves,topological,1,0,2,2,after_topology_validation
sample-igg-SC-6::2916,sample-igg-SC-6,2916,4,True,lt_min_leaves,topological,1,0,3,3,after_topology_validation
sample-igg-SC-6::188,sample-igg-SC-6,188,2,True,lt_min_leaves,topological,1,0,2,2,after_topology_validation
sample-igg-SC-6::2799,sample-igg-SC-6,2799,2,True,lt_min_leaves,topological,1,0,1,2,after_topology_validation
sample-igg-SC-6::2497,sample-igg-SC-6,2497,1,True,lt_min_leaves,topological,1,0,1,2,after_topology_validation
sample-igg-SC-6::3316,sample-igg-SC-6,3316,6,False,,topological,1,0,4,4,final_eligible
sample-igg-SC-6::1382,sample-igg-SC-6,1382,2,True,lt_min_leaves,topological,1,0,2,2,after_topology_validation
sample-igg-SC-6::3069,sample-igg-SC-6,3069,4,True,lt_min_leaves,topological,1,0,3,3,after_topology_validation
sample-igg-SC-6::634,sample-igg-SC-6,634,2,True,lt_min_leaves,topological,1,0,1,2,after_topology_validation
sample-igg-SC-6::229,sample-igg-SC-6,229,2,True,lt_min_leaves,topological,1,0,0,2,after_topology_validation
sample-igg-SC-6::1204,sample-igg-SC-6,1204,3,True,lt_min_leaves,topological,1,0,2,3,after_topology_validation
sample-igg-SC-6::2864,sample-igg-SC-6,2864,1,True,lt_min_leaves,topological,1,0,1,2,after_topology_validation
sample-igg-SC-6::252,sample-igg-SC-6,252,1,True,lt_min_leaves,topological,1,0,0,3,after_topology_validation
sample-igg-SC-6::744,sample-igg-SC-6,744,1,True,lt_min_leaves,topological,1,0,1,2,after_topology_validation
sample-igg-SC-6::2010,sample-igg-SC-6,2010,1,True,lt_min_leaves,topological,1,0,1,2,after_topology_validation
sample-igg-SC-6::2980,sample-igg-SC-6,2980,2,True,lt_min_leaves,topological,1,0,1,2,after_topology_validation
sample-igg-SC-6::2228,sample-igg-SC-6,2228,2,True,lt_min_leaves,topological,1,0,1,2,after_topology_validation
sample-igg-SC-6::70,sample-igg-SC-6,70,2,True,lt_min_leaves,topological,1,0,1,2,after_topology_validation
sample-igg-SC-6::2252,sample-igg-SC-6,2252,1,True,lt_min_leaves,topological,1,0,1,2,after_topology_validation
sample-igg-SC-6::2346,sample-igg-SC-6,2346,4,True,lt_min_leaves,topological,1,0,3,3,after_topology_validation
sample-igg-SC-6::2373,sample-igg-SC-6,2373,2,True,lt_min_leaves,topological,1,0,2,2,after_topology_validation
sample-igg-SC-6::727,sample-igg-SC-6,727,1,True,lt_min_leaves,topological,1,0,0,2,after_topology_validation
sample-igg-SC-6::1734,sample-igg-SC-6,1734,2,True,lt_min_leaves,topological,1,0,2,2,after_topology_validation
sample-igg-SC-6::3239,sample-igg-SC-6,3239,1,True,lt_min_leaves,topological,1,0,1,2,after_topology_validation
sample-igg-SC-6::87,sample-igg-SC-6,87,2,True,lt_min_leaves,topological,1,0,1,2,after_topology_validation
sample-igg-SC-6::1700,sample-igg-SC-6,1700,2,True,lt_min_leaves,topological,1,0,2,2,after_topology_validation
sample-igg-SC-6::3136,sample-igg-SC-6,3136,1,True,lt_min_leaves,topological,1,0,1,2,after_topology_validation
sample-igg-SC-6::1478,sample-igg-SC-6,1478,3,True,multi_root_no_usable_naive,,2,0,0,3,raw_families
sample-igg-SC-6::420,sample-igg-SC-6,420,1,True,lt_min_leaves,topological,1,0,1,2,after_topology_validation
sample-igg-SC-6::3091,sample-igg-SC-6,3091,1,True,lt_min_leaves,topological,1,0,1,2,after_topology_validation
sample-igg-SC-6::2032,sample-igg-SC-6,2032,2,True,lt_min_leaves,topological,1,0,2,2,after_topology_validation
sample-igg-SC-6::1336,sample-igg-SC-6,1336,2,True,lt_min_leaves,topological,1,0,1,2,after_topology_validation
sample-igg-SC-6::666,sample-igg-SC-6,666,2,True,lt_min_leaves,topological,1,0,0,2,after_topology_validation
sample-igg-SC-6::870,sample-igg-SC-6,870,4,True,lt_min_leaves,topological,1,0,2,3,after_topology_validation
sample-igg-SC-6::2496,sample-igg-SC-6,2496,2,True,lt_min_leaves,topological,1,0,2,2,after_topology_validation
sample-igg-SC-6::1960,sample-igg-SC-6,1960,2,True,lt_min_leaves,topological,1,0,1,2,after_topology_validation
sample-igg-SC-6::1025,sample-igg-SC-6,1025,2,True,lt_min_leaves,topological,1,0,1,2,after_topology_validation
sample-igg-SC-6::1334,sample-igg-SC-6,1334,2,True,lt_min_leaves,topological,1,0,2,2,after_topology_validation
sample-igg-SC-6::241,sample-igg-SC-6,241,4,True,lt_min_leaves,topological,1,0,2,3,after_topology_validation
sample-igg-SC-6::1240,sample-igg-SC-6,1240,2,True,lt_min_leaves,topological,1,0,1,2,after_topology_validation
sample-igg-SC-6::483,sample-igg-SC-6,483,1,True,lt_min_leaves,topological,1,0,1,2,after_topology_validation
sample-igg-SC-6::568,sample-igg-SC-6,568,2,True,lt_min_leaves,topological,1,0,1,2,after_topology_validation
sample-igg-SC-6::2311,sample-igg-SC-6,2311,3,True,lt_min_leaves,topological,1,0,2,3,after_topology_validation
sample-igg-SC-6::281,sample-igg-SC-6,281,1,True,lt_min_leaves,topological,1,0,1,2,after_topology_validation
sample-igg-SC-6::360,sample-igg-SC-6,360,2,True,lt_min_leaves,topological,1,0,1,2,after_topology_validation
sample-igg-SC-6::731,sample-igg-SC-6,731,2,True,lt_min_leaves,topological,1,0,2,2,after_topology_validation
sample-igg-SC-6::1551,sample-igg-SC-6,1551,2,True,lt_min_leaves,topological,1,0,1,2,after_topology_validation
sample-igg-SC-6::2521,sample-igg-SC-6,2521,1,True,lt_min_leaves,topological,1,0,1,2,after_topology_validation
sample-igg-SC-6::1958,sample-igg-SC-6,1958,2,True,lt_min_leaves,topological,1,0,2,2,after_topology_validation
sample-igg-SC-6::3290,sample-igg-SC-6,3290,4,True,lt_min_leaves,topological,1,0,2,3,after_topology_validation
sample-igg-SC-6::1793,sample-igg-SC-6,1793,2,True,lt_min_leaves,topological,1,0,1,2,after_topology_validation
sample-igg-SC-6::1488,sample-igg-SC-6,1488,2,True,lt_min_leaves,topological,1,0,1,2,after_topology_validation
sample-igg-SC-6::3169,sample-igg-SC-6,3169,2,True,lt_min_leaves,topological,1,0,2,2,after_topology_validation
sample-igg-SC-6::1869,sample-igg-SC-6,1869,1,True,lt_min_leaves,topological,1,0,1,2,after_topology_validation
sample-igg-SC-6::924,sample-igg-SC-6,924,1,True,lt_min_leaves,topological,1,0,1,2,after_topology_validation
sample-igg-SC-6::2908,sample-igg-SC-6,2908,2,True,lt_min_leaves,topological,1,0,2,2,after_topology_validation
sample-igg-SC-6::1927,sample-igg-SC-6,1927,2,True,lt_min_leaves,topological,1,0,2,2,after_topology_validation
sample-igg-SC-6::1763,sample-igg-SC-6,1763,2,True,lt_min_leaves,topological,1,0,2,2,after_topology_validation
sample-igg-SC-6::1213,sample-igg-SC-6,1213,2,True,lt_min_leaves,topological,1,0,2,2,after_topology_validation
sample-igg-SC-6::75,sample-igg-SC-6,75,2,True,lt_min_leaves,topological,1,0,2,2,after_topology_validation
sample-igg-SC-6::233,sample-igg-SC-6,233,2,True,lt_min_leaves,topological,1,0,2,2,after_topology_validation
sample-igg-SC-6::747,sample-igg-SC-6,747,3,True,lt_min_leaves,topological,1,0,2,3,after_topology_validation
sample-igg-SC-6::2948,sample-igg-SC-6,2948,2,True,lt_min_leaves,topological,1,0,1,2,after_topology_validation
sample-igg-SC-6::749,sample-igg-SC-6,749,2,True,lt_min_leaves,topological,1,0,0,2,after_topology_validation
sample-igg-SC-6::3185,sample-igg-SC-6,3185,2,True,lt_min_leaves,topological,1,0,1,2,after_topology_validation
sample-igg-SC-6::891,sample-igg-SC-6,891,2,True,lt_min_leaves,topological,1,0,1,2,after_topology_validation
sample-igg-SC-6::690,sample-igg-SC-6,690,1,True,lt_min_leaves,topological,1,0,1,2,after_topology_validation
sample-igg-SC-6::1102,sample-igg-SC-6,1102,1,True,lt_min_leaves,topological,1,0,1,2,after_topology_validation
sample-igg-SC-6::237,sample-igg-SC-6,237,4,True,lt_min_leaves,topological,1,0,1,3,after_topology_validation
sample-igg-SC-6::344,sample-igg-SC-6,344,2,True,lt_min_leaves,topological,1,0,0,2,after_topology_validation
sample-igg-SC-6::2522,sample-igg-SC-6,2522,1,True,lt_min_leaves,topological,1,0,1,2,after_topology_validation
sample-igg-SC-6::1902,sample-igg-SC-6,1902,1,True,lt_min_leaves,topological,1,0,1,2,after_topology_validation
sample-igg-SC-6::2258,sample-igg-SC-6,2258,1,True,lt_min_leaves,topological,1,0,1,2,after_topology_validation
sample-igg-SC-6::1361,sample-igg-SC-6,1361,6,True,lt_min_leaves,topological,1,0,3,4,after_topology_validation
sample-igg-SC-6::567,sample-igg-SC-6,567,5,True,multi_root_no_usable_naive,,2,0,0,4,raw_families
sample-igg-SC-6::904,sample-igg-SC-6,904,2,True,lt_min_leaves,topological,1,0,0,2,after_topology_validation
sample-igg-SC-6::375,sample-igg-SC-6,375,4,True,lt_min_leaves,topological,1,0,0,3,after_topology_validation
sample-igg-SC-6::38,sample-igg-SC-6,38,1,True,lt_min_leaves,topological,1,0,1,2,after_topology_validation
sample-igg-SC-6::206,sample-igg-SC-6,206,4,True,lt_min_leaves,topological,1,0,1,3,after_topology_validation
sample-igg-SC-6::1645,sample-igg-SC-6,1645,1,True,lt_min_leaves,topological,1,0,0,2,after_topology_validation
sample-igg-SC-6::2074,sample-igg-SC-6,2074,2,True,lt_min_leaves,topological,1,0,0,2,after_topology_validation
sample-igg-SC-6::919,sample-igg-SC-6,919,10,True,lt_min_leaves,topological,1,0,3,5,after_topology_validation
sample-igg-SC-6::841,sample-igg-SC-6,841,6,True,lt_min_leaves,topological,1,0,1,3,after_topology_validation
sample-igg-SC-6::2913,sample-igg-SC-6,2913,16,True,multi_root_no_usable_naive,,3,0,0,6,raw_families
sample-igg-SC-6::2973,sample-igg-SC-6,2973,8,True,lt_min_leaves,topological,1,0,2,5,after_topology_validation
sample-igg-SC-6::2776,sample-igg-SC-6,2776,3,True,lt_min_leaves,topological,1,0,0,3,after_topology_validation
sample-igg-SC-6::3103,sample-igg-SC-6,3103,4,True,lt_min_leaves,topological,1,0,0,3,after_topology_validation
sample-igg-SC-6::303,sample-igg-SC-6,303,6,True,lt_min_leaves,topological,1,0,1,4,after_topology_validation
sample-igg-SC-6::885,sample-igg-SC-6,885,6,True,lt_min_leaves,topological,1,0,2,4,after_topology_validation
sample-igg-SC-6::2590,sample-igg-SC-6,2590,6,True,multi_root_no_usable_naive,,2,0,0,5,raw_families
sample-igg-SC-6::1001,sample-igg-SC-6,1001,2,True,lt_min_leaves,topological,1,0,0,2,after_topology_validation
sample-igg-SC-6::2642,sample-igg-SC-6,2642,6,True,lt_min_leaves,topological,1,0,2,4,after_topology_validation
sample-igg-SC-6::541,sample-igg-SC-6,541,4,True,lt_min_leaves,topological,1,0,1,3,after_topology_validation
sample-igg-SC-6::2850,sample-igg-SC-6,2850,4,True,lt_min_leaves,topological,1,0,1,3,after_topology_validation
sample-igg-SC-6::2911,sample-igg-SC-6,2911,14,False,,topological,1,0,6,5,final_eligible
sample-igg-SC-6::2956,sample-igg-SC-6,2956,1,True,lt_min_leaves,topological,1,0,0,2,after_topology_validation
sample-igg-SC-6::330,sample-igg-SC-6,330,8,True,multi_root_no_usable_naive,,2,0,0,5,raw_families
sample-igg-SC-6::1555,sample-igg-SC-6,1555,6,True,multi_root_no_usable_naive,,2,0,0,4,raw_families
sample-igg-SC-6::2731,sample-igg-SC-6,2731,1,True,lt_min_leaves,topological,1,0,0,2,after_topology_validation
sample-igg-SC-6::684,sample-igg-SC-6,684,2,True,lt_min_leaves,topological,1,0,0,2,after_topology_validation
sample-igg-SC-6::1301,sample-igg-SC-6,1301,2,True,lt_min_leaves,topological,1,0,0,2,after_topology_validation
sample-igg-SC-6::1562,sample-igg-SC-6,1562,6,True,lt_min_leaves,topological,1,0,1,4,after_topology_validation
sample-igg-SC-6::2019,sample-igg-SC-6,2019,8,True,multi_root_no_usable_naive,,2,0,0,6,raw_families
sample-igg-SC-6::577,sample-igg-SC-6,577,4,True,lt_min_leaves,topological,1,0,1,3,after_topology_validation
sample-igg-SC-6::321,sample-igg-SC-6,321,8,True,lt_min_leaves,topological,1,0,1,4,after_topology_validation
sample-igg-SC-6::678,sample-igg-SC-6,678,2,True,multi_root_no_usable_naive,,2,0,0,3,raw_families
sample-igg-SC-6::1914,sample-igg-SC-6,1914,4,True,lt_min_leaves,topological,1,0,0,3,after_topology_validation
sample-igg-SC-6::96,sample-igg-SC-6,96,12,True,lt_min_leaves,topological,1,0,3,8,after_topology_validation
sample-igg-SC-6::1881,sample-igg-SC-6,1881,3,True,lt_min_leaves,topological,1,0,1,3,after_topology_validation
sample-igg-SC-6::2742,sample-igg-SC-6,2742,4,True,lt_min_leaves,topological,1,0,1,4,after_topology_validation
sample-igg-SC-6::1392,sample-igg-SC-6,1392,6,True,lt_min_leaves,topological,1,0,2,4,after_topology_validation
sample-igg-SC-6::2773,sample-igg-SC-6,2773,6,True,lt_min_leaves,topological,1,0,2,3,after_topology_validation
sample-igg-SC-6::2955,sample-igg-SC-6,2955,2,True,lt_min_leaves,topological,1,0,0,3,after_topology_validation
sample-igg-SC-6::1366,sample-igg-SC-6,1366,2,True,lt_min_leaves,topological,1,0,1,2,after_topology_validation
sample-igg-SC-6::2042,sample-igg-SC-6,2042,1,True,lt_min_leaves,topological,1,0,1,2,after_topology_validation
sample-igg-SC-6::1212,sample-igg-SC-6,1212,6,True,lt_min_leaves,topological,1,0,1,5,after_topology_validation
sample-igg-SC-6::164,sample-igg-SC-6,164,2,True,lt_min_leaves,topological,1,0,0,2,after_topology_validation
sample-igg-SC-6::2530,sample-igg-SC-6,2530,5,True,lt_min_leaves,topological,1,0,1,4,after_topology_validation
sample-igg-SC-6::381,sample-igg-SC-6,381,6,True,lt_min_leaves,topological,1,0,2,4,after_topology_validation
sample-igg-SC-6::1253,sample-igg-SC-6,1253,2,True,lt_min_leaves,topological,1,0,0,2,after_topology_validation
sample-igg-SC-6::1712,sample-igg-SC-6,1712,2,True,lt_min_leaves,topological,1,0,1,2,after_topology_validation
sample-igg-SC-6::3264,sample-igg-SC-6,3264,2,True,lt_min_leaves,topological,1,0,0,2,after_topology_validation
sample-igg-SC-6::345,sample-igg-SC-6,345,8,True,lt_min_leaves,topological,1,0,3,5,after_topology_validation
sample-igg-SC-6::1318,sample-igg-SC-6,1318,1,True,lt_min_leaves,topological,1,0,1,2,after_topology_validation
sample-igg-SC-6::214,sample-igg-SC-6,214,4,True,lt_min_leaves,topological,1,0,1,3,after_topology_validation
sample-igg-SC-6::171,sample-igg-SC-6,171,8,True,lt_min_leaves,topological,1,0,3,5,after_topology_validation
sample-igg-SC-6::205,sample-igg-SC-6,205,10,True,multi_root_no_usable_naive,,2,0,0,5,raw_families
sample-igg-SC-6::2508,sample-igg-SC-6,2508,9,True,lt_min_leaves,topological,1,0,0,4,after_topology_validation
sample-igg-SC-6::2741,sample-igg-SC-6,2741,4,True,lt_min_leaves,topological,1,0,1,3,after_topology_validation
sample-igg-SC-6::589,sample-igg-SC-6,589,6,True,lt_min_leaves,topological,1,0,2,4,after_topology_validation
sample-igg-SC-6::391,sample-igg-SC-6,391,4,True,lt_min_leaves,topological,1,0,1,3,after_topology_validation
sample-igg-SC-6::50,sample-igg-SC-6,50,4,True,lt_min_leaves,topological,1,0,1,4,after_topology_validation
sample-igg-SC-6::2297,sample-igg-SC-6,2297,4,True,multi_root_no_usable_naive,,2,0,0,4,raw_families
sample-igg-SC-6::2371,sample-igg-SC-6,2371,4,True,lt_min_leaves,topological,1,0,0,3,after_topology_validation
sample-igg-SC-6::2526,sample-igg-SC-6,2526,7,True,lt_min_leaves,topological,1,0,1,5,after_topology_validation
sample-igg-SC-6::1684,sample-igg-SC-6,1684,3,True,lt_min_leaves,topological,1,0,0,3,after_topology_validation
sample-igg-SC-6::3223,sample-igg-SC-6,3223,2,True,multi_root_no_usable_naive,,2,0,0,3,raw_families
sample-igg-SC-6::2839,sample-igg-SC-6,2839,1,True,lt_min_leaves,topological,1,0,0,2,after_topology_validation
sample-igg-SC-6::842,sample-igg-SC-6,842,5,True,multi_root_no_usable_naive,,2,0,0,3,raw_families
sample-igg-SC-6::1184,sample-igg-SC-6,1184,4,True,lt_min_leaves,topological,1,0,1,3,after_topology_validation
sample-igg-SC-6::927,sample-igg-SC-6,927,2,True,lt_min_leaves,topological,1,0,0,2,after_topology_validation
sample-igg-SC-6::235,sample-igg-SC-6,235,2,True,lt_min_leaves,topological,1,0,1,2,after_topology_validation
sample-igg-SC-6::937,sample-igg-SC-6,937,3,True,lt_min_leaves,topological,1,0,0,3,after_topology_validation
sample-igg-SC-6::253,sample-igg-SC-6,253,4,True,lt_min_leaves,topological,1,0,1,3,after_topology_validation
sample-igg-SC-6::1344,sample-igg-SC-6,1344,2,True,lt_min_leaves,topological,1,0,0,2,after_topology_validation
sample-igg-SC-6::1748,sample-igg-SC-6,1748,2,True,lt_min_leaves,topological,1,0,0,2,after_topology_validation
sample-igg-SC-6::2317,sample-igg-SC-6,2317,2,True,lt_min_leaves,topological,1,0,0,2,after_topology_validation
sample-igg-SC-6::374,sample-igg-SC-6,374,4,True,lt_min_leaves,topological,1,0,0,3,after_topology_validation
sample-igg-SC-6::58,sample-igg-SC-6,58,4,True,lt_min_leaves,topological,1,0,2,3,after_topology_validation
sample-igg-SC-6::2520,sample-igg-SC-6,2520,7,True,multi_root_no_usable_naive,,2,0,0,5,raw_families
sample-igg-SC-6::1730,sample-igg-SC-6,1730,4,True,lt_min_leaves,topological,1,0,2,3,after_topology_validation
sample-igg-SC-6::348,sample-igg-SC-6,348,3,True,lt_min_leaves,topological,1,0,1,3,after_topology_validation
sample-igg-SC-6::625,sample-igg-SC-6,625,14,True,multi_root_no_usable_naive,,3,0,0,8,raw_families
sample-igg-SC-6::282,sample-igg-SC-6,282,3,True,multi_root_no_usable_naive,,2,0,0,4,raw_families
sample-igg-SC-6::834,sample-igg-SC-6,834,2,True,lt_min_leaves,topological,1,0,0,2,after_topology_validation
sample-igg-SC-6::221,sample-igg-SC-6,221,6,True,lt_min_leaves,topological,1,0,2,4,after_topology_validation
sample-igg-SC-6::384,sample-igg-SC-6,384,7,True,lt_min_leaves,topological,1,0,2,5,after_topology_validation
sample-igg-SC-6::909,sample-igg-SC-6,909,2,True,lt_min_leaves,topological,1,0,0,2,after_topology_validation
sample-igg-SC-6::2260,sample-igg-SC-6,2260,6,True,lt_min_leaves,topological,1,0,2,4,after_topology_validation
sample-igg-SC-6::1602,sample-igg-SC-6,1602,2,True,lt_min_leaves,topological,1,0,0,2,after_topology_validation
sample-igg-SC-6::612,sample-igg-SC-6,612,4,True,lt_min_leaves,topological,1,0,1,3,after_topology_validation
sample-igg-SC-6::312,sample-igg-SC-6,312,9,True,multi_root_no_usable_naive,,3,0,0,9,raw_families
sample-igg-SC-6::2119,sample-igg-SC-6,2119,2,True,lt_min_leaves,topological,1,0,0,2,after_topology_validation
sample-igg-SC-6::3095,sample-igg-SC-6,3095,11,True,lt_min_leaves,topological,1,0,3,5,after_topology_validation
sample-igg-SC-6::3255,sample-igg-SC-6,3255,5,True,lt_min_leaves,topological,1,0,2,4,after_topology_validation
sample-igg-SC-6::55,sample-igg-SC-6,55,2,True,lt_min_leaves,topological,1,0,0,2,after_topology_validation
sample-igg-SC-6::105,sample-igg-SC-6,105,7,True,lt_min_leaves,topological,1,0,2,5,after_topology_validation
sample-igg-SC-6::413,sample-igg-SC-6,413,1,True,lt_min_leaves,topological,1,0,1,2,after_topology_validation
sample-igg-SC-6::881,sample-igg-SC-6,881,7,True,lt_min_leaves,topological,1,0,1,4,after_topology_validation
sample-igg-SC-6::585,sample-igg-SC-6,585,8,True,lt_min_leaves,topological,1,0,3,4,after_topology_validation
sample-igg-SC-6::1071,sample-igg-SC-6,1071,4,True,lt_min_leaves,topological,1,0,1,3,after_topology_validation
sample-igg-SC-6::531,sample-igg-SC-6,531,11,True,multi_root_no_usable_naive,,4,0,0,6,raw_families
sample-igg-SC-6::3217,sample-igg-SC-6,3217,2,True,lt_min_leaves,topological,1,0,0,2,after_topology_validation
sample-igg-SC-6::823,sample-igg-SC-6,823,3,True,lt_min_leaves,topological,1,0,0,3,after_topology_validation
sample-igg-SC-6::231,sample-igg-SC-6,231,2,True,lt_min_leaves,topological,1,0,0,2,after_topology_validation
sample-igg-SC-6::2107,sample-igg-SC-6,2107,10,True,multi_root_no_usable_naive,,2,0,0,6,raw_families
sample-igg-SC-6::1047,sample-igg-SC-6,1047,5,True,lt_min_leaves,topological,1,0,1,3,after_topology_validation
sample-igg-SC-6::2524,sample-igg-SC-6,2524,6,True,lt_min_leaves,topological,1,0,2,4,after_topology_validation
sample-igg-SC-6::563,sample-igg-SC-6,563,9,True,lt_min_leaves,topological,1,0,3,5,after_topology_validation
sample-igg-SC-6::316,sample-igg-SC-6,316,4,True,lt_min_leaves,topological,1,0,1,3,after_topology_validation
sample-igg-SC-6::2080,sample-igg-SC-6,2080,2,True,lt_min_leaves,topological,1,0,1,3,after_topology_validation
sample-igg-SC-6::2226,sample-igg-SC-6,2226,3,True,lt_min_leaves,topological,1,0,1,3,after_topology_validation
sample-igg-SC-6::2954,sample-igg-SC-6,2954,4,True,lt_min_leaves,topological,1,0,0,3,after_topology_validation
sample-igg-SC-6::640,sample-igg-SC-6,640,8,True,lt_min_leaves,topological,1,0,2,6,after_topology_validation
sample-igg-SC-6::2057,sample-igg-SC-6,2057,6,True,lt_min_leaves,topological,1,0,2,3,after_topology_validation
sample-igg-SC-6::401,sample-igg-SC-6,401,7,True,lt_min_leaves,topological,1,0,3,5,after_topology_validation
sample-igg-SC-6::2537,sample-igg-SC-6,2537,6,True,lt_min_leaves,topological,1,0,1,4,after_topology_validation
sample-igg-SC-6::1845,sample-igg-SC-6,1845,1,True,lt_min_leaves,topological,1,0,1,2,after_topology_validation
sample-igg-SC-6::560,sample-igg-SC-6,560,3,True,lt_min_leaves,topological,1,0,0,3,after_topology_validation
sample-igg-SC-6::692,sample-igg-SC-6,692,9,False,,topological,1,0,4,4,final_eligible
sample-igg-SC-6::572,sample-igg-SC-6,572,2,True,lt_min_leaves,topological,1,0,1,2,after_topology_validation
sample-igg-SC-6::258,sample-igg-SC-6,258,2,True,lt_min_leaves,topological,1,0,0,2,after_topology_validation
sample-igg-SC-6::74,sample-igg-SC-6,74,1,True,lt_min_leaves,topological,1,0,0,2,after_topology_validation
sample-igg-SC-6::606,sample-igg-SC-6,606,1,True,lt_min_leaves,topological,1,0,1,2,after_topology_validation
sample-igg-SC-6::23,sample-igg-SC-6,23,4,True,lt_min_leaves,topological,1,0,2,3,after_topology_validation
sample-igg-SC-23::298,sample-igg-SC-23,298,2,True,lt_min_leaves,topological,1,0,0,2,after_topology_validation
sample-igg-SC-23::102,sample-igg-SC-23,102,2,True,lt_min_leaves,topological,1,0,1,2,after_topology_validation
sample-igg-SC-23::493,sample-igg-SC-23,493,1,True,lt_min_leaves,topological,1,0,1,2,after_topology_validation
sample-igg-SC-23::802,sample-igg-SC-23,802,2,True,lt_min_leaves,topological,1,0,1,2,after_topology_validation
sample-igg-SC-23::389,sample-igg-SC-23,389,1,True,lt_min_leaves,topological,1,0,1,2,after_topology_validation
sample-igg-SC-23::505,sample-igg-SC-23,505,2,True,lt_min_leaves,topological,1,0,1,2,after_topology_validation
sample-igg-SC-23::145,sample-igg-SC-23,145,2,True,lt_min_leaves,topological,1,0,2,2,after_topology_validation
sample-igg-SC-23::209,sample-igg-SC-23,209,4,True,lt_min_leaves,topological,1,0,2,3,after_topology_validation
sample-igg-SC-23::344,sample-igg-SC-23,344,1,True,lt_min_leaves,topological,1,0,1,2,after_topology_validation
sample-igg-SC-23::77,sample-igg-SC-23,77,2,True,lt_min_leaves,topological,1,0,1,2,after_topology_validation
sample-igg-SC-23::39,sample-igg-SC-23,39,1,True,lt_min_leaves,topological,1,0,1,2,after_topology_validation
sample-igg-SC-23::490,sample-igg-SC-23,490,1,True,lt_min_leaves,topological,1,0,1,2,after_topology_validation
sample-igg-SC-23::327,sample-igg-SC-23,327,2,True,lt_min_leaves,topological,1,0,1,2,after_topology_validation
sample-igg-SC-23::390,sample-igg-SC-23,390,1,True,lt_min_leaves,topological,1,0,1,2,after_topology_validation
sample-igg-SC-23::702,sample-igg-SC-23,702,1,True,lt_min_leaves,topological,1,0,1,2,after_topology_validation
sample-igg-SC-23::131,sample-igg-SC-23,131,2,True,lt_min_leaves,topological,1,0,2,2,after_topology_validation
sample-igg-SC-23::294,sample-igg-SC-23,294,3,True,lt_min_leaves,topological,1,0,1,3,after_topology_validation
sample-igg-SC-23::453,sample-igg-SC-23,453,2,True,lt_min_leaves,topological,1,0,2,2,after_topology_validation
sample-igg-SC-23::238,sample-igg-SC-23,238,2,True,lt_min_leaves,topological,1,0,1,2,after_topology_validation
sample-igg-SC-23::24,sample-igg-SC-23,24,1,True,lt_min_leaves,topological,1,0,1,2,after_topology_validation
sample-igg-SC-23::784,sample-igg-SC-23,784,1,True,lt_min_leaves,topological,1,0,1,5,after_topology_validation
sample-igg-SC-23::114,sample-igg-SC-23,114,2,True,lt_min_leaves,topological,1,0,2,2,after_topology_validation
sample-igg-SC-23::137,sample-igg-SC-23,137,2,True,lt_min_leaves,topological,1,0,1,2,after_topology_validation
sample-igg-SC-23::204,sample-igg-SC-23,204,1,True,lt_min_leaves,topological,1,0,1,2,after_topology_validation
sample-igg-SC-23::560,sample-igg-SC-23,560,2,True,lt_min_leaves,topological,1,0,2,2,after_topology_validation
sample-igg-SC-23::213,sample-igg-SC-23,213,1,True,lt_min_leaves,topological,1,0,1,2,after_topology_validation
sample-igg-SC-23::363,sample-igg-SC-23,363,2,True,lt_min_leaves,topological,1,0,2,2,after_topology_validation
sample-igg-SC-23::690,sample-igg-SC-23,690,1,True,lt_min_leaves,topological,1,0,1,2,after_topology_validation
sample-igg-SC-23::22,sample-igg-SC-23,22,2,True,lt_min_leaves,topological,1,0,1,2,after_topology_validation
sample-igg-SC-23::622,sample-igg-SC-23,622,2,True,lt_min_leaves,topological,1,0,0,2,after_topology_validation
sample-igg-SC-23::119,sample-igg-SC-23,119,1,True,lt_min_leaves,topological,1,0,1,2,after_topology_validation
sample-igg-SC-23::122,sample-igg-SC-23,122,2,True,lt_min_leaves,topological,1,0,1,2,after_topology_validation
sample-igg-SC-23::454,sample-igg-SC-23,454,1,True,lt_min_leaves,topological,1,0,1,2,after_topology_validation
sample-igg-SC-23::489,sample-igg-SC-23,489,1,True,lt_min_leaves,topological,1,0,1,2,after_topology_validation
sample-igg-SC-23::46,sample-igg-SC-23,46,3,True,lt_min_leaves,topological,1,0,0,3,after_topology_validation
sample-igg-SC-23::485,sample-igg-SC-23,485,1,True,lt_min_leaves,topological,1,0,0,2,after_topology_validation
sample-igg-SC-23::799,sample-igg-SC-23,799,1,True,lt_min_leaves,topological,1,0,0,2,after_topology_validation
sample-igg-SC-23::14,sample-igg-SC-23,14,3,True,multi_root_no_usable_naive,,2,0,0,5,raw_families
sample-igg-SC-23::71,sample-igg-SC-23,71,2,True,lt_min_leaves,topological,1,0,0,2,after_topology_validation
sample-igg-SC-23::329,sample-igg-SC-23,329,1,True,lt_min_leaves,topological,1,0,0,2,after_topology_validation
sample-igg-SC-23::262,sample-igg-SC-23,262,2,True,lt_min_leaves,topological,1,0,1,2,after_topology_validation
sample-igg-SC-23::557,sample-igg-SC-23,557,1,True,lt_min_leaves,topological,1,0,1,8,after_topology_validation
sample-igg-SC-23::381,sample-igg-SC-23,381,6,True,lt_min_leaves,topological,1,0,3,4,after_topology_validation
sample-igg-SC-23::233,sample-igg-SC-23,233,8,True,lt_min_leaves,topological,1,0,1,5,after_topology_validation
sample-igg-SC-23::167,sample-igg-SC-23,167,8,False,,topological,1,0,4,4,final_eligible
sample-igg-SC-17::1384,sample-igg-SC-17,1384,1,True,lt_min_leaves,topological,1,0,1,2,after_topology_validation
sample-igg-SC-17::389,sample-igg-SC-17,389,2,True,lt_min_leaves,topological,1,0,2,2,after_topology_validation
sample-igg-SC-17::383,sample-igg-SC-17,383,2,True,lt_min_leaves,topological,1,0,2,2,after_topology_validation
sample-igg-SC-17::2802,sample-igg-SC-17,2802,2,True,lt_min_leaves,topological,1,0,1,2,after_topology_validation
sample-igg-SC-17::33,sample-igg-SC-17,33,2,True,lt_min_leaves,topological,1,0,2,2,after_topology_validation
sample-igg-SC-17::2893,sample-igg-SC-17,2893,2,True,lt_min_leaves,topological,1,0,2,2,after_topology_validation
sample-igg-SC-17::233,sample-igg-SC-17,233,2,True,lt_min_leaves,topological,1,0,1,2,after_topology_validation
sample-igg-SC-17::2960,sample-igg-SC-17,2960,2,True,lt_min_leaves,topological,1,0,2,2,after_topology_validation
sample-igg-SC-17::505,sample-igg-SC-17,505,2,True,lt_min_leaves,topological,1,0,1,2,after_topology_validation
sample-igg-SC-17::1586,sample-igg-SC-17,1586,2,True,lt_min_leaves,topological,1,0,1,2,after_topology_validation
sample-igg-SC-17::213,sample-igg-SC-17,213,2,True,lt_min_leaves,topological,1,0,2,2,after_topology_validation
sample-igg-SC-17::2499,sample-igg-SC-17,2499,4,True,lt_min_leaves,topological,1,0,2,3,after_topology_validation
sample-igg-SC-17::604,sample-igg-SC-17,604,2,True,lt_min_leaves,topological,1,0,1,2,after_topology_validation
sample-igg-SC-17::1036,sample-igg-SC-17,1036,2,True,lt_min_leaves,topological,1,0,1,2,after_topology_validation
sample-igg-SC-17::2264,sample-igg-SC-17,2264,2,True,lt_min_leaves,topological,1,0,2,2,after_topology_validation
sample-igg-SC-17::306,sample-igg-SC-17,306,2,True,lt_min_leaves,topological,1,0,1,2,after_topology_validation
sample-igg-SC-17::1214,sample-igg-SC-17,1214,4,True,lt_min_leaves,topological,1,0,3,3,after_topology_validation
sample-igg-SC-17::317,sample-igg-SC-17,317,2,True,lt_min_leaves,topological,1,0,0,2,after_topology_validation
sample-igg-SC-17::2162,sample-igg-SC-17,2162,4,True,lt_min_leaves,topological,1,0,2,3,after_topology_validation
sample-igg-SC-17::1126,sample-igg-SC-17,1126,1,True,lt_min_leaves,topological,1,0,1,2,after_topology_validation
sample-igg-SC-17::2344,sample-igg-SC-17,2344,2,True,lt_min_leaves,topological,1,0,0,2,after_topology_validation
sample-igg-SC-17::295,sample-igg-SC-17,295,2,True,lt_min_leaves,topological,1,0,0,2,after_topology_validation
sample-igg-SC-17::1354,sample-igg-SC-17,1354,2,True,lt_min_leaves,topological,1,0,2,2,after_topology_validation
sample-igg-SC-17::2636,sample-igg-SC-17,2636,2,True,lt_min_leaves,topological,1,0,2,2,after_topology_validation
sample-igg-SC-17::2025,sample-igg-SC-17,2025,2,True,lt_min_leaves,topological,1,0,2,2,after_topology_validation
sample-igg-SC-17::2954,sample-igg-SC-17,2954,3,True,lt_min_leaves,topological,1,0,2,3,after_topology_validation
sample-igg-SC-17::1847,sample-igg-SC-17,1847,1,True,lt_min_leaves,topological,1,0,1,2,after_topology_validation
sample-igg-SC-17::1955,sample-igg-SC-17,1955,2,True,lt_min_leaves,topological,1,0,1,2,after_topology_validation
sample-igg-SC-17::1597,sample-igg-SC-17,1597,1,True,lt_min_leaves,topological,1,0,1,2,after_topology_validation
sample-igg-SC-17::354,sample-igg-SC-17,354,2,True,lt_min_leaves,topological,1,0,1,2,after_topology_validation
sample-igg-SC-17::1274,sample-igg-SC-17,1274,3,True,lt_min_leaves,topological,1,0,2,3,after_topology_validation
sample-igg-SC-17::197,sample-igg-SC-17,197,2,True,lt_min_leaves,topological,1,0,1,2,after_topology_validation
sample-igg-SC-17::658,sample-igg-SC-17,658,2,True,lt_min_leaves,topological,1,0,1,2,after_topology_validation
sample-igg-SC-17::1410,sample-igg-SC-17,1410,2,True,lt_min_leaves,topological,1,0,2,2,after_topology_validation
sample-igg-SC-17::2015,sample-igg-SC-17,2015,1,True,lt_min_leaves,topological,1,0,1,2,after_topology_validation
sample-igg-SC-17::123,sample-igg-SC-17,123,1,True,lt_min_leaves,topological,1,0,1,2,after_topology_validation
sample-igg-SC-17::1374,sample-igg-SC-17,1374,2,True,lt_min_leaves,topological,1,0,2,2,after_topology_validation
sample-igg-SC-17::1567,sample-igg-SC-17,1567,2,True,lt_min_leaves,topological,1,0,1,2,after_topology_validation
sample-igg-SC-17::2300,sample-igg-SC-17,2300,2,True,lt_min_leaves,topological,1,0,1,2,after_topology_validation
sample-igg-SC-17::410,sample-igg-SC-17,410,2,True,lt_min_leaves,topological,1,0,1,2,after_topology_validation
sample-igg-SC-17::2309,sample-igg-SC-17,2309,2,True,lt_min_leaves,topological,1,0,2,2,after_topology_validation
sample-igg-SC-17::2829,sample-igg-SC-17,2829,2,True,lt_min_leaves,topological,1,0,2,2,after_topology_validation
sample-igg-SC-17::247,sample-igg-SC-17,247,4,True,lt_min_leaves,topological,1,0,2,3,after_topology_validation
sample-igg-SC-17::1709,sample-igg-SC-17,1709,2,True,lt_min_leaves,topological,1,0,1,2,after_topology_validation
sample-igg-SC-17::1798,sample-igg-SC-17,1798,1,True,lt_min_leaves,topological,1,0,1,2,after_topology_validation
sample-igg-SC-17::2650,sample-igg-SC-17,2650,1,True,lt_min_leaves,topological,1,0,1,2,after_topology_validation
sample-igg-SC-17::1793,sample-igg-SC-17,1793,2,True,lt_min_leaves,topological,1,0,1,2,after_topology_validation
sample-igg-SC-17::2070,sample-igg-SC-17,2070,2,True,lt_min_leaves,topological,1,0,2,2,after_topology_validation
sample-igg-SC-17::202,sample-igg-SC-17,202,1,True,lt_min_leaves,topological,1,0,0,2,after_topology_validation
sample-igg-SC-17::218,sample-igg-SC-17,218,1,True,lt_min_leaves,topological,1,0,0,2,after_topology_validation
sample-igg-SC-17::2638,sample-igg-SC-17,2638,3,True,lt_min_leaves,topological,1,0,2,3,after_topology_validation
sample-igg-SC-17::3244,sample-igg-SC-17,3244,1,True,lt_min_leaves,topological,1,0,0,2,after_topology_validation
sample-igg-SC-17::356,sample-igg-SC-17,356,4,True,lt_min_leaves,topological,1,0,2,3,after_topology_validation
sample-igg-SC-17::1532,sample-igg-SC-17,1532,2,True,lt_min_leaves,topological,1,0,2,2,after_topology_validation
sample-igg-SC-17::1316,sample-igg-SC-17,1316,2,True,lt_min_leaves,topological,1,0,1,2,after_topology_validation
sample-igg-SC-17::920,sample-igg-SC-17,920,2,True,lt_min_leaves,topological,1,0,2,2,after_topology_validation
sample-igg-SC-17::1741,sample-igg-SC-17,1741,2,True,lt_min_leaves,topological,1,0,1,2,after_topology_validation
sample-igg-SC-17::1165,sample-igg-SC-17,1165,2,True,lt_min_leaves,topological,1,0,1,2,after_topology_validation
sample-igg-SC-17::1435,sample-igg-SC-17,1435,2,True,lt_min_leaves,topological,1,0,1,2,after_topology_validation
sample-igg-SC-17::1572,sample-igg-SC-17,1572,2,True,lt_min_leaves,topological,1,0,0,2,after_topology_validation
sample-igg-SC-17::2277,sample-igg-SC-17,2277,2,True,lt_min_leaves,topological,1,0,2,2,after_topology_validation
sample-igg-SC-17::2760,sample-igg-SC-17,2760,2,True,lt_min_leaves,topological,1,0,2,2,after_topology_validation
sample-igg-SC-17::657,sample-igg-SC-17,657,2,True,lt_min_leaves,topological,1,0,1,2,after_topology_validation
sample-igg-SC-17::1630,sample-igg-SC-17,1630,2,True,lt_min_leaves,topological,1,0,1,2,after_topology_validation
sample-igg-SC-17::1661,sample-igg-SC-17,1661,2,True,lt_min_leaves,topological,1,0,2,2,after_topology_validation
sample-igg-SC-17::3027,sample-igg-SC-17,3027,4,True,lt_min_leaves,topological,1,0,2,3,after_topology_validation
sample-igg-SC-17::244,sample-igg-SC-17,244,2,True,lt_min_leaves,topological,1,0,2,2,after_topology_validation
sample-igg-SC-17::656,sample-igg-SC-17,656,2,True,lt_min_leaves,topological,1,0,1,2,after_topology_validation
sample-igg-SC-17::2017,sample-igg-SC-17,2017,1,True,lt_min_leaves,topological,1,0,1,2,after_topology_validation
sample-igg-SC-17::3098,sample-igg-SC-17,3098,2,True,lt_min_leaves,topological,1,0,0,2,after_topology_validation
sample-igg-SC-17::819,sample-igg-SC-17,819,2,True,lt_min_leaves,topological,1,0,2,2,after_topology_validation
sample-igg-SC-17::225,sample-igg-SC-17,225,1,True,lt_min_leaves,topological,1,0,0,2,after_topology_validation
sample-igg-SC-17::1445,sample-igg-SC-17,1445,1,True,lt_min_leaves,topological,1,0,1,2,after_topology_validation
sample-igg-SC-17::949,sample-igg-SC-17,949,2,True,lt_min_leaves,topological,1,0,0,2,after_topology_validation
sample-igg-SC-17::1666,sample-igg-SC-17,1666,2,True,lt_min_leaves,topological,1,0,2,2,after_topology_validation
sample-igg-SC-17::856,sample-igg-SC-17,856,1,True,lt_min_leaves,topological,1,0,1,2,after_topology_validation
sample-igg-SC-17::714,sample-igg-SC-17,714,1,True,lt_min_leaves,topological,1,0,1,2,after_topology_validation
sample-igg-SC-17::312,sample-igg-SC-17,312,2,True,lt_min_leaves,topological,1,0,1,2,after_topology_validation
sample-igg-SC-17::1319,sample-igg-SC-17,1319,4,True,lt_min_leaves,topological,1,0,2,3,after_topology_validation
sample-igg-SC-17::309,sample-igg-SC-17,309,2,True,lt_min_leaves,topological,1,0,2,2,after_topology_validation
sample-igg-SC-17::2564,sample-igg-SC-17,2564,2,True,multi_root_no_usable_naive,,2,0,0,3,raw_families
sample-igg-SC-17::3107,sample-igg-SC-17,3107,2,True,lt_min_leaves,topological,1,0,0,2,after_topology_validation
sample-igg-SC-17::2322,sample-igg-SC-17,2322,2,True,lt_min_leaves,topological,1,0,1,2,after_topology_validation
sample-igg-SC-17::2941,sample-igg-SC-17,2941,2,True,lt_min_leaves,topological,1,0,2,2,after_topology_validation
sample-igg-SC-17::1995,sample-igg-SC-17,1995,2,True,lt_min_leaves,topological,1,0,2,2,after_topology_validation
sample-igg-SC-17::530,sample-igg-SC-17,530,2,True,lt_min_leaves,topological,1,0,2,2,after_topology_validation
sample-igg-SC-17::1664,sample-igg-SC-17,1664,3,True,lt_min_leaves,topological,1,0,2,3,after_topology_validation
sample-igg-SC-17::1560,sample-igg-SC-17,1560,2,True,lt_min_leaves,topological,1,0,2,2,after_topology_validation
sample-igg-SC-17::810,sample-igg-SC-17,810,2,True,lt_min_leaves,topological,1,0,0,2,after_topology_validation
sample-igg-SC-17::531,sample-igg-SC-17,531,2,True,lt_min_leaves,topological,1,0,1,2,after_topology_validation
sample-igg-SC-17::343,sample-igg-SC-17,343,2,True,lt_min_leaves,topological,1,0,2,2,after_topology_validation
sample-igg-SC-17::318,sample-igg-SC-17,318,2,True,lt_min_leaves,topological,1,0,0,2,after_topology_validation
sample-igg-SC-17::1092,sample-igg-SC-17,1092,1,True,lt_min_leaves,topological,1,0,1,2,after_topology_validation
sample-igg-SC-17::2295,sample-igg-SC-17,2295,2,True,lt_min_leaves,topological,1,0,1,2,after_topology_validation
sample-igg-SC-17::1164,sample-igg-SC-17,1164,2,True,lt_min_leaves,topological,1,0,1,2,after_topology_validation
sample-igg-SC-17::1304,sample-igg-SC-17,1304,2,True,lt_min_leaves,topological,1,0,1,2,after_topology_validation
sample-igg-SC-17::514,sample-igg-SC-17,514,1,True,lt_min_leaves,topological,1,0,1,2,after_topology_validation
sample-igg-SC-17::402,sample-igg-SC-17,402,2,True,lt_min_leaves,topological,1,0,2,2,after_topology_validation
sample-igg-SC-17::841,sample-igg-SC-17,841,2,True,lt_min_leaves,topological,1,0,2,2,after_topology_validation
sample-igg-SC-17::568,sample-igg-SC-17,568,2,True,lt_min_leaves,topological,1,0,0,2,after_topology_validation
sample-igg-SC-17::172,sample-igg-SC-17,172,2,True,lt_min_leaves,topological,1,0,2,2,after_topology_validation
sample-igg-SC-17::252,sample-igg-SC-17,252,2,True,lt_min_leaves,topological,1,0,2,2,after_topology_validation
sample-igg-SC-17::2342,sample-igg-SC-17,2342,1,True,lt_min_leaves,topological,1,0,1,2,after_topology_validation
sample-igg-SC-17::3014,sample-igg-SC-17,3014,2,True,lt_min_leaves,topological,1,0,1,2,after_topology_validation
sample-igg-SC-17::1647,sample-igg-SC-17,1647,4,True,lt_min_leaves,topological,1,0,3,3,after_topology_validation
sample-igg-SC-17::3263,sample-igg-SC-17,3263,3,True,multi_root_no_usable_naive,,2,0,0,3,raw_families
sample-igg-SC-17::943,sample-igg-SC-17,943,1,True,lt_min_leaves,topological,1,0,1,2,after_topology_validation
sample-igg-SC-17::1043,sample-igg-SC-17,1043,2,True,lt_min_leaves,topological,1,0,2,2,after_topology_validation
sample-igg-SC-17::3020,sample-igg-SC-17,3020,2,True,lt_min_leaves,topological,1,0,2,2,after_topology_validation
sample-igg-SC-17::1387,sample-igg-SC-17,1387,2,True,lt_min_leaves,topological,1,0,1,2,after_topology_validation
sample-igg-SC-17::1580,sample-igg-SC-17,1580,2,True,lt_min_leaves,topological,1,0,0,2,after_topology_validation
sample-igg-SC-17::2241,sample-igg-SC-17,2241,4,True,lt_min_leaves,topological,1,0,1,3,after_topology_validation
sample-igg-SC-17::450,sample-igg-SC-17,450,1,True,lt_min_leaves,topological,1,0,1,2,after_topology_validation
sample-igg-SC-17::1733,sample-igg-SC-17,1733,2,True,lt_min_leaves,topological,1,0,2,2,after_topology_validation
sample-igg-SC-17::2307,sample-igg-SC-17,2307,2,True,lt_min_leaves,topological,1,0,1,2,after_topology_validation
sample-igg-SC-17::421,sample-igg-SC-17,421,2,True,lt_min_leaves,topological,1,0,1,2,after_topology_validation
sample-igg-SC-17::2762,sample-igg-SC-17,2762,1,True,lt_min_leaves,topological,1,0,1,2,after_topology_validation
sample-igg-SC-17::1305,sample-igg-SC-17,1305,1,True,lt_min_leaves,topological,1,0,1,2,after_topology_validation
sample-igg-SC-17::114,sample-igg-SC-17,114,2,True,lt_min_leaves,topological,1,0,1,2,after_topology_validation
sample-igg-SC-17::2966,sample-igg-SC-17,2966,2,True,lt_min_leaves,topological,1,0,1,2,after_topology_validation
sample-igg-SC-17::2794,sample-igg-SC-17,2794,1,True,lt_min_leaves,topological,1,0,1,2,after_topology_validation
sample-igg-SC-17::1426,sample-igg-SC-17,1426,2,True,multi_root_no_usable_naive,,2,0,0,3,raw_families
sample-igg-SC-17::1940,sample-igg-SC-17,1940,3,True,lt_min_leaves,topological,1,0,2,3,after_topology_validation
sample-igg-SC-17::1229,sample-igg-SC-17,1229,2,True,lt_min_leaves,topological,1,0,2,2,after_topology_validation
sample-igg-SC-17::1806,sample-igg-SC-17,1806,2,True,lt_min_leaves,topological,1,0,2,2,after_topology_validation
sample-igg-SC-17::2328,sample-igg-SC-17,2328,2,True,lt_min_leaves,topological,1,0,2,2,after_topology_validation
sample-igg-SC-17::2568,sample-igg-SC-17,2568,2,True,lt_min_leaves,topological,1,0,1,2,after_topology_validation
sample-igg-SC-17::292,sample-igg-SC-17,292,2,True,lt_min_leaves,topological,1,0,1,2,after_topology_validation
sample-igg-SC-17::2034,sample-igg-SC-17,2034,2,True,lt_min_leaves,topological,1,0,0,2,after_topology_validation
sample-igg-SC-17::1759,sample-igg-SC-17,1759,3,True,lt_min_leaves,topological,1,0,2,3,after_topology_validation
sample-igg-SC-17::2816,sample-igg-SC-17,2816,2,True,lt_min_leaves,topological,1,0,1,2,after_topology_validation
sample-igg-SC-17::1975,sample-igg-SC-17,1975,2,True,lt_min_leaves,topological,1,0,2,2,after_topology_validation
sample-igg-SC-17::814,sample-igg-SC-17,814,2,True,lt_min_leaves,topological,1,0,2,2,after_topology_validation
sample-igg-SC-17::3235,sample-igg-SC-17,3235,1,True,lt_min_leaves,topological,1,0,0,2,after_topology_validation
sample-igg-SC-17::1905,sample-igg-SC-17,1905,2,True,lt_min_leaves,topological,1,0,2,2,after_topology_validation
sample-igg-SC-17::207,sample-igg-SC-17,207,2,True,lt_min_leaves,topological,1,0,1,2,after_topology_validation
sample-igg-SC-17::223,sample-igg-SC-17,223,2,True,multi_root_no_usable_naive,,2,0,0,3,raw_families
sample-igg-SC-17::3092,sample-igg-SC-17,3092,1,True,lt_min_leaves,topological,1,0,0,2,after_topology_validation
sample-igg-SC-17::527,sample-igg-SC-17,527,2,True,lt_min_leaves,topological,1,0,1,2,after_topology_validation
sample-igg-SC-17::3246,sample-igg-SC-17,3246,2,True,lt_min_leaves,topological,1,0,1,2,after_topology_validation
sample-igg-SC-17::1582,sample-igg-SC-17,1582,2,True,lt_min_leaves,topological,1,0,2,2,after_topology_validation
sample-igg-SC-17::1186,sample-igg-SC-17,1186,2,True,lt_min_leaves,topological,1,0,1,2,after_topology_validation
sample-igg-SC-17::1391,sample-igg-SC-17,1391,2,True,lt_min_leaves,topological,1,0,2,2,after_topology_validation
sample-igg-SC-17::1852,sample-igg-SC-17,1852,1,True,lt_min_leaves,topological,1,0,1,2,after_topology_validation
sample-igg-SC-17::2535,sample-igg-SC-17,2535,1,True,lt_min_leaves,topological,1,0,0,2,after_topology_validation
sample-igg-SC-17::59,sample-igg-SC-17,59,3,True,lt_min_leaves,topological,1,0,2,3,after_topology_validation
sample-igg-SC-17::879,sample-igg-SC-17,879,2,True,lt_min_leaves,topological,1,0,1,2,after_topology_validation
sample-igg-SC-17::109,sample-igg-SC-17,109,2,True,lt_min_leaves,topological,1,0,1,2,after_topology_validation
sample-igg-SC-17::3022,sample-igg-SC-17,3022,2,True,lt_min_leaves,topological,1,0,2,2,after_topology_validation
sample-igg-SC-17::3121,sample-igg-SC-17,3121,2,True,lt_min_leaves,topological,1,0,2,2,after_topology_validation
sample-igg-SC-17::1396,sample-igg-SC-17,1396,2,True,lt_min_leaves,topological,1,0,1,2,after_topology_validation
sample-igg-SC-17::1311,sample-igg-SC-17,1311,2,True,lt_min_leaves,topological,1,0,2,2,after_topology_validation
sample-igg-SC-17::1911,sample-igg-SC-17,1911,2,True,lt_min_leaves,topological,1,0,2,2,after_topology_validation
sample-igg-SC-17::713,sample-igg-SC-17,713,2,True,lt_min_leaves,topological,1,0,1,2,after_topology_validation
sample-igg-SC-17::212,sample-igg-SC-17,212,2,True,lt_min_leaves,topological,1,0,1,2,after_topology_validation
sample-igg-SC-17::120,sample-igg-SC-17,120,1,True,lt_min_leaves,topological,1,0,0,2,after_topology_validation
sample-igg-SC-17::1302,sample-igg-SC-17,1302,2,True,lt_min_leaves,topological,1,0,2,2,after_topology_validation
sample-igg-SC-17::1067,sample-igg-SC-17,1067,1,True,lt_min_leaves,topological,1,0,1,2,after_topology_validation
sample-igg-SC-17::1853,sample-igg-SC-17,1853,2,True,lt_min_leaves,topological,1,0,2,2,after_topology_validation
sample-igg-SC-17::1803,sample-igg-SC-17,1803,5,True,lt_min_leaves,topological,1,0,2,4,after_topology_validation
sample-igg-SC-17::812,sample-igg-SC-17,812,1,True,lt_min_leaves,topological,1,0,1,2,after_topology_validation
sample-igg-SC-17::477,sample-igg-SC-17,477,1,True,lt_min_leaves,topological,1,0,1,2,after_topology_validation
sample-igg-SC-17::1799,sample-igg-SC-17,1799,2,True,lt_min_leaves,topological,1,0,2,2,after_topology_validation
sample-igg-SC-17::198,sample-igg-SC-17,198,1,True,lt_min_leaves,topological,1,0,1,2,after_topology_validation
sample-igg-SC-17::2562,sample-igg-SC-17,2562,2,True,lt_min_leaves,topological,1,0,0,2,after_topology_validation
sample-igg-SC-17::2788,sample-igg-SC-17,2788,4,True,lt_min_leaves,topological,1,0,2,3,after_topology_validation
sample-igg-SC-17::1660,sample-igg-SC-17,1660,2,True,lt_min_leaves,topological,1,0,2,2,after_topology_validation
sample-igg-SC-17::2567,sample-igg-SC-17,2567,1,True,lt_min_leaves,topological,1,0,1,2,after_topology_validation
sample-igg-SC-17::1507,sample-igg-SC-17,1507,1,True,lt_min_leaves,topological,1,0,0,2,after_topology_validation
sample-igg-SC-17::545,sample-igg-SC-17,545,2,True,lt_min_leaves,topological,1,0,0,2,after_topology_validation
sample-igg-SC-17::894,sample-igg-SC-17,894,2,True,lt_min_leaves,topological,1,0,1,2,after_topology_validation
sample-igg-SC-17::2059,sample-igg-SC-17,2059,2,True,lt_min_leaves,topological,1,0,1,3,after_topology_validation
sample-igg-SC-17::170,sample-igg-SC-17,170,2,True,lt_min_leaves,topological,1,0,2,2,after_topology_validation
sample-igg-SC-17::2154,sample-igg-SC-17,2154,1,True,lt_min_leaves,topological,1,0,0,2,after_topology_validation
sample-igg-SC-17::850,sample-igg-SC-17,850,1,True,lt_min_leaves,topological,1,0,1,2,after_topology_validation
sample-igg-SC-17::696,sample-igg-SC-17,696,2,True,lt_min_leaves,topological,1,0,1,2,after_topology_validation
sample-igg-SC-17::2063,sample-igg-SC-17,2063,2,True,lt_min_leaves,topological,1,0,2,2,after_topology_validation
sample-igg-SC-17::1592,sample-igg-SC-17,1592,2,True,lt_min_leaves,topological,1,0,1,2,after_topology_validation
sample-igg-SC-17::2286,sample-igg-SC-17,2286,2,True,lt_min_leaves,topological,1,0,2,2,after_topology_validation
sample-igg-SC-17::629,sample-igg-SC-17,629,2,True,lt_min_leaves,topological,1,0,1,2,after_topology_validation
sample-igg-SC-17::870,sample-igg-SC-17,870,2,True,lt_min_leaves,topological,1,0,2,2,after_topology_validation
sample-igg-SC-17::150,sample-igg-SC-17,150,2,True,lt_min_leaves,topological,1,0,2,2,after_topology_validation
sample-igg-SC-17::570,sample-igg-SC-17,570,2,True,lt_min_leaves,topological,1,0,0,2,after_topology_validation
sample-igg-SC-17::3036,sample-igg-SC-17,3036,2,True,lt_min_leaves,topological,1,0,1,2,after_topology_validation
sample-igg-SC-17::1256,sample-igg-SC-17,1256,2,True,lt_min_leaves,topological,1,0,0,2,after_topology_validation
sample-igg-SC-17::581,sample-igg-SC-17,581,2,True,lt_min_leaves,topological,1,0,0,2,after_topology_validation
sample-igg-SC-17::231,sample-igg-SC-17,231,2,True,lt_min_leaves,topological,1,0,2,2,after_topology_validation
sample-igg-SC-17::1548,sample-igg-SC-17,1548,1,True,lt_min_leaves,topological,1,0,1,2,after_topology_validation
sample-igg-SC-17::521,sample-igg-SC-17,521,2,True,lt_min_leaves,topological,1,0,1,2,after_topology_validation
sample-igg-SC-17::795,sample-igg-SC-17,795,1,True,lt_min_leaves,topological,1,0,1,2,after_topology_validation
sample-igg-SC-17::337,sample-igg-SC-17,337,2,True,lt_min_leaves,topological,1,0,1,2,after_topology_validation
sample-igg-SC-17::3214,sample-igg-SC-17,3214,2,True,lt_min_leaves,topological,1,0,1,2,after_topology_validation
sample-igg-SC-17::1521,sample-igg-SC-17,1521,1,True,lt_min_leaves,topological,1,0,1,2,after_topology_validation
sample-igg-SC-17::1540,sample-igg-SC-17,1540,2,True,lt_min_leaves,topological,1,0,2,2,after_topology_validation
sample-igg-SC-17::2756,sample-igg-SC-17,2756,1,True,lt_min_leaves,topological,1,0,1,2,after_topology_validation
sample-igg-SC-17::467,sample-igg-SC-17,467,2,True,lt_min_leaves,topological,1,0,1,2,after_topology_validation
sample-igg-SC-17::35,sample-igg-SC-17,35,2,True,lt_min_leaves,topological,1,0,1,2,after_topology_validation
sample-igg-SC-17::2680,sample-igg-SC-17,2680,2,True,lt_min_leaves,topological,1,0,1,2,after_topology_validation
sample-igg-SC-17::1041,sample-igg-SC-17,1041,2,True,lt_min_leaves,topological,1,0,1,2,after_topology_validation
sample-igg-SC-17::3023,sample-igg-SC-17,3023,2,True,lt_min_leaves,topological,1,0,1,2,after_topology_validation
sample-igg-SC-17::196,sample-igg-SC-17,196,2,True,lt_min_leaves,topological,1,0,0,2,after_topology_validation
sample-igg-SC-17::2628,sample-igg-SC-17,2628,1,True,lt_min_leaves,topological,1,0,0,2,after_topology_validation
sample-igg-SC-17::174,sample-igg-SC-17,174,1,True,lt_min_leaves,topological,1,0,1,3,after_topology_validation
sample-igg-SC-17::2699,sample-igg-SC-17,2699,3,True,lt_min_leaves,topological,1,0,0,3,after_topology_validation
sample-igg-SC-17::3017,sample-igg-SC-17,3017,1,True,lt_min_leaves,topological,1,0,0,2,after_topology_validation
sample-igg-SC-17::182,sample-igg-SC-17,182,9,True,multi_root_no_usable_naive,,2,0,0,5,raw_families
sample-igg-SC-17::1401,sample-igg-SC-17,1401,4,True,lt_min_leaves,topological,1,0,1,3,after_topology_validation
sample-igg-SC-17::1440,sample-igg-SC-17,1440,1,True,lt_min_leaves,topological,1,0,1,2,after_topology_validation
sample-igg-SC-17::200,sample-igg-SC-17,200,2,True,lt_min_leaves,topological,1,0,0,2,after_topology_validation
sample-igg-SC-17::883,sample-igg-SC-17,883,2,True,lt_min_leaves,topological,1,0,0,2,after_topology_validation
sample-igg-SC-17::1960,sample-igg-SC-17,1960,2,True,lt_min_leaves,topological,1,0,0,2,after_topology_validation
sample-igg-SC-17::2038,sample-igg-SC-17,2038,4,True,lt_min_leaves,topological,1,0,1,3,after_topology_validation
sample-igg-SC-17::236,sample-igg-SC-17,236,2,True,lt_min_leaves,topological,1,0,0,2,after_topology_validation
sample-igg-SC-17::924,sample-igg-SC-17,924,3,True,lt_min_leaves,topological,1,0,2,3,after_topology_validation
sample-igg-SC-17::3093,sample-igg-SC-17,3093,2,True,lt_min_leaves,topological,1,0,1,2,after_topology_validation
sample-igg-SC-17::355,sample-igg-SC-17,355,2,True,lt_min_leaves,topological,1,0,1,2,after_topology_validation
sample-igg-SC-17::2275,sample-igg-SC-17,2275,4,True,lt_min_leaves,topological,1,0,0,3,after_topology_validation
sample-igg-SC-17::2796,sample-igg-SC-17,2796,2,True,lt_min_leaves,topological,1,0,0,2,after_topology_validation
sample-igg-SC-17::1259,sample-igg-SC-17,1259,6,True,lt_min_leaves,topological,1,0,3,3,after_topology_validation
sample-igg-SC-17::2921,sample-igg-SC-17,2921,4,True,lt_min_leaves,topological,1,0,0,3,after_topology_validation
sample-igg-SC-17::1216,sample-igg-SC-17,1216,2,True,lt_min_leaves,topological,1,0,0,2,after_topology_validation
sample-igg-SC-17::591,sample-igg-SC-17,591,7,True,lt_min_leaves,topological,1,0,2,4,after_topology_validation
sample-igg-SC-17::406,sample-igg-SC-17,406,1,True,lt_min_leaves,topological,1,0,0,2,after_topology_validation
sample-igg-SC-17::2842,sample-igg-SC-17,2842,2,True,lt_min_leaves,topological,1,0,0,2,after_topology_validation
sample-igg-SC-17::3251,sample-igg-SC-17,3251,2,True,lt_min_leaves,topological,1,0,0,2,after_topology_validation
sample-igg-SC-17::702,sample-igg-SC-17,702,1,True,lt_min_leaves,topological,1,0,0,2,after_topology_validation
sample-igg-SC-17::2305,sample-igg-SC-17,2305,4,True,lt_min_leaves,topological,1,0,1,3,after_topology_validation
sample-igg-SC-17::2222,sample-igg-SC-17,2222,5,True,lt_min_leaves,topological,1,0,2,3,after_topology_validation
sample-igg-SC-17::185,sample-igg-SC-17,185,6,True,multi_root_no_usable_naive,,2,0,0,4,raw_families
sample-igg-SC-17::2270,sample-igg-SC-17,2270,2,True,lt_min_leaves,topological,1,0,0,2,after_topology_validation
sample-igg-SC-17::546,sample-igg-SC-17,546,10,False,,topological,1,0,4,5,final_eligible
sample-igg-SC-17::2730,sample-igg-SC-17,2730,3,True,lt_min_leaves,topological,1,0,1,3,after_topology_validation
sample-igg-SC-17::1310,sample-igg-SC-17,1310,2,True,lt_min_leaves,topological,1,0,0,2,after_topology_validation
sample-igg-SC-17::3168,sample-igg-SC-17,3168,2,True,lt_min_leaves,topological,1,0,0,2,after_topology_validation
sample-igg-SC-17::2067,sample-igg-SC-17,2067,3,True,lt_min_leaves,topological,1,0,0,3,after_topology_validation
sample-igg-SC-17::301,sample-igg-SC-17,301,5,True,lt_min_leaves,topological,1,0,2,4,after_topology_validation
sample-igg-SC-17::133,sample-igg-SC-17,133,4,True,lt_min_leaves,topological,1,0,1,3,after_topology_validation
sample-igg-SC-17::15,sample-igg-SC-17,15,4,True,lt_min_leaves,topological,1,0,1,3,after_topology_validation
sample-igg-SC-17::344,sample-igg-SC-17,344,2,True,lt_min_leaves,topological,1,0,0,2,after_topology_validation
sample-igg-SC-17::1273,sample-igg-SC-17,1273,3,True,lt_min_leaves,topological,1,0,1,3,after_topology_validation
sample-igg-SC-17::1523,sample-igg-SC-17,1523,1,True,lt_min_leaves,topological,1,0,1,2,after_topology_validation
sample-igg-SC-17::3162,sample-igg-SC-17,3162,2,True,lt_min_leaves,topological,1,0,0,2,after_topology_validation
sample-igg-SC-17::1820,sample-igg-SC-17,1820,1,True,lt_min_leaves,topological,1,0,0,2,after_topology_validation
sample-igg-SC-17::613,sample-igg-SC-17,613,6,True,lt_min_leaves,topological,1,0,3,3,after_topology_validation
sample-igg-SC-17::24,sample-igg-SC-17,24,4,True,lt_min_leaves,topological,1,0,1,3,after_topology_validation
sample-igg-SC-17::559,sample-igg-SC-17,559,7,True,lt_min_leaves,topological,1,0,3,5,after_topology_validation
sample-igg-SC-17::2721,sample-igg-SC-17,2721,4,True,lt_min_leaves,topological,1,0,1,3,after_topology_validation
sample-igg-SC-17::135,sample-igg-SC-17,135,4,True,lt_min_leaves,topological,1,0,0,3,after_topology_validation
sample-igg-SC-17::1233,sample-igg-SC-17,1233,2,True,lt_min_leaves,topological,1,0,0,2,after_topology_validation
sample-igg-SC-17::1674,sample-igg-SC-17,1674,5,True,lt_min_leaves,topological,1,0,3,4,after_topology_validation
sample-igg-SC-17::942,sample-igg-SC-17,942,1,True,lt_min_leaves,topological,1,0,0,2,after_topology_validation
sample-igg-SC-17::2475,sample-igg-SC-17,2475,2,True,lt_min_leaves,topological,1,0,0,2,after_topology_validation
sample-igg-SC-17::1332,sample-igg-SC-17,1332,5,True,lt_min_leaves,topological,1,0,2,4,after_topology_validation
sample-igg-SC-17::2490,sample-igg-SC-17,2490,2,True,lt_min_leaves,topological,1,0,0,2,after_topology_validation
sample-igg-SC-17::1518,sample-igg-SC-17,1518,2,True,lt_min_leaves,topological,1,0,0,2,after_topology_validation
sample-igg-SC-17::378,sample-igg-SC-17,378,3,True,lt_min_leaves,topological,1,0,1,3,after_topology_validation
sample-igg-SC-17::563,sample-igg-SC-17,563,1,True,lt_min_leaves,topological,1,0,0,2,after_topology_validation
sample-igg-SC-17::2427,sample-igg-SC-17,2427,1,True,lt_min_leaves,topological,1,0,1,2,after_topology_validation
sample-igg-SC-17::895,sample-igg-SC-17,895,5,True,lt_min_leaves,topological,1,0,2,4,after_topology_validation
sample-igg-SC-17::2189,sample-igg-SC-17,2189,1,True,lt_min_leaves,topological,1,0,0,2,after_topology_validation
sample-igg-SC-17::1698,sample-igg-SC-17,1698,2,True,lt_min_leaves,topological,1,0,1,2,after_topology_validation
sample-igg-SC-17::341,sample-igg-SC-17,341,2,True,multi_root_no_usable_naive,,2,0,0,3,raw_families
sample-igg-SC-17::598,sample-igg-SC-17,598,5,True,lt_min_leaves,topological,1,0,1,3,after_topology_validation
sample-igg-SC-17::846,sample-igg-SC-17,846,4,True,lt_min_leaves,topological,1,0,1,3,after_topology_validation
sample-igg-SC-17::181,sample-igg-SC-17,181,10,True,multi_root_no_usable_naive,,2,0,0,7,raw_families
sample-igg-SC-17::229,sample-igg-SC-17,229,3,True,lt_min_leaves,topological,1,0,1,3,after_topology_validation
sample-igg-SC-17::3108,sample-igg-SC-17,3108,3,True,lt_min_leaves,topological,1,0,0,3,after_topology_validation
sample-igg-SC-17::19,sample-igg-SC-17,19,2,True,lt_min_leaves,topological,1,0,1,2,after_topology_validation
sample-igg-SC-17::140,sample-igg-SC-17,140,2,True,lt_min_leaves,topological,1,0,0,2,after_topology_validation
sample-igg-SC-17::266,sample-igg-SC-17,266,2,True,lt_min_leaves,topological,1,0,2,2,after_topology_validation
sample-igg-SC-17::48,sample-igg-SC-17,48,4,True,lt_min_leaves,topological,1,0,1,3,after_topology_validation
sample-igg-SC-17::68,sample-igg-SC-17,68,4,True,lt_min_leaves,topological,1,0,2,3,after_topology_validation
sample-igg-SC-17::242,sample-igg-SC-17,242,1,True,lt_min_leaves,topological,1,0,0,2,after_topology_validation
sample-igg-SC-16::1173,sample-igg-SC-16,1173,2,True,lt_min_leaves,topological,1,0,1,2,after_topology_validation
sample-igg-SC-16::303,sample-igg-SC-16,303,1,True,lt_min_leaves,topological,1,0,1,2,after_topology_validation
sample-igg-SC-16::1911,sample-igg-SC-16,1911,1,True,lt_min_leaves,topological,1,0,0,2,after_topology_validation
sample-igg-SC-16::176,sample-igg-SC-16,176,2,True,lt_min_leaves,topological,1,0,1,2,after_topology_validation
sample-igg-SC-16::141,sample-igg-SC-16,141,2,True,lt_min_leaves,topological,1,0,1,2,after_topology_validation
sample-igg-SC-16::200,sample-igg-SC-16,200,2,True,lt_min_leaves,topological,1,0,2,2,after_topology_validation
sample-igg-SC-16::926,sample-igg-SC-16,926,2,True,lt_min_leaves,topological,1,0,2,2,after_topology_validation
sample-igg-SC-16::74,sample-igg-SC-16,74,2,True,lt_min_leaves,topological,1,0,0,2,after_topology_validation
sample-igg-SC-16::236,sample-igg-SC-16,236,4,True,lt_min_leaves,topological,1,0,2,3,after_topology_validation
sample-igg-SC-16::750,sample-igg-SC-16,750,2,True,lt_min_leaves,topological,1,0,1,2,after_topology_validation
sample-igg-SC-16::342,sample-igg-SC-16,342,1,True,lt_min_leaves,topological,1,0,1,2,after_topology_validation
sample-igg-SC-16::1706,sample-igg-SC-16,1706,2,True,lt_min_leaves,topological,1,0,1,2,after_topology_validation
sample-igg-SC-16::1387,sample-igg-SC-16,1387,2,True,lt_min_leaves,topological,1,0,1,2,after_topology_validation
sample-igg-SC-16::1662,sample-igg-SC-16,1662,2,True,lt_min_leaves,topological,1,0,2,2,after_topology_validation
sample-igg-SC-16::483,sample-igg-SC-16,483,1,True,lt_min_leaves,topological,1,0,1,2,after_topology_validation
sample-igg-SC-16::1957,sample-igg-SC-16,1957,2,True,lt_min_leaves,topological,1,0,2,2,after_topology_validation
sample-igg-SC-16::1305,sample-igg-SC-16,1305,1,True,lt_min_leaves,topological,1,0,1,2,after_topology_validation
sample-igg-SC-16::319,sample-igg-SC-16,319,1,True,lt_min_leaves,topological,1,0,1,2,after_topology_validation
sample-igg-SC-16::666,sample-igg-SC-16,666,2,True,lt_min_leaves,topological,1,0,1,2,after_topology_validation
sample-igg-SC-16::395,sample-igg-SC-16,395,2,True,lt_min_leaves,topological,1,0,2,2,after_topology_validation
sample-igg-SC-16::1031,sample-igg-SC-16,1031,2,True,lt_min_leaves,topological,1,0,1,2,after_topology_validation
sample-igg-SC-16::435,sample-igg-SC-16,435,2,True,lt_min_leaves,topological,1,0,1,2,after_topology_validation
sample-igg-SC-16::311,sample-igg-SC-16,311,2,True,multi_root_no_usable_naive,,2,0,0,3,raw_families
sample-igg-SC-16::146,sample-igg-SC-16,146,2,True,lt_min_leaves,topological,1,0,0,2,after_topology_validation
sample-igg-SC-16::323,sample-igg-SC-16,323,3,True,multi_root_no_usable_naive,,2,0,0,3,raw_families
sample-igg-SC-16::369,sample-igg-SC-16,369,1,True,lt_min_leaves,topological,1,0,0,2,after_topology_validation
sample-igg-SC-16::172,sample-igg-SC-16,172,2,True,lt_min_leaves,topological,1,0,1,2,after_topology_validation
sample-igg-SC-16::255,sample-igg-SC-16,255,3,True,lt_min_leaves,topological,1,0,1,3,after_topology_validation
sample-igg-SC-16::367,sample-igg-SC-16,367,1,True,lt_min_leaves,topological,1,0,1,2,after_topology_validation
sample-igg-SC-16::1636,sample-igg-SC-16,1636,1,True,lt_min_leaves,topological,1,0,1,2,after_topology_validation
sample-igg-SC-16::207,sample-igg-SC-16,207,1,True,lt_min_leaves,topological,1,0,1,2,after_topology_validation
sample-igg-SC-16::688,sample-igg-SC-16,688,5,True,multi_root_no_usable_naive,,2,0,0,4,raw_families
sample-igg-SC-16::1254,sample-igg-SC-16,1254,3,True,lt_min_leaves,topological,1,0,1,3,after_topology_validation
sample-igg-SC-16::469,sample-igg-SC-16,469,2,True,lt_min_leaves,topological,1,0,2,2,after_topology_validation
sample-igg-SC-16::1295,sample-igg-SC-16,1295,2,True,lt_min_leaves,topological,1,0,0,2,after_topology_validation
sample-igg-SC-16::1695,sample-igg-SC-16,1695,2,True,lt_min_leaves,topological,1,0,1,2,after_topology_validation
sample-igg-SC-16::415,sample-igg-SC-16,415,2,True,lt_min_leaves,topological,1,0,2,2,after_topology_validation
sample-igg-SC-16::861,sample-igg-SC-16,861,2,True,lt_min_leaves,topological,1,0,0,2,after_topology_validation
sample-igg-SC-16::136,sample-igg-SC-16,136,2,True,lt_min_leaves,topological,1,0,1,2,after_topology_validation
sample-igg-SC-16::1388,sample-igg-SC-16,1388,2,True,lt_min_leaves,topological,1,0,1,2,after_topology_validation
sample-igg-SC-16::1504,sample-igg-SC-16,1504,1,True,lt_min_leaves,topological,1,0,1,2,after_topology_validation
sample-igg-SC-16::1620,sample-igg-SC-16,1620,1,True,lt_min_leaves,topological,1,0,1,2,after_topology_validation
sample-igg-SC-16::160,sample-igg-SC-16,160,2,True,lt_min_leaves,topological,1,0,2,2,after_topology_validation
sample-igg-SC-16::1429,sample-igg-SC-16,1429,2,True,lt_min_leaves,topological,1,0,2,2,after_topology_validation
sample-igg-SC-16::1848,sample-igg-SC-16,1848,2,True,lt_min_leaves,topological,1,0,0,2,after_topology_validation
sample-igg-SC-16::261,sample-igg-SC-16,261,2,True,lt_min_leaves,topological,1,0,1,2,after_topology_validation
sample-igg-SC-16::1007,sample-igg-SC-16,1007,3,True,lt_min_leaves,topological,1,0,2,3,after_topology_validation
sample-igg-SC-16::447,sample-igg-SC-16,447,1,True,lt_min_leaves,topological,1,0,0,2,after_topology_validation
sample-igg-SC-16::1550,sample-igg-SC-16,1550,5,True,lt_min_leaves,topological,1,0,3,4,after_topology_validation
sample-igg-SC-16::384,sample-igg-SC-16,384,2,True,lt_min_leaves,topological,1,0,2,2,after_topology_validation
sample-igg-SC-16::859,sample-igg-SC-16,859,2,True,lt_min_leaves,topological,1,0,0,2,after_topology_validation
sample-igg-SC-16::1461,sample-igg-SC-16,1461,3,True,lt_min_leaves,topological,1,0,2,3,after_topology_validation
sample-igg-SC-16::1602,sample-igg-SC-16,1602,2,True,lt_min_leaves,topological,1,0,1,2,after_topology_validation
sample-igg-SC-16::1276,sample-igg-SC-16,1276,2,True,lt_min_leaves,topological,1,0,2,2,after_topology_validation
sample-igg-SC-16::767,sample-igg-SC-16,767,1,True,lt_min_leaves,topological,1,0,1,2,after_topology_validation
sample-igg-SC-16::1904,sample-igg-SC-16,1904,1,True,lt_min_leaves,topological,1,0,1,2,after_topology_validation
sample-igg-SC-16::1788,sample-igg-SC-16,1788,2,True,lt_min_leaves,topological,1,0,1,2,after_topology_validation
sample-igg-SC-16::1027,sample-igg-SC-16,1027,2,True,lt_min_leaves,topological,1,0,1,2,after_topology_validation
sample-igg-SC-16::777,sample-igg-SC-16,777,1,True,lt_min_leaves,topological,1,0,0,2,after_topology_validation
sample-igg-SC-16::1889,sample-igg-SC-16,1889,2,True,lt_min_leaves,topological,1,0,1,2,after_topology_validation
sample-igg-SC-16::609,sample-igg-SC-16,609,2,True,lt_min_leaves,topological,1,0,2,2,after_topology_validation
sample-igg-SC-16::14,sample-igg-SC-16,14,2,True,lt_min_leaves,topological,1,0,1,2,after_topology_validation
sample-igg-SC-16::1280,sample-igg-SC-16,1280,2,True,lt_min_leaves,topological,1,0,2,2,after_topology_validation
sample-igg-SC-16::417,sample-igg-SC-16,417,2,True,lt_min_leaves,topological,1,0,1,2,after_topology_validation
sample-igg-SC-16::232,sample-igg-SC-16,232,1,True,lt_min_leaves,topological,1,0,1,2,after_topology_validation
sample-igg-SC-16::735,sample-igg-SC-16,735,1,True,lt_min_leaves,topological,1,0,1,3,after_topology_validation
sample-igg-SC-16::151,sample-igg-SC-16,151,1,True,lt_min_leaves,topological,1,0,1,2,after_topology_validation
sample-igg-SC-16::439,sample-igg-SC-16,439,1,True,lt_min_leaves,topological,1,0,1,2,after_topology_validation
sample-igg-SC-16::638,sample-igg-SC-16,638,1,True,lt_min_leaves,topological,1,0,0,2,after_topology_validation
sample-igg-SC-16::1448,sample-igg-SC-16,1448,4,True,lt_min_leaves,topological,1,0,3,3,after_topology_validation
sample-igg-SC-16::800,sample-igg-SC-16,800,2,True,lt_min_leaves,topological,1,0,1,2,after_topology_validation
sample-igg-SC-16::610,sample-igg-SC-16,610,1,True,lt_min_leaves,topological,1,0,1,2,after_topology_validation
sample-igg-SC-16::798,sample-igg-SC-16,798,2,True,lt_min_leaves,topological,1,0,1,2,after_topology_validation
sample-igg-SC-16::182,sample-igg-SC-16,182,2,True,lt_min_leaves,topological,1,0,0,2,after_topology_validation
sample-igg-SC-16::721,sample-igg-SC-16,721,2,True,lt_min_leaves,topological,1,0,1,2,after_topology_validation
sample-igg-SC-16::92,sample-igg-SC-16,92,1,True,lt_min_leaves,topological,1,0,1,2,after_topology_validation
sample-igg-SC-16::834,sample-igg-SC-16,834,2,True,lt_min_leaves,topological,1,0,2,2,after_topology_validation
sample-igg-SC-16::878,sample-igg-SC-16,878,2,True,lt_min_leaves,topological,1,0,2,2,after_topology_validation
sample-igg-SC-16::582,sample-igg-SC-16,582,2,True,lt_min_leaves,topological,1,0,1,2,after_topology_validation
sample-igg-SC-16::366,sample-igg-SC-16,366,2,True,lt_min_leaves,topological,1,0,1,2,after_topology_validation
sample-igg-SC-16::831,sample-igg-SC-16,831,2,True,lt_min_leaves,topological,1,0,1,2,after_topology_validation
sample-igg-SC-16::1758,sample-igg-SC-16,1758,2,True,lt_min_leaves,topological,1,0,1,2,after_topology_validation
sample-igg-SC-16::1146,sample-igg-SC-16,1146,2,True,lt_min_leaves,topological,1,0,1,2,after_topology_validation
sample-igg-SC-16::1132,sample-igg-SC-16,1132,4,True,lt_min_leaves,topological,1,0,3,3,after_topology_validation
sample-igg-SC-16::1279,sample-igg-SC-16,1279,2,True,lt_min_leaves,topological,1,0,2,2,after_topology_validation
sample-igg-SC-16::583,sample-igg-SC-16,583,2,True,lt_min_leaves,topological,1,0,1,2,after_topology_validation
sample-igg-SC-16::111,sample-igg-SC-16,111,4,True,lt_min_leaves,topological,1,0,1,3,after_topology_validation
sample-igg-SC-16::383,sample-igg-SC-16,383,4,True,lt_min_leaves,topological,1,0,2,3,after_topology_validation
sample-igg-SC-16::116,sample-igg-SC-16,116,1,True,lt_min_leaves,topological,1,0,1,2,after_topology_validation
sample-igg-SC-16::555,sample-igg-SC-16,555,2,True,lt_min_leaves,topological,1,0,2,2,after_topology_validation
sample-igg-SC-16::1842,sample-igg-SC-16,1842,2,True,lt_min_leaves,topological,1,0,2,2,after_topology_validation
sample-igg-SC-16::1050,sample-igg-SC-16,1050,2,True,lt_min_leaves,topological,1,0,1,2,after_topology_validation
sample-igg-SC-16::1444,sample-igg-SC-16,1444,1,True,lt_min_leaves,topological,1,0,0,2,after_topology_validation
sample-igg-SC-16::679,sample-igg-SC-16,679,2,True,lt_min_leaves,topological,1,0,1,2,after_topology_validation
sample-igg-SC-16::1466,sample-igg-SC-16,1466,2,True,lt_min_leaves,topological,1,0,1,2,after_topology_validation
sample-igg-SC-16::753,sample-igg-SC-16,753,4,True,lt_min_leaves,topological,1,0,2,3,after_topology_validation
sample-igg-SC-16::568,sample-igg-SC-16,568,1,True,lt_min_leaves,topological,1,0,1,2,after_topology_validation
sample-igg-SC-16::72,sample-igg-SC-16,72,3,True,lt_min_leaves,topological,1,0,2,3,after_topology_validation
sample-igg-SC-16::1835,sample-igg-SC-16,1835,1,True,lt_min_leaves,topological,1,0,1,2,after_topology_validation
sample-igg-SC-16::1672,sample-igg-SC-16,1672,2,True,lt_min_leaves,topological,1,0,1,2,after_topology_validation
sample-igg-SC-16::1407,sample-igg-SC-16,1407,3,True,lt_min_leaves,topological,1,0,1,3,after_topology_validation
sample-igg-SC-16::513,sample-igg-SC-16,513,1,True,lt_min_leaves,topological,1,0,1,2,after_topology_validation
sample-igg-SC-16::1679,sample-igg-SC-16,1679,2,True,lt_min_leaves,topological,1,0,2,2,after_topology_validation
sample-igg-SC-16::1430,sample-igg-SC-16,1430,2,True,lt_min_leaves,topological,1,0,1,2,after_topology_validation
sample-igg-SC-16::787,sample-igg-SC-16,787,3,True,lt_min_leaves,topological,1,0,1,3,after_topology_validation
sample-igg-SC-16::89,sample-igg-SC-16,89,2,True,lt_min_leaves,topological,1,0,1,2,after_topology_validation
sample-igg-SC-16::1849,sample-igg-SC-16,1849,4,True,lt_min_leaves,topological,1,0,2,3,after_topology_validation
sample-igg-SC-16::1422,sample-igg-SC-16,1422,1,True,lt_min_leaves,topological,1,0,1,2,after_topology_validation
sample-igg-SC-16::1136,sample-igg-SC-16,1136,1,True,lt_min_leaves,topological,1,0,1,2,after_topology_validation
sample-igg-SC-16::1678,sample-igg-SC-16,1678,2,True,lt_min_leaves,topological,1,0,2,2,after_topology_validation
sample-igg-SC-16::382,sample-igg-SC-16,382,2,True,lt_min_leaves,topological,1,0,1,2,after_topology_validation
sample-igg-SC-16::544,sample-igg-SC-16,544,1,True,lt_min_leaves,topological,1,0,1,2,after_topology_validation
sample-igg-SC-16::645,sample-igg-SC-16,645,2,True,lt_min_leaves,topological,1,0,2,2,after_topology_validation
sample-igg-SC-16::66,sample-igg-SC-16,66,2,True,lt_min_leaves,topological,1,0,1,2,after_topology_validation
sample-igg-SC-16::1749,sample-igg-SC-16,1749,2,True,lt_min_leaves,topological,1,0,2,2,after_topology_validation
sample-igg-SC-16::397,sample-igg-SC-16,397,2,True,lt_min_leaves,topological,1,0,2,2,after_topology_validation
sample-igg-SC-16::380,sample-igg-SC-16,380,1,True,lt_min_leaves,topological,1,0,0,2,after_topology_validation
sample-igg-SC-16::617,sample-igg-SC-16,617,1,True,lt_min_leaves,topological,1,0,0,2,after_topology_validation
sample-igg-SC-16::278,sample-igg-SC-16,278,2,True,lt_min_leaves,topological,1,0,1,2,after_topology_validation
sample-igg-SC-16::153,sample-igg-SC-16,153,2,True,lt_min_leaves,topological,1,0,1,2,after_topology_validation
sample-igg-SC-16::1246,sample-igg-SC-16,1246,1,True,lt_min_leaves,topological,1,0,1,2,after_topology_validation
sample-igg-SC-16::571,sample-igg-SC-16,571,2,True,lt_min_leaves,topological,1,0,2,2,after_topology_validation
sample-igg-SC-16::771,sample-igg-SC-16,771,2,True,lt_min_leaves,topological,1,0,1,2,after_topology_validation
sample-igg-SC-16::1226,sample-igg-SC-16,1226,4,True,lt_min_leaves,topological,1,0,2,4,after_topology_validation
sample-igg-SC-16::1311,sample-igg-SC-16,1311,1,True,lt_min_leaves,topological,1,0,1,2,after_topology_validation
sample-igg-SC-16::198,sample-igg-SC-16,198,2,True,lt_min_leaves,topological,1,0,2,2,after_topology_validation
sample-igg-SC-16::3,sample-igg-SC-16,3,2,True,lt_min_leaves,topological,1,0,0,2,after_topology_validation
sample-igg-SC-16::267,sample-igg-SC-16,267,2,True,lt_min_leaves,topological,1,0,1,2,after_topology_validation
sample-igg-SC-16::1653,sample-igg-SC-16,1653,1,True,lt_min_leaves,topological,1,0,1,2,after_topology_validation
sample-igg-SC-16::464,sample-igg-SC-16,464,2,True,lt_min_leaves,topological,1,0,2,2,after_topology_validation
sample-igg-SC-16::1088,sample-igg-SC-16,1088,2,True,lt_min_leaves,topological,1,0,2,2,after_topology_validation
sample-igg-SC-16::1074,sample-igg-SC-16,1074,1,True,lt_min_leaves,topological,1,0,0,2,after_topology_validation
sample-igg-SC-16::1591,sample-igg-SC-16,1591,2,True,lt_min_leaves,topological,1,0,1,2,after_topology_validation
sample-igg-SC-16::326,sample-igg-SC-16,326,2,True,lt_min_leaves,topological,1,0,2,2,after_topology_validation
sample-igg-SC-16::1321,sample-igg-SC-16,1321,2,True,lt_min_leaves,topological,1,0,2,2,after_topology_validation
sample-igg-SC-16::941,sample-igg-SC-16,941,2,True,lt_min_leaves,topological,1,0,0,2,after_topology_validation
sample-igg-SC-16::1058,sample-igg-SC-16,1058,6,True,lt_min_leaves,topological,1,0,3,4,after_topology_validation
sample-igg-SC-16::516,sample-igg-SC-16,516,2,True,lt_min_leaves,topological,1,0,0,2,after_topology_validation
sample-igg-SC-16::539,sample-igg-SC-16,539,1,True,lt_min_leaves,topological,1,0,1,2,after_topology_validation
sample-igg-SC-16::590,sample-igg-SC-16,590,4,True,lt_min_leaves,topological,1,0,0,3,after_topology_validation
sample-igg-SC-16::1719,sample-igg-SC-16,1719,3,True,lt_min_leaves,topological,1,0,0,3,after_topology_validation
sample-igg-SC-16::29,sample-igg-SC-16,29,4,True,multi_root_no_usable_naive,,2,0,0,4,raw_families
sample-igg-SC-16::1610,sample-igg-SC-16,1610,1,True,lt_min_leaves,topological,1,0,1,2,after_topology_validation
sample-igg-SC-16::1759,sample-igg-SC-16,1759,2,True,lt_min_leaves,topological,1,0,0,2,after_topology_validation
sample-igg-SC-16::164,sample-igg-SC-16,164,4,True,lt_min_leaves,topological,1,0,1,3,after_topology_validation
sample-igg-SC-16::717,sample-igg-SC-16,717,1,True,lt_min_leaves,topological,1,0,0,2,after_topology_validation
sample-igg-SC-16::97,sample-igg-SC-16,97,4,True,lt_min_leaves,topological,1,0,2,3,after_topology_validation
sample-igg-SC-16::196,sample-igg-SC-16,196,3,True,lt_min_leaves,topological,1,0,1,3,after_topology_validation
sample-igg-SC-16::1016,sample-igg-SC-16,1016,5,True,multi_root_no_usable_naive,,2,0,0,4,raw_families
sample-igg-SC-16::458,sample-igg-SC-16,458,4,True,lt_min_leaves,topological,1,0,1,3,after_topology_validation
sample-igg-SC-16::98,sample-igg-SC-16,98,1,True,lt_min_leaves,topological,1,0,0,2,after_topology_validation
sample-igg-SC-16::791,sample-igg-SC-16,791,3,True,lt_min_leaves,topological,1,0,0,3,after_topology_validation
sample-igg-SC-16::13,sample-igg-SC-16,13,1,True,lt_min_leaves,topological,1,0,0,2,after_topology_validation
sample-igg-SC-16::1565,sample-igg-SC-16,1565,1,True,lt_min_leaves,topological,1,0,1,2,after_topology_validation
sample-igg-SC-16::586,sample-igg-SC-16,586,3,True,lt_min_leaves,topological,1,0,1,3,after_topology_validation
sample-igg-SC-16::1774,sample-igg-SC-16,1774,4,True,lt_min_leaves,topological,1,0,0,3,after_topology_validation
sample-igg-SC-16::774,sample-igg-SC-16,774,2,True,lt_min_leaves,topological,1,0,0,3,after_topology_validation
sample-igg-SC-16::1026,sample-igg-SC-16,1026,7,True,lt_min_leaves,topological,1,0,2,4,after_topology_validation
sample-igg-SC-16::374,sample-igg-SC-16,374,3,True,lt_min_leaves,topological,1,0,1,3,after_topology_validation
sample-igg-SC-16::392,sample-igg-SC-16,392,15,True,multi_root_no_usable_naive,,2,0,0,7,raw_families
sample-igg-SC-16::371,sample-igg-SC-16,371,7,True,lt_min_leaves,topological,1,0,3,4,after_topology_validation
sample-igg-SC-16::1532,sample-igg-SC-16,1532,2,True,lt_min_leaves,topological,1,0,0,2,after_topology_validation
sample-igg-SC-16::95,sample-igg-SC-16,95,5,True,multi_root_no_usable_naive,,2,0,0,5,raw_families
sample-igg-SC-16::1386,sample-igg-SC-16,1386,1,True,lt_min_leaves,topological,1,0,1,2,after_topology_validation
sample-igg-SC-16::204,sample-igg-SC-16,204,3,True,lt_min_leaves,topological,1,0,1,3,after_topology_validation
sample-igg-SC-16::15,sample-igg-SC-16,15,1,True,lt_min_leaves,topological,1,0,0,2,after_topology_validation
sample-igg-SC-16::178,sample-igg-SC-16,178,6,True,lt_min_leaves,topological,1,0,1,4,after_topology_validation
sample-igg-SC-16::1875,sample-igg-SC-16,1875,7,True,lt_min_leaves,topological,1,0,3,4,after_topology_validation
sample-igg-SC-16::1860,sample-igg-SC-16,1860,4,True,lt_min_leaves,topological,1,0,1,3,after_topology_validation
sample-igg-SC-16::279,sample-igg-SC-16,279,2,True,lt_min_leaves,topological,1,0,1,2,after_topology_validation
sample-igg-SC-16::46,sample-igg-SC-16,46,6,True,lt_min_leaves,topological,1,0,1,4,after_topology_validation
sample-igg-SC-16::1540,sample-igg-SC-16,1540,7,True,lt_min_leaves,topological,1,0,3,5,after_topology_validation
sample-igg-SC-16::531,sample-igg-SC-16,531,1,True,lt_min_leaves,topological,1,0,1,2,after_topology_validation
sample-igg-SC-16::994,sample-igg-SC-16,994,2,True,lt_min_leaves,topological,1,0,0,2,after_topology_validation
sample-igg-SC-16::1037,sample-igg-SC-16,1037,5,True,lt_min_leaves,topological,1,0,3,3,after_topology_validation
sample-igg-SC-16::922,sample-igg-SC-16,922,4,True,lt_min_leaves,topological,1,0,1,3,after_topology_validation
sample-igg-SC-16::553,sample-igg-SC-16,553,1,True,lt_min_leaves,topological,1,0,1,2,after_topology_validation
sample-igg-SC-16::1070,sample-igg-SC-16,1070,5,True,lt_min_leaves,topological,1,0,2,4,after_topology_validation
sample-igg-SC-16::536,sample-igg-SC-16,536,2,True,lt_min_leaves,topological,1,0,1,2,after_topology_validation
sample-igg-SC-16::1663,sample-igg-SC-16,1663,6,True,lt_min_leaves,topological,1,0,3,3,after_topology_validation
sample-igg-SC-16::42,sample-igg-SC-16,42,3,True,lt_min_leaves,topological,1,0,1,3,after_topology_validation
sample-igg-SC-16::193,sample-igg-SC-16,193,6,True,lt_min_leaves,topological,1,0,1,4,after_topology_validation
sample-igg-SC-16::203,sample-igg-SC-16,203,1,True,lt_min_leaves,topological,1,0,1,2,after_topology_validation
sample-igg-SC-16::999,sample-igg-SC-16,999,8,True,lt_min_leaves,topological,1,0,3,5,after_topology_validation
sample-igg-SC-16::476,sample-igg-SC-16,476,1,True,lt_min_leaves,topological,1,0,0,2,after_topology_validation
sample-igg-SC-16::1035,sample-igg-SC-16,1035,2,True,lt_min_leaves,topological,1,0,0,2,after_topology_validation
sample-igg-SC-16::1795,sample-igg-SC-16,1795,2,True,lt_min_leaves,topological,1,0,1,2,after_topology_validation
sample-igg-SC-16::1414,sample-igg-SC-16,1414,9,True,lt_min_leaves,topological,1,0,3,6,after_topology_validation
sample-igg-SC-16::327,sample-igg-SC-16,327,2,True,lt_min_leaves,topological,1,0,1,2,after_topology_validation
sample-igg-SC-16::180,sample-igg-SC-16,180,4,True,lt_min_leaves,topological,1,0,0,3,after_topology_validation
sample-igg-SC-16::438,sample-igg-SC-16,438,1,True,lt_min_leaves,topological,1,0,1,2,after_topology_validation
sample-igg-SC-16::599,sample-igg-SC-16,599,5,True,lt_min_leaves,topological,1,0,1,4,after_topology_validation
sample-igg-SC-16::1598,sample-igg-SC-16,1598,1,True,lt_min_leaves,topological,1,0,0,2,after_topology_validation
sample-igg-SC-16::1241,sample-igg-SC-16,1241,3,True,lt_min_leaves,topological,1,0,1,3,after_topology_validation
sample-igg-SC-16::1287,sample-igg-SC-16,1287,5,True,multi_root_no_usable_naive,,3,0,0,4,raw_families
sample-igg-SC-16::122,sample-igg-SC-16,122,11,False,,topological,1,0,5,5,final_eligible
sample-igg-SC-16::249,sample-igg-SC-16,249,5,True,lt_min_leaves,topological,1,0,0,4,after_topology_validation
sample-igg-SC-16::130,sample-igg-SC-16,130,2,True,lt_min_leaves,topological,1,0,1,2,after_topology_validation
sample-igg-SC-16::1525,sample-igg-SC-16,1525,19,False,,topological,1,0,4,7,final_eligible
sample-igg-SC-16::663,sample-igg-SC-16,663,2,True,lt_min_leaves,topological,1,0,0,2,after_topology_validation
sample-igg-SC-16::1832,sample-igg-SC-16,1832,4,True,lt_min_leaves,topological,1,0,1,4,after_topology_validation
sample-igg-SC-16::399,sample-igg-SC-16,399,2,True,lt_min_leaves,topological,1,0,0,2,after_topology_validation
sample-igg-SC-16::548,sample-igg-SC-16,548,2,True,lt_min_leaves,topological,1,0,0,2,after_topology_validation
sample-igg-SC-16::696,sample-igg-SC-16,696,4,True,lt_min_leaves,topological,1,0,1,3,after_topology_validation
sample-igg-SC-16::1670,sample-igg-SC-16,1670,2,True,lt_min_leaves,topological,1,0,0,2,after_topology_validation
sample-igg-SC-16::678,sample-igg-SC-16,678,9,True,lt_min_leaves,topological,1,0,2,5,after_topology_validation
sample-igg-SC-16::128,sample-igg-SC-16,128,6,True,lt_min_leaves,topological,1,0,2,4,after_topology_validation
sample-igg-SC-16::1581,sample-igg-SC-16,1581,4,True,lt_min_leaves,topological,1,0,1,3,after_topology_validation
sample-igg-SC-16::1084,sample-igg-SC-16,1084,3,True,lt_min_leaves,topological,1,0,2,3,after_topology_validation
sample-igg-SC-16::295,sample-igg-SC-16,295,4,True,lt_min_leaves,topological,1,0,1,3,after_topology_validation
sample-igg-W-34::1201,sample-igg-W-34,1201,1,True,lt_min_leaves,topological,1,0,1,2,after_topology_validation
sample-igg-W-34::1810,sample-igg-W-34,1810,1,True,lt_min_leaves,topological,1,0,1,2,after_topology_validation
sample-igg-W-34::2446,sample-igg-W-34,2446,2,True,lt_min_leaves,topological,1,0,0,2,after_topology_validation
sample-igg-W-34::1402,sample-igg-W-34,1402,2,True,lt_min_leaves,topological,1,0,1,2,after_topology_validation
sample-igg-W-34::813,sample-igg-W-34,813,2,True,lt_min_leaves,topological,1,0,0,2,after_topology_validation
sample-igg-W-34::3335,sample-igg-W-34,3335,2,True,lt_min_leaves,topological,1,0,2,2,after_topology_validation
sample-igg-W-34::3156,sample-igg-W-34,3156,1,True,lt_min_leaves,topological,1,0,1,2,after_topology_validation
sample-igg-W-34::2872,sample-igg-W-34,2872,2,True,lt_min_leaves,topological,1,0,2,2,after_topology_validation
sample-igg-W-34::284,sample-igg-W-34,284,2,True,lt_min_leaves,topological,1,0,1,2,after_topology_validation
sample-igg-W-34::557,sample-igg-W-34,557,2,True,lt_min_leaves,topological,1,0,1,2,after_topology_validation
sample-igg-W-34::2725,sample-igg-W-34,2725,1,True,lt_min_leaves,topological,1,0,1,2,after_topology_validation
sample-igg-W-34::619,sample-igg-W-34,619,1,True,lt_min_leaves,topological,1,0,1,2,after_topology_validation
sample-igg-W-34::2632,sample-igg-W-34,2632,2,True,lt_min_leaves,topological,1,0,0,2,after_topology_validation
sample-igg-W-34::3772,sample-igg-W-34,3772,3,True,lt_min_leaves,topological,1,0,1,3,after_topology_validation
sample-igg-W-34::1808,sample-igg-W-34,1808,2,True,lt_min_leaves,topological,1,0,0,2,after_topology_validation
sample-igg-W-34::2705,sample-igg-W-34,2705,1,True,lt_min_leaves,topological,1,0,1,2,after_topology_validation
sample-igg-W-34::1045,sample-igg-W-34,1045,3,True,lt_min_leaves,topological,1,0,2,3,after_topology_validation
sample-igg-W-34::2076,sample-igg-W-34,2076,2,True,lt_min_leaves,topological,1,0,1,2,after_topology_validation
sample-igg-W-34::763,sample-igg-W-34,763,2,True,lt_min_leaves,topological,1,0,1,2,after_topology_validation
sample-igg-W-34::2955,sample-igg-W-34,2955,1,True,lt_min_leaves,topological,1,0,1,2,after_topology_validation
sample-igg-W-34::575,sample-igg-W-34,575,1,True,lt_min_leaves,topological,1,0,1,2,after_topology_validation
sample-igg-W-34::2357,sample-igg-W-34,2357,1,True,lt_min_leaves,topological,1,0,1,2,after_topology_validation
sample-igg-W-34::1986,sample-igg-W-34,1986,2,True,lt_min_leaves,topological,1,0,0,2,after_topology_validation
sample-igg-W-34::2861,sample-igg-W-34,2861,2,True,lt_min_leaves,topological,1,0,2,2,after_topology_validation
sample-igg-W-34::3845,sample-igg-W-34,3845,2,True,lt_min_leaves,topological,1,0,2,2,after_topology_validation
sample-igg-W-34::1683,sample-igg-W-34,1683,1,True,lt_min_leaves,topological,1,0,1,2,after_topology_validation
sample-igg-W-34::2699,sample-igg-W-34,2699,1,True,lt_min_leaves,topological,1,0,1,2,after_topology_validation
sample-igg-W-34::783,sample-igg-W-34,783,1,True,lt_min_leaves,topological,1,0,1,2,after_topology_validation
sample-igg-W-34::3903,sample-igg-W-34,3903,2,True,lt_min_leaves,topological,1,0,1,2,after_topology_validation
sample-igg-W-34::905,sample-igg-W-34,905,2,True,lt_min_leaves,topological,1,0,1,2,after_topology_validation
sample-igg-W-34::1555,sample-igg-W-34,1555,2,True,lt_min_leaves,topological,1,0,2,2,after_topology_validation
sample-igg-W-34::2797,sample-igg-W-34,2797,1,True,lt_min_leaves,topological,1,0,1,2,after_topology_validation
sample-igg-W-34::471,sample-igg-W-34,471,2,True,lt_min_leaves,topological,1,0,0,2,after_topology_validation
sample-igg-W-34::1348,sample-igg-W-34,1348,2,True,lt_min_leaves,topological,1,0,2,2,after_topology_validation
sample-igg-W-34::372,sample-igg-W-34,372,5,True,multi_root_no_usable_naive,,2,0,0,4,raw_families
sample-igg-W-34::3114,sample-igg-W-34,3114,3,True,lt_min_leaves,topological,1,0,2,3,after_topology_validation
sample-igg-W-34::57,sample-igg-W-34,57,3,True,multi_root_no_usable_naive,,2,0,0,3,raw_families
sample-igg-W-34::2784,sample-igg-W-34,2784,1,True,lt_min_leaves,topological,1,0,1,2,after_topology_validation
sample-igg-W-34::2457,sample-igg-W-34,2457,1,True,lt_min_leaves,topological,1,0,1,2,after_topology_validation
sample-igg-W-34::318,sample-igg-W-34,318,2,True,lt_min_leaves,topological,1,0,2,2,after_topology_validation
sample-igg-W-34::2186,sample-igg-W-34,2186,2,True,lt_min_leaves,topological,1,0,2,2,after_topology_validation
sample-igg-W-34::3290,sample-igg-W-34,3290,1,True,lt_min_leaves,topological,1,0,0,3,after_topology_validation
sample-igg-W-34::437,sample-igg-W-34,437,1,True,lt_min_leaves,topological,1,0,1,2,after_topology_validation
sample-igg-W-34::1516,sample-igg-W-34,1516,2,True,lt_min_leaves,topological,1,0,2,2,after_topology_validation
sample-igg-W-34::3783,sample-igg-W-34,3783,3,True,lt_min_leaves,topological,1,0,2,3,after_topology_validation
sample-igg-W-34::3517,sample-igg-W-34,3517,2,True,lt_min_leaves,topological,1,0,0,2,after_topology_validation
sample-igg-W-34::3148,sample-igg-W-34,3148,4,True,lt_min_leaves,topological,1,0,1,3,after_topology_validation
sample-igg-W-34::400,sample-igg-W-34,400,1,True,lt_min_leaves,topological,1,0,1,2,after_topology_validation
sample-igg-W-34::158,sample-igg-W-34,158,2,True,lt_min_leaves,topological,1,0,2,2,after_topology_validation
sample-igg-W-34::2258,sample-igg-W-34,2258,1,True,lt_min_leaves,topological,1,0,1,2,after_topology_validation
sample-igg-W-34::1791,sample-igg-W-34,1791,2,True,lt_min_leaves,topological,1,0,1,2,after_topology_validation
sample-igg-W-34::3253,sample-igg-W-34,3253,1,True,lt_min_leaves,topological,1,0,1,2,after_topology_validation
sample-igg-W-34::1112,sample-igg-W-34,1112,2,True,lt_min_leaves,topological,1,0,1,2,after_topology_validation
sample-igg-W-34::664,sample-igg-W-34,664,3,True,lt_min_leaves,topological,1,0,2,3,after_topology_validation
sample-igg-W-34::934,sample-igg-W-34,934,1,True,lt_min_leaves,topological,1,0,1,2,after_topology_validation
sample-igg-W-34::580,sample-igg-W-34,580,1,True,lt_min_leaves,topological,1,0,1,2,after_topology_validation
sample-igg-W-34::3813,sample-igg-W-34,3813,2,True,lt_min_leaves,topological,1,0,2,2,after_topology_validation
sample-igg-W-34::325,sample-igg-W-34,325,1,True,lt_min_leaves,topological,1,0,1,2,after_topology_validation
sample-igg-W-34::2299,sample-igg-W-34,2299,2,True,lt_min_leaves,topological,1,0,0,2,after_topology_validation
sample-igg-W-34::1567,sample-igg-W-34,1567,2,True,lt_min_leaves,topological,1,0,1,2,after_topology_validation
sample-igg-W-34::250,sample-igg-W-34,250,3,True,lt_min_leaves,topological,1,0,2,3,after_topology_validation
sample-igg-W-34::2316,sample-igg-W-34,2316,2,True,lt_min_leaves,topological,1,0,1,2,after_topology_validation
sample-igg-W-34::1839,sample-igg-W-34,1839,2,True,lt_min_leaves,topological,1,0,0,2,after_topology_validation
sample-igg-W-34::1544,sample-igg-W-34,1544,1,True,lt_min_leaves,topological,1,0,1,2,after_topology_validation
sample-igg-W-34::196,sample-igg-W-34,196,2,True,lt_min_leaves,topological,1,0,2,2,after_topology_validation
sample-igg-W-34::1523,sample-igg-W-34,1523,4,True,lt_min_leaves,topological,1,0,2,3,after_topology_validation
sample-igg-W-34::3331,sample-igg-W-34,3331,1,True,lt_min_leaves,topological,1,0,1,2,after_topology_validation
sample-igg-W-34::625,sample-igg-W-34,625,1,True,lt_min_leaves,topological,1,0,1,2,after_topology_validation
sample-igg-W-34::1873,sample-igg-W-34,1873,2,True,lt_min_leaves,topological,1,0,1,2,after_topology_validation
sample-igg-W-34::2568,sample-igg-W-34,2568,1,True,lt_min_leaves,topological,1,0,1,2,after_topology_validation
sample-igg-W-34::626,sample-igg-W-34,626,2,True,lt_min_leaves,topological,1,0,1,2,after_topology_validation
sample-igg-W-34::741,sample-igg-W-34,741,2,True,lt_min_leaves,topological,1,0,1,2,after_topology_validation
sample-igg-W-34::1320,sample-igg-W-34,1320,1,True,lt_min_leaves,topological,1,0,1,2,after_topology_validation
sample-igg-W-34::3839,sample-igg-W-34,3839,2,True,lt_min_leaves,topological,1,0,0,2,after_topology_validation
sample-igg-W-34::972,sample-igg-W-34,972,2,True,lt_min_leaves,topological,1,0,0,2,after_topology_validation
sample-igg-W-34::2848,sample-igg-W-34,2848,2,True,lt_min_leaves,topological,1,0,2,2,after_topology_validation
sample-igg-W-34::3352,sample-igg-W-34,3352,3,True,lt_min_leaves,topological,1,0,2,3,after_topology_validation
sample-igg-W-34::1050,sample-igg-W-34,1050,2,True,lt_min_leaves,topological,1,0,1,2,after_topology_validation
sample-igg-W-34::3752,sample-igg-W-34,3752,1,True,lt_min_leaves,topological,1,0,1,2,after_topology_validation
sample-igg-W-34::2621,sample-igg-W-34,2621,3,True,lt_min_leaves,topological,1,0,1,3,after_topology_validation
sample-igg-W-34::2600,sample-igg-W-34,2600,2,True,lt_min_leaves,topological,1,0,0,2,after_topology_validation
sample-igg-W-34::2325,sample-igg-W-34,2325,1,True,lt_min_leaves,topological,1,0,1,2,after_topology_validation
sample-igg-W-34::2549,sample-igg-W-34,2549,2,True,lt_min_leaves,topological,1,0,1,2,after_topology_validation
sample-igg-W-34::1414,sample-igg-W-34,1414,1,True,lt_min_leaves,topological,1,0,1,2,after_topology_validation
sample-igg-W-34::2585,sample-igg-W-34,2585,2,True,lt_min_leaves,topological,1,0,1,2,after_topology_validation
sample-igg-W-34::1568,sample-igg-W-34,1568,2,True,lt_min_leaves,topological,1,0,0,2,after_topology_validation
sample-igg-W-34::3124,sample-igg-W-34,3124,1,True,lt_min_leaves,topological,1,0,1,2,after_topology_validation
sample-igg-W-34::3027,sample-igg-W-34,3027,1,True,lt_min_leaves,topological,1,0,1,2,after_topology_validation
sample-igg-W-34::3705,sample-igg-W-34,3705,4,True,lt_min_leaves,topological,1,0,2,3,after_topology_validation
sample-igg-W-34::1520,sample-igg-W-34,1520,2,True,lt_min_leaves,topological,1,0,2,2,after_topology_validation
sample-igg-W-34::17,sample-igg-W-34,17,1,True,lt_min_leaves,topological,1,0,1,2,after_topology_validation
sample-igg-W-34::60,sample-igg-W-34,60,2,True,lt_min_leaves,topological,1,0,0,2,after_topology_validation
sample-igg-W-34::3417,sample-igg-W-34,3417,1,True,lt_min_leaves,topological,1,0,1,2,after_topology_validation
sample-igg-W-34::1149,sample-igg-W-34,1149,2,True,lt_min_leaves,topological,1,0,0,2,after_topology_validation
sample-igg-W-34::3720,sample-igg-W-34,3720,1,True,lt_min_leaves,topological,1,0,1,2,after_topology_validation
sample-igg-W-34::520,sample-igg-W-34,520,3,True,lt_min_leaves,topological,1,0,0,3,after_topology_validation
sample-igg-W-34::3251,sample-igg-W-34,3251,1,True,lt_min_leaves,topological,1,0,1,2,after_topology_validation
sample-igg-W-34::2363,sample-igg-W-34,2363,2,True,lt_min_leaves,topological,1,0,1,2,after_topology_validation
sample-igg-W-34::2379,sample-igg-W-34,2379,1,True,lt_min_leaves,topological,1,0,1,4,after_topology_validation
sample-igg-W-34::160,sample-igg-W-34,160,1,True,lt_min_leaves,topological,1,0,1,2,after_topology_validation
sample-igg-W-34::2574,sample-igg-W-34,2574,2,True,lt_min_leaves,topological,1,0,2,2,after_topology_validation
sample-igg-W-34::304,sample-igg-W-34,304,2,True,lt_min_leaves,topological,1,0,2,2,after_topology_validation
sample-igg-W-34::2245,sample-igg-W-34,2245,1,True,lt_min_leaves,topological,1,0,0,2,after_topology_validation
sample-igg-W-34::40,sample-igg-W-34,40,2,True,lt_min_leaves,topological,1,0,2,2,after_topology_validation
sample-igg-W-34::1857,sample-igg-W-34,1857,1,True,lt_min_leaves,topological,1,0,1,2,after_topology_validation
sample-igg-W-34::288,sample-igg-W-34,288,2,True,lt_min_leaves,topological,1,0,2,2,after_topology_validation
sample-igg-W-34::1797,sample-igg-W-34,1797,1,True,lt_min_leaves,topological,1,0,1,2,after_topology_validation
sample-igg-W-34::2558,sample-igg-W-34,2558,2,True,lt_min_leaves,topological,1,0,1,2,after_topology_validation
sample-igg-W-34::1906,sample-igg-W-34,1906,2,True,lt_min_leaves,topological,1,0,0,2,after_topology_validation
sample-igg-W-34::2137,sample-igg-W-34,2137,2,True,lt_min_leaves,topological,1,0,1,2,after_topology_validation
sample-igg-W-34::3781,sample-igg-W-34,3781,1,True,lt_min_leaves,topological,1,0,1,2,after_topology_validation
sample-igg-W-34::1013,sample-igg-W-34,1013,2,True,lt_min_leaves,topological,1,0,1,2,after_topology_validation
sample-igg-W-34::3916,sample-igg-W-34,3916,1,True,lt_min_leaves,topological,1,0,1,2,after_topology_validation
sample-igg-W-34::3073,sample-igg-W-34,3073,1,True,lt_min_leaves,topological,1,0,1,2,after_topology_validation
sample-igg-W-34::75,sample-igg-W-34,75,1,True,lt_min_leaves,topological,1,0,1,2,after_topology_validation
sample-igg-W-34::1882,sample-igg-W-34,1882,1,True,lt_min_leaves,topological,1,0,1,2,after_topology_validation
sample-igg-W-34::665,sample-igg-W-34,665,2,True,lt_min_leaves,topological,1,0,1,2,after_topology_validation
sample-igg-W-34::2278,sample-igg-W-34,2278,1,True,lt_min_leaves,topological,1,0,0,4,after_topology_validation
sample-igg-W-34::1026,sample-igg-W-34,1026,2,True,lt_min_leaves,topological,1,0,2,2,after_topology_validation
sample-igg-W-34::204,sample-igg-W-34,204,2,True,lt_min_leaves,topological,1,0,1,2,after_topology_validation
sample-igg-W-34::1220,sample-igg-W-34,1220,1,True,lt_min_leaves,topological,1,0,1,2,after_topology_validation
sample-igg-W-34::1369,sample-igg-W-34,1369,1,True,lt_min_leaves,topological,1,0,1,2,after_topology_validation
sample-igg-W-34::137,sample-igg-W-34,137,4,True,lt_min_leaves,topological,1,0,2,3,after_topology_validation
sample-igg-W-34::710,sample-igg-W-34,710,1,True,lt_min_leaves,topological,1,0,0,2,after_topology_validation
sample-igg-W-34::826,sample-igg-W-34,826,2,True,lt_min_leaves,topological,1,0,0,2,after_topology_validation
sample-igg-W-34::1187,sample-igg-W-34,1187,2,True,lt_min_leaves,topological,1,0,1,2,after_topology_validation
sample-igg-W-34::363,sample-igg-W-34,363,3,True,lt_min_leaves,topological,1,0,1,3,after_topology_validation
sample-igg-W-34::546,sample-igg-W-34,546,2,True,lt_min_leaves,topological,1,0,0,2,after_topology_validation
sample-igg-W-34::388,sample-igg-W-34,388,1,True,lt_min_leaves,topological,1,0,1,2,after_topology_validation
sample-igg-W-34::2553,sample-igg-W-34,2553,1,True,lt_min_leaves,topological,1,0,1,2,after_topology_validation
sample-igg-W-34::1481,sample-igg-W-34,1481,2,True,lt_min_leaves,topological,1,0,1,2,after_topology_validation
sample-igg-W-34::1423,sample-igg-W-34,1423,2,True,lt_min_leaves,topological,1,0,0,2,after_topology_validation
sample-igg-W-34::2874,sample-igg-W-34,2874,2,True,lt_min_leaves,topological,1,0,1,2,after_topology_validation
sample-igg-W-34::3161,sample-igg-W-34,3161,1,True,lt_min_leaves,topological,1,0,1,2,after_topology_validation
sample-igg-W-34::3764,sample-igg-W-34,3764,1,True,lt_min_leaves,topological,1,0,0,2,after_topology_validation
sample-igg-W-34::306,sample-igg-W-34,306,1,True,lt_min_leaves,topological,1,0,1,2,after_topology_validation
sample-igg-W-34::1046,sample-igg-W-34,1046,2,True,lt_min_leaves,topological,1,0,1,2,after_topology_validation
sample-igg-W-34::652,sample-igg-W-34,652,2,True,lt_min_leaves,topological,1,0,1,2,after_topology_validation
sample-igg-W-34::2868,sample-igg-W-34,2868,1,True,lt_min_leaves,topological,1,0,1,2,after_topology_validation
sample-igg-W-34::1512,sample-igg-W-34,1512,2,True,lt_min_leaves,topological,1,0,1,2,after_topology_validation
sample-igg-W-34::1388,sample-igg-W-34,1388,2,True,multi_root_no_usable_naive,,2,0,0,3,raw_families
sample-igg-W-34::2343,sample-igg-W-34,2343,2,True,lt_min_leaves,topological,1,0,0,2,after_topology_validation
sample-igg-W-34::1329,sample-igg-W-34,1329,2,True,lt_min_leaves,topological,1,0,1,2,after_topology_validation
sample-igg-W-34::485,sample-igg-W-34,485,3,True,lt_min_leaves,topological,1,0,2,3,after_topology_validation
sample-igg-W-34::1499,sample-igg-W-34,1499,2,True,lt_min_leaves,topological,1,0,1,2,after_topology_validation
sample-igg-W-34::427,sample-igg-W-34,427,2,True,lt_min_leaves,topological,1,0,2,2,after_topology_validation
sample-igg-W-34::1427,sample-igg-W-34,1427,4,True,lt_min_leaves,topological,1,0,3,3,after_topology_validation
sample-igg-W-34::3661,sample-igg-W-34,3661,1,True,lt_min_leaves,topological,1,0,1,2,after_topology_validation
sample-igg-W-34::1358,sample-igg-W-34,1358,2,True,lt_min_leaves,topological,1,0,1,3,after_topology_validation
sample-igg-W-34::373,sample-igg-W-34,373,4,True,lt_min_leaves,topological,1,0,3,3,after_topology_validation
sample-igg-W-34::642,sample-igg-W-34,642,6,False,,topological,1,0,4,3,final_eligible
sample-igg-W-34::197,sample-igg-W-34,197,2,True,lt_min_leaves,topological,1,0,0,2,after_topology_validation
sample-igg-W-34::1439,sample-igg-W-34,1439,2,True,lt_min_leaves,topological,1,0,2,2,after_topology_validation
sample-igg-W-34::1817,sample-igg-W-34,1817,2,True,lt_min_leaves,topological,1,0,1,2,after_topology_validation
sample-igg-W-34::1061,sample-igg-W-34,1061,4,True,lt_min_leaves,topological,1,0,2,3,after_topology_validation
sample-igg-W-34::780,sample-igg-W-34,780,1,True,lt_min_leaves,topological,1,0,1,2,after_topology_validation
sample-igg-W-34::3854,sample-igg-W-34,3854,2,True,lt_min_leaves,topological,1,0,2,2,after_topology_validation
sample-igg-W-34::836,sample-igg-W-34,836,1,True,lt_min_leaves,topological,1,0,1,2,after_topology_validation
sample-igg-W-34::253,sample-igg-W-34,253,1,True,lt_min_leaves,topological,1,0,1,2,after_topology_validation
sample-igg-W-34::3050,sample-igg-W-34,3050,1,True,lt_min_leaves,topological,1,0,1,2,after_topology_validation
sample-igg-W-34::2198,sample-igg-W-34,2198,3,True,lt_min_leaves,topological,1,0,1,3,after_topology_validation
sample-igg-W-34::715,sample-igg-W-34,715,1,True,lt_min_leaves,topological,1,0,1,2,after_topology_validation
sample-igg-W-34::84,sample-igg-W-34,84,2,True,lt_min_leaves,topological,1,0,0,2,after_topology_validation
sample-igg-W-34::3513,sample-igg-W-34,3513,2,True,lt_min_leaves,topological,1,0,1,2,after_topology_validation
sample-igg-W-34::1037,sample-igg-W-34,1037,1,True,lt_min_leaves,topological,1,0,1,2,after_topology_validation
sample-igg-W-34::653,sample-igg-W-34,653,2,True,lt_min_leaves,topological,1,0,2,2,after_topology_validation
sample-igg-W-34::555,sample-igg-W-34,555,1,True,lt_min_leaves,topological,1,0,1,2,after_topology_validation
sample-igg-W-34::672,sample-igg-W-34,672,2,True,lt_min_leaves,topological,1,0,2,2,after_topology_validation
sample-igg-W-34::1100,sample-igg-W-34,1100,1,True,lt_min_leaves,topological,1,0,1,2,after_topology_validation
sample-igg-W-34::379,sample-igg-W-34,379,1,True,lt_min_leaves,topological,1,0,0,2,after_topology_validation
sample-igg-W-34::256,sample-igg-W-34,256,4,True,lt_min_leaves,topological,1,0,3,3,after_topology_validation
sample-igg-W-34::188,sample-igg-W-34,188,2,True,lt_min_leaves,topological,1,0,1,2,after_topology_validation
sample-igg-W-34::307,sample-igg-W-34,307,1,True,lt_min_leaves,topological,1,0,1,2,after_topology_validation
sample-igg-W-34::2231,sample-igg-W-34,2231,4,True,lt_min_leaves,topological,1,0,3,3,after_topology_validation
sample-igg-W-34::1537,sample-igg-W-34,1537,1,True,lt_min_leaves,topological,1,0,0,2,after_topology_validation
sample-igg-W-34::412,sample-igg-W-34,412,1,True,lt_min_leaves,topological,1,0,1,3,after_topology_validation
sample-igg-W-34::2074,sample-igg-W-34,2074,1,True,lt_min_leaves,topological,1,0,1,2,after_topology_validation
sample-igg-W-34::1547,sample-igg-W-34,1547,2,True,lt_min_leaves,topological,1,0,2,2,after_topology_validation
sample-igg-W-34::2622,sample-igg-W-34,2622,1,True,lt_min_leaves,topological,1,0,1,2,after_topology_validation
sample-igg-W-34::3616,sample-igg-W-34,3616,2,True,lt_min_leaves,topological,1,0,1,2,after_topology_validation
sample-igg-W-34::3888,sample-igg-W-34,3888,1,True,lt_min_leaves,topological,1,0,1,2,after_topology_validation
sample-igg-W-34::1767,sample-igg-W-34,1767,1,True,lt_min_leaves,topological,1,0,1,2,after_topology_validation
sample-igg-W-34::2147,sample-igg-W-34,2147,1,True,lt_min_leaves,topological,1,0,1,2,after_topology_validation
sample-igg-W-34::1190,sample-igg-W-34,1190,1,True,lt_min_leaves,topological,1,0,1,2,after_topology_validation
sample-igg-W-34::1117,sample-igg-W-34,1117,1,True,lt_min_leaves,topological,1,0,1,2,after_topology_validation
sample-igg-W-34::3461,sample-igg-W-34,3461,1,True,lt_min_leaves,topological,1,0,1,2,after_topology_validation
sample-igg-W-34::3538,sample-igg-W-34,3538,1,True,lt_min_leaves,topological,1,0,1,2,after_topology_validation
sample-igg-W-34::1343,sample-igg-W-34,1343,2,True,lt_min_leaves,topological,1,0,1,2,after_topology_validation
sample-igg-W-34::1669,sample-igg-W-34,1669,2,True,lt_min_leaves,topological,1,0,1,2,after_topology_validation
sample-igg-W-34::2508,sample-igg-W-34,2508,2,True,lt_min_leaves,topological,1,0,1,2,after_topology_validation
sample-igg-W-34::968,sample-igg-W-34,968,2,True,lt_min_leaves,topological,1,0,1,2,after_topology_validation
sample-igg-W-34::3508,sample-igg-W-34,3508,1,True,lt_min_leaves,topological,1,0,1,2,after_topology_validation
sample-igg-W-34::503,sample-igg-W-34,503,1,True,lt_min_leaves,topological,1,0,1,2,after_topology_validation
sample-igg-W-34::2841,sample-igg-W-34,2841,1,True,lt_min_leaves,topological,1,0,1,2,after_topology_validation
sample-igg-W-34::1667,sample-igg-W-34,1667,1,True,lt_min_leaves,topological,1,0,1,2,after_topology_validation
sample-igg-W-34::3914,sample-igg-W-34,3914,1,True,lt_min_leaves,topological,1,0,1,2,after_topology_validation
sample-igg-W-34::435,sample-igg-W-34,435,2,True,lt_min_leaves,topological,1,0,0,2,after_topology_validation
sample-igg-W-34::2649,sample-igg-W-34,2649,1,True,lt_min_leaves,topological,1,0,1,2,after_topology_validation
sample-igg-W-34::2292,sample-igg-W-34,2292,2,True,lt_min_leaves,topological,1,0,1,2,after_topology_validation
sample-igg-W-34::2745,sample-igg-W-34,2745,1,True,lt_min_leaves,topological,1,0,1,2,after_topology_validation
sample-igg-W-34::1359,sample-igg-W-34,1359,2,True,lt_min_leaves,topological,1,0,1,2,after_topology_validation
sample-igg-W-34::1619,sample-igg-W-34,1619,1,True,lt_min_leaves,topological,1,0,1,2,after_topology_validation
sample-igg-W-34::2919,sample-igg-W-34,2919,3,True,lt_min_leaves,topological,1,0,0,3,after_topology_validation
sample-igg-W-34::3151,sample-igg-W-34,3151,2,True,lt_min_leaves,topological,1,0,1,2,after_topology_validation
sample-igg-W-34::2183,sample-igg-W-34,2183,2,True,lt_min_leaves,topological,1,0,0,2,after_topology_validation
sample-igg-W-34::1375,sample-igg-W-34,1375,1,True,lt_min_leaves,topological,1,0,1,2,after_topology_validation
sample-igg-W-34::2905,sample-igg-W-34,2905,2,True,lt_min_leaves,topological,1,0,2,2,after_topology_validation
sample-igg-W-34::2900,sample-igg-W-34,2900,1,True,lt_min_leaves,topological,1,0,1,2,after_topology_validation
sample-igg-W-34::1489,sample-igg-W-34,1489,2,True,lt_min_leaves,topological,1,0,1,2,after_topology_validation
sample-igg-W-34::441,sample-igg-W-34,441,2,True,lt_min_leaves,topological,1,0,0,2,after_topology_validation
sample-igg-W-34::3654,sample-igg-W-34,3654,1,True,lt_min_leaves,topological,1,0,0,2,after_topology_validation
sample-igg-W-34::667,sample-igg-W-34,667,2,True,lt_min_leaves,topological,1,0,2,2,after_topology_validation
sample-igg-W-34::276,sample-igg-W-34,276,2,True,lt_min_leaves,topological,1,0,1,2,after_topology_validation
sample-igg-W-34::1536,sample-igg-W-34,1536,2,True,lt_min_leaves,topological,1,0,1,2,after_topology_validation
sample-igg-W-34::257,sample-igg-W-34,257,1,True,lt_min_leaves,topological,1,0,1,2,after_topology_validation
sample-igg-W-34::973,sample-igg-W-34,973,1,True,lt_min_leaves,topological,1,0,1,2,after_topology_validation
sample-igg-W-34::39,sample-igg-W-34,39,4,True,lt_min_leaves,topological,1,0,1,3,after_topology_validation
sample-igg-W-34::24,sample-igg-W-34,24,4,True,lt_min_leaves,topological,1,0,2,3,after_topology_validation
sample-igg-W-34::3480,sample-igg-W-34,3480,2,True,lt_min_leaves,topological,1,0,2,2,after_topology_validation
sample-igg-W-34::3420,sample-igg-W-34,3420,1,True,lt_min_leaves,topological,1,0,1,2,after_topology_validation
sample-igg-W-34::3675,sample-igg-W-34,3675,2,True,lt_min_leaves,topological,1,0,0,2,after_topology_validation
sample-igg-W-34::796,sample-igg-W-34,796,1,True,lt_min_leaves,topological,1,0,1,2,after_topology_validation
sample-igg-W-34::3478,sample-igg-W-34,3478,1,True,lt_min_leaves,topological,1,0,0,2,after_topology_validation
sample-igg-W-34::3912,sample-igg-W-34,3912,1,True,lt_min_leaves,topological,1,0,1,2,after_topology_validation
sample-igg-W-34::758,sample-igg-W-34,758,2,True,lt_min_leaves,topological,1,0,1,2,after_topology_validation
sample-igg-W-34::2951,sample-igg-W-34,2951,2,True,lt_min_leaves,topological,1,0,1,2,after_topology_validation
sample-igg-W-34::3138,sample-igg-W-34,3138,2,True,lt_min_leaves,topological,1,0,2,2,after_topology_validation
sample-igg-W-34::2673,sample-igg-W-34,2673,2,True,lt_min_leaves,topological,1,0,2,2,after_topology_validation
sample-igg-W-34::3828,sample-igg-W-34,3828,2,True,lt_min_leaves,topological,1,0,1,2,after_topology_validation
sample-igg-W-34::1756,sample-igg-W-34,1756,2,True,lt_min_leaves,topological,1,0,2,2,after_topology_validation
sample-igg-W-34::1336,sample-igg-W-34,1336,4,True,lt_min_leaves,topological,1,0,2,3,after_topology_validation
sample-igg-W-34::186,sample-igg-W-34,186,4,True,lt_min_leaves,topological,1,0,2,3,after_topology_validation
sample-igg-W-34::3671,sample-igg-W-34,3671,1,True,lt_min_leaves,topological,1,0,1,2,after_topology_validation
sample-igg-W-34::1507,sample-igg-W-34,1507,2,True,lt_min_leaves,topological,1,0,0,2,after_topology_validation
sample-igg-W-34::624,sample-igg-W-34,624,2,True,lt_min_leaves,topological,1,0,2,2,after_topology_validation
sample-igg-W-34::2359,sample-igg-W-34,2359,1,True,lt_min_leaves,topological,1,0,1,2,after_topology_validation
sample-igg-W-34::3323,sample-igg-W-34,3323,2,True,lt_min_leaves,topological,1,0,1,2,after_topology_validation
sample-igg-W-34::2190,sample-igg-W-34,2190,2,True,lt_min_leaves,topological,1,0,1,2,after_topology_validation
sample-igg-W-34::3454,sample-igg-W-34,3454,1,True,lt_min_leaves,topological,1,0,1,2,after_topology_validation
sample-igg-W-34::3414,sample-igg-W-34,3414,1,True,lt_min_leaves,topological,1,0,1,2,after_topology_validation
sample-igg-W-34::718,sample-igg-W-34,718,1,True,lt_min_leaves,topological,1,0,1,2,after_topology_validation
sample-igg-W-34::3516,sample-igg-W-34,3516,2,True,lt_min_leaves,topological,1,0,2,2,after_topology_validation
sample-igg-W-34::1363,sample-igg-W-34,1363,2,True,lt_min_leaves,topological,1,0,1,2,after_topology_validation
sample-igg-W-34::382,sample-igg-W-34,382,1,True,lt_min_leaves,topological,1,0,1,2,after_topology_validation
sample-igg-W-34::2223,sample-igg-W-34,2223,2,True,lt_min_leaves,topological,1,0,0,2,after_topology_validation
sample-igg-W-34::1107,sample-igg-W-34,1107,1,True,lt_min_leaves,topological,1,0,0,2,after_topology_validation
sample-igg-W-34::707,sample-igg-W-34,707,2,True,lt_min_leaves,topological,1,0,2,2,after_topology_validation
sample-igg-W-34::1254,sample-igg-W-34,1254,1,True,lt_min_leaves,topological,1,0,1,2,after_topology_validation
sample-igg-W-34::2259,sample-igg-W-34,2259,2,True,lt_min_leaves,topological,1,0,1,2,after_topology_validation
sample-igg-W-34::749,sample-igg-W-34,749,2,True,lt_min_leaves,topological,1,0,2,2,after_topology_validation
sample-igg-W-34::3511,sample-igg-W-34,3511,2,True,lt_min_leaves,topological,1,0,2,2,after_topology_validation
sample-igg-W-34::375,sample-igg-W-34,375,1,True,lt_min_leaves,topological,1,0,1,2,after_topology_validation
sample-igg-W-34::244,sample-igg-W-34,244,1,True,lt_min_leaves,topological,1,0,1,2,after_topology_validation
sample-igg-W-34::3228,sample-igg-W-34,3228,2,True,lt_min_leaves,topological,1,0,1,2,after_topology_validation
sample-igg-W-34::720,sample-igg-W-34,720,2,True,lt_min_leaves,topological,1,0,0,2,after_topology_validation
sample-igg-W-34::1252,sample-igg-W-34,1252,4,True,lt_min_leaves,topological,1,0,2,3,after_topology_validation
sample-igg-W-34::3768,sample-igg-W-34,3768,2,True,lt_min_leaves,topological,1,0,2,2,after_topology_validation
sample-igg-W-34::1294,sample-igg-W-34,1294,1,True,lt_min_leaves,topological,1,0,1,2,after_topology_validation
sample-igg-W-34::1381,sample-igg-W-34,1381,2,True,lt_min_leaves,topological,1,0,0,2,after_topology_validation
sample-igg-W-34::395,sample-igg-W-34,395,2,True,multi_root_no_usable_naive,,2,0,0,3,raw_families
sample-igg-W-34::1670,sample-igg-W-34,1670,2,True,lt_min_leaves,topological,1,0,0,2,after_topology_validation
sample-igg-W-34::1477,sample-igg-W-34,1477,4,True,lt_min_leaves,topological,1,0,1,3,after_topology_validation
sample-igg-W-34::933,sample-igg-W-34,933,2,True,lt_min_leaves,topological,1,0,2,2,after_topology_validation
sample-igg-W-34::2741,sample-igg-W-34,2741,1,True,lt_min_leaves,topological,1,0,1,2,after_topology_validation
sample-igg-W-34::3035,sample-igg-W-34,3035,2,True,lt_min_leaves,topological,1,0,1,2,after_topology_validation
sample-igg-W-34::2470,sample-igg-W-34,2470,1,True,lt_min_leaves,topological,1,0,1,2,after_topology_validation
sample-igg-W-34::102,sample-igg-W-34,102,4,True,lt_min_leaves,topological,1,0,1,3,after_topology_validation
sample-igg-W-34::115,sample-igg-W-34,115,1,True,lt_min_leaves,topological,1,0,1,2,after_topology_validation
sample-igg-W-34::963,sample-igg-W-34,963,2,True,lt_min_leaves,topological,1,0,2,2,after_topology_validation
sample-igg-W-34::1755,sample-igg-W-34,1755,2,True,lt_min_leaves,topological,1,0,0,2,after_topology_validation
sample-igg-W-34::937,sample-igg-W-34,937,1,True,lt_min_leaves,topological,1,0,1,2,after_topology_validation
sample-igg-W-34::273,sample-igg-W-34,273,2,True,lt_min_leaves,topological,1,0,1,2,after_topology_validation
sample-igg-W-34::2804,sample-igg-W-34,2804,1,True,lt_min_leaves,topological,1,0,1,2,after_topology_validation
sample-igg-W-34::202,sample-igg-W-34,202,1,True,lt_min_leaves,topological,1,0,1,2,after_topology_validation
sample-igg-W-34::270,sample-igg-W-34,270,1,True,lt_min_leaves,topological,1,0,1,2,after_topology_validation
sample-igg-W-34::2644,sample-igg-W-34,2644,2,True,lt_min_leaves,topological,1,0,0,2,after_topology_validation
sample-igg-W-34::1247,sample-igg-W-34,1247,2,True,lt_min_leaves,topological,1,0,1,2,after_topology_validation
sample-igg-W-34::966,sample-igg-W-34,966,1,True,lt_min_leaves,topological,1,0,1,2,after_topology_validation
sample-igg-W-34::3832,sample-igg-W-34,3832,2,True,lt_min_leaves,topological,1,0,1,2,after_topology_validation
sample-igg-W-34::1871,sample-igg-W-34,1871,2,True,lt_min_leaves,topological,1,0,1,2,after_topology_validation
sample-igg-W-34::3656,sample-igg-W-34,3656,1,True,lt_min_leaves,topological,1,0,1,2,after_topology_validation
sample-igg-W-34::22,sample-igg-W-34,22,6,False,,topological,1,0,4,4,final_eligible
sample-igg-W-34::282,sample-igg-W-34,282,1,True,lt_min_leaves,topological,1,0,1,2,after_topology_validation
sample-igg-W-34::3545,sample-igg-W-34,3545,1,True,lt_min_leaves,topological,1,0,1,2,after_topology_validation
sample-igg-W-34::3305,sample-igg-W-34,3305,1,True,lt_min_leaves,topological,1,0,0,2,after_topology_validation
sample-igg-W-34::1633,sample-igg-W-34,1633,1,True,lt_min_leaves,topological,1,0,1,2,after_topology_validation
sample-igg-W-34::1805,sample-igg-W-34,1805,9,True,multi_root_no_usable_naive,,2,0,0,5,raw_families
sample-igg-W-34::2833,sample-igg-W-34,2833,2,True,lt_min_leaves,topological,1,0,0,2,after_topology_validation
sample-igg-W-34::3535,sample-igg-W-34,3535,1,True,lt_min_leaves,topological,1,0,1,2,after_topology_validation
sample-igg-W-34::278,sample-igg-W-34,278,3,True,lt_min_leaves,topological,1,0,0,3,after_topology_validation
sample-igg-W-34::544,sample-igg-W-34,544,3,True,lt_min_leaves,topological,1,0,1,3,after_topology_validation
sample-igg-W-34::1596,sample-igg-W-34,1596,3,True,lt_min_leaves,topological,1,0,1,3,after_topology_validation
sample-igg-W-34::3531,sample-igg-W-34,3531,2,True,lt_min_leaves,topological,1,0,0,2,after_topology_validation
sample-igg-W-34::2718,sample-igg-W-34,2718,1,True,lt_min_leaves,topological,1,0,1,2,after_topology_validation
sample-igg-W-34::104,sample-igg-W-34,104,2,True,lt_min_leaves,topological,1,0,0,2,after_topology_validation
sample-igg-W-34::2371,sample-igg-W-34,2371,3,True,lt_min_leaves,topological,1,0,0,3,after_topology_validation
sample-igg-W-34::1042,sample-igg-W-34,1042,4,True,lt_min_leaves,topological,1,0,0,3,after_topology_validation
sample-igg-W-34::2034,sample-igg-W-34,2034,2,True,multi_root_no_usable_naive,,2,0,0,10,raw_families
sample-igg-W-34::2928,sample-igg-W-34,2928,1,True,lt_min_leaves,topological,1,0,0,2,after_topology_validation
sample-igg-W-34::3533,sample-igg-W-34,3533,4,True,lt_min_leaves,topological,1,0,0,3,after_topology_validation
sample-igg-W-34::1970,sample-igg-W-34,1970,2,True,lt_min_leaves,topological,1,0,1,2,after_topology_validation
sample-igg-W-34::2235,sample-igg-W-34,2235,2,True,lt_min_leaves,topological,1,0,0,2,after_topology_validation
sample-igg-W-34::1094,sample-igg-W-34,1094,5,True,lt_min_leaves,topological,1,0,1,3,after_topology_validation
sample-igg-W-34::245,sample-igg-W-34,245,8,True,lt_min_leaves,topological,1,0,3,5,after_topology_validation
sample-igg-W-34::3620,sample-igg-W-34,3620,4,True,multi_root_no_usable_naive,,2,0,0,4,raw_families
sample-igg-W-34::742,sample-igg-W-34,742,3,True,lt_min_leaves,topological,1,0,1,3,after_topology_validation
sample-igg-W-34::1764,sample-igg-W-34,1764,2,True,lt_min_leaves,topological,1,0,1,2,after_topology_validation
sample-igg-W-34::1938,sample-igg-W-34,1938,3,True,lt_min_leaves,topological,1,0,1,3,after_topology_validation
sample-igg-W-34::865,sample-igg-W-34,865,1,True,lt_min_leaves,topological,1,0,1,2,after_topology_validation
sample-igg-W-34::3769,sample-igg-W-34,3769,2,True,lt_min_leaves,topological,1,0,0,2,after_topology_validation
sample-igg-W-34::2521,sample-igg-W-34,2521,4,True,lt_min_leaves,topological,1,0,1,3,after_topology_validation
sample-igg-W-34::2599,sample-igg-W-34,2599,2,True,lt_min_leaves,topological,1,0,0,2,after_topology_validation
sample-igg-W-34::329,sample-igg-W-34,329,3,True,multi_root_no_usable_naive,,2,0,0,5,raw_families
sample-igg-W-34::2934,sample-igg-W-34,2934,4,True,lt_min_leaves,topological,1,0,1,3,after_topology_validation
sample-igg-W-34::1086,sample-igg-W-34,1086,6,True,lt_min_leaves,topological,1,0,1,4,after_topology_validation
sample-igg-W-34::1342,sample-igg-W-34,1342,3,True,multi_root_no_usable_naive,,2,0,0,3,raw_families
sample-igg-W-34::1541,sample-igg-W-34,1541,2,True,lt_min_leaves,topological,1,0,0,2,after_topology_validation
sample-igg-W-34::1135,sample-igg-W-34,1135,4,True,multi_root_no_usable_naive,,2,0,0,4,raw_families
sample-igg-W-34::671,sample-igg-W-34,671,7,True,multi_root_no_usable_naive,,2,0,0,4,raw_families
sample-igg-W-34::1328,sample-igg-W-34,1328,17,True,multi_root_no_usable_naive,,3,0,0,7,raw_families
sample-igg-W-34::1345,sample-igg-W-34,1345,2,True,lt_min_leaves,topological,1,0,1,3,after_topology_validation
sample-igg-W-34::1772,sample-igg-W-34,1772,4,True,lt_min_leaves,topological,1,0,1,3,after_topology_validation
sample-igg-W-34::3104,sample-igg-W-34,3104,2,True,lt_min_leaves,topological,1,0,0,2,after_topology_validation
sample-igg-W-34::1020,sample-igg-W-34,1020,1,True,lt_min_leaves,topological,1,0,0,2,after_topology_validation
sample-igg-W-34::2297,sample-igg-W-34,2297,4,True,multi_root_no_usable_naive,,2,0,0,4,raw_families
sample-igg-W-34::1390,sample-igg-W-34,1390,5,True,multi_root_no_usable_naive,,3,0,0,9,raw_families
sample-igg-W-34::1616,sample-igg-W-34,1616,9,True,multi_root_no_usable_naive,,2,0,0,5,raw_families
sample-igg-W-34::641,sample-igg-W-34,641,1,True,lt_min_leaves,topological,1,0,1,2,after_topology_validation
sample-igg-W-34::3602,sample-igg-W-34,3602,3,True,lt_min_leaves,topological,1,0,0,3,after_topology_validation
sample-igg-W-34::1961,sample-igg-W-34,1961,4,True,lt_min_leaves,topological,1,0,1,3,after_topology_validation
sample-igg-W-34::1910,sample-igg-W-34,1910,8,True,multi_root_no_usable_naive,,2,0,0,5,raw_families
sample-igg-W-34::1845,sample-igg-W-34,1845,4,True,lt_min_leaves,topological,1,0,1,3,after_topology_validation
sample-igg-W-34::975,sample-igg-W-34,975,3,True,lt_min_leaves,topological,1,0,1,3,after_topology_validation
sample-igg-W-34::315,sample-igg-W-34,315,5,True,lt_min_leaves,topological,1,0,2,4,after_topology_validation
sample-igg-W-34::630,sample-igg-W-34,630,10,True,lt_min_leaves,topological,1,0,2,5,after_topology_validation
sample-igg-W-34::209,sample-igg-W-34,209,9,True,multi_root_no_usable_naive,,2,0,0,5,raw_families
sample-igg-W-34::1009,sample-igg-W-34,1009,7,True,lt_min_leaves,topological,1,0,3,4,after_topology_validation
sample-igg-W-34::1783,sample-igg-W-34,1783,5,True,lt_min_leaves,topological,1,0,1,4,after_topology_validation
sample-igg-W-34::2851,sample-igg-W-34,2851,15,True,multi_root_no_usable_naive,,3,0,0,7,raw_families
sample-igg-W-34::399,sample-igg-W-34,399,3,True,lt_min_leaves,topological,1,0,1,3,after_topology_validation
sample-igg-W-34::3268,sample-igg-W-34,3268,1,True,lt_min_leaves,topological,1,0,0,2,after_topology_validation
sample-igg-W-34::2035,sample-igg-W-34,2035,5,True,lt_min_leaves,topological,1,0,2,3,after_topology_validation
sample-igg-W-34::1731,sample-igg-W-34,1731,1,True,lt_min_leaves,topological,1,0,1,11,after_topology_validation
sample-igg-W-34::109,sample-igg-W-34,109,2,True,lt_min_leaves,topological,1,0,0,2,after_topology_validation
sample-igg-W-34::747,sample-igg-W-34,747,2,True,lt_min_leaves,topological,1,0,0,2,after_topology_validation
sample-igg-W-34::3559,sample-igg-W-34,3559,1,True,lt_min_leaves,topological,1,0,1,2,after_topology_validation
sample-igg-W-34::2653,sample-igg-W-34,2653,2,True,lt_min_leaves,topological,1,0,1,2,after_topology_validation
sample-igg-W-34::409,sample-igg-W-34,409,2,True,lt_min_leaves,topological,1,0,0,2,after_topology_validation
sample-igg-W-34::2015,sample-igg-W-34,2015,4,True,lt_min_leaves,topological,1,0,0,3,after_topology_validation
sample-igg-W-34::2858,sample-igg-W-34,2858,2,True,lt_min_leaves,topological,1,0,0,2,after_topology_validation
sample-igg-W-34::815,sample-igg-W-34,815,4,True,lt_min_leaves,topological,1,0,0,3,after_topology_validation
sample-igg-W-34::678,sample-igg-W-34,678,5,True,multi_root_no_usable_naive,,2,0,0,4,raw_families
sample-igg-W-34::1475,sample-igg-W-34,1475,1,True,lt_min_leaves,topological,1,0,0,2,after_topology_validation
sample-igg-W-34::2083,sample-igg-W-34,2083,2,True,lt_min_leaves,topological,1,0,0,2,after_topology_validation
sample-igg-W-34::2843,sample-igg-W-34,2843,2,True,lt_min_leaves,topological,1,0,0,2,after_topology_validation
sample-igg-W-34::1935,sample-igg-W-34,1935,4,True,lt_min_leaves,topological,1,0,0,3,after_topology_validation
sample-igg-W-34::1859,sample-igg-W-34,1859,5,True,lt_min_leaves,topological,1,0,3,4,after_topology_validation
sample-igg-W-34::2710,sample-igg-W-34,2710,4,True,lt_min_leaves,topological,1,0,1,3,after_topology_validation
sample-igg-W-34::3245,sample-igg-W-34,3245,1,True,lt_min_leaves,topological,1,0,1,2,after_topology_validation
sample-igg-W-34::2416,sample-igg-W-34,2416,12,True,lt_min_leaves,topological,1,0,3,5,after_topology_validation
sample-igg-W-34::417,sample-igg-W-34,417,10,True,multi_root_no_usable_naive,,2,0,0,6,raw_families
sample-igg-W-34::1458,sample-igg-W-34,1458,4,True,lt_min_leaves,topological,1,0,1,3,after_topology_validation
sample-igg-W-34::1977,sample-igg-W-34,1977,6,True,lt_min_leaves,topological,1,0,2,3,after_topology_validation
sample-igg-W-34::125,sample-igg-W-34,125,2,True,lt_min_leaves,topological,1,0,1,2,after_topology_validation
sample-igg-W-34::3346,sample-igg-W-34,3346,11,True,multi_root_no_usable_naive,,6,0,0,19,raw_families
sample-igg-W-34::290,sample-igg-W-34,290,1,True,lt_min_leaves,topological,1,0,1,2,after_topology_validation
sample-igg-W-34::3236,sample-igg-W-34,3236,5,True,lt_min_leaves,topological,1,0,1,4,after_topology_validation
sample-igg-W-34::2234,sample-igg-W-34,2234,6,True,multi_root_no_usable_naive,,2,0,0,4,raw_families
sample-igg-W-34::1052,sample-igg-W-34,1052,14,False,,topological,1,0,4,6,final_eligible
sample-igg-W-34::3525,sample-igg-W-34,3525,1,True,lt_min_leaves,topological,1,0,0,2,after_topology_validation
sample-igg-W-34::2904,sample-igg-W-34,2904,5,True,lt_min_leaves,topological,1,0,1,3,after_topology_validation
sample-igg-W-34::3179,sample-igg-W-34,3179,2,True,lt_min_leaves,topological,1,0,1,2,after_topology_validation
sample-igg-W-34::101,sample-igg-W-34,101,2,True,lt_min_leaves,topological,1,0,0,2,after_topology_validation
sample-igg-W-34::1788,sample-igg-W-34,1788,7,True,lt_min_leaves,topological,1,0,2,5,after_topology_validation
sample-igg-W-34::2171,sample-igg-W-34,2171,5,True,lt_min_leaves,topological,1,0,1,4,after_topology_validation
sample-igg-W-34::2845,sample-igg-W-34,2845,4,True,lt_min_leaves,topological,1,0,0,3,after_topology_validation
sample-igg-W-34::445,sample-igg-W-34,445,3,True,lt_min_leaves,topological,1,0,1,3,after_topology_validation
sample-igg-W-34::2635,sample-igg-W-34,2635,3,True,multi_root_no_usable_naive,,2,0,0,4,raw_families
sample-igg-W-34::192,sample-igg-W-34,192,4,True,lt_min_leaves,topological,1,0,0,3,after_topology_validation
sample-igg-W-34::488,sample-igg-W-34,488,5,True,multi_root_no_usable_naive,,2,0,0,4,raw_families
sample-igg-W-34::357,sample-igg-W-34,357,4,True,lt_min_leaves,topological,1,0,1,3,after_topology_validation
sample-igg-W-34::552,sample-igg-W-34,552,1,True,lt_min_leaves,topological,1,0,1,2,after_topology_validation
sample-igg-W-34::1411,sample-igg-W-34,1411,2,True,multi_root_no_usable_naive,,2,0,0,3,raw_families
sample-igg-W-34::147,sample-igg-W-34,147,1,True,lt_min_leaves,topological,1,0,1,2,after_topology_validation
sample-igg-W-34::2511,sample-igg-W-34,2511,2,True,lt_min_leaves,topological,1,0,0,2,after_topology_validation
sample-igg-W-34::475,sample-igg-W-34,475,3,True,lt_min_leaves,topological,1,0,1,3,after_topology_validation
sample-igg-W-34::1675,sample-igg-W-34,1675,1,True,lt_min_leaves,topological,1,0,1,2,after_topology_validation
sample-igg-W-34::1727,sample-igg-W-34,1727,3,True,lt_min_leaves,topological,1,0,2,3,after_topology_validation
sample-igg-W-34::2162,sample-igg-W-34,2162,5,True,lt_min_leaves,topological,1,0,1,4,after_topology_validation
sample-igg-W-34::2981,sample-igg-W-34,2981,4,True,lt_min_leaves,topological,1,0,1,3,after_topology_validation
sample-igg-W-34::3818,sample-igg-W-34,3818,2,True,multi_root_no_usable_naive,,2,0,0,6,raw_families
sample-igg-W-34::3817,sample-igg-W-34,3817,4,True,multi_root_no_usable_naive,,2,0,0,4,raw_families
sample-igg-W-34::359,sample-igg-W-34,359,21,True,multi_root_no_usable_naive,,2,0,0,8,raw_families
sample-igg-W-34::1161,sample-igg-W-34,1161,5,True,lt_min_leaves,topological,1,0,2,4,after_topology_validation
sample-igg-W-34::198,sample-igg-W-34,198,2,True,multi_root_no_usable_naive,,2,0,0,10,raw_families
sample-igg-W-34::2342,sample-igg-W-34,2342,2,True,lt_min_leaves,topological,1,0,0,2,after_topology_validation
sample-igg-W-34::3233,sample-igg-W-34,3233,6,True,lt_min_leaves,topological,1,0,2,4,after_topology_validation
sample-igg-W-34::352,sample-igg-W-34,352,3,True,lt_min_leaves,topological,1,0,1,3,after_topology_validation
sample-igg-W-34::484,sample-igg-W-34,484,2,True,lt_min_leaves,topological,1,0,0,2,after_topology_validation
sample-igg-W-34::621,sample-igg-W-34,621,9,True,lt_min_leaves,topological,1,0,3,5,after_topology_validation
sample-igg-W-34::1590,sample-igg-W-34,1590,10,True,lt_min_leaves,topological,1,0,2,5,after_topology_validation
sample-igg-W-34::950,sample-igg-W-34,950,4,True,lt_min_leaves,topological,1,0,1,3,after_topology_validation
sample-igg-W-34::2247,sample-igg-W-34,2247,6,True,multi_root_no_usable_naive,,2,0,0,5,raw_families
sample-igg-W-34::144,sample-igg-W-34,144,3,True,multi_root_no_usable_naive,,2,0,0,3,raw_families
sample-igg-W-34::637,sample-igg-W-34,637,18,True,lt_min_leaves,topological,1,0,3,7,after_topology_validation
sample-igg-W-34::636,sample-igg-W-34,636,9,True,multi_root_no_usable_naive,,4,0,0,17,raw_families
sample-igg-W-34::1012,sample-igg-W-34,1012,13,True,lt_min_leaves,topological,1,0,3,5,after_topology_validation
sample-igg-W-34::1762,sample-igg-W-34,1762,13,True,lt_min_leaves,topological,1,0,2,6,after_topology_validation
sample-igg-W-34::3595,sample-igg-W-34,3595,5,True,lt_min_leaves,topological,1,0,1,4,after_topology_validation
sample-igg-W-34::2987,sample-igg-W-34,2987,2,True,lt_min_leaves,topological,1,0,0,2,after_topology_validation
sample-igg-W-34::390,sample-igg-W-34,390,11,True,lt_min_leaves,topological,1,0,1,6,after_topology_validation
sample-igg-W-34::2526,sample-igg-W-34,2526,5,True,lt_min_leaves,topological,1,0,1,3,after_topology_validation
sample-igg-W-34::117,sample-igg-W-34,117,7,True,multi_root_no_usable_naive,,2,0,0,4,raw_families
sample-igg-W-34::3241,sample-igg-W-34,3241,1,True,lt_min_leaves,topological,1,0,1,2,after_topology_validation
sample-igg-W-34::2873,sample-igg-W-34,2873,7,True,lt_min_leaves,topological,1,0,2,4,after_topology_validation
sample-igg-W-34::1752,sample-igg-W-34,1752,8,True,lt_min_leaves,topological,1,0,0,5,after_topology_validation
sample-igg-W-34::1029,sample-igg-W-34,1029,2,True,lt_min_leaves,topological,1,0,0,2,after_topology_validation
sample-igg-W-34::3814,sample-igg-W-34,3814,1,True,lt_min_leaves,topological,1,0,1,2,after_topology_validation
sample-igg-W-34::3819,sample-igg-W-34,3819,6,True,multi_root_no_usable_naive,,3,0,0,5,raw_families
sample-igg-W-34::810,sample-igg-W-34,810,2,True,lt_min_leaves,topological,1,0,0,2,after_topology_validation
sample-igg-W-34::551,sample-igg-W-34,551,3,True,multi_root_no_usable_naive,,2,0,0,3,raw_families
sample-igg-W-34::1265,sample-igg-W-34,1265,2,True,multi_root_no_usable_naive,,2,0,0,3,raw_families
sample-igg-W-34::989,sample-igg-W-34,989,8,True,multi_root_no_usable_naive,,2,0,0,5,raw_families
sample-igg-W-34::1978,sample-igg-W-34,1978,2,True,lt_min_leaves,topological,1,0,0,2,after_topology_validation
sample-igg-W-34::195,sample-igg-W-34,195,3,True,lt_min_leaves,topological,1,0,0,3,after_topology_validation
sample-igg-W-34::2275,sample-igg-W-34,2275,3,True,lt_min_leaves,topological,1,0,1,3,after_topology_validation
sample-igg-W-34::368,sample-igg-W-34,368,16,True,multi_root_no_usable_naive,,2,0,0,6,raw_families
sample-igg-W-34::3196,sample-igg-W-34,3196,10,False,,topological,1,0,4,5,final_eligible
sample-igg-W-34::2065,sample-igg-W-34,2065,5,True,multi_root_no_usable_naive,,2,0,0,5,raw_families
sample-igg-W-34::2122,sample-igg-W-34,2122,2,True,lt_min_leaves,topological,1,0,0,2,after_topology_validation
sample-igg-W-34::903,sample-igg-W-34,903,2,True,lt_min_leaves,topological,1,0,0,2,after_topology_validation
sample-igg-W-34::183,sample-igg-W-34,183,4,True,lt_min_leaves,topological,1,0,0,3,after_topology_validation
sample-igg-W-34::126,sample-igg-W-34,126,5,True,lt_min_leaves,topological,1,0,1,4,after_topology_validation
sample-igg-W-34::454,sample-igg-W-34,454,2,True,lt_min_leaves,topological,1,0,0,2,after_topology_validation
sample-igg-W-34::3593,sample-igg-W-34,3593,2,True,lt_min_leaves,topological,1,0,1,2,after_topology_validation
sample-igg-W-34::943,sample-igg-W-34,943,11,True,lt_min_leaves,topological,1,0,3,5,after_topology_validation
sample-igg-W-34::1766,sample-igg-W-34,1766,8,True,lt_min_leaves,topological,1,0,1,4,after_topology_validation
sample-igg-W-34::228,sample-igg-W-34,228,3,True,lt_min_leaves,topological,1,0,1,3,after_topology_validation
sample-igg-W-34::3110,sample-igg-W-34,3110,3,True,lt_min_leaves,topological,1,0,2,3,after_topology_validation
sample-igg-W-34::3231,sample-igg-W-34,3231,2,True,lt_min_leaves,topological,1,0,0,2,after_topology_validation
sample-igg-W-34::1145,sample-igg-W-34,1145,6,True,multi_root_no_usable_naive,,2,0,0,5,raw_families
sample-igg-W-34::3397,sample-igg-W-34,3397,3,True,lt_min_leaves,topological,1,0,1,3,after_topology_validation
sample-igg-W-34::786,sample-igg-W-34,786,1,True,lt_min_leaves,topological,1,0,0,2,after_topology_validation
sample-igg-W-34::3107,sample-igg-W-34,3107,14,True,lt_min_leaves,topological,1,0,3,7,after_topology_validation
sample-igg-W-34::3441,sample-igg-W-34,3441,2,True,lt_min_leaves,topological,1,0,0,2,after_topology_validation
sample-igg-W-34::992,sample-igg-W-34,992,1,True,lt_min_leaves,topological,1,0,1,2,after_topology_validation
sample-igg-W-34::3362,sample-igg-W-34,3362,3,True,multi_root_no_usable_naive,,2,0,0,4,raw_families
sample-igg-W-34::211,sample-igg-W-34,211,4,True,lt_min_leaves,topological,1,0,1,3,after_topology_validation
sample-igg-W-34::1777,sample-igg-W-34,1777,1,True,lt_min_leaves,topological,1,0,1,2,after_topology_validation
sample-igg-W-34::3848,sample-igg-W-34,3848,7,True,lt_min_leaves,topological,1,0,2,4,after_topology_validation
sample-igg-W-34::3852,sample-igg-W-34,3852,1,True,lt_min_leaves,topological,1,0,1,2,after_topology_validation
sample-igg-W-34::1176,sample-igg-W-34,1176,3,True,multi_root_no_usable_naive,,2,0,0,9,raw_families
sample-igg-W-34::2205,sample-igg-W-34,2205,3,True,lt_min_leaves,topological,1,0,2,3,after_topology_validation
sample-igg-W-34::438,sample-igg-W-34,438,8,True,lt_min_leaves,topological,1,0,1,5,after_topology_validation
sample-igg-W-34::2795,sample-igg-W-34,2795,4,True,lt_min_leaves,topological,1,0,2,3,after_topology_validation
sample-igg-W-34::3267,sample-igg-W-34,3267,1,True,lt_min_leaves,topological,1,0,1,2,after_topology_validation
sample-igg-W-34::236,sample-igg-W-34,236,10,False,,topological,1,0,4,5,final_eligible
sample-igg-W-34::3780,sample-igg-W-34,3780,4,True,lt_min_leaves,topological,1,0,1,3,after_topology_validation
sample-igg-W-34::2200,sample-igg-W-34,2200,11,False,,topological,1,0,4,6,final_eligible
sample-igg-W-34::1828,sample-igg-W-34,1828,7,True,multi_root_no_usable_naive,,2,0,0,5,raw_families
sample-igg-W-34::479,sample-igg-W-34,479,7,True,multi_root_no_usable_naive,,3,0,0,7,raw_families
sample-igg-W-34::3583,sample-igg-W-34,3583,2,True,lt_min_leaves,topological,1,0,0,2,after_topology_validation
sample-igg-W-34::2831,sample-igg-W-34,2831,3,True,multi_root_no_usable_naive,,2,0,0,8,raw_families
sample-igg-W-34::659,sample-igg-W-34,659,4,True,lt_min_leaves,topological,1,0,2,3,after_topology_validation
sample-igg-W-34::3094,sample-igg-W-34,3094,1,True,lt_min_leaves,topological,1,0,1,2,after_topology_validation
sample-igg-W-34::2866,sample-igg-W-34,2866,4,True,lt_min_leaves,topological,1,0,0,3,after_topology_validation
sample-igg-W-34::876,sample-igg-W-34,876,1,True,lt_min_leaves,topological,1,0,1,2,after_topology_validation
sample-igg-W-34::945,sample-igg-W-34,945,1,True,lt_min_leaves,topological,1,0,0,2,after_topology_validation
sample-igg-W-34::251,sample-igg-W-34,251,1,True,lt_min_leaves,topological,1,0,0,2,after_topology_validation
sample-igg-W-34::2219,sample-igg-W-34,2219,6,True,lt_min_leaves,topological,1,0,3,5,after_topology_validation
sample-igg-W-34::2852,sample-igg-W-34,2852,5,True,multi_root_no_usable_naive,,2,0,0,4,raw_families
sample-igg-W-34::3195,sample-igg-W-34,3195,4,True,lt_min_leaves,topological,1,0,1,3,after_topology_validation
sample-igg-W-34::3500,sample-igg-W-34,3500,2,True,lt_min_leaves,topological,1,0,1,2,after_topology_validation
sample-igg-W-34::2300,sample-igg-W-34,2300,4,True,lt_min_leaves,topological,1,0,0,3,after_topology_validation
sample-igg-W-34::1091,sample-igg-W-34,1091,3,True,lt_min_leaves,topological,1,0,0,3,after_topology_validation
sample-igg-W-34::1044,sample-igg-W-34,1044,2,True,lt_min_leaves,topological,1,0,0,2,after_topology_validation
sample-igg-W-34::365,sample-igg-W-34,365,4,True,lt_min_leaves,topological,1,0,0,3,after_topology_validation
sample-igg-W-34::2109,sample-igg-W-34,2109,3,True,lt_min_leaves,topological,1,0,1,3,after_topology_validation
sample-igg-W-34::443,sample-igg-W-34,443,8,True,multi_root_no_usable_naive,,2,0,0,4,raw_families
sample-igg-W-34::1349,sample-igg-W-34,1349,2,True,lt_min_leaves,topological,1,0,0,2,after_topology_validation
sample-igg-W-34::215,sample-igg-W-34,215,1,True,lt_min_leaves,topological,1,0,0,2,after_topology_validation
sample-igg-W-34::414,sample-igg-W-34,414,7,True,lt_min_leaves,topological,1,0,2,5,after_topology_validation
sample-igg-W-34::1654,sample-igg-W-34,1654,2,True,lt_min_leaves,topological,1,0,0,2,after_topology_validation
sample-igg-W-34::246,sample-igg-W-34,246,6,True,lt_min_leaves,topological,1,0,1,4,after_topology_validation
sample-igg-W-34::3908,sample-igg-W-34,3908,1,True,lt_min_leaves,topological,1,0,0,2,after_topology_validation
sample-igg-W-34::2141,sample-igg-W-34,2141,3,True,lt_min_leaves,topological,1,0,1,3,after_topology_validation
sample-igg-W-34::2199,sample-igg-W-34,2199,4,True,lt_min_leaves,topological,1,0,1,3,after_topology_validation
sample-igg-W-34::629,sample-igg-W-34,629,18,True,multi_root_no_usable_naive,,5,0,0,9,raw_families
sample-igg-W-34::2639,sample-igg-W-34,2639,3,True,lt_min_leaves,topological,1,0,1,3,after_topology_validation
sample-igg-W-34::3874,sample-igg-W-34,3874,5,True,lt_min_leaves,topological,1,0,3,3,after_topology_validation
sample-igg-W-34::42,sample-igg-W-34,42,2,True,lt_min_leaves,topological,1,0,1,2,after_topology_validation
sample-igg-W-34::2441,sample-igg-W-34,2441,1,True,lt_min_leaves,topological,1,0,1,2,after_topology_validation
sample-igg-W-34::1072,sample-igg-W-34,1072,3,True,lt_min_leaves,topological,1,0,0,3,after_topology_validation
sample-igg-W-34::59,sample-igg-W-34,59,4,True,multi_root_no_usable_naive,,2,0,0,4,raw_families
sample-igg-W-34::200,sample-igg-W-34,200,2,True,lt_min_leaves,topological,1,0,1,2,after_topology_validation
sample-igg-W-34::814,sample-igg-W-34,814,1,True,lt_min_leaves,topological,1,0,1,2,after_topology_validation
sample-igg-W-54::5119,sample-igg-W-54,5119,2,True,lt_min_leaves,topological,1,0,1,2,after_topology_validation
sample-igg-W-54::2569,sample-igg-W-54,2569,2,True,lt_min_leaves,topological,1,0,1,2,after_topology_validation
sample-igg-W-54::1385,sample-igg-W-54,1385,1,True,lt_min_leaves,topological,1,0,1,2,after_topology_validation
sample-igg-W-54::3724,sample-igg-W-54,3724,2,True,lt_min_leaves,topological,1,0,2,2,after_topology_validation
sample-igg-W-54::3222,sample-igg-W-54,3222,2,True,lt_min_leaves,topological,1,0,2,2,after_topology_validation
sample-igg-W-54::1019,sample-igg-W-54,1019,2,True,lt_min_leaves,topological,1,0,1,2,after_topology_validation
sample-igg-W-54::139,sample-igg-W-54,139,1,True,lt_min_leaves,topological,1,0,1,2,after_topology_validation
sample-igg-W-54::4452,sample-igg-W-54,4452,2,True,lt_min_leaves,topological,1,0,0,2,after_topology_validation
sample-igg-W-54::3854,sample-igg-W-54,3854,2,True,lt_min_leaves,topological,1,0,2,2,after_topology_validation
sample-igg-W-54::4287,sample-igg-W-54,4287,2,True,lt_min_leaves,topological,1,0,1,2,after_topology_validation
sample-igg-W-54::392,sample-igg-W-54,392,1,True,lt_min_leaves,topological,1,0,1,2,after_topology_validation
sample-igg-W-54::1441,sample-igg-W-54,1441,2,True,lt_min_leaves,topological,1,0,1,2,after_topology_validation
sample-igg-W-54::1512,sample-igg-W-54,1512,1,True,lt_min_leaves,topological,1,0,1,2,after_topology_validation
sample-igg-W-54::2539,sample-igg-W-54,2539,2,True,lt_min_leaves,topological,1,0,1,2,after_topology_validation
sample-igg-W-54::266,sample-igg-W-54,266,4,True,lt_min_leaves,topological,1,0,2,3,after_topology_validation
sample-igg-W-54::60,sample-igg-W-54,60,2,True,lt_min_leaves,topological,1,0,2,2,after_topology_validation
sample-igg-W-54::2542,sample-igg-W-54,2542,1,True,lt_min_leaves,topological,1,0,1,2,after_topology_validation
sample-igg-W-54::4688,sample-igg-W-54,4688,2,True,lt_min_leaves,topological,1,0,2,2,after_topology_validation
sample-igg-W-54::3256,sample-igg-W-54,3256,1,True,lt_min_leaves,topological,1,0,1,2,after_topology_validation
sample-igg-W-54::155,sample-igg-W-54,155,2,True,lt_min_leaves,topological,1,0,0,2,after_topology_validation
sample-igg-W-54::141,sample-igg-W-54,141,2,True,lt_min_leaves,topological,1,0,1,2,after_topology_validation
sample-igg-W-54::2451,sample-igg-W-54,2451,2,True,lt_min_leaves,topological,1,0,2,2,after_topology_validation
sample-igg-W-54::5148,sample-igg-W-54,5148,1,True,lt_min_leaves,topological,1,0,1,2,after_topology_validation
sample-igg-W-54::4134,sample-igg-W-54,4134,2,True,lt_min_leaves,topological,1,0,2,2,after_topology_validation
sample-igg-W-54::328,sample-igg-W-54,328,2,True,lt_min_leaves,topological,1,0,1,2,after_topology_validation
sample-igg-W-54::4580,sample-igg-W-54,4580,2,True,lt_min_leaves,topological,1,0,1,2,after_topology_validation
sample-igg-W-54::5053,sample-igg-W-54,5053,1,True,lt_min_leaves,topological,1,0,1,2,after_topology_validation
sample-igg-W-54::1743,sample-igg-W-54,1743,2,True,lt_min_leaves,topological,1,0,2,2,after_topology_validation
sample-igg-W-54::884,sample-igg-W-54,884,1,True,lt_min_leaves,topological,1,0,1,2,after_topology_validation
sample-igg-W-54::1138,sample-igg-W-54,1138,1,True,lt_min_leaves,topological,1,0,0,2,after_topology_validation
sample-igg-W-54::1017,sample-igg-W-54,1017,1,True,lt_min_leaves,topological,1,0,1,2,after_topology_validation
sample-igg-W-54::4622,sample-igg-W-54,4622,2,True,lt_min_leaves,topological,1,0,1,2,after_topology_validation
sample-igg-W-54::2213,sample-igg-W-54,2213,2,True,lt_min_leaves,topological,1,0,1,2,after_topology_validation
sample-igg-W-54::4919,sample-igg-W-54,4919,1,True,lt_min_leaves,topological,1,0,1,2,after_topology_validation
sample-igg-W-54::2363,sample-igg-W-54,2363,2,True,lt_min_leaves,topological,1,0,2,2,after_topology_validation
sample-igg-W-54::3120,sample-igg-W-54,3120,4,True,lt_min_leaves,topological,1,0,2,3,after_topology_validation
sample-igg-W-54::2546,sample-igg-W-54,2546,2,True,lt_min_leaves,topological,1,0,1,2,after_topology_validation
sample-igg-W-54::2417,sample-igg-W-54,2417,4,True,lt_min_leaves,topological,1,0,1,3,after_topology_validation
sample-igg-W-54::1926,sample-igg-W-54,1926,2,True,lt_min_leaves,topological,1,0,1,2,after_topology_validation
sample-igg-W-54::791,sample-igg-W-54,791,1,True,lt_min_leaves,topological,1,0,0,2,after_topology_validation
sample-igg-W-54::4870,sample-igg-W-54,4870,2,True,lt_min_leaves,topological,1,0,1,2,after_topology_validation
sample-igg-W-54::273,sample-igg-W-54,273,2,True,lt_min_leaves,topological,1,0,2,2,after_topology_validation
sample-igg-W-54::4551,sample-igg-W-54,4551,2,True,lt_min_leaves,topological,1,0,2,2,after_topology_validation
sample-igg-W-54::2971,sample-igg-W-54,2971,1,True,lt_min_leaves,topological,1,0,1,2,after_topology_validation
sample-igg-W-54::1724,sample-igg-W-54,1724,1,True,lt_min_leaves,topological,1,0,1,2,after_topology_validation
sample-igg-W-54::4838,sample-igg-W-54,4838,2,True,lt_min_leaves,topological,1,0,2,2,after_topology_validation
sample-igg-W-54::453,sample-igg-W-54,453,2,True,lt_min_leaves,topological,1,0,2,2,after_topology_validation
sample-igg-W-54::913,sample-igg-W-54,913,2,True,lt_min_leaves,topological,1,0,0,2,after_topology_validation
sample-igg-W-54::4568,sample-igg-W-54,4568,1,True,lt_min_leaves,topological,1,0,1,2,after_topology_validation
sample-igg-W-54::1448,sample-igg-W-54,1448,2,True,lt_min_leaves,topological,1,0,1,2,after_topology_validation
sample-igg-W-54::2672,sample-igg-W-54,2672,1,True,lt_min_leaves,topological,1,0,1,2,after_topology_validation
sample-igg-W-54::4798,sample-igg-W-54,4798,3,True,lt_min_leaves,topological,1,0,1,3,after_topology_validation
sample-igg-W-54::1640,sample-igg-W-54,1640,2,True,lt_min_leaves,topological,1,0,2,2,after_topology_validation
sample-igg-W-54::3145,sample-igg-W-54,3145,1,True,lt_min_leaves,topological,1,0,1,2,after_topology_validation
sample-igg-W-54::4061,sample-igg-W-54,4061,2,True,lt_min_leaves,topological,1,0,1,2,after_topology_validation
sample-igg-W-54::3894,sample-igg-W-54,3894,1,True,lt_min_leaves,topological,1,0,1,2,after_topology_validation
sample-igg-W-54::3860,sample-igg-W-54,3860,2,True,lt_min_leaves,topological,1,0,1,2,after_topology_validation
sample-igg-W-54::4711,sample-igg-W-54,4711,1,True,lt_min_leaves,topological,1,0,1,2,after_topology_validation
sample-igg-W-54::567,sample-igg-W-54,567,2,True,lt_min_leaves,topological,1,0,2,2,after_topology_validation
sample-igg-W-54::3715,sample-igg-W-54,3715,2,True,lt_min_leaves,topological,1,0,0,2,after_topology_validation
sample-igg-W-54::2592,sample-igg-W-54,2592,2,True,lt_min_leaves,topological,1,0,0,2,after_topology_validation
sample-igg-W-54::673,sample-igg-W-54,673,2,True,lt_min_leaves,topological,1,0,1,2,after_topology_validation
sample-igg-W-54::1275,sample-igg-W-54,1275,2,True,lt_min_leaves,topological,1,0,1,2,after_topology_validation
sample-igg-W-54::2498,sample-igg-W-54,2498,1,True,lt_min_leaves,topological,1,0,1,2,after_topology_validation
sample-igg-W-54::3563,sample-igg-W-54,3563,2,True,lt_min_leaves,topological,1,0,0,2,after_topology_validation
sample-igg-W-54::1209,sample-igg-W-54,1209,3,True,lt_min_leaves,topological,1,0,1,3,after_topology_validation
sample-igg-W-54::2448,sample-igg-W-54,2448,1,True,lt_min_leaves,topological,1,0,0,2,after_topology_validation
sample-igg-W-54::166,sample-igg-W-54,166,2,True,lt_min_leaves,topological,1,0,1,2,after_topology_validation
sample-igg-W-54::3904,sample-igg-W-54,3904,1,True,lt_min_leaves,topological,1,0,1,2,after_topology_validation
sample-igg-W-54::2342,sample-igg-W-54,2342,3,True,lt_min_leaves,topological,1,0,1,3,after_topology_validation
sample-igg-W-54::5525,sample-igg-W-54,5525,1,True,lt_min_leaves,topological,1,0,1,2,after_topology_validation
sample-igg-W-54::1301,sample-igg-W-54,1301,2,True,lt_min_leaves,topological,1,0,0,2,after_topology_validation
sample-igg-W-54::1818,sample-igg-W-54,1818,2,True,lt_min_leaves,topological,1,0,2,2,after_topology_validation
sample-igg-W-54::2322,sample-igg-W-54,2322,1,True,lt_min_leaves,topological,1,0,1,2,after_topology_validation
sample-igg-W-54::5484,sample-igg-W-54,5484,1,True,lt_min_leaves,topological,1,0,1,2,after_topology_validation
sample-igg-W-54::3234,sample-igg-W-54,3234,2,True,lt_min_leaves,topological,1,0,1,2,after_topology_validation
sample-igg-W-54::2004,sample-igg-W-54,2004,1,True,lt_min_leaves,topological,1,0,0,2,after_topology_validation
sample-igg-W-54::3536,sample-igg-W-54,3536,2,True,lt_min_leaves,topological,1,0,2,2,after_topology_validation
sample-igg-W-54::3635,sample-igg-W-54,3635,1,True,lt_min_leaves,topological,1,0,1,2,after_topology_validation
sample-igg-W-54::3201,sample-igg-W-54,3201,2,True,lt_min_leaves,topological,1,0,1,2,after_topology_validation
sample-igg-W-54::2878,sample-igg-W-54,2878,1,True,lt_min_leaves,topological,1,0,0,2,after_topology_validation
sample-igg-W-54::1733,sample-igg-W-54,1733,4,True,lt_min_leaves,topological,1,0,2,3,after_topology_validation
sample-igg-W-54::4464,sample-igg-W-54,4464,2,True,lt_min_leaves,topological,1,0,2,2,after_topology_validation
sample-igg-W-54::5181,sample-igg-W-54,5181,1,True,lt_min_leaves,topological,1,0,0,2,after_topology_validation
sample-igg-W-54::1322,sample-igg-W-54,1322,2,True,lt_min_leaves,topological,1,0,2,2,after_topology_validation
sample-igg-W-54::268,sample-igg-W-54,268,2,True,lt_min_leaves,topological,1,0,1,2,after_topology_validation
sample-igg-W-54::1402,sample-igg-W-54,1402,1,True,lt_min_leaves,topological,1,0,0,2,after_topology_validation
sample-igg-W-54::3195,sample-igg-W-54,3195,1,True,lt_min_leaves,topological,1,0,1,2,after_topology_validation
sample-igg-W-54::186,sample-igg-W-54,186,2,True,lt_min_leaves,topological,1,0,2,2,after_topology_validation
sample-igg-W-54::5234,sample-igg-W-54,5234,2,True,lt_min_leaves,topological,1,0,2,2,after_topology_validation
sample-igg-W-54::776,sample-igg-W-54,776,2,True,lt_min_leaves,topological,1,0,0,2,after_topology_validation
sample-igg-W-54::1967,sample-igg-W-54,1967,2,True,lt_min_leaves,topological,1,0,0,2,after_topology_validation
sample-igg-W-54::3092,sample-igg-W-54,3092,2,True,lt_min_leaves,topological,1,0,1,2,after_topology_validation
sample-igg-W-54::3175,sample-igg-W-54,3175,2,True,lt_min_leaves,topological,1,0,1,2,after_topology_validation
sample-igg-W-54::1091,sample-igg-W-54,1091,1,True,lt_min_leaves,topological,1,0,1,2,after_topology_validation
sample-igg-W-54::3770,sample-igg-W-54,3770,1,True,lt_min_leaves,topological,1,0,1,2,after_topology_validation
sample-igg-W-54::1745,sample-igg-W-54,1745,2,True,lt_min_leaves,topological,1,0,2,2,after_topology_validation
sample-igg-W-54::1645,sample-igg-W-54,1645,2,True,lt_min_leaves,topological,1,0,0,2,after_topology_validation
sample-igg-W-54::1235,sample-igg-W-54,1235,1,True,lt_min_leaves,topological,1,0,1,2,after_topology_validation
sample-igg-W-54::4146,sample-igg-W-54,4146,4,True,lt_min_leaves,topological,1,0,2,3,after_topology_validation
sample-igg-W-54::2732,sample-igg-W-54,2732,1,True,lt_min_leaves,topological,1,0,1,2,after_topology_validation
sample-igg-W-54::2685,sample-igg-W-54,2685,2,True,lt_min_leaves,topological,1,0,1,3,after_topology_validation
sample-igg-W-54::969,sample-igg-W-54,969,1,True,lt_min_leaves,topological,1,0,0,2,after_topology_validation
sample-igg-W-54::3684,sample-igg-W-54,3684,2,True,lt_min_leaves,topological,1,0,1,2,after_topology_validation
sample-igg-W-54::5399,sample-igg-W-54,5399,1,True,lt_min_leaves,topological,1,0,1,2,after_topology_validation
sample-igg-W-54::3969,sample-igg-W-54,3969,1,True,lt_min_leaves,topological,1,0,1,2,after_topology_validation
sample-igg-W-54::88,sample-igg-W-54,88,2,True,lt_min_leaves,topological,1,0,1,2,after_topology_validation
sample-igg-W-54::5244,sample-igg-W-54,5244,2,True,lt_min_leaves,topological,1,0,1,2,after_topology_validation
sample-igg-W-54::5189,sample-igg-W-54,5189,4,True,lt_min_leaves,topological,1,0,3,3,after_topology_validation
sample-igg-W-54::1832,sample-igg-W-54,1832,2,True,lt_min_leaves,topological,1,0,1,2,after_topology_validation
sample-igg-W-54::341,sample-igg-W-54,341,4,True,lt_min_leaves,topological,1,0,2,3,after_topology_validation
sample-igg-W-54::3778,sample-igg-W-54,3778,2,True,lt_min_leaves,topological,1,0,2,2,after_topology_validation
sample-igg-W-54::940,sample-igg-W-54,940,2,True,lt_min_leaves,topological,1,0,1,2,after_topology_validation
sample-igg-W-54::1535,sample-igg-W-54,1535,2,True,lt_min_leaves,topological,1,0,1,2,after_topology_validation
sample-igg-W-54::3676,sample-igg-W-54,3676,2,True,lt_min_leaves,topological,1,0,0,2,after_topology_validation
sample-igg-W-54::2326,sample-igg-W-54,2326,4,True,lt_min_leaves,topological,1,0,2,3,after_topology_validation
sample-igg-W-54::3027,sample-igg-W-54,3027,1,True,lt_min_leaves,topological,1,0,1,2,after_topology_validation
sample-igg-W-54::59,sample-igg-W-54,59,1,True,lt_min_leaves,topological,1,0,0,2,after_topology_validation
sample-igg-W-54::1841,sample-igg-W-54,1841,2,True,lt_min_leaves,topological,1,0,2,2,after_topology_validation
sample-igg-W-54::1758,sample-igg-W-54,1758,1,True,lt_min_leaves,topological,1,0,0,2,after_topology_validation
sample-igg-W-54::4428,sample-igg-W-54,4428,1,True,lt_min_leaves,topological,1,0,1,2,after_topology_validation
sample-igg-W-54::5057,sample-igg-W-54,5057,2,True,lt_min_leaves,topological,1,0,2,2,after_topology_validation
sample-igg-W-54::4354,sample-igg-W-54,4354,2,True,lt_min_leaves,topological,1,0,1,2,after_topology_validation
sample-igg-W-54::1858,sample-igg-W-54,1858,1,True,lt_min_leaves,topological,1,0,1,2,after_topology_validation
sample-igg-W-54::3352,sample-igg-W-54,3352,2,True,lt_min_leaves,topological,1,0,2,2,after_topology_validation
sample-igg-W-54::340,sample-igg-W-54,340,2,True,lt_min_leaves,topological,1,0,2,2,after_topology_validation
sample-igg-W-54::2325,sample-igg-W-54,2325,2,True,lt_min_leaves,topological,1,0,1,2,after_topology_validation
sample-igg-W-54::3413,sample-igg-W-54,3413,2,True,lt_min_leaves,topological,1,0,1,2,after_topology_validation
sample-igg-W-54::4522,sample-igg-W-54,4522,2,True,lt_min_leaves,topological,1,0,1,2,after_topology_validation
sample-igg-W-54::3801,sample-igg-W-54,3801,1,True,lt_min_leaves,topological,1,0,1,2,after_topology_validation
sample-igg-W-54::3919,sample-igg-W-54,3919,2,True,lt_min_leaves,topological,1,0,1,2,after_topology_validation
sample-igg-W-54::3002,sample-igg-W-54,3002,1,True,lt_min_leaves,topological,1,0,1,2,after_topology_validation
sample-igg-W-54::2447,sample-igg-W-54,2447,1,True,lt_min_leaves,topological,1,0,1,2,after_topology_validation
sample-igg-W-54::357,sample-igg-W-54,357,2,True,lt_min_leaves,topological,1,0,1,2,after_topology_validation
sample-igg-W-54::849,sample-igg-W-54,849,2,True,lt_min_leaves,topological,1,0,2,2,after_topology_validation
sample-igg-W-54::3065,sample-igg-W-54,3065,2,True,lt_min_leaves,topological,1,0,1,2,after_topology_validation
sample-igg-W-54::2607,sample-igg-W-54,2607,2,True,lt_min_leaves,topological,1,0,1,2,after_topology_validation
sample-igg-W-54::644,sample-igg-W-54,644,1,True,lt_min_leaves,topological,1,0,1,2,after_topology_validation
sample-igg-W-54::5105,sample-igg-W-54,5105,3,True,lt_min_leaves,topological,1,0,2,3,after_topology_validation
sample-igg-W-54::3173,sample-igg-W-54,3173,3,True,lt_min_leaves,topological,1,0,1,3,after_topology_validation
sample-igg-W-54::3343,sample-igg-W-54,3343,3,True,lt_min_leaves,topological,1,0,1,3,after_topology_validation
sample-igg-W-54::4028,sample-igg-W-54,4028,2,True,lt_min_leaves,topological,1,0,1,2,after_topology_validation
sample-igg-W-54::1060,sample-igg-W-54,1060,1,True,lt_min_leaves,topological,1,0,1,2,after_topology_validation
sample-igg-W-54::3242,sample-igg-W-54,3242,2,True,lt_min_leaves,topological,1,0,1,2,after_topology_validation
sample-igg-W-54::169,sample-igg-W-54,169,2,True,lt_min_leaves,topological,1,0,2,2,after_topology_validation
sample-igg-W-54::3707,sample-igg-W-54,3707,2,True,lt_min_leaves,topological,1,0,1,2,after_topology_validation
sample-igg-W-54::3562,sample-igg-W-54,3562,2,True,lt_min_leaves,topological,1,0,0,2,after_topology_validation
sample-igg-W-54::3053,sample-igg-W-54,3053,2,True,lt_min_leaves,topological,1,0,2,2,after_topology_validation
sample-igg-W-54::4067,sample-igg-W-54,4067,3,True,lt_min_leaves,topological,1,0,1,3,after_topology_validation
sample-igg-W-54::4148,sample-igg-W-54,4148,2,True,lt_min_leaves,topological,1,0,1,2,after_topology_validation
sample-igg-W-54::2110,sample-igg-W-54,2110,3,True,lt_min_leaves,topological,1,0,2,3,after_topology_validation
sample-igg-W-54::4527,sample-igg-W-54,4527,2,True,lt_min_leaves,topological,1,0,0,2,after_topology_validation
sample-igg-W-54::4260,sample-igg-W-54,4260,2,True,lt_min_leaves,topological,1,0,1,2,after_topology_validation
sample-igg-W-54::5169,sample-igg-W-54,5169,1,True,lt_min_leaves,topological,1,0,0,2,after_topology_validation
sample-igg-W-54::3389,sample-igg-W-54,3389,2,True,lt_min_leaves,topological,1,0,2,2,after_topology_validation
sample-igg-W-54::3515,sample-igg-W-54,3515,1,True,lt_min_leaves,topological,1,0,1,2,after_topology_validation
sample-igg-W-54::2343,sample-igg-W-54,2343,2,True,lt_min_leaves,topological,1,0,1,2,after_topology_validation
sample-igg-W-54::4307,sample-igg-W-54,4307,1,True,lt_min_leaves,topological,1,0,0,2,after_topology_validation
sample-igg-W-54::385,sample-igg-W-54,385,2,True,lt_min_leaves,topological,1,0,1,2,after_topology_validation
sample-igg-W-54::4070,sample-igg-W-54,4070,2,True,lt_min_leaves,topological,1,0,0,2,after_topology_validation
sample-igg-W-54::1682,sample-igg-W-54,1682,6,True,lt_min_leaves,topological,1,0,3,4,after_topology_validation
sample-igg-W-54::3176,sample-igg-W-54,3176,2,True,lt_min_leaves,topological,1,0,0,2,after_topology_validation
sample-igg-W-54::4172,sample-igg-W-54,4172,2,True,lt_min_leaves,topological,1,0,1,2,after_topology_validation
sample-igg-W-54::434,sample-igg-W-54,434,1,True,lt_min_leaves,topological,1,0,1,2,after_topology_validation
sample-igg-W-54::3525,sample-igg-W-54,3525,2,True,lt_min_leaves,topological,1,0,0,2,after_topology_validation
sample-igg-W-54::3075,sample-igg-W-54,3075,2,True,lt_min_leaves,topological,1,0,1,2,after_topology_validation
sample-igg-W-54::2658,sample-igg-W-54,2658,2,True,lt_min_leaves,topological,1,0,0,2,after_topology_validation
sample-igg-W-54::5239,sample-igg-W-54,5239,1,True,lt_min_leaves,topological,1,0,0,2,after_topology_validation
sample-igg-W-54::5223,sample-igg-W-54,5223,1,True,lt_min_leaves,topological,1,0,1,2,after_topology_validation
sample-igg-W-54::3701,sample-igg-W-54,3701,2,True,lt_min_leaves,topological,1,0,1,2,after_topology_validation
sample-igg-W-54::4783,sample-igg-W-54,4783,2,True,lt_min_leaves,topological,1,0,0,2,after_topology_validation
sample-igg-W-54::550,sample-igg-W-54,550,4,True,lt_min_leaves,topological,1,0,2,3,after_topology_validation
sample-igg-W-54::2534,sample-igg-W-54,2534,2,True,lt_min_leaves,topological,1,0,2,2,after_topology_validation
sample-igg-W-54::2200,sample-igg-W-54,2200,2,True,lt_min_leaves,topological,1,0,1,2,after_topology_validation
sample-igg-W-54::570,sample-igg-W-54,570,2,True,lt_min_leaves,topological,1,0,1,2,after_topology_validation
sample-igg-W-54::4653,sample-igg-W-54,4653,1,True,lt_min_leaves,topological,1,0,0,2,after_topology_validation
sample-igg-W-54::2588,sample-igg-W-54,2588,4,True,lt_min_leaves,topological,1,0,2,3,after_topology_validation
sample-igg-W-54::4356,sample-igg-W-54,4356,2,True,lt_min_leaves,topological,1,0,1,2,after_topology_validation
sample-igg-W-54::762,sample-igg-W-54,762,2,True,lt_min_leaves,topological,1,0,1,2,after_topology_validation
sample-igg-W-54::3188,sample-igg-W-54,3188,2,True,lt_min_leaves,topological,1,0,0,2,after_topology_validation
sample-igg-W-54::5319,sample-igg-W-54,5319,2,True,lt_min_leaves,topological,1,0,1,2,after_topology_validation
sample-igg-W-54::3013,sample-igg-W-54,3013,2,True,lt_min_leaves,topological,1,0,2,2,after_topology_validation
sample-igg-W-54::4469,sample-igg-W-54,4469,2,True,lt_min_leaves,topological,1,0,2,2,after_topology_validation
sample-igg-W-54::326,sample-igg-W-54,326,2,True,lt_min_leaves,topological,1,0,0,2,after_topology_validation
sample-igg-W-54::467,sample-igg-W-54,467,1,True,lt_min_leaves,topological,1,0,1,2,after_topology_validation
sample-igg-W-54::1400,sample-igg-W-54,1400,2,True,lt_min_leaves,topological,1,0,2,2,after_topology_validation
sample-igg-W-54::3613,sample-igg-W-54,3613,1,True,lt_min_leaves,topological,1,0,1,2,after_topology_validation
sample-igg-W-54::4124,sample-igg-W-54,4124,2,True,lt_min_leaves,topological,1,0,1,2,after_topology_validation
sample-igg-W-54::3696,sample-igg-W-54,3696,2,True,lt_min_leaves,topological,1,0,1,2,after_topology_validation
sample-igg-W-54::547,sample-igg-W-54,547,1,True,lt_min_leaves,topological,1,0,1,2,after_topology_validation
sample-igg-W-54::4460,sample-igg-W-54,4460,2,True,lt_min_leaves,topological,1,0,0,2,after_topology_validation
sample-igg-W-54::2163,sample-igg-W-54,2163,2,True,lt_min_leaves,topological,1,0,1,2,after_topology_validation
sample-igg-W-54::871,sample-igg-W-54,871,2,True,lt_min_leaves,topological,1,0,1,2,after_topology_validation
sample-igg-W-54::2298,sample-igg-W-54,2298,2,True,lt_min_leaves,topological,1,0,1,2,after_topology_validation
sample-igg-W-54::3644,sample-igg-W-54,3644,2,True,lt_min_leaves,topological,1,0,1,2,after_topology_validation
sample-igg-W-54::2113,sample-igg-W-54,2113,1,True,lt_min_leaves,topological,1,0,1,2,after_topology_validation
sample-igg-W-54::4875,sample-igg-W-54,4875,2,True,lt_min_leaves,topological,1,0,0,2,after_topology_validation
sample-igg-W-54::1059,sample-igg-W-54,1059,1,True,lt_min_leaves,topological,1,0,0,2,after_topology_validation
sample-igg-W-54::294,sample-igg-W-54,294,4,True,lt_min_leaves,topological,1,0,2,3,after_topology_validation
sample-igg-W-54::4486,sample-igg-W-54,4486,1,True,lt_min_leaves,topological,1,0,0,2,after_topology_validation
sample-igg-W-54::419,sample-igg-W-54,419,2,True,lt_min_leaves,topological,1,0,2,2,after_topology_validation
sample-igg-W-54::5362,sample-igg-W-54,5362,1,True,lt_min_leaves,topological,1,0,1,2,after_topology_validation
sample-igg-W-54::3639,sample-igg-W-54,3639,2,True,lt_min_leaves,topological,1,0,1,2,after_topology_validation
sample-igg-W-54::4497,sample-igg-W-54,4497,2,True,lt_min_leaves,topological,1,0,2,2,after_topology_validation
sample-igg-W-54::2442,sample-igg-W-54,2442,1,True,lt_min_leaves,topological,1,0,0,2,after_topology_validation
sample-igg-W-54::3695,sample-igg-W-54,3695,1,True,lt_min_leaves,topological,1,0,1,2,after_topology_validation
sample-igg-W-54::396,sample-igg-W-54,396,1,True,lt_min_leaves,topological,1,0,0,2,after_topology_validation
sample-igg-W-54::2695,sample-igg-W-54,2695,2,True,lt_min_leaves,topological,1,0,1,2,after_topology_validation
sample-igg-W-54::2582,sample-igg-W-54,2582,2,True,lt_min_leaves,topological,1,0,1,2,after_topology_validation
sample-igg-W-54::337,sample-igg-W-54,337,2,True,lt_min_leaves,topological,1,0,1,3,after_topology_validation
sample-igg-W-54::584,sample-igg-W-54,584,1,True,lt_min_leaves,topological,1,0,1,2,after_topology_validation
sample-igg-W-54::883,sample-igg-W-54,883,4,True,lt_min_leaves,topological,1,0,3,3,after_topology_validation
sample-igg-W-54::1022,sample-igg-W-54,1022,2,True,lt_min_leaves,topological,1,0,1,2,after_topology_validation
sample-igg-W-54::5070,sample-igg-W-54,5070,2,True,lt_min_leaves,topological,1,0,1,2,after_topology_validation
sample-igg-W-54::5284,sample-igg-W-54,5284,3,True,lt_min_leaves,topological,1,0,1,3,after_topology_validation
sample-igg-W-54::5228,sample-igg-W-54,5228,2,True,lt_min_leaves,topological,1,0,1,2,after_topology_validation
sample-igg-W-54::4119,sample-igg-W-54,4119,2,True,lt_min_leaves,topological,1,0,2,2,after_topology_validation
sample-igg-W-54::2985,sample-igg-W-54,2985,2,True,lt_min_leaves,topological,1,0,1,2,after_topology_validation
sample-igg-W-54::2637,sample-igg-W-54,2637,2,True,lt_min_leaves,topological,1,0,1,2,after_topology_validation
sample-igg-W-54::5056,sample-igg-W-54,5056,1,True,lt_min_leaves,topological,1,0,0,2,after_topology_validation
sample-igg-W-54::1201,sample-igg-W-54,1201,2,True,lt_min_leaves,topological,1,0,1,2,after_topology_validation
sample-igg-W-54::5304,sample-igg-W-54,5304,2,True,lt_min_leaves,topological,1,0,1,2,after_topology_validation
sample-igg-W-54::4405,sample-igg-W-54,4405,1,True,lt_min_leaves,topological,1,0,1,2,after_topology_validation
sample-igg-W-54::1395,sample-igg-W-54,1395,2,True,lt_min_leaves,topological,1,0,1,2,after_topology_validation
sample-igg-W-54::4836,sample-igg-W-54,4836,2,True,lt_min_leaves,topological,1,0,1,2,after_topology_validation
sample-igg-W-54::3155,sample-igg-W-54,3155,2,True,lt_min_leaves,topological,1,0,2,2,after_topology_validation
sample-igg-W-54::1241,sample-igg-W-54,1241,2,True,lt_min_leaves,topological,1,0,1,2,after_topology_validation
sample-igg-W-54::1333,sample-igg-W-54,1333,2,True,lt_min_leaves,topological,1,0,1,2,after_topology_validation
sample-igg-W-54::5353,sample-igg-W-54,5353,1,True,lt_min_leaves,topological,1,0,1,2,after_topology_validation
sample-igg-W-54::1442,sample-igg-W-54,1442,2,True,lt_min_leaves,topological,1,0,2,2,after_topology_validation
sample-igg-W-54::335,sample-igg-W-54,335,2,True,lt_min_leaves,topological,1,0,1,2,after_topology_validation
sample-igg-W-54::1001,sample-igg-W-54,1001,3,True,lt_min_leaves,topological,1,0,2,3,after_topology_validation
sample-igg-W-54::3747,sample-igg-W-54,3747,2,True,lt_min_leaves,topological,1,0,1,2,after_topology_validation
sample-igg-W-54::1854,sample-igg-W-54,1854,2,True,lt_min_leaves,topological,1,0,1,2,after_topology_validation
sample-igg-W-54::4506,sample-igg-W-54,4506,1,True,lt_min_leaves,topological,1,0,1,2,after_topology_validation
sample-igg-W-54::3107,sample-igg-W-54,3107,2,True,lt_min_leaves,topological,1,0,1,2,after_topology_validation
sample-igg-W-54::3659,sample-igg-W-54,3659,2,True,lt_min_leaves,topological,1,0,1,2,after_topology_validation
sample-igg-W-54::2509,sample-igg-W-54,2509,2,True,lt_min_leaves,topological,1,0,2,2,after_topology_validation
sample-igg-W-54::4510,sample-igg-W-54,4510,2,True,lt_min_leaves,topological,1,0,2,2,after_topology_validation
sample-igg-W-54::1358,sample-igg-W-54,1358,2,True,lt_min_leaves,topological,1,0,1,2,after_topology_validation
sample-igg-W-54::1425,sample-igg-W-54,1425,2,True,lt_min_leaves,topological,1,0,2,2,after_topology_validation
sample-igg-W-54::1903,sample-igg-W-54,1903,2,True,lt_min_leaves,topological,1,0,0,2,after_topology_validation
sample-igg-W-54::5515,sample-igg-W-54,5515,1,True,lt_min_leaves,topological,1,0,1,2,after_topology_validation
sample-igg-W-54::3006,sample-igg-W-54,3006,2,True,lt_min_leaves,topological,1,0,2,2,after_topology_validation
sample-igg-W-54::5338,sample-igg-W-54,5338,1,True,lt_min_leaves,topological,1,0,1,2,after_topology_validation
sample-igg-W-54::3423,sample-igg-W-54,3423,2,True,lt_min_leaves,topological,1,0,0,2,after_topology_validation
sample-igg-W-54::4182,sample-igg-W-54,4182,2,True,lt_min_leaves,topological,1,0,1,2,after_topology_validation
sample-igg-W-54::565,sample-igg-W-54,565,2,True,lt_min_leaves,topological,1,0,0,2,after_topology_validation
sample-igg-W-54::2046,sample-igg-W-54,2046,1,True,lt_min_leaves,topological,1,0,1,2,after_topology_validation
sample-igg-W-54::2305,sample-igg-W-54,2305,7,False,,topological,1,0,4,5,final_eligible
sample-igg-W-54::831,sample-igg-W-54,831,2,True,lt_min_leaves,topological,1,0,1,2,after_topology_validation
sample-igg-W-54::136,sample-igg-W-54,136,2,True,lt_min_leaves,topological,1,0,1,2,after_topology_validation
sample-igg-W-54::2788,sample-igg-W-54,2788,1,True,lt_min_leaves,topological,1,0,1,2,after_topology_validation
sample-igg-W-54::373,sample-igg-W-54,373,2,True,lt_min_leaves,topological,1,0,1,2,after_topology_validation
sample-igg-W-54::3578,sample-igg-W-54,3578,1,True,lt_min_leaves,topological,1,0,0,2,after_topology_validation
sample-igg-W-54::854,sample-igg-W-54,854,1,True,lt_min_leaves,topological,1,0,1,2,after_topology_validation
sample-igg-W-54::2345,sample-igg-W-54,2345,2,True,lt_min_leaves,topological,1,0,0,2,after_topology_validation
sample-igg-W-54::5360,sample-igg-W-54,5360,2,True,lt_min_leaves,topological,1,0,1,2,after_topology_validation
sample-igg-W-54::4840,sample-igg-W-54,4840,1,True,lt_min_leaves,topological,1,0,0,2,after_topology_validation
sample-igg-W-54::1933,sample-igg-W-54,1933,2,True,lt_min_leaves,topological,1,0,2,2,after_topology_validation
sample-igg-W-54::2860,sample-igg-W-54,2860,2,True,lt_min_leaves,topological,1,0,1,3,after_topology_validation
sample-igg-W-54::1484,sample-igg-W-54,1484,2,True,lt_min_leaves,topological,1,0,1,2,after_topology_validation
sample-igg-W-54::4864,sample-igg-W-54,4864,2,True,lt_min_leaves,topological,1,0,1,2,after_topology_validation
sample-igg-W-54::2794,sample-igg-W-54,2794,2,True,multi_root_no_usable_naive,,2,0,0,3,raw_families
sample-igg-W-54::2232,sample-igg-W-54,2232,2,True,lt_min_leaves,topological,1,0,1,2,after_topology_validation
sample-igg-W-54::5365,sample-igg-W-54,5365,1,True,lt_min_leaves,topological,1,0,1,2,after_topology_validation
sample-igg-W-54::4766,sample-igg-W-54,4766,1,True,lt_min_leaves,topological,1,0,1,2,after_topology_validation
sample-igg-W-54::866,sample-igg-W-54,866,2,True,lt_min_leaves,topological,1,0,1,2,after_topology_validation
sample-igg-W-54::3210,sample-igg-W-54,3210,2,True,lt_min_leaves,topological,1,0,1,2,after_topology_validation
sample-igg-W-54::2786,sample-igg-W-54,2786,2,True,lt_min_leaves,topological,1,0,1,2,after_topology_validation
sample-igg-W-54::5058,sample-igg-W-54,5058,2,True,lt_min_leaves,topological,1,0,1,2,after_topology_validation
sample-igg-W-54::1665,sample-igg-W-54,1665,1,True,lt_min_leaves,topological,1,0,1,2,after_topology_validation
sample-igg-W-54::3174,sample-igg-W-54,3174,3,True,lt_min_leaves,topological,1,0,2,3,after_topology_validation
sample-igg-W-54::2422,sample-igg-W-54,2422,2,True,lt_min_leaves,topological,1,0,1,2,after_topology_validation
sample-igg-W-54::5257,sample-igg-W-54,5257,2,True,lt_min_leaves,topological,1,0,2,2,after_topology_validation
sample-igg-W-54::2619,sample-igg-W-54,2619,2,True,lt_min_leaves,topological,1,0,0,2,after_topology_validation
sample-igg-W-54::4127,sample-igg-W-54,4127,3,True,lt_min_leaves,topological,1,0,1,3,after_topology_validation
sample-igg-W-54::2068,sample-igg-W-54,2068,2,True,lt_min_leaves,topological,1,0,1,2,after_topology_validation
sample-igg-W-54::4284,sample-igg-W-54,4284,2,True,lt_min_leaves,topological,1,0,1,2,after_topology_validation
sample-igg-W-54::1216,sample-igg-W-54,1216,2,True,lt_min_leaves,topological,1,0,1,2,after_topology_validation
sample-igg-W-54::1248,sample-igg-W-54,1248,1,True,lt_min_leaves,topological,1,0,1,2,after_topology_validation
sample-igg-W-54::593,sample-igg-W-54,593,3,True,lt_min_leaves,topological,1,0,1,3,after_topology_validation
sample-igg-W-54::2477,sample-igg-W-54,2477,6,True,lt_min_leaves,topological,1,0,3,4,after_topology_validation
sample-igg-W-54::4874,sample-igg-W-54,4874,4,True,lt_min_leaves,topological,1,0,2,3,after_topology_validation
sample-igg-W-54::4520,sample-igg-W-54,4520,4,True,lt_min_leaves,topological,1,0,3,3,after_topology_validation
sample-igg-W-54::4193,sample-igg-W-54,4193,3,True,lt_min_leaves,topological,1,0,2,3,after_topology_validation
sample-igg-W-54::3024,sample-igg-W-54,3024,1,True,lt_min_leaves,topological,1,0,1,2,after_topology_validation
sample-igg-W-54::1373,sample-igg-W-54,1373,2,True,lt_min_leaves,topological,1,0,0,2,after_topology_validation
sample-igg-W-54::3086,sample-igg-W-54,3086,1,True,lt_min_leaves,topological,1,0,1,2,after_topology_validation
sample-igg-W-54::4646,sample-igg-W-54,4646,2,True,lt_min_leaves,topological,1,0,2,2,after_topology_validation
sample-igg-W-54::4483,sample-igg-W-54,4483,1,True,lt_min_leaves,topological,1,0,1,2,after_topology_validation
sample-igg-W-54::5115,sample-igg-W-54,5115,1,True,lt_min_leaves,topological,1,0,1,2,after_topology_validation
sample-igg-W-54::3378,sample-igg-W-54,3378,2,True,lt_min_leaves,topological,1,0,1,2,after_topology_validation
sample-igg-W-54::1509,sample-igg-W-54,1509,1,True,lt_min_leaves,topological,1,0,1,2,after_topology_validation
sample-igg-W-54::515,sample-igg-W-54,515,2,True,lt_min_leaves,topological,1,0,0,2,after_topology_validation
sample-igg-W-54::1096,sample-igg-W-54,1096,1,True,lt_min_leaves,topological,1,0,1,2,after_topology_validation
sample-igg-W-54::2042,sample-igg-W-54,2042,2,True,lt_min_leaves,topological,1,0,0,2,after_topology_validation
sample-igg-W-54::1264,sample-igg-W-54,1264,4,True,lt_min_leaves,topological,1,0,2,3,after_topology_validation
sample-igg-W-54::3130,sample-igg-W-54,3130,2,True,lt_min_leaves,topological,1,0,1,2,after_topology_validation
sample-igg-W-54::5363,sample-igg-W-54,5363,2,True,lt_min_leaves,topological,1,0,1,2,after_topology_validation
sample-igg-W-54::1540,sample-igg-W-54,1540,2,True,lt_min_leaves,topological,1,0,1,2,after_topology_validation
sample-igg-W-54::307,sample-igg-W-54,307,2,True,lt_min_leaves,topological,1,0,0,2,after_topology_validation
sample-igg-W-54::173,sample-igg-W-54,173,2,True,lt_min_leaves,topological,1,0,1,2,after_topology_validation
sample-igg-W-54::4426,sample-igg-W-54,4426,1,True,lt_min_leaves,topological,1,0,1,2,after_topology_validation
sample-igg-W-54::2570,sample-igg-W-54,2570,2,True,lt_min_leaves,topological,1,0,2,2,after_topology_validation
sample-igg-W-54::1886,sample-igg-W-54,1886,4,True,lt_min_leaves,topological,1,0,2,3,after_topology_validation
sample-igg-W-54::4629,sample-igg-W-54,4629,2,True,lt_min_leaves,topological,1,0,1,2,after_topology_validation
sample-igg-W-54::2300,sample-igg-W-54,2300,1,True,lt_min_leaves,topological,1,0,1,2,after_topology_validation
sample-igg-W-54::334,sample-igg-W-54,334,2,True,lt_min_leaves,topological,1,0,1,2,after_topology_validation
sample-igg-W-54::1914,sample-igg-W-54,1914,1,True,lt_min_leaves,topological,1,0,0,2,after_topology_validation
sample-igg-W-54::1346,sample-igg-W-54,1346,1,True,lt_min_leaves,topological,1,0,1,2,after_topology_validation
sample-igg-W-54::4171,sample-igg-W-54,4171,2,True,lt_min_leaves,topological,1,0,1,2,after_topology_validation
sample-igg-W-54::4136,sample-igg-W-54,4136,3,True,lt_min_leaves,topological,1,0,2,3,after_topology_validation
sample-igg-W-54::4255,sample-igg-W-54,4255,3,True,lt_min_leaves,topological,1,0,0,3,after_topology_validation
sample-igg-W-54::114,sample-igg-W-54,114,2,True,lt_min_leaves,topological,1,0,0,2,after_topology_validation
sample-igg-W-54::4889,sample-igg-W-54,4889,2,True,lt_min_leaves,topological,1,0,1,2,after_topology_validation
sample-igg-W-54::2528,sample-igg-W-54,2528,1,True,lt_min_leaves,topological,1,0,1,2,after_topology_validation
sample-igg-W-54::1913,sample-igg-W-54,1913,2,True,lt_min_leaves,topological,1,0,1,2,after_topology_validation
sample-igg-W-54::1056,sample-igg-W-54,1056,1,True,lt_min_leaves,topological,1,0,1,2,after_topology_validation
sample-igg-W-54::1909,sample-igg-W-54,1909,2,True,lt_min_leaves,topological,1,0,0,2,after_topology_validation
sample-igg-W-54::3417,sample-igg-W-54,3417,3,True,lt_min_leaves,topological,1,0,0,3,after_topology_validation
sample-igg-W-54::1193,sample-igg-W-54,1193,4,True,lt_min_leaves,topological,1,0,2,3,after_topology_validation
sample-igg-W-54::5372,sample-igg-W-54,5372,3,True,lt_min_leaves,topological,1,0,1,3,after_topology_validation
sample-igg-W-54::2426,sample-igg-W-54,2426,2,True,lt_min_leaves,topological,1,0,1,2,after_topology_validation
sample-igg-W-54::5211,sample-igg-W-54,5211,1,True,lt_min_leaves,topological,1,0,0,2,after_topology_validation
sample-igg-W-54::1820,sample-igg-W-54,1820,1,True,lt_min_leaves,topological,1,0,1,2,after_topology_validation
sample-igg-W-54::2889,sample-igg-W-54,2889,1,True,lt_min_leaves,topological,1,0,1,2,after_topology_validation
sample-igg-W-54::1774,sample-igg-W-54,1774,2,True,lt_min_leaves,topological,1,0,1,3,after_topology_validation
sample-igg-W-54::3565,sample-igg-W-54,3565,3,True,lt_min_leaves,topological,1,0,1,3,after_topology_validation
sample-igg-W-54::5136,sample-igg-W-54,5136,1,True,lt_min_leaves,topological,1,0,1,2,after_topology_validation
sample-igg-W-54::2868,sample-igg-W-54,2868,1,True,lt_min_leaves,topological,1,0,0,2,after_topology_validation
sample-igg-W-54::364,sample-igg-W-54,364,3,True,lt_min_leaves,topological,1,0,1,3,after_topology_validation
sample-igg-W-54::179,sample-igg-W-54,179,2,True,lt_min_leaves,topological,1,0,1,2,after_topology_validation
sample-igg-W-54::4897,sample-igg-W-54,4897,2,True,lt_min_leaves,topological,1,0,1,2,after_topology_validation
sample-igg-W-54::982,sample-igg-W-54,982,2,True,lt_min_leaves,topological,1,0,1,2,after_topology_validation
sample-igg-W-54::3193,sample-igg-W-54,3193,2,True,lt_min_leaves,topological,1,0,1,2,after_topology_validation
sample-igg-W-54::3269,sample-igg-W-54,3269,2,True,lt_min_leaves,topological,1,0,2,2,after_topology_validation
sample-igg-W-54::1359,sample-igg-W-54,1359,2,True,lt_min_leaves,topological,1,0,1,2,after_topology_validation
sample-igg-W-54::2309,sample-igg-W-54,2309,2,True,lt_min_leaves,topological,1,0,0,2,after_topology_validation
sample-igg-W-54::2488,sample-igg-W-54,2488,2,True,lt_min_leaves,topological,1,0,1,2,after_topology_validation
sample-igg-W-54::916,sample-igg-W-54,916,1,True,lt_min_leaves,topological,1,0,1,2,after_topology_validation
sample-igg-W-54::1536,sample-igg-W-54,1536,2,True,lt_min_leaves,topological,1,0,1,2,after_topology_validation
sample-igg-W-54::3038,sample-igg-W-54,3038,1,True,lt_min_leaves,topological,1,0,0,2,after_topology_validation
sample-igg-W-54::653,sample-igg-W-54,653,2,True,multi_root_no_usable_naive,,2,0,0,3,raw_families
sample-igg-W-54::480,sample-igg-W-54,480,2,True,lt_min_leaves,topological,1,0,2,2,after_topology_validation
sample-igg-W-54::2930,sample-igg-W-54,2930,2,True,lt_min_leaves,topological,1,0,2,2,after_topology_validation
sample-igg-W-54::3064,sample-igg-W-54,3064,2,True,lt_min_leaves,topological,1,0,1,3,after_topology_validation
sample-igg-W-54::5298,sample-igg-W-54,5298,1,True,lt_min_leaves,topological,1,0,1,2,after_topology_validation
sample-igg-W-54::943,sample-igg-W-54,943,2,True,lt_min_leaves,topological,1,0,0,2,after_topology_validation
sample-igg-W-54::3283,sample-igg-W-54,3283,2,True,lt_min_leaves,topological,1,0,0,2,after_topology_validation
sample-igg-W-54::2418,sample-igg-W-54,2418,4,True,lt_min_leaves,topological,1,0,1,3,after_topology_validation
sample-igg-W-54::719,sample-igg-W-54,719,2,True,lt_min_leaves,topological,1,0,0,2,after_topology_validation
sample-igg-W-54::65,sample-igg-W-54,65,6,True,multi_root_no_usable_naive,,2,0,0,5,raw_families
sample-igg-W-54::5104,sample-igg-W-54,5104,4,True,lt_min_leaves,topological,1,0,1,3,after_topology_validation
sample-igg-W-54::3864,sample-igg-W-54,3864,4,True,lt_min_leaves,topological,1,0,1,3,after_topology_validation
sample-igg-W-54::4557,sample-igg-W-54,4557,1,True,lt_min_leaves,topological,1,0,0,2,after_topology_validation
sample-igg-W-54::3156,sample-igg-W-54,3156,7,True,lt_min_leaves,topological,1,0,1,4,after_topology_validation
sample-igg-W-54::3637,sample-igg-W-54,3637,2,True,lt_min_leaves,topological,1,0,0,2,after_topology_validation
sample-igg-W-54::3023,sample-igg-W-54,3023,2,True,lt_min_leaves,topological,1,0,0,2,after_topology_validation
sample-igg-W-54::2104,sample-igg-W-54,2104,2,True,lt_min_leaves,topological,1,0,0,2,after_topology_validation
sample-igg-W-54::1787,sample-igg-W-54,1787,6,True,multi_root_no_usable_naive,,2,0,0,5,raw_families
sample-igg-W-54::649,sample-igg-W-54,649,2,True,lt_min_leaves,topological,1,0,0,2,after_topology_validation
sample-igg-W-54::512,sample-igg-W-54,512,2,True,lt_min_leaves,topological,1,0,0,2,after_topology_validation
sample-igg-W-54::859,sample-igg-W-54,859,2,True,lt_min_leaves,topological,1,0,0,2,after_topology_validation
sample-igg-W-54::1016,sample-igg-W-54,1016,5,True,lt_min_leaves,topological,1,0,3,4,after_topology_validation
sample-igg-W-54::3558,sample-igg-W-54,3558,9,True,lt_min_leaves,topological,1,0,3,5,after_topology_validation
sample-igg-W-54::3153,sample-igg-W-54,3153,6,True,lt_min_leaves,topological,1,0,1,4,after_topology_validation
sample-igg-W-54::2033,sample-igg-W-54,2033,1,True,lt_min_leaves,topological,1,0,1,2,after_topology_validation
sample-igg-W-54::55,sample-igg-W-54,55,3,True,lt_min_leaves,topological,1,0,1,3,after_topology_validation
sample-igg-W-54::1568,sample-igg-W-54,1568,1,True,lt_min_leaves,topological,1,0,1,2,after_topology_validation
sample-igg-W-54::3670,sample-igg-W-54,3670,2,True,lt_min_leaves,topological,1,0,0,3,after_topology_validation
sample-igg-W-54::2238,sample-igg-W-54,2238,2,True,lt_min_leaves,topological,1,0,1,2,after_topology_validation
sample-igg-W-54::3581,sample-igg-W-54,3581,2,True,lt_min_leaves,topological,1,0,0,2,after_topology_validation
sample-igg-W-54::4649,sample-igg-W-54,4649,2,True,lt_min_leaves,topological,1,0,0,2,after_topology_validation
sample-igg-W-54::4624,sample-igg-W-54,4624,1,True,lt_min_leaves,topological,1,0,0,2,after_topology_validation
sample-igg-W-54::1294,sample-igg-W-54,1294,4,True,lt_min_leaves,topological,1,0,0,3,after_topology_validation
sample-igg-W-54::4086,sample-igg-W-54,4086,2,True,lt_min_leaves,topological,1,0,1,2,after_topology_validation
sample-igg-W-54::3601,sample-igg-W-54,3601,4,True,lt_min_leaves,topological,1,0,2,3,after_topology_validation
sample-igg-W-54::650,sample-igg-W-54,650,4,True,lt_min_leaves,topological,1,0,0,3,after_topology_validation
sample-igg-W-54::1672,sample-igg-W-54,1672,1,True,lt_min_leaves,topological,1,0,0,2,after_topology_validation
sample-igg-W-54::428,sample-igg-W-54,428,2,True,lt_min_leaves,topological,1,0,0,2,after_topology_validation
sample-igg-W-54::4513,sample-igg-W-54,4513,1,True,lt_min_leaves,topological,1,0,0,2,after_topology_validation
sample-igg-W-54::3680,sample-igg-W-54,3680,7,True,multi_root_no_usable_naive,,2,0,0,5,raw_families
sample-igg-W-54::4058,sample-igg-W-54,4058,6,True,lt_min_leaves,topological,1,0,0,4,after_topology_validation
sample-igg-W-54::4276,sample-igg-W-54,4276,4,True,lt_min_leaves,topological,1,0,2,3,after_topology_validation
sample-igg-W-54::4800,sample-igg-W-54,4800,6,True,lt_min_leaves,topological,1,0,1,4,after_topology_validation
sample-igg-W-54::3124,sample-igg-W-54,3124,4,True,lt_min_leaves,topological,1,0,1,3,after_topology_validation
sample-igg-W-54::94,sample-igg-W-54,94,1,True,lt_min_leaves,topological,1,0,1,2,after_topology_validation
sample-igg-W-54::619,sample-igg-W-54,619,4,True,lt_min_leaves,topological,1,0,1,3,after_topology_validation
sample-igg-W-54::4531,sample-igg-W-54,4531,2,True,lt_min_leaves,topological,1,0,0,2,after_topology_validation
sample-igg-W-54::3324,sample-igg-W-54,3324,4,True,lt_min_leaves,topological,1,0,1,4,after_topology_validation
sample-igg-W-54::228,sample-igg-W-54,228,4,True,lt_min_leaves,topological,1,0,1,3,after_topology_validation
sample-igg-W-54::688,sample-igg-W-54,688,8,True,lt_min_leaves,topological,1,0,2,5,after_topology_validation
sample-igg-W-54::44,sample-igg-W-54,44,2,True,lt_min_leaves,topological,1,0,0,2,after_topology_validation
sample-igg-W-54::3949,sample-igg-W-54,3949,2,True,lt_min_leaves,topological,1,0,0,2,after_topology_validation
sample-igg-W-54::1199,sample-igg-W-54,1199,2,True,lt_min_leaves,topological,1,0,0,2,after_topology_validation
sample-igg-W-54::4537,sample-igg-W-54,4537,7,True,lt_min_leaves,topological,1,0,1,4,after_topology_validation
sample-igg-W-54::2461,sample-igg-W-54,2461,2,True,lt_min_leaves,topological,1,0,0,2,after_topology_validation
sample-igg-W-54::1303,sample-igg-W-54,1303,4,True,lt_min_leaves,topological,1,0,0,3,after_topology_validation
sample-igg-W-54::3642,sample-igg-W-54,3642,4,True,lt_min_leaves,topological,1,0,0,3,after_topology_validation
sample-igg-W-54::2010,sample-igg-W-54,2010,1,True,lt_min_leaves,topological,1,0,1,2,after_topology_validation
sample-igg-W-54::1409,sample-igg-W-54,1409,2,True,lt_min_leaves,topological,1,0,0,2,after_topology_validation
sample-igg-W-54::1136,sample-igg-W-54,1136,10,True,multi_root_no_usable_naive,,2,0,0,6,raw_families
sample-igg-W-54::505,sample-igg-W-54,505,2,True,lt_min_leaves,topological,1,0,0,2,after_topology_validation
sample-igg-W-54::3657,sample-igg-W-54,3657,9,True,lt_min_leaves,topological,1,0,0,5,after_topology_validation
sample-igg-W-54::2895,sample-igg-W-54,2895,3,True,lt_min_leaves,topological,1,0,1,3,after_topology_validation
sample-igg-W-54::2376,sample-igg-W-54,2376,13,True,multi_root_no_usable_naive,,5,0,0,9,raw_families
sample-igg-W-54::521,sample-igg-W-54,521,4,True,lt_min_leaves,topological,1,0,2,3,after_topology_validation
sample-igg-W-54::1911,sample-igg-W-54,1911,4,True,lt_min_leaves,topological,1,0,1,3,after_topology_validation
sample-igg-W-54::3834,sample-igg-W-54,3834,2,True,multi_root_no_usable_naive,,2,0,0,3,raw_families
sample-igg-W-54::1506,sample-igg-W-54,1506,1,True,lt_min_leaves,topological,1,0,0,2,after_topology_validation
sample-igg-W-54::4920,sample-igg-W-54,4920,4,True,lt_min_leaves,topological,1,0,1,3,after_topology_validation
sample-igg-W-54::2708,sample-igg-W-54,2708,2,True,lt_min_leaves,topological,1,0,0,2,after_topology_validation
sample-igg-W-54::3652,sample-igg-W-54,3652,13,True,lt_min_leaves,topological,1,0,2,6,after_topology_validation
sample-igg-W-54::1312,sample-igg-W-54,1312,2,True,lt_min_leaves,topological,1,0,0,2,after_topology_validation
sample-igg-W-54::2353,sample-igg-W-54,2353,4,True,lt_min_leaves,topological,1,0,0,3,after_topology_validation
sample-igg-W-54::2998,sample-igg-W-54,2998,12,True,lt_min_leaves,topological,1,0,2,5,after_topology_validation
sample-igg-W-54::209,sample-igg-W-54,209,4,True,lt_min_leaves,topological,1,0,1,3,after_topology_validation
sample-igg-W-54::1184,sample-igg-W-54,1184,2,True,lt_min_leaves,topological,1,0,0,2,after_topology_validation
sample-igg-W-54::706,sample-igg-W-54,706,4,True,lt_min_leaves,topological,1,0,1,3,after_topology_validation
sample-igg-W-54::1225,sample-igg-W-54,1225,5,True,lt_min_leaves,topological,1,0,1,4,after_topology_validation
sample-igg-W-54::2029,sample-igg-W-54,2029,2,True,multi_root_no_usable_naive,,2,0,0,3,raw_families
sample-igg-W-54::3630,sample-igg-W-54,3630,4,True,lt_min_leaves,topological,1,0,1,3,after_topology_validation
sample-igg-W-54::475,sample-igg-W-54,475,4,True,lt_min_leaves,topological,1,0,2,3,after_topology_validation
sample-igg-W-54::4369,sample-igg-W-54,4369,2,True,lt_min_leaves,topological,1,0,0,2,after_topology_validation
sample-igg-W-54::5483,sample-igg-W-54,5483,1,True,lt_min_leaves,topological,1,0,0,2,after_topology_validation
sample-igg-W-54::2332,sample-igg-W-54,2332,4,True,lt_min_leaves,topological,1,0,0,3,after_topology_validation
sample-igg-W-54::1543,sample-igg-W-54,1543,1,True,lt_min_leaves,topological,1,0,0,2,after_topology_validation
sample-igg-W-54::529,sample-igg-W-54,529,2,True,lt_min_leaves,topological,1,0,0,2,after_topology_validation
sample-igg-W-54::5202,sample-igg-W-54,5202,2,True,lt_min_leaves,topological,1,0,1,2,after_topology_validation
sample-igg-W-54::2121,sample-igg-W-54,2121,2,True,lt_min_leaves,topological,1,0,0,2,after_topology_validation
sample-igg-W-54::1844,sample-igg-W-54,1844,6,True,multi_root_no_usable_naive,,2,0,0,4,raw_families
sample-igg-W-54::5506,sample-igg-W-54,5506,2,True,lt_min_leaves,topological,1,0,0,2,after_topology_validation
sample-igg-W-54::616,sample-igg-W-54,616,4,True,multi_root_no_usable_naive,,2,0,0,4,raw_families
sample-igg-W-54::623,sample-igg-W-54,623,1,True,lt_min_leaves,topological,1,0,1,2,after_topology_validation
sample-igg-W-54::1712,sample-igg-W-54,1712,2,True,lt_min_leaves,topological,1,0,0,2,after_topology_validation
sample-igg-W-54::2463,sample-igg-W-54,2463,5,True,lt_min_leaves,topological,1,0,0,4,after_topology_validation
sample-igg-W-54::2938,sample-igg-W-54,2938,2,True,lt_min_leaves,topological,1,0,1,2,after_topology_validation
sample-igg-W-54::2551,sample-igg-W-54,2551,1,True,lt_min_leaves,topological,1,0,0,2,after_topology_validation
sample-igg-W-54::1088,sample-igg-W-54,1088,2,True,multi_root_no_usable_naive,,2,0,0,3,raw_families
sample-igg-W-54::1981,sample-igg-W-54,1981,4,True,lt_min_leaves,topological,1,0,0,3,after_topology_validation
sample-igg-W-54::594,sample-igg-W-54,594,6,True,lt_min_leaves,topological,1,0,0,4,after_topology_validation
sample-igg-W-54::4662,sample-igg-W-54,4662,4,True,lt_min_leaves,topological,1,0,1,3,after_topology_validation
sample-igg-W-54::1825,sample-igg-W-54,1825,2,True,lt_min_leaves,topological,1,0,1,2,after_topology_validation
sample-igg-W-54::3085,sample-igg-W-54,3085,8,True,lt_min_leaves,topological,1,0,2,5,after_topology_validation
sample-igg-W-54::342,sample-igg-W-54,342,3,True,multi_root_no_usable_naive,,2,0,0,4,raw_families
sample-igg-W-54::5046,sample-igg-W-54,5046,3,True,lt_min_leaves,topological,1,0,1,3,after_topology_validation
sample-igg-W-54::3187,sample-igg-W-54,3187,9,True,multi_root_no_usable_naive,,2,0,0,5,raw_families
sample-igg-W-54::2550,sample-igg-W-54,2550,2,True,lt_min_leaves,topological,1,0,0,2,after_topology_validation
sample-igg-W-54::1251,sample-igg-W-54,1251,5,True,lt_min_leaves,topological,1,0,0,4,after_topology_validation
sample-igg-W-54::4071,sample-igg-W-54,4071,6,True,lt_min_leaves,topological,1,0,2,4,after_topology_validation
sample-igg-W-54::2936,sample-igg-W-54,2936,4,True,lt_min_leaves,topological,1,0,0,3,after_topology_validation
sample-igg-W-54::330,sample-igg-W-54,330,3,True,lt_min_leaves,topological,1,0,0,3,after_topology_validation
sample-igg-W-54::218,sample-igg-W-54,218,3,True,lt_min_leaves,topological,1,0,1,3,after_topology_validation
sample-igg-W-54::3182,sample-igg-W-54,3182,2,True,lt_min_leaves,topological,1,0,0,2,after_topology_validation
sample-igg-W-54::4911,sample-igg-W-54,4911,5,True,lt_min_leaves,topological,1,0,2,4,after_topology_validation
sample-igg-W-54::4173,sample-igg-W-54,4173,1,True,lt_min_leaves,topological,1,0,1,2,after_topology_validation
sample-igg-W-54::800,sample-igg-W-54,800,4,True,lt_min_leaves,topological,1,0,0,3,after_topology_validation
sample-igg-W-54::2423,sample-igg-W-54,2423,4,True,lt_min_leaves,topological,1,0,0,3,after_topology_validation
sample-igg-W-54::1268,sample-igg-W-54,1268,3,True,lt_min_leaves,topological,1,0,0,3,after_topology_validation
sample-igg-W-54::5345,sample-igg-W-54,5345,2,True,lt_min_leaves,topological,1,0,0,2,after_topology_validation
sample-igg-W-54::683,sample-igg-W-54,683,4,True,lt_min_leaves,topological,1,0,1,3,after_topology_validation
sample-igg-W-54::1848,sample-igg-W-54,1848,2,True,lt_min_leaves,topological,1,0,0,2,after_topology_validation
sample-igg-W-54::5111,sample-igg-W-54,5111,2,True,lt_min_leaves,topological,1,0,0,2,after_topology_validation
sample-igg-W-54::401,sample-igg-W-54,401,2,True,lt_min_leaves,topological,1,0,1,2,after_topology_validation
sample-igg-W-54::1715,sample-igg-W-54,1715,2,True,lt_min_leaves,topological,1,0,0,2,after_topology_validation
sample-igg-W-54::4834,sample-igg-W-54,4834,6,True,multi_root_no_usable_naive,,2,0,0,5,raw_families
sample-igg-W-54::1271,sample-igg-W-54,1271,13,True,lt_min_leaves,topological,1,0,1,6,after_topology_validation
sample-igg-W-54::425,sample-igg-W-54,425,1,True,lt_min_leaves,topological,1,0,1,2,after_topology_validation
sample-igg-W-54::5285,sample-igg-W-54,5285,1,True,lt_min_leaves,topological,1,0,0,2,after_topology_validation
sample-igg-W-54::520,sample-igg-W-54,520,4,True,lt_min_leaves,topological,1,0,1,3,after_topology_validation
sample-igg-W-54::134,sample-igg-W-54,134,2,True,lt_min_leaves,topological,1,0,0,2,after_topology_validation
sample-igg-W-54::183,sample-igg-W-54,183,2,True,lt_min_leaves,topological,1,0,0,2,after_topology_validation
sample-igg-W-54::1921,sample-igg-W-54,1921,3,True,multi_root_no_usable_naive,,2,0,0,3,raw_families
sample-igg-W-54::1238,sample-igg-W-54,1238,4,True,lt_min_leaves,topological,1,0,1,3,after_topology_validation
sample-igg-W-54::1440,sample-igg-W-54,1440,2,True,lt_min_leaves,topological,1,0,0,2,after_topology_validation
sample-igg-W-54::790,sample-igg-W-54,790,4,True,lt_min_leaves,topological,1,0,2,4,after_topology_validation
sample-igg-W-54::4797,sample-igg-W-54,4797,3,True,lt_min_leaves,topological,1,0,2,3,after_topology_validation
sample-igg-W-54::286,sample-igg-W-54,286,5,True,multi_root_no_usable_naive,,2,0,0,4,raw_families
sample-igg-W-54::823,sample-igg-W-54,823,6,True,multi_root_no_usable_naive,,2,0,0,4,raw_families
sample-igg-W-54::5495,sample-igg-W-54,5495,2,True,lt_min_leaves,topological,1,0,0,2,after_topology_validation
sample-igg-W-54::193,sample-igg-W-54,193,4,True,lt_min_leaves,topological,1,0,0,3,after_topology_validation
sample-igg-W-54::3098,sample-igg-W-54,3098,9,True,lt_min_leaves,topological,1,0,3,5,after_topology_validation
sample-igg-W-54::274,sample-igg-W-54,274,4,True,lt_min_leaves,topological,1,0,1,3,after_topology_validation
sample-igg-W-54::4445,sample-igg-W-54,4445,14,True,lt_min_leaves,topological,1,0,1,6,after_topology_validation
sample-igg-W-54::1469,sample-igg-W-54,1469,1,True,lt_min_leaves,topological,1,0,0,2,after_topology_validation
sample-igg-W-54::3022,sample-igg-W-54,3022,10,True,multi_root_no_usable_naive,,2,0,0,7,raw_families
sample-igg-W-54::462,sample-igg-W-54,462,24,True,multi_root_no_usable_naive,,5,0,0,10,raw_families
sample-igg-W-54::2456,sample-igg-W-54,2456,3,True,multi_root_no_usable_naive,,2,0,0,5,raw_families
sample-igg-W-54::975,sample-igg-W-54,975,3,True,lt_min_leaves,topological,1,0,0,3,after_topology_validation
sample-igg-W-54::1571,sample-igg-W-54,1571,1,True,lt_min_leaves,topological,1,0,0,2,after_topology_validation
sample-igg-W-54::3056,sample-igg-W-54,3056,4,True,lt_min_leaves,topological,1,0,1,3,after_topology_validation
sample-igg-W-54::2394,sample-igg-W-54,2394,9,True,lt_min_leaves,topological,1,0,1,4,after_topology_validation
sample-igg-W-54::1510,sample-igg-W-54,1510,4,True,lt_min_leaves,topological,1,0,1,3,after_topology_validation
sample-igg-W-54::758,sample-igg-W-54,758,8,True,multi_root_no_usable_naive,,2,0,0,5,raw_families
sample-igg-W-54::5436,sample-igg-W-54,5436,6,True,multi_root_no_usable_naive,,2,0,0,4,raw_families
sample-igg-W-54::5177,sample-igg-W-54,5177,1,True,lt_min_leaves,topological,1,0,1,2,after_topology_validation
sample-igg-W-54::1292,sample-igg-W-54,1292,2,True,lt_min_leaves,topological,1,0,0,2,after_topology_validation
sample-igg-W-54::4521,sample-igg-W-54,4521,2,True,lt_min_leaves,topological,1,0,0,2,after_topology_validation
sample-igg-W-54::1751,sample-igg-W-54,1751,2,True,lt_min_leaves,topological,1,0,1,3,after_topology_validation
sample-igg-W-54::3859,sample-igg-W-54,3859,2,True,lt_min_leaves,topological,1,0,0,2,after_topology_validation
sample-igg-W-54::556,sample-igg-W-54,556,1,True,lt_min_leaves,topological,1,0,1,2,after_topology_validation
sample-igg-W-54::3198,sample-igg-W-54,3198,13,True,multi_root_no_usable_naive,,3,0,0,6,raw_families
sample-igg-W-54::4678,sample-igg-W-54,4678,6,True,multi_root_no_usable_naive,,3,0,0,7,raw_families
sample-igg-W-54::4143,sample-igg-W-54,4143,4,True,lt_min_leaves,topological,1,0,1,3,after_topology_validation
sample-igg-W-54::3542,sample-igg-W-54,3542,5,True,lt_min_leaves,topological,1,0,1,4,after_topology_validation
sample-igg-W-54::592,sample-igg-W-54,592,2,True,lt_min_leaves,topological,1,0,0,2,after_topology_validation
sample-igg-W-54::1996,sample-igg-W-54,1996,4,True,lt_min_leaves,topological,1,0,2,3,after_topology_validation
sample-igg-W-54::2508,sample-igg-W-54,2508,4,True,lt_min_leaves,topological,1,0,1,3,after_topology_validation
sample-igg-W-54::826,sample-igg-W-54,826,1,True,lt_min_leaves,topological,1,0,1,2,after_topology_validation
sample-igg-W-54::143,sample-igg-W-54,143,13,True,lt_min_leaves,topological,1,0,3,5,after_topology_validation
sample-igg-W-54::971,sample-igg-W-54,971,2,True,lt_min_leaves,topological,1,0,0,2,after_topology_validation
sample-igg-W-54::785,sample-igg-W-54,785,10,True,lt_min_leaves,topological,1,0,2,5,after_topology_validation
sample-igg-W-54::1963,sample-igg-W-54,1963,4,True,lt_min_leaves,topological,1,0,0,3,after_topology_validation
sample-igg-W-54::1145,sample-igg-W-54,1145,7,True,lt_min_leaves,topological,1,0,2,4,after_topology_validation
sample-igg-W-54::128,sample-igg-W-54,128,3,True,lt_min_leaves,topological,1,0,0,3,after_topology_validation
sample-igg-W-54::5049,sample-igg-W-54,5049,2,True,lt_min_leaves,topological,1,0,0,2,after_topology_validation
sample-igg-W-54::86,sample-igg-W-54,86,5,True,lt_min_leaves,topological,1,0,0,3,after_topology_validation
sample-igg-W-54::1077,sample-igg-W-54,1077,7,True,multi_root_no_usable_naive,,3,0,0,11,raw_families
sample-igg-W-54::1655,sample-igg-W-54,1655,2,True,lt_min_leaves,topological,1,0,0,2,after_topology_validation
sample-igg-W-54::4037,sample-igg-W-54,4037,2,True,lt_min_leaves,topological,1,0,0,2,after_topology_validation
sample-igg-W-54::2947,sample-igg-W-54,2947,8,True,lt_min_leaves,topological,1,0,3,5,after_topology_validation
sample-igg-W-54::960,sample-igg-W-54,960,2,True,lt_min_leaves,topological,1,0,0,2,after_topology_validation
sample-igg-W-54::38,sample-igg-W-54,38,2,True,lt_min_leaves,topological,1,0,1,2,after_topology_validation
sample-igg-W-54::3968,sample-igg-W-54,3968,1,True,lt_min_leaves,topological,1,0,1,2,after_topology_validation
sample-igg-W-54::3846,sample-igg-W-54,3846,1,True,lt_min_leaves,topological,1,0,1,2,after_topology_validation
sample-igg-W-54::1064,sample-igg-W-54,1064,2,True,lt_min_leaves,topological,1,0,1,2,after_topology_validation
sample-igg-W-54::129,sample-igg-W-54,129,2,True,lt_min_leaves,topological,1,0,1,2,after_topology_validation
sample-igg-W-54::4503,sample-igg-W-54,4503,4,True,lt_min_leaves,topological,1,0,0,3,after_topology_validation
sample-igg-W-57::12,sample-igg-W-57,12,2,True,lt_min_leaves,topological,1,0,2,2,after_topology_validation
sample-igg-W-57::422,sample-igg-W-57,422,1,True,lt_min_leaves,topological,1,0,1,2,after_topology_validation
sample-igg-W-57::472,sample-igg-W-57,472,1,True,lt_min_leaves,topological,1,0,1,2,after_topology_validation
sample-igg-W-57::206,sample-igg-W-57,206,2,True,lt_min_leaves,topological,1,0,1,2,after_topology_validation
sample-igg-W-57::361,sample-igg-W-57,361,1,True,lt_min_leaves,topological,1,0,1,2,after_topology_validation
sample-igg-W-57::69,sample-igg-W-57,69,2,True,lt_min_leaves,topological,1,0,1,2,after_topology_validation
sample-igg-W-57::21,sample-igg-W-57,21,2,True,lt_min_leaves,topological,1,0,2,2,after_topology_validation
sample-igg-W-57::436,sample-igg-W-57,436,1,True,lt_min_leaves,topological,1,0,1,4,after_topology_validation
sample-igg-W-57::15,sample-igg-W-57,15,1,True,lt_min_leaves,topological,1,0,1,2,after_topology_validation
sample-igg-W-57::36,sample-igg-W-57,36,2,True,lt_min_leaves,topological,1,0,0,2,after_topology_validation
sample-igg-W-57::588,sample-igg-W-57,588,1,True,lt_min_leaves,topological,1,0,1,2,after_topology_validation
sample-igg-W-57::347,sample-igg-W-57,347,1,True,lt_min_leaves,topological,1,0,1,2,after_topology_validation
sample-igg-W-57::583,sample-igg-W-57,583,1,True,lt_min_leaves,topological,1,0,1,2,after_topology_validation
sample-igg-W-57::264,sample-igg-W-57,264,4,True,lt_min_leaves,topological,1,0,2,3,after_topology_validation
sample-igg-W-57::138,sample-igg-W-57,138,2,True,lt_min_leaves,topological,1,0,1,2,after_topology_validation
sample-igg-W-57::533,sample-igg-W-57,533,2,True,lt_min_leaves,topological,1,0,1,2,after_topology_validation
sample-igg-W-57::332,sample-igg-W-57,332,2,True,lt_min_leaves,topological,1,0,1,2,after_topology_validation
sample-igg-W-57::190,sample-igg-W-57,190,2,True,lt_min_leaves,topological,1,0,0,2,after_topology_validation
sample-igg-W-57::377,sample-igg-W-57,377,1,True,lt_min_leaves,topological,1,0,1,2,after_topology_validation
sample-igg-W-57::135,sample-igg-W-57,135,2,True,lt_min_leaves,topological,1,0,1,2,after_topology_validation
sample-igg-W-57::334,sample-igg-W-57,334,1,True,lt_min_leaves,topological,1,0,1,2,after_topology_validation
sample-igg-W-57::364,sample-igg-W-57,364,1,True,lt_min_leaves,topological,1,0,1,2,after_topology_validation
sample-igg-W-57::425,sample-igg-W-57,425,1,True,lt_min_leaves,topological,1,0,1,2,after_topology_validation
sample-igg-W-57::183,sample-igg-W-57,183,1,True,lt_min_leaves,topological,1,0,1,2,after_topology_validation
sample-igg-W-57::198,sample-igg-W-57,198,2,True,lt_min_leaves,topological,1,0,1,2,after_topology_validation
sample-igg-W-57::499,sample-igg-W-57,499,1,True,lt_min_leaves,topological,1,0,1,2,after_topology_validation
sample-igg-W-57::413,sample-igg-W-57,413,1,True,lt_min_leaves,topological,1,0,0,2,after_topology_validation
sample-igg-W-57::2,sample-igg-W-57,2,1,True,lt_min_leaves,topological,1,0,1,2,after_topology_validation
sample-igg-W-57::136,sample-igg-W-57,136,1,True,lt_min_leaves,topological,1,0,1,2,after_topology_validation
sample-igg-W-57::35,sample-igg-W-57,35,4,True,lt_min_leaves,topological,1,0,1,3,after_topology_validation
sample-igg-W-57::272,sample-igg-W-57,272,2,True,lt_min_leaves,topological,1,0,0,2,after_topology_validation
sample-igg-W-57::253,sample-igg-W-57,253,7,True,lt_min_leaves,topological,1,0,2,4,after_topology_validation
sample-igg-W-57::165,sample-igg-W-57,165,2,True,lt_min_leaves,topological,1,0,0,2,after_topology_validation
sample-igg-W-57::108,sample-igg-W-57,108,1,True,lt_min_leaves,topological,1,0,1,2,after_topology_validation
sample-igg-W-57::94,sample-igg-W-57,94,2,True,lt_min_leaves,topological,1,0,1,2,after_topology_validation
sample-igg-W-57::49,sample-igg-W-57,49,5,True,lt_min_leaves,topological,1,0,2,4,after_topology_validation
sample-igg-W-57::63,sample-igg-W-57,63,2,True,lt_min_leaves,topological,1,0,1,2,after_topology_validation
sample-igg-SC-19::77,sample-igg-SC-19,77,2,True,lt_min_leaves,topological,1,0,1,2,after_topology_validation
sample-igg-SC-19::167,sample-igg-SC-19,167,2,True,lt_min_leaves,topological,1,0,2,2,after_topology_validation
sample-igg-SC-19::1774,sample-igg-SC-19,1774,2,True,lt_min_leaves,topological,1,0,2,2,after_topology_validation
sample-igg-SC-19::101,sample-igg-SC-19,101,4,True,lt_min_leaves,topological,1,0,3,3,after_topology_validation
sample-igg-SC-19::399,sample-igg-SC-19,399,2,True,lt_min_leaves,topological,1,0,1,2,after_topology_validation
sample-igg-SC-19::229,sample-igg-SC-19,229,1,True,lt_min_leaves,topological,1,0,1,2,after_topology_validation
sample-igg-SC-19::247,sample-igg-SC-19,247,2,True,lt_min_leaves,topological,1,0,2,2,after_topology_validation
sample-igg-SC-19::1772,sample-igg-SC-19,1772,2,True,lt_min_leaves,topological,1,0,1,2,after_topology_validation
sample-igg-SC-19::457,sample-igg-SC-19,457,2,True,lt_min_leaves,topological,1,0,0,2,after_topology_validation
sample-igg-SC-19::1709,sample-igg-SC-19,1709,2,True,lt_min_leaves,topological,1,0,2,2,after_topology_validation
sample-igg-SC-19::1574,sample-igg-SC-19,1574,1,True,lt_min_leaves,topological,1,0,1,2,after_topology_validation
sample-igg-SC-19::657,sample-igg-SC-19,657,1,True,lt_min_leaves,topological,1,0,1,2,after_topology_validation
sample-igg-SC-19::842,sample-igg-SC-19,842,2,True,lt_min_leaves,topological,1,0,2,2,after_topology_validation
sample-igg-SC-19::643,sample-igg-SC-19,643,3,True,lt_min_leaves,topological,1,0,2,3,after_topology_validation
sample-igg-SC-19::635,sample-igg-SC-19,635,6,True,lt_min_leaves,topological,1,0,3,4,after_topology_validation
sample-igg-SC-19::234,sample-igg-SC-19,234,2,True,lt_min_leaves,topological,1,0,2,2,after_topology_validation
sample-igg-SC-19::1017,sample-igg-SC-19,1017,1,True,lt_min_leaves,topological,1,0,1,2,after_topology_validation
sample-igg-SC-19::1489,sample-igg-SC-19,1489,3,True,lt_min_leaves,topological,1,0,2,3,after_topology_validation
sample-igg-SC-19::155,sample-igg-SC-19,155,4,True,lt_min_leaves,topological,1,0,2,3,after_topology_validation
sample-igg-SC-19::742,sample-igg-SC-19,742,2,True,lt_min_leaves,topological,1,0,1,2,after_topology_validation
sample-igg-SC-19::1180,sample-igg-SC-19,1180,2,True,lt_min_leaves,topological,1,0,2,4,after_topology_validation
sample-igg-SC-19::1577,sample-igg-SC-19,1577,2,True,lt_min_leaves,topological,1,0,2,2,after_topology_validation
sample-igg-SC-19::576,sample-igg-SC-19,576,4,True,lt_min_leaves,topological,1,0,2,3,after_topology_validation
sample-igg-SC-19::710,sample-igg-SC-19,710,2,True,lt_min_leaves,topological,1,0,2,2,after_topology_validation
sample-igg-SC-19::1770,sample-igg-SC-19,1770,2,True,lt_min_leaves,topological,1,0,2,2,after_topology_validation
sample-igg-SC-19::1421,sample-igg-SC-19,1421,1,True,lt_min_leaves,topological,1,0,1,2,after_topology_validation
sample-igg-SC-19::78,sample-igg-SC-19,78,2,True,lt_min_leaves,topological,1,0,2,2,after_topology_validation
sample-igg-SC-19::1657,sample-igg-SC-19,1657,2,True,lt_min_leaves,topological,1,0,2,2,after_topology_validation
sample-igg-SC-19::400,sample-igg-SC-19,400,2,True,lt_min_leaves,topological,1,0,2,2,after_topology_validation
sample-igg-SC-19::656,sample-igg-SC-19,656,2,True,lt_min_leaves,topological,1,0,2,2,after_topology_validation
sample-igg-SC-19::1508,sample-igg-SC-19,1508,1,True,lt_min_leaves,topological,1,0,1,2,after_topology_validation
sample-igg-SC-19::321,sample-igg-SC-19,321,6,True,lt_min_leaves,topological,1,0,3,4,after_topology_validation
sample-igg-SC-19::675,sample-igg-SC-19,675,4,True,lt_min_leaves,topological,1,0,3,3,after_topology_validation
sample-igg-SC-19::272,sample-igg-SC-19,272,4,True,lt_min_leaves,topological,1,0,2,3,after_topology_validation
sample-igg-SC-19::880,sample-igg-SC-19,880,3,True,lt_min_leaves,topological,1,0,1,3,after_topology_validation
sample-igg-SC-19::1334,sample-igg-SC-19,1334,4,True,lt_min_leaves,topological,1,0,2,3,after_topology_validation
sample-igg-SC-19::1161,sample-igg-SC-19,1161,2,True,lt_min_leaves,topological,1,0,1,2,after_topology_validation
sample-igg-SC-19::1600,sample-igg-SC-19,1600,5,True,multi_root_no_usable_naive,,2,0,0,4,raw_families
sample-igg-SC-19::1679,sample-igg-SC-19,1679,3,True,lt_min_leaves,topological,1,0,2,3,after_topology_validation
sample-igg-SC-19::429,sample-igg-SC-19,429,3,True,lt_min_leaves,topological,1,0,2,3,after_topology_validation
sample-igg-SC-19::49,sample-igg-SC-19,49,2,True,lt_min_leaves,topological,1,0,2,2,after_topology_validation
sample-igg-SC-19::861,sample-igg-SC-19,861,2,True,lt_min_leaves,topological,1,0,2,2,after_topology_validation
sample-igg-SC-19::271,sample-igg-SC-19,271,4,True,lt_min_leaves,topological,1,0,2,3,after_topology_validation
sample-igg-SC-19::1744,sample-igg-SC-19,1744,2,True,lt_min_leaves,topological,1,0,2,2,after_topology_validation
sample-igg-SC-19::1000,sample-igg-SC-19,1000,2,True,lt_min_leaves,topological,1,0,2,2,after_topology_validation
sample-igg-SC-19::47,sample-igg-SC-19,47,2,True,lt_min_leaves,topological,1,0,2,2,after_topology_validation
sample-igg-SC-19::1007,sample-igg-SC-19,1007,6,False,,topological,1,0,4,4,final_eligible
sample-igg-SC-19::320,sample-igg-SC-19,320,2,True,lt_min_leaves,topological,1,0,0,2,after_topology_validation
sample-igg-SC-19::1098,sample-igg-SC-19,1098,2,True,lt_min_leaves,topological,1,0,2,2,after_topology_validation
sample-igg-SC-19::830,sample-igg-SC-19,830,5,True,multi_root_no_usable_naive,,2,0,0,4,raw_families
sample-igg-SC-19::1496,sample-igg-SC-19,1496,3,True,lt_min_leaves,topological,1,0,0,3,after_topology_validation
sample-igg-SC-19::1186,sample-igg-SC-19,1186,2,True,lt_min_leaves,topological,1,0,2,2,after_topology_validation
sample-igg-SC-19::437,sample-igg-SC-19,437,2,True,lt_min_leaves,topological,1,0,2,2,after_topology_validation
sample-igg-SC-19::1710,sample-igg-SC-19,1710,2,True,lt_min_leaves,topological,1,0,2,2,after_topology_validation
sample-igg-SC-19::149,sample-igg-SC-19,149,2,True,lt_min_leaves,topological,1,0,2,2,after_topology_validation
sample-igg-SC-19::1522,sample-igg-SC-19,1522,1,True,lt_min_leaves,topological,1,0,1,2,after_topology_validation
sample-igg-SC-19::1014,sample-igg-SC-19,1014,2,True,lt_min_leaves,topological,1,0,2,2,after_topology_validation
sample-igg-SC-19::499,sample-igg-SC-19,499,6,False,,topological,1,0,4,4,final_eligible
sample-igg-SC-19::154,sample-igg-SC-19,154,2,True,lt_min_leaves,topological,1,0,2,2,after_topology_validation
sample-igg-SC-19::1634,sample-igg-SC-19,1634,6,True,multi_root_no_usable_naive,,2,0,0,4,raw_families
sample-igg-SC-19::665,sample-igg-SC-19,665,2,True,lt_min_leaves,topological,1,0,1,2,after_topology_validation
sample-igg-SC-19::1178,sample-igg-SC-19,1178,2,True,lt_min_leaves,topological,1,0,2,2,after_topology_validation
sample-igg-SC-19::1742,sample-igg-SC-19,1742,2,True,lt_min_leaves,topological,1,0,1,2,after_topology_validation
sample-igg-SC-19::22,sample-igg-SC-19,22,2,True,lt_min_leaves,topological,1,0,2,2,after_topology_validation
sample-igg-SC-19::834,sample-igg-SC-19,834,2,True,lt_min_leaves,topological,1,0,2,2,after_topology_validation
sample-igg-SC-19::1182,sample-igg-SC-19,1182,2,True,lt_min_leaves,topological,1,0,2,2,after_topology_validation
sample-igg-SC-19::231,sample-igg-SC-19,231,2,True,lt_min_leaves,topological,1,0,2,2,after_topology_validation
sample-igg-SC-19::667,sample-igg-SC-19,667,2,True,lt_min_leaves,topological,1,0,1,2,after_topology_validation
sample-igg-SC-19::672,sample-igg-SC-19,672,2,True,lt_min_leaves,topological,1,0,2,2,after_topology_validation
sample-igg-SC-19::1212,sample-igg-SC-19,1212,2,True,lt_min_leaves,topological,1,0,2,2,after_topology_validation
sample-igg-SC-19::1622,sample-igg-SC-19,1622,2,True,lt_min_leaves,topological,1,0,2,2,after_topology_validation
sample-igg-SC-19::569,sample-igg-SC-19,569,4,True,lt_min_leaves,topological,1,0,3,3,after_topology_validation
sample-igg-SC-19::929,sample-igg-SC-19,929,2,True,lt_min_leaves,topological,1,0,2,2,after_topology_validation
sample-igg-SC-19::57,sample-igg-SC-19,57,2,True,lt_min_leaves,topological,1,0,2,2,after_topology_validation
sample-igg-SC-19::1675,sample-igg-SC-19,1675,7,False,,topological,1,0,4,4,final_eligible
sample-igg-SC-19::810,sample-igg-SC-19,810,4,True,lt_min_leaves,topological,1,0,3,3,after_topology_validation
sample-igg-SC-19::550,sample-igg-SC-19,550,2,True,lt_min_leaves,topological,1,0,1,2,after_topology_validation
sample-igg-SC-19::823,sample-igg-SC-19,823,2,True,lt_min_leaves,topological,1,0,2,2,after_topology_validation
sample-igg-SC-19::507,sample-igg-SC-19,507,2,True,lt_min_leaves,topological,1,0,2,2,after_topology_validation
sample-igg-SC-19::1219,sample-igg-SC-19,1219,2,True,lt_min_leaves,topological,1,0,2,2,after_topology_validation
sample-igg-SC-19::1050,sample-igg-SC-19,1050,4,True,lt_min_leaves,topological,1,0,3,3,after_topology_validation
sample-igg-SC-19::346,sample-igg-SC-19,346,2,True,lt_min_leaves,topological,1,0,2,2,after_topology_validation
sample-igg-SC-19::622,sample-igg-SC-19,622,1,True,lt_min_leaves,topological,1,0,1,2,after_topology_validation
sample-igg-SC-19::845,sample-igg-SC-19,845,1,True,lt_min_leaves,topological,1,0,1,2,after_topology_validation
sample-igg-SC-19::1566,sample-igg-SC-19,1566,2,True,lt_min_leaves,topological,1,0,2,2,after_topology_validation
sample-igg-SC-19::425,sample-igg-SC-19,425,2,True,lt_min_leaves,topological,1,0,2,2,after_topology_validation
sample-igg-SC-19::490,sample-igg-SC-19,490,2,True,lt_min_leaves,topological,1,0,2,2,after_topology_validation
sample-igg-SC-19::1260,sample-igg-SC-19,1260,2,True,lt_min_leaves,topological,1,0,1,2,after_topology_validation
sample-igg-SC-19::1143,sample-igg-SC-19,1143,2,True,lt_min_leaves,topological,1,0,2,2,after_topology_validation
sample-igg-SC-19::897,sample-igg-SC-19,897,2,True,lt_min_leaves,topological,1,0,2,2,after_topology_validation
sample-igg-SC-19::566,sample-igg-SC-19,566,2,True,lt_min_leaves,topological,1,0,2,2,after_topology_validation
sample-igg-SC-19::1560,sample-igg-SC-19,1560,2,True,lt_min_leaves,topological,1,0,2,2,after_topology_validation
sample-igg-SC-19::496,sample-igg-SC-19,496,4,True,lt_min_leaves,topological,1,0,1,3,after_topology_validation
sample-igg-SC-19::139,sample-igg-SC-19,139,2,True,lt_min_leaves,topological,1,0,2,2,after_topology_validation
sample-igg-SC-19::1619,sample-igg-SC-19,1619,2,True,lt_min_leaves,topological,1,0,2,2,after_topology_validation
sample-igg-SC-19::1443,sample-igg-SC-19,1443,2,True,lt_min_leaves,topological,1,0,2,2,after_topology_validation
sample-igg-SC-19::32,sample-igg-SC-19,32,2,True,lt_min_leaves,topological,1,0,2,2,after_topology_validation
sample-igg-SC-19::242,sample-igg-SC-19,242,2,True,lt_min_leaves,topological,1,0,2,3,after_topology_validation
sample-igg-SC-19::724,sample-igg-SC-19,724,1,True,lt_min_leaves,topological,1,0,0,2,after_topology_validation
sample-igg-SC-19::965,sample-igg-SC-19,965,2,True,lt_min_leaves,topological,1,0,0,2,after_topology_validation
sample-igg-SC-19::256,sample-igg-SC-19,256,2,True,lt_min_leaves,topological,1,0,2,2,after_topology_validation
sample-igg-SC-19::1321,sample-igg-SC-19,1321,1,True,lt_min_leaves,topological,1,0,1,2,after_topology_validation
sample-igg-SC-19::75,sample-igg-SC-19,75,2,True,lt_min_leaves,topological,1,0,2,2,after_topology_validation
sample-igg-SC-19::1571,sample-igg-SC-19,1571,2,True,lt_min_leaves,topological,1,0,1,2,after_topology_validation
sample-igg-SC-19::1040,sample-igg-SC-19,1040,2,True,lt_min_leaves,topological,1,0,1,2,after_topology_validation
sample-igg-SC-19::1217,sample-igg-SC-19,1217,2,True,lt_min_leaves,topological,1,0,2,2,after_topology_validation
sample-igg-SC-19::89,sample-igg-SC-19,89,2,True,lt_min_leaves,topological,1,0,1,2,after_topology_validation
sample-igg-SC-19::666,sample-igg-SC-19,666,2,True,lt_min_leaves,topological,1,0,1,2,after_topology_validation
sample-igg-SC-19::1356,sample-igg-SC-19,1356,2,True,lt_min_leaves,topological,1,0,2,2,after_topology_validation
sample-igg-SC-19::446,sample-igg-SC-19,446,6,True,lt_min_leaves,topological,1,0,3,4,after_topology_validation
sample-igg-SC-19::144,sample-igg-SC-19,144,4,True,lt_min_leaves,topological,1,0,3,3,after_topology_validation
sample-igg-SC-19::1555,sample-igg-SC-19,1555,2,True,lt_min_leaves,topological,1,0,1,2,after_topology_validation
sample-igg-SC-19::963,sample-igg-SC-19,963,1,True,lt_min_leaves,topological,1,0,1,2,after_topology_validation
sample-igg-SC-19::1213,sample-igg-SC-19,1213,2,True,lt_min_leaves,topological,1,0,2,2,after_topology_validation
sample-igg-SC-19::1382,sample-igg-SC-19,1382,2,True,lt_min_leaves,topological,1,0,1,2,after_topology_validation
sample-igg-SC-19::46,sample-igg-SC-19,46,2,True,lt_min_leaves,topological,1,0,2,2,after_topology_validation
sample-igg-SC-19::623,sample-igg-SC-19,623,1,True,lt_min_leaves,topological,1,0,1,2,after_topology_validation
sample-igg-SC-19::449,sample-igg-SC-19,449,2,True,lt_min_leaves,topological,1,0,2,2,after_topology_validation
sample-igg-SC-19::1064,sample-igg-SC-19,1064,1,True,lt_min_leaves,topological,1,0,1,2,after_topology_validation
sample-igg-SC-19::394,sample-igg-SC-19,394,2,True,lt_min_leaves,topological,1,0,2,2,after_topology_validation
sample-igg-SC-19::1199,sample-igg-SC-19,1199,1,True,lt_min_leaves,topological,1,0,1,2,after_topology_validation
sample-igg-SC-19::1238,sample-igg-SC-19,1238,1,True,lt_min_leaves,topological,1,0,1,2,after_topology_validation
sample-igg-SC-19::307,sample-igg-SC-19,307,2,True,lt_min_leaves,topological,1,0,1,2,after_topology_validation
sample-igg-SC-19::1158,sample-igg-SC-19,1158,2,True,lt_min_leaves,topological,1,0,2,2,after_topology_validation
sample-igg-SC-19::1513,sample-igg-SC-19,1513,4,True,lt_min_leaves,topological,1,0,1,3,after_topology_validation
sample-igg-SC-19::269,sample-igg-SC-19,269,2,True,lt_min_leaves,topological,1,0,2,2,after_topology_validation
sample-igg-SC-19::196,sample-igg-SC-19,196,2,True,lt_min_leaves,topological,1,0,1,2,after_topology_validation
sample-igg-SC-19::1278,sample-igg-SC-19,1278,2,True,lt_min_leaves,topological,1,0,2,2,after_topology_validation
sample-igg-SC-19::1003,sample-igg-SC-19,1003,1,True,lt_min_leaves,topological,1,0,1,2,after_topology_validation
sample-igg-SC-19::631,sample-igg-SC-19,631,2,True,lt_min_leaves,topological,1,0,2,2,after_topology_validation
sample-igg-SC-19::1684,sample-igg-SC-19,1684,2,True,lt_min_leaves,topological,1,0,2,2,after_topology_validation
sample-igg-SC-19::453,sample-igg-SC-19,453,2,True,multi_root_no_usable_naive,,2,0,0,3,raw_families
sample-igg-SC-19::244,sample-igg-SC-19,244,2,True,lt_min_leaves,topological,1,0,2,2,after_topology_validation
sample-igg-SC-19::1446,sample-igg-SC-19,1446,2,True,lt_min_leaves,topological,1,0,2,2,after_topology_validation
sample-igg-SC-19::1626,sample-igg-SC-19,1626,4,True,lt_min_leaves,topological,1,0,3,3,after_topology_validation
sample-igg-SC-19::1477,sample-igg-SC-19,1477,2,True,lt_min_leaves,topological,1,0,2,2,after_topology_validation
sample-igg-SC-19::1769,sample-igg-SC-19,1769,2,True,lt_min_leaves,topological,1,0,1,2,after_topology_validation
sample-igg-SC-19::791,sample-igg-SC-19,791,2,True,lt_min_leaves,topological,1,0,2,2,after_topology_validation
sample-igg-SC-19::173,sample-igg-SC-19,173,2,True,lt_min_leaves,topological,1,0,2,2,after_topology_validation
sample-igg-SC-19::416,sample-igg-SC-19,416,4,True,lt_min_leaves,topological,1,0,2,3,after_topology_validation
sample-igg-SC-19::841,sample-igg-SC-19,841,2,True,lt_min_leaves,topological,1,0,2,2,after_topology_validation
sample-igg-SC-19::560,sample-igg-SC-19,560,3,True,lt_min_leaves,topological,1,0,1,3,after_topology_validation
sample-igg-SC-19::1467,sample-igg-SC-19,1467,2,True,lt_min_leaves,topological,1,0,2,2,after_topology_validation
sample-igg-SC-19::266,sample-igg-SC-19,266,4,True,lt_min_leaves,topological,1,0,2,3,after_topology_validation
sample-igg-SC-19::408,sample-igg-SC-19,408,2,True,lt_min_leaves,topological,1,0,2,2,after_topology_validation
sample-igg-SC-19::310,sample-igg-SC-19,310,2,True,lt_min_leaves,topological,1,0,2,2,after_topology_validation
sample-igg-SC-19::1803,sample-igg-SC-19,1803,2,True,lt_min_leaves,topological,1,0,0,3,after_topology_validation
sample-igg-SC-19::817,sample-igg-SC-19,817,11,False,,topological,1,0,6,5,final_eligible
sample-igg-SC-19::586,sample-igg-SC-19,586,6,True,multi_root_no_usable_naive,,2,0,0,4,raw_families
sample-igg-SC-19::1164,sample-igg-SC-19,1164,3,True,lt_min_leaves,topological,1,0,1,3,after_topology_validation
sample-igg-SC-19::1760,sample-igg-SC-19,1760,2,True,lt_min_leaves,topological,1,0,0,2,after_topology_validation
sample-igg-SC-19::1643,sample-igg-SC-19,1643,3,True,lt_min_leaves,topological,1,0,0,3,after_topology_validation
sample-igg-SC-19::261,sample-igg-SC-19,261,2,True,lt_min_leaves,topological,1,0,0,2,after_topology_validation
sample-igg-SC-19::51,sample-igg-SC-19,51,1,True,lt_min_leaves,topological,1,0,0,2,after_topology_validation
sample-igg-SC-19::1163,sample-igg-SC-19,1163,6,True,lt_min_leaves,topological,1,0,2,4,after_topology_validation
sample-igg-SC-19::1749,sample-igg-SC-19,1749,10,True,multi_root_no_usable_naive,,2,0,0,6,raw_families
sample-igg-SC-19::1728,sample-igg-SC-19,1728,4,True,multi_root_no_usable_naive,,2,0,0,4,raw_families
sample-igg-SC-19::1476,sample-igg-SC-19,1476,5,True,lt_min_leaves,topological,1,0,2,4,after_topology_validation
sample-igg-SC-19::27,sample-igg-SC-19,27,7,True,multi_root_no_usable_naive,,2,0,0,5,raw_families
sample-igg-SC-19::1638,sample-igg-SC-19,1638,13,False,,topological,1,0,6,5,final_eligible
sample-igg-SC-19::581,sample-igg-SC-19,581,14,False,,topological,1,0,7,6,final_eligible
sample-igg-SC-19::863,sample-igg-SC-19,863,11,False,,topological,1,0,6,5,final_eligible
sample-igg-SC-19::827,sample-igg-SC-19,827,8,True,lt_min_leaves,topological,1,0,3,5,after_topology_validation
sample-igg-SC-19::805,sample-igg-SC-19,805,1,True,lt_min_leaves,topological,1,0,1,2,after_topology_validation
sample-igg-SC-19::50,sample-igg-SC-19,50,10,False,,topological,1,0,4,4,final_eligible
sample-igg-SC-19::156,sample-igg-SC-19,156,12,False,,topological,1,0,5,6,final_eligible
sample-igg-SC-19::250,sample-igg-SC-19,250,11,True,multi_root_no_usable_naive,,2,0,0,6,raw_families
sample-igg-SC-19::1461,sample-igg-SC-19,1461,6,True,lt_min_leaves,topological,1,0,3,3,after_topology_validation
sample-igg-SC-19::1346,sample-igg-SC-19,1346,4,True,multi_root_no_usable_naive,,2,0,0,4,raw_families
sample-igg-SC-19::995,sample-igg-SC-19,995,6,True,multi_root_no_usable_naive,,2,0,0,5,raw_families
sample-igg-SC-19::10,sample-igg-SC-19,10,4,True,lt_min_leaves,topological,1,0,3,3,after_topology_validation
sample-igg-SC-19::11,sample-igg-SC-19,11,4,True,multi_root_no_usable_naive,,2,0,0,3,raw_families
sample-igg-SC-19::1519,sample-igg-SC-19,1519,1,True,lt_min_leaves,topological,1,0,1,2,after_topology_validation
sample-igg-SC-19::1257,sample-igg-SC-19,1257,4,True,lt_min_leaves,topological,1,0,3,3,after_topology_validation
sample-igg-SC-14::481,sample-igg-SC-14,481,3,True,lt_min_leaves,topological,1,0,1,3,after_topology_validation
sample-igg-SC-14::390,sample-igg-SC-14,390,1,True,lt_min_leaves,topological,1,0,1,2,after_topology_validation
sample-igg-SC-14::420,sample-igg-SC-14,420,1,True,lt_min_leaves,topological,1,0,1,2,after_topology_validation
sample-igg-SC-14::326,sample-igg-SC-14,326,1,True,lt_min_leaves,topological,1,0,1,2,after_topology_validation
sample-igg-SC-14::351,sample-igg-SC-14,351,2,True,lt_min_leaves,topological,1,0,1,2,after_topology_validation
sample-igg-SC-14::494,sample-igg-SC-14,494,2,True,lt_min_leaves,topological,1,0,0,2,after_topology_validation
sample-igg-SC-14::197,sample-igg-SC-14,197,1,True,lt_min_leaves,topological,1,0,1,2,after_topology_validation
sample-igg-SC-14::373,sample-igg-SC-14,373,2,True,lt_min_leaves,topological,1,0,0,2,after_topology_validation
sample-igg-SC-14::135,sample-igg-SC-14,135,2,True,lt_min_leaves,topological,1,0,0,2,after_topology_validation
sample-igg-SC-14::314,sample-igg-SC-14,314,1,True,lt_min_leaves,topological,1,0,1,2,after_topology_validation
sample-igg-SC-14::340,sample-igg-SC-14,340,3,True,lt_min_leaves,topological,1,0,1,3,after_topology_validation
sample-igg-SC-14::395,sample-igg-SC-14,395,1,True,lt_min_leaves,topological,1,0,1,2,after_topology_validation
sample-igg-SC-14::191,sample-igg-SC-14,191,2,True,lt_min_leaves,topological,1,0,1,2,after_topology_validation
sample-igg-SC-14::208,sample-igg-SC-14,208,1,True,lt_min_leaves,topological,1,0,1,2,after_topology_validation
sample-igg-SC-14::129,sample-igg-SC-14,129,2,True,lt_min_leaves,topological,1,0,1,2,after_topology_validation
sample-igg-SC-14::150,sample-igg-SC-14,150,2,True,lt_min_leaves,topological,1,0,2,2,after_topology_validation
sample-igg-SC-14::595,sample-igg-SC-14,595,1,True,lt_min_leaves,topological,1,0,0,2,after_topology_validation
sample-igg-SC-14::350,sample-igg-SC-14,350,2,True,lt_min_leaves,topological,1,0,1,2,after_topology_validation
sample-igg-SC-14::461,sample-igg-SC-14,461,2,True,lt_min_leaves,topological,1,0,1,2,after_topology_validation
sample-igg-SC-14::447,sample-igg-SC-14,447,1,True,lt_min_leaves,topological,1,0,1,2,after_topology_validation
sample-igg-SC-14::378,sample-igg-SC-14,378,1,True,lt_min_leaves,topological,1,0,1,2,after_topology_validation
sample-igg-SC-14::223,sample-igg-SC-14,223,4,True,lt_min_leaves,topological,1,0,3,3,after_topology_validation
sample-igg-SC-14::277,sample-igg-SC-14,277,2,True,lt_min_leaves,topological,1,0,1,2,after_topology_validation
sample-igg-SC-14::519,sample-igg-SC-14,519,1,True,lt_min_leaves,topological,1,0,1,2,after_topology_validation
sample-igg-SC-14::206,sample-igg-SC-14,206,1,True,lt_min_leaves,topological,1,0,1,2,after_topology_validation
sample-igg-SC-14::130,sample-igg-SC-14,130,1,True,lt_min_leaves,topological,1,0,1,2,after_topology_validation
sample-igg-SC-14::476,sample-igg-SC-14,476,2,True,lt_min_leaves,topological,1,0,0,2,after_topology_validation
sample-igg-SC-14::546,sample-igg-SC-14,546,1,True,lt_min_leaves,topological,1,0,1,2,after_topology_validation
sample-igg-SC-14::459,sample-igg-SC-14,459,2,True,lt_min_leaves,topological,1,0,1,2,after_topology_validation
sample-igg-SC-14::329,sample-igg-SC-14,329,2,True,multi_root_no_usable_naive,,2,0,0,3,raw_families
sample-igg-SC-14::17,sample-igg-SC-14,17,3,True,lt_min_leaves,topological,1,0,1,3,after_topology_validation
sample-igg-SC-14::37,sample-igg-SC-14,37,2,True,lt_min_leaves,topological,1,0,1,2,after_topology_validation
sample-igg-SC-14::171,sample-igg-SC-14,171,3,True,lt_min_leaves,topological,1,0,1,3,after_topology_validation
sample-igg-SC-14::11,sample-igg-SC-14,11,2,True,lt_min_leaves,topological,1,0,1,2,after_topology_validation
sample-igg-W-59::1079,sample-igg-W-59,1079,1,True,lt_min_leaves,topological,1,0,0,2,after_topology_validation
sample-igg-W-59::483,sample-igg-W-59,483,4,True,lt_min_leaves,topological,1,0,2,3,after_topology_validation
sample-igg-W-59::19,sample-igg-W-59,19,2,True,lt_min_leaves,topological,1,0,1,2,after_topology_validation
sample-igg-W-59::160,sample-igg-W-59,160,2,True,lt_min_leaves,topological,1,0,1,2,after_topology_validation
sample-igg-W-59::116,sample-igg-W-59,116,2,True,lt_min_leaves,topological,1,0,1,2,after_topology_validation
sample-igg-W-59::1137,sample-igg-W-59,1137,1,True,lt_min_leaves,topological,1,0,1,2,after_topology_validation
sample-igg-W-59::140,sample-igg-W-59,140,1,True,lt_min_leaves,topological,1,0,1,2,after_topology_validation
sample-igg-W-59::224,sample-igg-W-59,224,1,True,lt_min_leaves,topological,1,0,1,2,after_topology_validation
sample-igg-W-59::1030,sample-igg-W-59,1030,2,True,lt_min_leaves,topological,1,0,1,2,after_topology_validation
sample-igg-W-59::67,sample-igg-W-59,67,2,True,lt_min_leaves,topological,1,0,1,2,after_topology_validation
sample-igg-W-59::863,sample-igg-W-59,863,2,True,lt_min_leaves,topological,1,0,1,2,after_topology_validation
sample-igg-W-59::37,sample-igg-W-59,37,2,True,lt_min_leaves,topological,1,0,1,2,after_topology_validation
sample-igg-W-59::647,sample-igg-W-59,647,2,True,lt_min_leaves,topological,1,0,1,2,after_topology_validation
sample-igg-W-59::392,sample-igg-W-59,392,1,True,lt_min_leaves,topological,1,0,1,2,after_topology_validation
sample-igg-W-59::210,sample-igg-W-59,210,2,True,lt_min_leaves,topological,1,0,1,2,after_topology_validation
sample-igg-W-59::1102,sample-igg-W-59,1102,2,True,lt_min_leaves,topological,1,0,0,2,after_topology_validation
sample-igg-W-59::743,sample-igg-W-59,743,4,True,lt_min_leaves,topological,1,0,2,3,after_topology_validation
sample-igg-W-59::378,sample-igg-W-59,378,3,True,lt_min_leaves,topological,1,0,0,3,after_topology_validation
sample-igg-W-59::430,sample-igg-W-59,430,2,True,lt_min_leaves,topological,1,0,1,2,after_topology_validation
sample-igg-W-59::15,sample-igg-W-59,15,1,True,lt_min_leaves,topological,1,0,0,2,after_topology_validation
sample-igg-W-59::185,sample-igg-W-59,185,1,True,lt_min_leaves,topological,1,0,1,2,after_topology_validation
sample-igg-W-59::499,sample-igg-W-59,499,2,True,lt_min_leaves,topological,1,0,2,2,after_topology_validation
sample-igg-W-59::1181,sample-igg-W-59,1181,1,True,lt_min_leaves,topological,1,0,1,2,after_topology_validation
sample-igg-W-59::325,sample-igg-W-59,325,2,True,lt_min_leaves,topological,1,0,1,2,after_topology_validation
sample-igg-W-59::777,sample-igg-W-59,777,2,True,lt_min_leaves,topological,1,0,1,2,after_topology_validation
sample-igg-W-59::1114,sample-igg-W-59,1114,1,True,lt_min_leaves,topological,1,0,0,2,after_topology_validation
sample-igg-W-59::1060,sample-igg-W-59,1060,2,True,lt_min_leaves,topological,1,0,1,2,after_topology_validation
sample-igg-W-59::1159,sample-igg-W-59,1159,1,True,lt_min_leaves,topological,1,0,0,2,after_topology_validation
sample-igg-W-59::802,sample-igg-W-59,802,1,True,lt_min_leaves,topological,1,0,0,2,after_topology_validation
sample-igg-W-59::990,sample-igg-W-59,990,2,True,lt_min_leaves,topological,1,0,1,2,after_topology_validation
sample-igg-W-59::85,sample-igg-W-59,85,2,True,lt_min_leaves,topological,1,0,1,2,after_topology_validation
sample-igg-W-59::279,sample-igg-W-59,279,2,True,lt_min_leaves,topological,1,0,1,2,after_topology_validation
sample-igg-W-59::687,sample-igg-W-59,687,2,True,lt_min_leaves,topological,1,0,2,2,after_topology_validation
sample-igg-W-59::736,sample-igg-W-59,736,4,True,lt_min_leaves,topological,1,0,3,3,after_topology_validation
sample-igg-W-59::424,sample-igg-W-59,424,4,True,lt_min_leaves,topological,1,0,2,3,after_topology_validation
sample-igg-W-59::631,sample-igg-W-59,631,1,True,lt_min_leaves,topological,1,0,0,2,after_topology_validation
sample-igg-W-59::56,sample-igg-W-59,56,2,True,lt_min_leaves,topological,1,0,1,2,after_topology_validation
sample-igg-W-59::27,sample-igg-W-59,27,1,True,lt_min_leaves,topological,1,0,1,2,after_topology_validation
sample-igg-W-59::988,sample-igg-W-59,988,1,True,lt_min_leaves,topological,1,0,1,2,after_topology_validation
sample-igg-W-59::310,sample-igg-W-59,310,2,True,lt_min_leaves,topological,1,0,1,2,after_topology_validation
sample-igg-W-59::196,sample-igg-W-59,196,1,True,lt_min_leaves,topological,1,0,0,2,after_topology_validation
sample-igg-W-59::619,sample-igg-W-59,619,1,True,lt_min_leaves,topological,1,0,0,2,after_topology_validation
sample-igg-W-59::373,sample-igg-W-59,373,1,True,lt_min_leaves,topological,1,0,1,2,after_topology_validation
sample-igg-W-59::376,sample-igg-W-59,376,2,True,lt_min_leaves,topological,1,0,2,2,after_topology_validation
sample-igg-W-59::227,sample-igg-W-59,227,1,True,lt_min_leaves,topological,1,0,0,2,after_topology_validation
sample-igg-W-59::968,sample-igg-W-59,968,1,True,lt_min_leaves,topological,1,0,1,2,after_topology_validation
sample-igg-W-59::548,sample-igg-W-59,548,2,True,lt_min_leaves,topological,1,0,1,2,after_topology_validation
sample-igg-W-59::1045,sample-igg-W-59,1045,1,True,lt_min_leaves,topological,1,0,1,2,after_topology_validation
sample-igg-W-59::648,sample-igg-W-59,648,1,True,lt_min_leaves,topological,1,0,1,2,after_topology_validation
sample-igg-W-59::572,sample-igg-W-59,572,1,True,lt_min_leaves,topological,1,0,1,2,after_topology_validation
sample-igg-W-59::334,sample-igg-W-59,334,1,True,lt_min_leaves,topological,1,0,1,2,after_topology_validation
sample-igg-W-59::617,sample-igg-W-59,617,2,True,lt_min_leaves,topological,1,0,0,2,after_topology_validation
sample-igg-W-59::581,sample-igg-W-59,581,2,True,lt_min_leaves,topological,1,0,1,2,after_topology_validation
sample-igg-W-59::1135,sample-igg-W-59,1135,2,True,lt_min_leaves,topological,1,0,2,2,after_topology_validation
sample-igg-W-59::200,sample-igg-W-59,200,2,True,lt_min_leaves,topological,1,0,0,2,after_topology_validation
sample-igg-W-59::1044,sample-igg-W-59,1044,2,True,lt_min_leaves,topological,1,0,0,2,after_topology_validation
sample-igg-W-59::583,sample-igg-W-59,583,2,True,lt_min_leaves,topological,1,0,0,2,after_topology_validation
sample-igg-W-59::352,sample-igg-W-59,352,2,True,lt_min_leaves,topological,1,0,1,2,after_topology_validation
sample-igg-W-59::509,sample-igg-W-59,509,2,True,lt_min_leaves,topological,1,0,1,2,after_topology_validation
sample-igg-W-59::757,sample-igg-W-59,757,1,True,lt_min_leaves,topological,1,0,0,2,after_topology_validation
sample-igg-W-59::166,sample-igg-W-59,166,6,True,lt_min_leaves,topological,1,0,2,4,after_topology_validation
sample-igg-W-59::360,sample-igg-W-59,360,3,True,lt_min_leaves,topological,1,0,0,3,after_topology_validation
sample-igg-W-59::484,sample-igg-W-59,484,4,True,lt_min_leaves,topological,1,0,0,3,after_topology_validation
sample-igg-W-59::734,sample-igg-W-59,734,9,True,multi_root_no_usable_naive,,3,0,0,6,raw_families
sample-igg-W-59::980,sample-igg-W-59,980,2,True,lt_min_leaves,topological,1,0,0,2,after_topology_validation
sample-igg-W-59::748,sample-igg-W-59,748,8,True,lt_min_leaves,topological,1,0,2,4,after_topology_validation
sample-igg-W-59::416,sample-igg-W-59,416,7,True,lt_min_leaves,topological,1,0,0,4,after_topology_validation
sample-igg-W-59::297,sample-igg-W-59,297,2,True,lt_min_leaves,topological,1,0,0,2,after_topology_validation
sample-igg-W-59::550,sample-igg-W-59,550,3,True,lt_min_leaves,topological,1,0,1,3,after_topology_validation
sample-igg-W-59::1176,sample-igg-W-59,1176,2,True,lt_min_leaves,topological,1,0,0,3,after_topology_validation
sample-igg-W-59::182,sample-igg-W-59,182,3,True,lt_min_leaves,topological,1,0,0,3,after_topology_validation
sample-igg-W-59::81,sample-igg-W-59,81,2,True,lt_min_leaves,topological,1,0,1,2,after_topology_validation
sample-igg-W-59::112,sample-igg-W-59,112,1,True,lt_min_leaves,topological,1,0,1,2,after_topology_validation
sample-igg-W-59::47,sample-igg-W-59,47,4,True,lt_min_leaves,topological,1,0,2,3,after_topology_validation
sample-igg-W-59::389,sample-igg-W-59,389,1,True,lt_min_leaves,topological,1,0,1,2,after_topology_validation
sample-igg-W-59::29,sample-igg-W-59,29,3,True,lt_min_leaves,topological,1,0,1,3,after_topology_validation
sample-igg-W-59::967,sample-igg-W-59,967,3,True,multi_root_no_usable_naive,,2,0,0,4,raw_families
sample-igg-W-59::782,sample-igg-W-59,782,1,True,lt_min_leaves,topological,1,0,1,2,after_topology_validation
sample-igg-W-59::431,sample-igg-W-59,431,2,True,lt_min_leaves,topological,1,0,0,2,after_topology_validation
sample-igg-W-59::314,sample-igg-W-59,314,2,True,lt_min_leaves,topological,1,0,0,2,after_topology_validation
sample-igg-W-59::410,sample-igg-W-59,410,2,True,lt_min_leaves,topological,1,0,0,2,after_topology_validation
sample-igg-W-59::607,sample-igg-W-59,607,2,True,lt_min_leaves,topological,1,0,0,2,after_topology_validation
sample-igg-W-59::558,sample-igg-W-59,558,3,True,lt_min_leaves,topological,1,0,2,3,after_topology_validation
sample-igg-W-59::471,sample-igg-W-59,471,15,True,multi_root_no_usable_naive,,4,0,0,7,raw_families
sample-igg-W-59::351,sample-igg-W-59,351,10,True,lt_min_leaves,topological,1,0,2,5,after_topology_validation
sample-igg-W-59::181,sample-igg-W-59,181,4,True,lt_min_leaves,topological,1,0,0,3,after_topology_validation
sample-igg-W-59::498,sample-igg-W-59,498,4,True,lt_min_leaves,topological,1,0,0,3,after_topology_validation
sample-igg-W-59::259,sample-igg-W-59,259,2,True,lt_min_leaves,topological,1,0,0,2,after_topology_validation
sample-igg-W-59::603,sample-igg-W-59,603,7,True,lt_min_leaves,topological,1,0,0,5,after_topology_validation
sample-igg-W-59::398,sample-igg-W-59,398,6,True,multi_root_no_usable_naive,,2,0,0,5,raw_families
sample-igg-W-59::517,sample-igg-W-59,517,4,True,lt_min_leaves,topological,1,0,1,3,after_topology_validation
sample-igg-W-59::1041,sample-igg-W-59,1041,5,True,lt_min_leaves,topological,1,0,1,3,after_topology_validation
sample-igg-W-59::776,sample-igg-W-59,776,1,True,lt_min_leaves,topological,1,0,0,2,after_topology_validation
sample-igg-W-59::669,sample-igg-W-59,669,5,True,lt_min_leaves,topological,1,0,2,4,after_topology_validation
sample-igg-W-59::64,sample-igg-W-59,64,4,True,lt_min_leaves,topological,1,0,0,3,after_topology_validation
sample-igg-W-59::157,sample-igg-W-59,157,1,True,lt_min_leaves,topological,1,0,1,2,after_topology_validation
sample-igg-W-59::45,sample-igg-W-59,45,8,True,multi_root_no_usable_naive,,2,0,0,6,raw_families
sample-igg-W-59::154,sample-igg-W-59,154,2,True,lt_min_leaves,topological,1,0,0,2,after_topology_validation
sample-igg-W-59::87,sample-igg-W-59,87,1,True,lt_min_leaves,topological,1,0,1,2,after_topology_validation
sample-igg-W-3::1145,sample-igg-W-3,1145,2,True,lt_min_leaves,topological,1,0,1,2,after_topology_validation
sample-igg-W-3::61,sample-igg-W-3,61,1,True,lt_min_leaves,topological,1,0,1,2,after_topology_validation
sample-igg-W-3::312,sample-igg-W-3,312,1,True,lt_min_leaves,topological,1,0,1,2,after_topology_validation
sample-igg-W-3::588,sample-igg-W-3,588,2,True,lt_min_leaves,topological,1,0,0,2,after_topology_validation
sample-igg-W-3::330,sample-igg-W-3,330,2,True,lt_min_leaves,topological,1,0,1,2,after_topology_validation
sample-igg-W-3::471,sample-igg-W-3,471,2,True,lt_min_leaves,topological,1,0,1,2,after_topology_validation
sample-igg-W-3::1092,sample-igg-W-3,1092,2,True,lt_min_leaves,topological,1,0,2,2,after_topology_validation
sample-igg-W-3::1280,sample-igg-W-3,1280,2,True,lt_min_leaves,topological,1,0,0,2,after_topology_validation
sample-igg-W-3::539,sample-igg-W-3,539,1,True,lt_min_leaves,topological,1,0,1,2,after_topology_validation
sample-igg-W-3::713,sample-igg-W-3,713,2,True,lt_min_leaves,topological,1,0,1,2,after_topology_validation
sample-igg-W-3::488,sample-igg-W-3,488,1,True,lt_min_leaves,topological,1,0,1,2,after_topology_validation
sample-igg-W-3::393,sample-igg-W-3,393,2,True,lt_min_leaves,topological,1,0,1,2,after_topology_validation
sample-igg-W-3::1255,sample-igg-W-3,1255,1,True,lt_min_leaves,topological,1,0,1,2,after_topology_validation
sample-igg-W-3::839,sample-igg-W-3,839,2,True,lt_min_leaves,topological,1,0,2,2,after_topology_validation
sample-igg-W-3::837,sample-igg-W-3,837,2,True,lt_min_leaves,topological,1,0,0,2,after_topology_validation
sample-igg-W-3::626,sample-igg-W-3,626,1,True,lt_min_leaves,topological,1,0,1,2,after_topology_validation
sample-igg-W-3::532,sample-igg-W-3,532,1,True,lt_min_leaves,topological,1,0,1,2,after_topology_validation
sample-igg-W-3::1010,sample-igg-W-3,1010,2,True,lt_min_leaves,topological,1,0,1,2,after_topology_validation
sample-igg-W-3::1202,sample-igg-W-3,1202,2,True,lt_min_leaves,topological,1,0,1,2,after_topology_validation
sample-igg-W-3::128,sample-igg-W-3,128,1,True,lt_min_leaves,topological,1,0,0,2,after_topology_validation
sample-igg-W-3::1285,sample-igg-W-3,1285,2,True,lt_min_leaves,topological,1,0,1,2,after_topology_validation
sample-igg-W-3::565,sample-igg-W-3,565,1,True,lt_min_leaves,topological,1,0,0,2,after_topology_validation
sample-igg-W-3::195,sample-igg-W-3,195,4,True,lt_min_leaves,topological,1,0,3,3,after_topology_validation
sample-igg-W-3::933,sample-igg-W-3,933,2,True,lt_min_leaves,topological,1,0,2,2,after_topology_validation
sample-igg-W-3::901,sample-igg-W-3,901,2,True,lt_min_leaves,topological,1,0,1,2,after_topology_validation
sample-igg-W-3::278,sample-igg-W-3,278,1,True,lt_min_leaves,topological,1,0,1,2,after_topology_validation
sample-igg-W-3::1116,sample-igg-W-3,1116,3,True,lt_min_leaves,topological,1,0,2,3,after_topology_validation
sample-igg-W-3::416,sample-igg-W-3,416,1,True,lt_min_leaves,topological,1,0,1,2,after_topology_validation
sample-igg-W-3::49,sample-igg-W-3,49,2,True,lt_min_leaves,topological,1,0,2,2,after_topology_validation
sample-igg-W-3::1230,sample-igg-W-3,1230,4,True,lt_min_leaves,topological,1,0,2,3,after_topology_validation
sample-igg-W-3::234,sample-igg-W-3,234,1,True,lt_min_leaves,topological,1,0,1,2,after_topology_validation
sample-igg-W-3::233,sample-igg-W-3,233,2,True,lt_min_leaves,topological,1,0,1,2,after_topology_validation
sample-igg-W-3::270,sample-igg-W-3,270,2,True,lt_min_leaves,topological,1,0,1,2,after_topology_validation
sample-igg-W-3::1040,sample-igg-W-3,1040,2,True,lt_min_leaves,topological,1,0,2,2,after_topology_validation
sample-igg-W-3::963,sample-igg-W-3,963,2,True,lt_min_leaves,topological,1,0,2,2,after_topology_validation
sample-igg-W-3::835,sample-igg-W-3,835,1,True,lt_min_leaves,topological,1,0,1,2,after_topology_validation
sample-igg-W-3::177,sample-igg-W-3,177,2,True,lt_min_leaves,topological,1,0,1,2,after_topology_validation
sample-igg-W-3::695,sample-igg-W-3,695,1,True,lt_min_leaves,topological,1,0,1,2,after_topology_validation
sample-igg-W-3::143,sample-igg-W-3,143,2,True,lt_min_leaves,topological,1,0,2,2,after_topology_validation
sample-igg-W-3::390,sample-igg-W-3,390,1,True,lt_min_leaves,topological,1,0,1,2,after_topology_validation
sample-igg-W-3::544,sample-igg-W-3,544,2,True,lt_min_leaves,topological,1,0,2,2,after_topology_validation
sample-igg-W-3::814,sample-igg-W-3,814,2,True,lt_min_leaves,topological,1,0,0,2,after_topology_validation
sample-igg-W-3::1274,sample-igg-W-3,1274,1,True,lt_min_leaves,topological,1,0,1,2,after_topology_validation
sample-igg-W-3::186,sample-igg-W-3,186,2,True,lt_min_leaves,topological,1,0,0,2,after_topology_validation
sample-igg-W-3::637,sample-igg-W-3,637,1,True,lt_min_leaves,topological,1,0,1,2,after_topology_validation
sample-igg-W-3::850,sample-igg-W-3,850,1,True,lt_min_leaves,topological,1,0,1,2,after_topology_validation
sample-igg-W-3::81,sample-igg-W-3,81,2,True,lt_min_leaves,topological,1,0,2,2,after_topology_validation
sample-igg-W-3::272,sample-igg-W-3,272,1,True,lt_min_leaves,topological,1,0,1,2,after_topology_validation
sample-igg-W-3::314,sample-igg-W-3,314,2,True,lt_min_leaves,topological,1,0,1,2,after_topology_validation
sample-igg-W-3::730,sample-igg-W-3,730,2,True,lt_min_leaves,topological,1,0,1,2,after_topology_validation
sample-igg-W-3::574,sample-igg-W-3,574,2,True,lt_min_leaves,topological,1,0,1,2,after_topology_validation
sample-igg-W-3::156,sample-igg-W-3,156,1,True,lt_min_leaves,topological,1,0,1,2,after_topology_validation
sample-igg-W-3::1014,sample-igg-W-3,1014,2,True,lt_min_leaves,topological,1,0,1,2,after_topology_validation
sample-igg-W-3::374,sample-igg-W-3,374,3,True,lt_min_leaves,topological,1,0,1,3,after_topology_validation
sample-igg-W-3::247,sample-igg-W-3,247,2,True,lt_min_leaves,topological,1,0,1,2,after_topology_validation
sample-igg-W-3::1046,sample-igg-W-3,1046,1,True,lt_min_leaves,topological,1,0,1,2,after_topology_validation
sample-igg-W-3::385,sample-igg-W-3,385,2,True,lt_min_leaves,topological,1,0,0,2,after_topology_validation
sample-igg-W-3::945,sample-igg-W-3,945,1,True,lt_min_leaves,topological,1,0,1,2,after_topology_validation
sample-igg-W-3::120,sample-igg-W-3,120,2,True,lt_min_leaves,topological,1,0,2,2,after_topology_validation
sample-igg-W-3::870,sample-igg-W-3,870,2,True,lt_min_leaves,topological,1,0,2,2,after_topology_validation
sample-igg-W-3::869,sample-igg-W-3,869,2,True,lt_min_leaves,topological,1,0,1,2,after_topology_validation
sample-igg-W-3::1080,sample-igg-W-3,1080,2,True,lt_min_leaves,topological,1,0,1,2,after_topology_validation
sample-igg-W-3::1140,sample-igg-W-3,1140,2,True,lt_min_leaves,topological,1,0,1,2,after_topology_validation
sample-igg-W-3::792,sample-igg-W-3,792,3,True,lt_min_leaves,topological,1,0,2,3,after_topology_validation
sample-igg-W-3::173,sample-igg-W-3,173,2,True,lt_min_leaves,topological,1,0,1,3,after_topology_validation
sample-igg-W-3::786,sample-igg-W-3,786,1,True,lt_min_leaves,topological,1,0,1,2,after_topology_validation
sample-igg-W-3::1142,sample-igg-W-3,1142,3,True,lt_min_leaves,topological,1,0,1,3,after_topology_validation
sample-igg-W-3::40,sample-igg-W-3,40,1,True,lt_min_leaves,topological,1,0,1,2,after_topology_validation
sample-igg-W-3::259,sample-igg-W-3,259,2,True,lt_min_leaves,topological,1,0,1,2,after_topology_validation
sample-igg-W-3::456,sample-igg-W-3,456,2,True,lt_min_leaves,topological,1,0,2,2,after_topology_validation
sample-igg-W-3::343,sample-igg-W-3,343,1,True,lt_min_leaves,topological,1,0,1,2,after_topology_validation
sample-igg-W-3::277,sample-igg-W-3,277,2,True,lt_min_leaves,topological,1,0,2,2,after_topology_validation
sample-igg-W-3::59,sample-igg-W-3,59,2,True,lt_min_leaves,topological,1,0,2,2,after_topology_validation
sample-igg-W-3::1223,sample-igg-W-3,1223,2,True,lt_min_leaves,topological,1,0,2,2,after_topology_validation
sample-igg-W-3::467,sample-igg-W-3,467,2,True,lt_min_leaves,topological,1,0,1,2,after_topology_validation
sample-igg-W-3::101,sample-igg-W-3,101,1,True,lt_min_leaves,topological,1,0,1,2,after_topology_validation
sample-igg-W-3::746,sample-igg-W-3,746,1,True,lt_min_leaves,topological,1,0,1,2,after_topology_validation
sample-igg-W-3::753,sample-igg-W-3,753,1,True,lt_min_leaves,topological,1,0,1,2,after_topology_validation
sample-igg-W-3::257,sample-igg-W-3,257,2,True,lt_min_leaves,topological,1,0,0,2,after_topology_validation
sample-igg-W-3::714,sample-igg-W-3,714,4,True,multi_root_no_usable_naive,,3,0,0,4,raw_families
sample-igg-W-3::298,sample-igg-W-3,298,1,True,lt_min_leaves,topological,1,0,1,2,after_topology_validation
sample-igg-W-3::26,sample-igg-W-3,26,2,True,lt_min_leaves,topological,1,0,0,2,after_topology_validation
sample-igg-W-3::926,sample-igg-W-3,926,2,True,lt_min_leaves,topological,1,0,0,2,after_topology_validation
sample-igg-W-3::1161,sample-igg-W-3,1161,1,True,lt_min_leaves,topological,1,0,0,2,after_topology_validation
sample-igg-W-3::880,sample-igg-W-3,880,3,True,lt_min_leaves,topological,1,0,1,3,after_topology_validation
sample-igg-W-3::937,sample-igg-W-3,937,1,True,lt_min_leaves,topological,1,0,0,2,after_topology_validation
sample-igg-W-3::665,sample-igg-W-3,665,5,True,lt_min_leaves,topological,1,0,1,3,after_topology_validation
sample-igg-W-3::311,sample-igg-W-3,311,2,True,lt_min_leaves,topological,1,0,0,2,after_topology_validation
sample-igg-W-3::308,sample-igg-W-3,308,2,True,lt_min_leaves,topological,1,0,1,2,after_topology_validation
sample-igg-W-3::230,sample-igg-W-3,230,3,True,lt_min_leaves,topological,1,0,1,3,after_topology_validation
sample-igg-W-3::1068,sample-igg-W-3,1068,2,True,multi_root_no_usable_naive,,2,0,0,3,raw_families
sample-igg-W-3::993,sample-igg-W-3,993,4,True,lt_min_leaves,topological,1,0,1,3,after_topology_validation
sample-igg-W-3::1042,sample-igg-W-3,1042,2,True,lt_min_leaves,topological,1,0,1,2,after_topology_validation
sample-igg-W-3::33,sample-igg-W-3,33,1,True,lt_min_leaves,topological,1,0,0,2,after_topology_validation
sample-igg-W-3::6,sample-igg-W-3,6,3,True,multi_root_no_usable_naive,,2,0,0,4,raw_families
sample-igg-W-3::545,sample-igg-W-3,545,2,True,lt_min_leaves,topological,1,0,0,2,after_topology_validation
sample-igg-W-3::365,sample-igg-W-3,365,6,True,lt_min_leaves,topological,1,0,1,4,after_topology_validation
sample-igg-W-3::276,sample-igg-W-3,276,4,True,lt_min_leaves,topological,1,0,0,3,after_topology_validation
sample-igg-W-3::731,sample-igg-W-3,731,2,True,lt_min_leaves,topological,1,0,1,2,after_topology_validation
sample-igg-W-3::268,sample-igg-W-3,268,3,True,lt_min_leaves,topological,1,0,0,3,after_topology_validation
sample-igg-W-3::905,sample-igg-W-3,905,4,True,lt_min_leaves,topological,1,0,1,3,after_topology_validation
sample-igg-W-3::96,sample-igg-W-3,96,2,True,lt_min_leaves,topological,1,0,1,2,after_topology_validation
sample-igg-W-3::52,sample-igg-W-3,52,5,True,lt_min_leaves,topological,1,0,1,4,after_topology_validation
sample-igg-W-3::530,sample-igg-W-3,530,4,True,lt_min_leaves,topological,1,0,2,3,after_topology_validation
sample-igg-W-3::30,sample-igg-W-3,30,1,True,lt_min_leaves,topological,1,0,0,2,after_topology_validation
sample-igg-W-3::200,sample-igg-W-3,200,3,True,lt_min_leaves,topological,1,0,1,3,after_topology_validation
sample-igg-W-3::613,sample-igg-W-3,613,1,True,lt_min_leaves,topological,1,0,1,2,after_topology_validation
sample-igg-W-3::1009,sample-igg-W-3,1009,1,True,lt_min_leaves,topological,1,0,1,2,after_topology_validation
sample-igg-W-3::235,sample-igg-W-3,235,5,True,lt_min_leaves,topological,1,0,1,3,after_topology_validation
sample-igg-W-3::282,sample-igg-W-3,282,1,True,lt_min_leaves,topological,1,0,1,2,after_topology_validation
sample-igg-W-3::342,sample-igg-W-3,342,1,True,lt_min_leaves,topological,1,0,0,2,after_topology_validation
sample-igg-W-3::1124,sample-igg-W-3,1124,3,True,lt_min_leaves,topological,1,0,2,3,after_topology_validation
sample-igg-W-3::370,sample-igg-W-3,370,6,True,lt_min_leaves,topological,1,0,1,4,after_topology_validation
sample-igg-W-3::425,sample-igg-W-3,425,2,True,lt_min_leaves,topological,1,0,0,2,after_topology_validation
sample-igg-W-3::293,sample-igg-W-3,293,2,True,lt_min_leaves,topological,1,0,0,2,after_topology_validation
sample-igg-W-3::169,sample-igg-W-3,169,2,True,lt_min_leaves,topological,1,0,0,2,after_topology_validation
sample-igg-W-3::271,sample-igg-W-3,271,11,True,multi_root_no_usable_naive,,2,0,0,5,raw_families
sample-igg-W-3::368,sample-igg-W-3,368,5,True,lt_min_leaves,topological,1,0,3,3,after_topology_validation
sample-igg-W-3::238,sample-igg-W-3,238,2,True,lt_min_leaves,topological,1,0,0,2,after_topology_validation
sample-igg-W-3::768,sample-igg-W-3,768,21,False,,topological,1,0,4,10,final_eligible
sample-igg-W-3::919,sample-igg-W-3,919,4,True,lt_min_leaves,topological,1,0,2,3,after_topology_validation
sample-igg-W-3::15,sample-igg-W-3,15,4,True,lt_min_leaves,topological,1,0,1,3,after_topology_validation
sample-igg-W-9::294,sample-igg-W-9,294,1,True,lt_min_leaves,topological,1,0,1,2,after_topology_validation
sample-igg-W-9::407,sample-igg-W-9,407,4,True,lt_min_leaves,topological,1,0,2,3,after_topology_validation
sample-igg-W-9::132,sample-igg-W-9,132,2,True,lt_min_leaves,topological,1,0,1,2,after_topology_validation
sample-igg-W-9::902,sample-igg-W-9,902,2,True,lt_min_leaves,topological,1,0,2,2,after_topology_validation
sample-igg-W-9::988,sample-igg-W-9,988,1,True,lt_min_leaves,topological,1,0,0,2,after_topology_validation
sample-igg-W-9::670,sample-igg-W-9,670,2,True,lt_min_leaves,topological,1,0,2,2,after_topology_validation
sample-igg-W-9::678,sample-igg-W-9,678,1,True,lt_min_leaves,topological,1,0,1,2,after_topology_validation
sample-igg-W-9::667,sample-igg-W-9,667,1,True,lt_min_leaves,topological,1,0,1,2,after_topology_validation
sample-igg-W-9::439,sample-igg-W-9,439,1,True,lt_min_leaves,topological,1,0,1,2,after_topology_validation
sample-igg-W-9::20,sample-igg-W-9,20,4,True,lt_min_leaves,topological,1,0,3,3,after_topology_validation
sample-igg-W-9::633,sample-igg-W-9,633,1,True,lt_min_leaves,topological,1,0,1,2,after_topology_validation
sample-igg-W-9::625,sample-igg-W-9,625,2,True,lt_min_leaves,topological,1,0,1,2,after_topology_validation
sample-igg-W-9::686,sample-igg-W-9,686,2,True,lt_min_leaves,topological,1,0,1,2,after_topology_validation
sample-igg-W-9::6,sample-igg-W-9,6,2,True,lt_min_leaves,topological,1,0,0,2,after_topology_validation
sample-igg-W-9::515,sample-igg-W-9,515,2,True,lt_min_leaves,topological,1,0,1,2,after_topology_validation
sample-igg-W-9::740,sample-igg-W-9,740,2,True,lt_min_leaves,topological,1,0,1,2,after_topology_validation
sample-igg-W-9::932,sample-igg-W-9,932,2,True,lt_min_leaves,topological,1,0,2,2,after_topology_validation
sample-igg-W-9::310,sample-igg-W-9,310,4,True,lt_min_leaves,topological,1,0,2,3,after_topology_validation
sample-igg-W-9::1050,sample-igg-W-9,1050,2,True,lt_min_leaves,topological,1,0,1,2,after_topology_validation
sample-igg-W-9::413,sample-igg-W-9,413,2,True,lt_min_leaves,topological,1,0,1,2,after_topology_validation
sample-igg-W-9::36,sample-igg-W-9,36,2,True,lt_min_leaves,topological,1,0,1,2,after_topology_validation
sample-igg-W-9::403,sample-igg-W-9,403,2,True,lt_min_leaves,topological,1,0,1,2,after_topology_validation
sample-igg-W-9::61,sample-igg-W-9,61,2,True,lt_min_leaves,topological,1,0,1,2,after_topology_validation
sample-igg-W-9::921,sample-igg-W-9,921,1,True,lt_min_leaves,topological,1,0,1,2,after_topology_validation
sample-igg-W-9::650,sample-igg-W-9,650,2,True,lt_min_leaves,topological,1,0,2,2,after_topology_validation
sample-igg-W-9::305,sample-igg-W-9,305,1,True,lt_min_leaves,topological,1,0,1,2,after_topology_validation
sample-igg-W-9::398,sample-igg-W-9,398,2,True,lt_min_leaves,topological,1,0,1,2,after_topology_validation
sample-igg-W-9::864,sample-igg-W-9,864,2,True,lt_min_leaves,topological,1,0,2,2,after_topology_validation
sample-igg-W-9::555,sample-igg-W-9,555,1,True,lt_min_leaves,topological,1,0,1,2,after_topology_validation
sample-igg-W-9::820,sample-igg-W-9,820,2,True,lt_min_leaves,topological,1,0,1,2,after_topology_validation
sample-igg-W-9::117,sample-igg-W-9,117,2,True,lt_min_leaves,topological,1,0,1,2,after_topology_validation
sample-igg-W-9::405,sample-igg-W-9,405,1,True,lt_min_leaves,topological,1,0,1,2,after_topology_validation
sample-igg-W-9::665,sample-igg-W-9,665,2,True,lt_min_leaves,topological,1,0,0,2,after_topology_validation
sample-igg-W-9::578,sample-igg-W-9,578,2,True,lt_min_leaves,topological,1,0,2,2,after_topology_validation
sample-igg-W-9::244,sample-igg-W-9,244,4,True,lt_min_leaves,topological,1,0,1,3,after_topology_validation
sample-igg-W-9::852,sample-igg-W-9,852,2,True,lt_min_leaves,topological,1,0,0,2,after_topology_validation
sample-igg-W-9::1033,sample-igg-W-9,1033,2,True,lt_min_leaves,topological,1,0,1,2,after_topology_validation
sample-igg-W-9::89,sample-igg-W-9,89,4,True,lt_min_leaves,topological,1,0,3,3,after_topology_validation
sample-igg-W-9::739,sample-igg-W-9,739,5,True,lt_min_leaves,topological,1,0,3,4,after_topology_validation
sample-igg-W-9::297,sample-igg-W-9,297,2,True,lt_min_leaves,topological,1,0,1,2,after_topology_validation
sample-igg-W-9::135,sample-igg-W-9,135,2,True,lt_min_leaves,topological,1,0,2,2,after_topology_validation
sample-igg-W-9::795,sample-igg-W-9,795,2,True,lt_min_leaves,topological,1,0,2,2,after_topology_validation
sample-igg-W-9::590,sample-igg-W-9,590,2,True,lt_min_leaves,topological,1,0,2,2,after_topology_validation
sample-igg-W-9::777,sample-igg-W-9,777,2,True,lt_min_leaves,topological,1,0,2,2,after_topology_validation
sample-igg-W-9::519,sample-igg-W-9,519,2,True,lt_min_leaves,topological,1,0,1,2,after_topology_validation
sample-igg-W-9::496,sample-igg-W-9,496,2,True,lt_min_leaves,topological,1,0,2,2,after_topology_validation
sample-igg-W-9::351,sample-igg-W-9,351,1,True,lt_min_leaves,topological,1,0,1,2,after_topology_validation
sample-igg-W-9::63,sample-igg-W-9,63,4,True,multi_root_no_usable_naive,,2,0,0,4,raw_families
sample-igg-W-9::80,sample-igg-W-9,80,2,True,lt_min_leaves,topological,1,0,1,2,after_topology_validation
sample-igg-W-9::484,sample-igg-W-9,484,2,True,lt_min_leaves,topological,1,0,0,2,after_topology_validation
sample-igg-W-9::994,sample-igg-W-9,994,2,True,lt_min_leaves,topological,1,0,2,2,after_topology_validation
sample-igg-W-9::375,sample-igg-W-9,375,4,True,lt_min_leaves,topological,1,0,2,3,after_topology_validation
sample-igg-W-9::552,sample-igg-W-9,552,1,True,lt_min_leaves,topological,1,0,1,2,after_topology_validation
sample-igg-W-9::32,sample-igg-W-9,32,1,True,lt_min_leaves,topological,1,0,1,2,after_topology_validation
sample-igg-W-9::962,sample-igg-W-9,962,1,True,lt_min_leaves,topological,1,0,1,2,after_topology_validation
sample-igg-W-9::1014,sample-igg-W-9,1014,1,True,lt_min_leaves,topological,1,0,1,2,after_topology_validation
sample-igg-W-9::969,sample-igg-W-9,969,2,True,lt_min_leaves,topological,1,0,2,2,after_topology_validation
sample-igg-W-9::1030,sample-igg-W-9,1030,1,True,lt_min_leaves,topological,1,0,0,2,after_topology_validation
sample-igg-W-9::218,sample-igg-W-9,218,4,True,lt_min_leaves,topological,1,0,3,3,after_topology_validation
sample-igg-W-9::250,sample-igg-W-9,250,2,True,lt_min_leaves,topological,1,0,2,2,after_topology_validation
sample-igg-W-9::269,sample-igg-W-9,269,2,True,lt_min_leaves,topological,1,0,2,2,after_topology_validation
sample-igg-W-9::685,sample-igg-W-9,685,2,True,lt_min_leaves,topological,1,0,2,2,after_topology_validation
sample-igg-W-9::518,sample-igg-W-9,518,2,True,lt_min_leaves,topological,1,0,1,2,after_topology_validation
sample-igg-W-9::59,sample-igg-W-9,59,2,True,lt_min_leaves,topological,1,0,2,2,after_topology_validation
sample-igg-W-9::231,sample-igg-W-9,231,1,True,lt_min_leaves,topological,1,0,1,2,after_topology_validation
sample-igg-W-9::186,sample-igg-W-9,186,7,False,,topological,1,0,4,5,final_eligible
sample-igg-W-9::207,sample-igg-W-9,207,2,True,lt_min_leaves,topological,1,0,2,2,after_topology_validation
sample-igg-W-9::230,sample-igg-W-9,230,1,True,lt_min_leaves,topological,1,0,1,2,after_topology_validation
sample-igg-W-9::340,sample-igg-W-9,340,2,True,lt_min_leaves,topological,1,0,1,2,after_topology_validation
sample-igg-W-9::362,sample-igg-W-9,362,2,True,lt_min_leaves,topological,1,0,2,2,after_topology_validation
sample-igg-W-9::283,sample-igg-W-9,283,4,True,multi_root_no_usable_naive,,2,0,0,4,raw_families
sample-igg-W-9::697,sample-igg-W-9,697,1,True,lt_min_leaves,topological,1,0,1,2,after_topology_validation
sample-igg-W-9::304,sample-igg-W-9,304,2,True,lt_min_leaves,topological,1,0,2,2,after_topology_validation
sample-igg-W-9::1022,sample-igg-W-9,1022,1,True,lt_min_leaves,topological,1,0,1,2,after_topology_validation
sample-igg-W-9::673,sample-igg-W-9,673,2,True,lt_min_leaves,topological,1,0,2,2,after_topology_validation
sample-igg-W-9::325,sample-igg-W-9,325,4,True,lt_min_leaves,topological,1,0,2,3,after_topology_validation
sample-igg-W-9::469,sample-igg-W-9,469,2,True,lt_min_leaves,topological,1,0,0,2,after_topology_validation
sample-igg-W-9::984,sample-igg-W-9,984,3,True,lt_min_leaves,topological,1,0,2,3,after_topology_validation
sample-igg-W-9::77,sample-igg-W-9,77,4,True,lt_min_leaves,topological,1,0,1,3,after_topology_validation
sample-igg-W-9::217,sample-igg-W-9,217,1,True,lt_min_leaves,topological,1,0,1,2,after_topology_validation
sample-igg-W-9::115,sample-igg-W-9,115,6,True,lt_min_leaves,topological,1,0,1,3,after_topology_validation
sample-igg-W-9::146,sample-igg-W-9,146,4,True,multi_root_no_usable_naive,,2,0,0,4,raw_families
sample-igg-W-9::436,sample-igg-W-9,436,2,True,lt_min_leaves,topological,1,0,0,2,after_topology_validation
sample-igg-W-9::358,sample-igg-W-9,358,5,True,lt_min_leaves,topological,1,0,1,4,after_topology_validation
sample-igg-W-9::683,sample-igg-W-9,683,5,True,multi_root_no_usable_naive,,4,0,0,9,raw_families
sample-igg-W-9::56,sample-igg-W-9,56,1,True,lt_min_leaves,topological,1,0,0,2,after_topology_validation
sample-igg-W-9::582,sample-igg-W-9,582,7,True,lt_min_leaves,topological,1,0,2,5,after_topology_validation
sample-igg-W-9::69,sample-igg-W-9,69,5,True,lt_min_leaves,topological,1,0,1,4,after_topology_validation
sample-igg-W-9::142,sample-igg-W-9,142,4,True,lt_min_leaves,topological,1,0,1,3,after_topology_validation
sample-igg-W-9::914,sample-igg-W-9,914,2,True,lt_min_leaves,topological,1,0,0,2,after_topology_validation
sample-igg-W-9::452,sample-igg-W-9,452,1,True,lt_min_leaves,topological,1,0,1,2,after_topology_validation
sample-igg-W-9::298,sample-igg-W-9,298,2,True,lt_min_leaves,topological,1,0,1,2,after_topology_validation
sample-igg-W-9::254,sample-igg-W-9,254,3,True,lt_min_leaves,topological,1,0,1,3,after_topology_validation
sample-igg-W-9::155,sample-igg-W-9,155,3,True,lt_min_leaves,topological,1,0,1,3,after_topology_validation
sample-igg-W-9::73,sample-igg-W-9,73,9,False,,topological,1,0,4,5,final_eligible
sample-igg-W-9::285,sample-igg-W-9,285,2,True,multi_root_no_usable_naive,,2,0,0,3,raw_families
sample-igg-W-9::908,sample-igg-W-9,908,2,True,lt_min_leaves,topological,1,0,1,2,after_topology_validation
sample-igg-W-9::94,sample-igg-W-9,94,2,True,lt_min_leaves,topological,1,0,1,2,after_topology_validation
sample-igg-W-9::662,sample-igg-W-9,662,2,True,lt_min_leaves,topological,1,0,1,2,after_topology_validation
sample-igg-W-9::194,sample-igg-W-9,194,4,True,lt_min_leaves,topological,1,0,0,3,after_topology_validation
sample-igg-W-9::130,sample-igg-W-9,130,11,True,multi_root_no_usable_naive,,2,0,0,6,raw_families
sample-igg-W-91::154,sample-igg-W-91,154,1,True,lt_min_leaves,topological,1,0,1,2,after_topology_validation
sample-igg-W-91::159,sample-igg-W-91,159,2,True,lt_min_leaves,topological,1,0,1,2,after_topology_validation
sample-igg-W-91::304,sample-igg-W-91,304,2,True,lt_min_leaves,topological,1,0,1,2,after_topology_validation
sample-igg-W-91::347,sample-igg-W-91,347,1,True,lt_min_leaves,topological,1,0,1,2,after_topology_validation
sample-igg-W-91::388,sample-igg-W-91,388,3,True,lt_min_leaves,topological,1,0,2,3,after_topology_validation
sample-igg-W-91::404,sample-igg-W-91,404,1,True,lt_min_leaves,topological,1,0,0,2,after_topology_validation
sample-igg-W-91::19,sample-igg-W-91,19,7,False,,topological,1,0,4,4,final_eligible
sample-igg-W-91::250,sample-igg-W-91,250,3,True,lt_min_leaves,topological,1,0,1,3,after_topology_validation
sample-igg-W-91::296,sample-igg-W-91,296,1,True,lt_min_leaves,topological,1,0,1,2,after_topology_validation
sample-igg-W-91::91,sample-igg-W-91,91,1,True,lt_min_leaves,topological,1,0,1,2,after_topology_validation
sample-igg-W-91::262,sample-igg-W-91,262,2,True,lt_min_leaves,topological,1,0,1,2,after_topology_validation
sample-igg-W-91::17,sample-igg-W-91,17,2,True,lt_min_leaves,topological,1,0,2,2,after_topology_validation
sample-igg-W-91::422,sample-igg-W-91,422,1,True,lt_min_leaves,topological,1,0,1,2,after_topology_validation
sample-igg-W-91::109,sample-igg-W-91,109,5,True,lt_min_leaves,topological,1,0,3,4,after_topology_validation
sample-igg-W-91::71,sample-igg-W-91,71,2,True,lt_min_leaves,topological,1,0,1,2,after_topology_validation
sample-igg-W-91::177,sample-igg-W-91,177,4,True,lt_min_leaves,topological,1,0,1,3,after_topology_validation
sample-igg-W-91::357,sample-igg-W-91,357,1,True,lt_min_leaves,topological,1,0,0,2,after_topology_validation
sample-igg-W-91::146,sample-igg-W-91,146,4,True,lt_min_leaves,topological,1,0,1,3,after_topology_validation
sample-igg-W-30::2684,sample-igg-W-30,2684,3,True,lt_min_leaves,topological,1,0,2,3,after_topology_validation
sample-igg-W-30::3328,sample-igg-W-30,3328,2,True,lt_min_leaves,topological,1,0,2,2,after_topology_validation
sample-igg-W-30::3782,sample-igg-W-30,3782,1,True,lt_min_leaves,topological,1,0,1,2,after_topology_validation
sample-igg-W-30::780,sample-igg-W-30,780,1,True,lt_min_leaves,topological,1,0,1,2,after_topology_validation
sample-igg-W-30::894,sample-igg-W-30,894,1,True,lt_min_leaves,topological,1,0,1,2,after_topology_validation
sample-igg-W-30::265,sample-igg-W-30,265,2,True,lt_min_leaves,topological,1,0,1,2,after_topology_validation
sample-igg-W-30::1388,sample-igg-W-30,1388,3,True,lt_min_leaves,topological,1,0,1,3,after_topology_validation
sample-igg-W-30::2592,sample-igg-W-30,2592,1,True,lt_min_leaves,topological,1,0,1,2,after_topology_validation
sample-igg-W-30::2381,sample-igg-W-30,2381,1,True,lt_min_leaves,topological,1,0,0,2,after_topology_validation
sample-igg-W-30::2586,sample-igg-W-30,2586,3,True,lt_min_leaves,topological,1,0,1,3,after_topology_validation
sample-igg-W-30::833,sample-igg-W-30,833,3,True,lt_min_leaves,topological,1,0,2,3,after_topology_validation
sample-igg-W-30::2025,sample-igg-W-30,2025,2,True,lt_min_leaves,topological,1,0,0,2,after_topology_validation
sample-igg-W-30::651,sample-igg-W-30,651,2,True,lt_min_leaves,topological,1,0,2,2,after_topology_validation
sample-igg-W-30::1947,sample-igg-W-30,1947,1,True,lt_min_leaves,topological,1,0,1,2,after_topology_validation
sample-igg-W-30::859,sample-igg-W-30,859,6,True,lt_min_leaves,topological,1,0,3,4,after_topology_validation
sample-igg-W-30::2735,sample-igg-W-30,2735,1,True,lt_min_leaves,topological,1,0,1,2,after_topology_validation
sample-igg-W-30::3693,sample-igg-W-30,3693,2,True,lt_min_leaves,topological,1,0,0,2,after_topology_validation
sample-igg-W-30::2313,sample-igg-W-30,2313,1,True,lt_min_leaves,topological,1,0,1,2,after_topology_validation
sample-igg-W-30::1629,sample-igg-W-30,1629,1,True,lt_min_leaves,topological,1,0,1,2,after_topology_validation
sample-igg-W-30::3212,sample-igg-W-30,3212,2,True,lt_min_leaves,topological,1,0,1,2,after_topology_validation
sample-igg-W-30::61,sample-igg-W-30,61,2,True,lt_min_leaves,topological,1,0,1,2,after_topology_validation
sample-igg-W-30::2826,sample-igg-W-30,2826,1,True,lt_min_leaves,topological,1,0,1,2,after_topology_validation
sample-igg-W-30::2588,sample-igg-W-30,2588,2,True,lt_min_leaves,topological,1,0,1,2,after_topology_validation
sample-igg-W-30::17,sample-igg-W-30,17,4,True,lt_min_leaves,topological,1,0,2,3,after_topology_validation
sample-igg-W-30::2804,sample-igg-W-30,2804,2,True,lt_min_leaves,topological,1,0,0,2,after_topology_validation
sample-igg-W-30::1242,sample-igg-W-30,1242,1,True,lt_min_leaves,topological,1,0,1,2,after_topology_validation
sample-igg-W-30::3531,sample-igg-W-30,3531,2,True,lt_min_leaves,topological,1,0,0,2,after_topology_validation
sample-igg-W-30::1153,sample-igg-W-30,1153,2,True,lt_min_leaves,topological,1,0,2,2,after_topology_validation
sample-igg-W-30::782,sample-igg-W-30,782,4,True,lt_min_leaves,topological,1,0,1,3,after_topology_validation
sample-igg-W-30::2976,sample-igg-W-30,2976,1,True,lt_min_leaves,topological,1,0,1,2,after_topology_validation
sample-igg-W-30::485,sample-igg-W-30,485,2,True,lt_min_leaves,topological,1,0,2,2,after_topology_validation
sample-igg-W-30::155,sample-igg-W-30,155,2,True,lt_min_leaves,topological,1,0,2,2,after_topology_validation
sample-igg-W-30::678,sample-igg-W-30,678,2,True,lt_min_leaves,topological,1,0,2,2,after_topology_validation
sample-igg-W-30::2999,sample-igg-W-30,2999,2,True,lt_min_leaves,topological,1,0,2,2,after_topology_validation
sample-igg-W-30::3647,sample-igg-W-30,3647,2,True,lt_min_leaves,topological,1,0,1,2,after_topology_validation
sample-igg-W-30::2608,sample-igg-W-30,2608,2,True,lt_min_leaves,topological,1,0,2,2,after_topology_validation
sample-igg-W-30::1239,sample-igg-W-30,1239,2,True,lt_min_leaves,topological,1,0,1,2,after_topology_validation
sample-igg-W-30::3610,sample-igg-W-30,3610,1,True,lt_min_leaves,topological,1,0,1,2,after_topology_validation
sample-igg-W-30::2141,sample-igg-W-30,2141,3,True,lt_min_leaves,topological,1,0,1,3,after_topology_validation
sample-igg-W-30::1323,sample-igg-W-30,1323,1,True,lt_min_leaves,topological,1,0,1,2,after_topology_validation
sample-igg-W-30::3216,sample-igg-W-30,3216,4,True,lt_min_leaves,topological,1,0,3,3,after_topology_validation
sample-igg-W-30::950,sample-igg-W-30,950,3,True,lt_min_leaves,topological,1,0,2,3,after_topology_validation
sample-igg-W-30::2676,sample-igg-W-30,2676,2,True,lt_min_leaves,topological,1,0,1,2,after_topology_validation
sample-igg-W-30::1580,sample-igg-W-30,1580,2,True,lt_min_leaves,topological,1,0,1,2,after_topology_validation
sample-igg-W-30::2002,sample-igg-W-30,2002,2,True,lt_min_leaves,topological,1,0,0,2,after_topology_validation
sample-igg-W-30::1243,sample-igg-W-30,1243,2,True,lt_min_leaves,topological,1,0,1,2,after_topology_validation
sample-igg-W-30::1709,sample-igg-W-30,1709,1,True,lt_min_leaves,topological,1,0,0,2,after_topology_validation
sample-igg-W-30::914,sample-igg-W-30,914,2,True,lt_min_leaves,topological,1,0,0,3,after_topology_validation
sample-igg-W-30::918,sample-igg-W-30,918,2,True,lt_min_leaves,topological,1,0,1,2,after_topology_validation
sample-igg-W-30::3562,sample-igg-W-30,3562,2,True,lt_min_leaves,topological,1,0,1,2,after_topology_validation
sample-igg-W-30::300,sample-igg-W-30,300,2,True,lt_min_leaves,topological,1,0,0,2,after_topology_validation
sample-igg-W-30::2202,sample-igg-W-30,2202,1,True,lt_min_leaves,topological,1,0,1,2,after_topology_validation
sample-igg-W-30::3136,sample-igg-W-30,3136,2,True,lt_min_leaves,topological,1,0,2,2,after_topology_validation
sample-igg-W-30::1049,sample-igg-W-30,1049,1,True,lt_min_leaves,topological,1,0,1,2,after_topology_validation
sample-igg-W-30::2128,sample-igg-W-30,2128,1,True,lt_min_leaves,topological,1,0,1,2,after_topology_validation
sample-igg-W-30::991,sample-igg-W-30,991,2,True,lt_min_leaves,topological,1,0,1,2,after_topology_validation
sample-igg-W-30::958,sample-igg-W-30,958,1,True,lt_min_leaves,topological,1,0,1,2,after_topology_validation
sample-igg-W-30::556,sample-igg-W-30,556,3,True,lt_min_leaves,topological,1,0,2,3,after_topology_validation
sample-igg-W-30::2971,sample-igg-W-30,2971,3,True,lt_min_leaves,topological,1,0,2,3,after_topology_validation
sample-igg-W-30::766,sample-igg-W-30,766,2,True,lt_min_leaves,topological,1,0,0,2,after_topology_validation
sample-igg-W-30::2512,sample-igg-W-30,2512,1,True,lt_min_leaves,topological,1,0,1,2,after_topology_validation
sample-igg-W-30::1785,sample-igg-W-30,1785,2,True,lt_min_leaves,topological,1,0,0,2,after_topology_validation
sample-igg-W-30::647,sample-igg-W-30,647,1,True,lt_min_leaves,topological,1,0,1,2,after_topology_validation
sample-igg-W-30::2378,sample-igg-W-30,2378,2,True,lt_min_leaves,topological,1,0,1,2,after_topology_validation
sample-igg-W-30::1161,sample-igg-W-30,1161,2,True,lt_min_leaves,topological,1,0,1,2,after_topology_validation
sample-igg-W-30::1445,sample-igg-W-30,1445,1,True,lt_min_leaves,topological,1,0,1,2,after_topology_validation
sample-igg-W-30::3091,sample-igg-W-30,3091,1,True,lt_min_leaves,topological,1,0,1,2,after_topology_validation
sample-igg-W-30::2203,sample-igg-W-30,2203,1,True,lt_min_leaves,topological,1,0,1,2,after_topology_validation
sample-igg-W-30::3449,sample-igg-W-30,3449,2,True,lt_min_leaves,topological,1,0,2,2,after_topology_validation
sample-igg-W-30::932,sample-igg-W-30,932,1,True,lt_min_leaves,topological,1,0,1,2,after_topology_validation
sample-igg-W-30::758,sample-igg-W-30,758,2,True,lt_min_leaves,topological,1,0,1,2,after_topology_validation
sample-igg-W-30::1427,sample-igg-W-30,1427,1,True,lt_min_leaves,topological,1,0,1,2,after_topology_validation
sample-igg-W-30::1951,sample-igg-W-30,1951,1,True,lt_min_leaves,topological,1,0,1,2,after_topology_validation
sample-igg-W-30::3097,sample-igg-W-30,3097,1,True,lt_min_leaves,topological,1,0,1,2,after_topology_validation
sample-igg-W-30::540,sample-igg-W-30,540,2,True,lt_min_leaves,topological,1,0,1,2,after_topology_validation
sample-igg-W-30::1335,sample-igg-W-30,1335,1,True,lt_min_leaves,topological,1,0,1,2,after_topology_validation
sample-igg-W-30::1581,sample-igg-W-30,1581,1,True,lt_min_leaves,topological,1,0,0,2,after_topology_validation
sample-igg-W-30::1103,sample-igg-W-30,1103,3,True,multi_root_no_usable_naive,,2,0,0,3,raw_families
sample-igg-W-30::1558,sample-igg-W-30,1558,2,True,lt_min_leaves,topological,1,0,1,2,after_topology_validation
sample-igg-W-30::493,sample-igg-W-30,493,1,True,lt_min_leaves,topological,1,0,1,2,after_topology_validation
sample-igg-W-30::2693,sample-igg-W-30,2693,2,True,lt_min_leaves,topological,1,0,1,2,after_topology_validation
sample-igg-W-30::2740,sample-igg-W-30,2740,1,True,lt_min_leaves,topological,1,0,1,2,after_topology_validation
sample-igg-W-30::785,sample-igg-W-30,785,2,True,lt_min_leaves,topological,1,0,1,3,after_topology_validation
sample-igg-W-30::3812,sample-igg-W-30,3812,2,True,multi_root_no_usable_naive,,2,0,0,3,raw_families
sample-igg-W-30::487,sample-igg-W-30,487,1,True,lt_min_leaves,topological,1,0,0,2,after_topology_validation
sample-igg-W-30::978,sample-igg-W-30,978,1,True,lt_min_leaves,topological,1,0,0,2,after_topology_validation
sample-igg-W-30::2743,sample-igg-W-30,2743,2,True,lt_min_leaves,topological,1,0,0,2,after_topology_validation
sample-igg-W-30::3015,sample-igg-W-30,3015,1,True,lt_min_leaves,topological,1,0,1,2,after_topology_validation
sample-igg-W-30::717,sample-igg-W-30,717,1,True,lt_min_leaves,topological,1,0,1,2,after_topology_validation
sample-igg-W-30::2980,sample-igg-W-30,2980,1,True,lt_min_leaves,topological,1,0,1,2,after_topology_validation
sample-igg-W-30::617,sample-igg-W-30,617,1,True,lt_min_leaves,topological,1,0,0,2,after_topology_validation
sample-igg-W-30::3566,sample-igg-W-30,3566,1,True,lt_min_leaves,topological,1,0,1,2,after_topology_validation
sample-igg-W-30::3014,sample-igg-W-30,3014,2,True,lt_min_leaves,topological,1,0,1,2,after_topology_validation
sample-igg-W-30::2774,sample-igg-W-30,2774,1,True,lt_min_leaves,topological,1,0,1,2,after_topology_validation
sample-igg-W-30::3838,sample-igg-W-30,3838,1,True,lt_min_leaves,topological,1,0,1,2,after_topology_validation
sample-igg-W-30::207,sample-igg-W-30,207,1,True,lt_min_leaves,topological,1,0,0,2,after_topology_validation
sample-igg-W-30::3470,sample-igg-W-30,3470,1,True,lt_min_leaves,topological,1,0,1,2,after_topology_validation
sample-igg-W-30::31,sample-igg-W-30,31,2,True,lt_min_leaves,topological,1,0,1,2,after_topology_validation
sample-igg-W-30::2411,sample-igg-W-30,2411,2,True,lt_min_leaves,topological,1,0,2,2,after_topology_validation
sample-igg-W-30::3110,sample-igg-W-30,3110,2,True,lt_min_leaves,topological,1,0,1,2,after_topology_validation
sample-igg-W-30::889,sample-igg-W-30,889,1,True,lt_min_leaves,topological,1,0,1,2,after_topology_validation
sample-igg-W-30::2508,sample-igg-W-30,2508,1,True,lt_min_leaves,topological,1,0,1,2,after_topology_validation
sample-igg-W-30::2707,sample-igg-W-30,2707,1,True,lt_min_leaves,topological,1,0,1,2,after_topology_validation
sample-igg-W-30::2272,sample-igg-W-30,2272,1,True,lt_min_leaves,topological,1,0,1,2,after_topology_validation
sample-igg-W-30::2577,sample-igg-W-30,2577,1,True,lt_min_leaves,topological,1,0,1,2,after_topology_validation
sample-igg-W-30::72,sample-igg-W-30,72,1,True,lt_min_leaves,topological,1,0,1,2,after_topology_validation
sample-igg-W-30::2004,sample-igg-W-30,2004,1,True,lt_min_leaves,topological,1,0,1,2,after_topology_validation
sample-igg-W-30::522,sample-igg-W-30,522,2,True,multi_root_no_usable_naive,,2,0,0,3,raw_families
sample-igg-W-30::216,sample-igg-W-30,216,1,True,lt_min_leaves,topological,1,0,1,2,after_topology_validation
sample-igg-W-30::349,sample-igg-W-30,349,1,True,lt_min_leaves,topological,1,0,1,2,after_topology_validation
sample-igg-W-30::2612,sample-igg-W-30,2612,2,True,multi_root_no_usable_naive,,2,0,0,3,raw_families
sample-igg-W-30::3520,sample-igg-W-30,3520,1,True,lt_min_leaves,topological,1,0,1,2,after_topology_validation
sample-igg-W-30::1383,sample-igg-W-30,1383,1,True,lt_min_leaves,topological,1,0,1,2,after_topology_validation
sample-igg-W-30::2679,sample-igg-W-30,2679,1,True,lt_min_leaves,topological,1,0,1,2,after_topology_validation
sample-igg-W-30::2259,sample-igg-W-30,2259,4,True,lt_min_leaves,topological,1,0,2,3,after_topology_validation
sample-igg-W-30::673,sample-igg-W-30,673,2,True,lt_min_leaves,topological,1,0,0,2,after_topology_validation
sample-igg-W-30::498,sample-igg-W-30,498,1,True,lt_min_leaves,topological,1,0,0,2,after_topology_validation
sample-igg-W-30::451,sample-igg-W-30,451,3,True,lt_min_leaves,topological,1,0,2,3,after_topology_validation
sample-igg-W-30::2973,sample-igg-W-30,2973,1,True,lt_min_leaves,topological,1,0,1,2,after_topology_validation
sample-igg-W-30::59,sample-igg-W-30,59,1,True,lt_min_leaves,topological,1,0,1,2,after_topology_validation
sample-igg-W-30::961,sample-igg-W-30,961,2,True,lt_min_leaves,topological,1,0,1,2,after_topology_validation
sample-igg-W-30::1099,sample-igg-W-30,1099,1,True,lt_min_leaves,topological,1,0,1,2,after_topology_validation
sample-igg-W-30::1007,sample-igg-W-30,1007,2,True,lt_min_leaves,topological,1,0,1,2,after_topology_validation
sample-igg-W-30::916,sample-igg-W-30,916,2,True,lt_min_leaves,topological,1,0,0,2,after_topology_validation
sample-igg-W-30::1777,sample-igg-W-30,1777,1,True,lt_min_leaves,topological,1,0,1,2,after_topology_validation
sample-igg-W-30::1209,sample-igg-W-30,1209,4,True,lt_min_leaves,topological,1,0,3,3,after_topology_validation
sample-igg-W-30::1693,sample-igg-W-30,1693,2,True,lt_min_leaves,topological,1,0,1,2,after_topology_validation
sample-igg-W-30::3242,sample-igg-W-30,3242,1,True,lt_min_leaves,topological,1,0,1,2,after_topology_validation
sample-igg-W-30::99,sample-igg-W-30,99,4,True,lt_min_leaves,topological,1,0,1,3,after_topology_validation
sample-igg-W-30::2627,sample-igg-W-30,2627,1,True,lt_min_leaves,topological,1,0,0,2,after_topology_validation
sample-igg-W-30::2718,sample-igg-W-30,2718,1,True,lt_min_leaves,topological,1,0,0,2,after_topology_validation
sample-igg-W-30::1920,sample-igg-W-30,1920,2,True,lt_min_leaves,topological,1,0,0,2,after_topology_validation
sample-igg-W-30::2388,sample-igg-W-30,2388,1,True,lt_min_leaves,topological,1,0,0,2,after_topology_validation
sample-igg-W-30::251,sample-igg-W-30,251,1,True,lt_min_leaves,topological,1,0,1,2,after_topology_validation
sample-igg-W-30::2144,sample-igg-W-30,2144,1,True,lt_min_leaves,topological,1,0,1,2,after_topology_validation
sample-igg-W-30::3010,sample-igg-W-30,3010,1,True,lt_min_leaves,topological,1,0,1,2,after_topology_validation
sample-igg-W-30::521,sample-igg-W-30,521,1,True,lt_min_leaves,topological,1,0,1,2,after_topology_validation
sample-igg-W-30::3324,sample-igg-W-30,3324,1,True,lt_min_leaves,topological,1,0,1,2,after_topology_validation
sample-igg-W-30::755,sample-igg-W-30,755,2,True,lt_min_leaves,topological,1,0,1,2,after_topology_validation
sample-igg-W-30::3286,sample-igg-W-30,3286,1,True,lt_min_leaves,topological,1,0,1,2,after_topology_validation
sample-igg-W-30::1018,sample-igg-W-30,1018,1,True,lt_min_leaves,topological,1,0,1,2,after_topology_validation
sample-igg-W-30::1780,sample-igg-W-30,1780,1,True,lt_min_leaves,topological,1,0,0,2,after_topology_validation
sample-igg-W-30::3614,sample-igg-W-30,3614,2,True,multi_root_no_usable_naive,,2,0,0,3,raw_families
sample-igg-W-30::2970,sample-igg-W-30,2970,2,True,lt_min_leaves,topological,1,0,0,2,after_topology_validation
sample-igg-W-30::3305,sample-igg-W-30,3305,2,True,lt_min_leaves,topological,1,0,2,2,after_topology_validation
sample-igg-W-30::2686,sample-igg-W-30,2686,4,True,lt_min_leaves,topological,1,0,2,3,after_topology_validation
sample-igg-W-30::3804,sample-igg-W-30,3804,1,True,lt_min_leaves,topological,1,0,1,2,after_topology_validation
sample-igg-W-30::325,sample-igg-W-30,325,1,True,lt_min_leaves,topological,1,0,1,2,after_topology_validation
sample-igg-W-30::3000,sample-igg-W-30,3000,2,True,lt_min_leaves,topological,1,0,1,2,after_topology_validation
sample-igg-W-30::1899,sample-igg-W-30,1899,1,True,lt_min_leaves,topological,1,0,1,2,after_topology_validation
sample-igg-W-30::1338,sample-igg-W-30,1338,1,True,lt_min_leaves,topological,1,0,1,2,after_topology_validation
sample-igg-W-30::3692,sample-igg-W-30,3692,1,True,lt_min_leaves,topological,1,0,1,2,after_topology_validation
sample-igg-W-30::734,sample-igg-W-30,734,1,True,lt_min_leaves,topological,1,0,1,2,after_topology_validation
sample-igg-W-30::1766,sample-igg-W-30,1766,4,True,lt_min_leaves,topological,1,0,2,3,after_topology_validation
sample-igg-W-30::1832,sample-igg-W-30,1832,2,True,lt_min_leaves,topological,1,0,1,2,after_topology_validation
sample-igg-W-30::82,sample-igg-W-30,82,1,True,lt_min_leaves,topological,1,0,1,2,after_topology_validation
sample-igg-W-30::649,sample-igg-W-30,649,1,True,lt_min_leaves,topological,1,0,1,2,after_topology_validation
sample-igg-W-30::2120,sample-igg-W-30,2120,4,True,lt_min_leaves,topological,1,0,1,3,after_topology_validation
sample-igg-W-30::2862,sample-igg-W-30,2862,1,True,lt_min_leaves,topological,1,0,1,2,after_topology_validation
sample-igg-W-30::2609,sample-igg-W-30,2609,1,True,lt_min_leaves,topological,1,0,1,2,after_topology_validation
sample-igg-W-30::1437,sample-igg-W-30,1437,1,True,lt_min_leaves,topological,1,0,1,2,after_topology_validation
sample-igg-W-30::804,sample-igg-W-30,804,2,True,lt_min_leaves,topological,1,0,1,2,after_topology_validation
sample-igg-W-30::3146,sample-igg-W-30,3146,1,True,lt_min_leaves,topological,1,0,1,2,after_topology_validation
sample-igg-W-30::27,sample-igg-W-30,27,2,True,lt_min_leaves,topological,1,0,0,2,after_topology_validation
sample-igg-W-30::1316,sample-igg-W-30,1316,2,True,lt_min_leaves,topological,1,0,1,2,after_topology_validation
sample-igg-W-30::332,sample-igg-W-30,332,1,True,lt_min_leaves,topological,1,0,1,2,after_topology_validation
sample-igg-W-30::1034,sample-igg-W-30,1034,2,True,lt_min_leaves,topological,1,0,0,2,after_topology_validation
sample-igg-W-30::664,sample-igg-W-30,664,2,True,lt_min_leaves,topological,1,0,1,2,after_topology_validation
sample-igg-W-30::779,sample-igg-W-30,779,4,True,multi_root_no_usable_naive,,2,0,0,4,raw_families
sample-igg-W-30::2491,sample-igg-W-30,2491,3,True,lt_min_leaves,topological,1,0,2,3,after_topology_validation
sample-igg-W-30::2207,sample-igg-W-30,2207,2,True,lt_min_leaves,topological,1,0,0,2,after_topology_validation
sample-igg-W-30::200,sample-igg-W-30,200,2,True,lt_min_leaves,topological,1,0,1,2,after_topology_validation
sample-igg-W-30::3386,sample-igg-W-30,3386,2,True,lt_min_leaves,topological,1,0,1,2,after_topology_validation
sample-igg-W-30::519,sample-igg-W-30,519,2,True,lt_min_leaves,topological,1,0,2,2,after_topology_validation
sample-igg-W-30::2666,sample-igg-W-30,2666,2,True,multi_root_no_usable_naive,,2,0,0,3,raw_families
sample-igg-W-30::433,sample-igg-W-30,433,2,True,lt_min_leaves,topological,1,0,0,2,after_topology_validation
sample-igg-W-30::801,sample-igg-W-30,801,1,True,lt_min_leaves,topological,1,0,1,2,after_topology_validation
sample-igg-W-30::2754,sample-igg-W-30,2754,1,True,lt_min_leaves,topological,1,0,0,2,after_topology_validation
sample-igg-W-30::1419,sample-igg-W-30,1419,1,True,lt_min_leaves,topological,1,0,1,2,after_topology_validation
sample-igg-W-30::3560,sample-igg-W-30,3560,1,True,lt_min_leaves,topological,1,0,1,2,after_topology_validation
sample-igg-W-30::3241,sample-igg-W-30,3241,2,True,lt_min_leaves,topological,1,0,0,2,after_topology_validation
sample-igg-W-30::276,sample-igg-W-30,276,2,True,lt_min_leaves,topological,1,0,1,2,after_topology_validation
sample-igg-W-30::127,sample-igg-W-30,127,2,True,multi_root_no_usable_naive,,2,0,0,4,raw_families
sample-igg-W-30::394,sample-igg-W-30,394,1,True,lt_min_leaves,topological,1,0,1,2,after_topology_validation
sample-igg-W-30::1289,sample-igg-W-30,1289,1,True,lt_min_leaves,topological,1,0,1,2,after_topology_validation
sample-igg-W-30::856,sample-igg-W-30,856,1,True,lt_min_leaves,topological,1,0,1,2,after_topology_validation
sample-igg-W-30::117,sample-igg-W-30,117,1,True,lt_min_leaves,topological,1,0,1,2,after_topology_validation
sample-igg-W-30::432,sample-igg-W-30,432,1,True,lt_min_leaves,topological,1,0,1,2,after_topology_validation
sample-igg-W-30::2768,sample-igg-W-30,2768,2,True,lt_min_leaves,topological,1,0,1,2,after_topology_validation
sample-igg-W-30::3064,sample-igg-W-30,3064,2,True,lt_min_leaves,topological,1,0,1,2,after_topology_validation
sample-igg-W-30::2600,sample-igg-W-30,2600,1,True,lt_min_leaves,topological,1,0,1,2,after_topology_validation
sample-igg-W-30::3038,sample-igg-W-30,3038,2,True,lt_min_leaves,topological,1,0,1,2,after_topology_validation
sample-igg-W-30::452,sample-igg-W-30,452,2,True,multi_root_no_usable_naive,,2,0,0,3,raw_families
sample-igg-W-30::3291,sample-igg-W-30,3291,1,True,lt_min_leaves,topological,1,0,1,2,after_topology_validation
sample-igg-W-30::1586,sample-igg-W-30,1586,1,True,lt_min_leaves,topological,1,0,1,2,after_topology_validation
sample-igg-W-30::897,sample-igg-W-30,897,1,True,lt_min_leaves,topological,1,0,1,2,after_topology_validation
sample-igg-W-30::3746,sample-igg-W-30,3746,1,True,lt_min_leaves,topological,1,0,1,2,after_topology_validation
sample-igg-W-30::3575,sample-igg-W-30,3575,2,True,lt_min_leaves,topological,1,0,1,2,after_topology_validation
sample-igg-W-30::438,sample-igg-W-30,438,1,True,lt_min_leaves,topological,1,0,1,2,after_topology_validation
sample-igg-W-30::1396,sample-igg-W-30,1396,1,True,lt_min_leaves,topological,1,0,1,2,after_topology_validation
sample-igg-W-30::195,sample-igg-W-30,195,2,True,lt_min_leaves,topological,1,0,2,2,after_topology_validation
sample-igg-W-30::173,sample-igg-W-30,173,2,True,lt_min_leaves,topological,1,0,0,2,after_topology_validation
sample-igg-W-30::3627,sample-igg-W-30,3627,1,True,lt_min_leaves,topological,1,0,1,2,after_topology_validation
sample-igg-W-30::2668,sample-igg-W-30,2668,2,True,lt_min_leaves,topological,1,0,0,2,after_topology_validation
sample-igg-W-30::3257,sample-igg-W-30,3257,1,True,lt_min_leaves,topological,1,0,1,2,after_topology_validation
sample-igg-W-30::1867,sample-igg-W-30,1867,1,True,lt_min_leaves,topological,1,0,1,2,after_topology_validation
sample-igg-W-30::3207,sample-igg-W-30,3207,1,True,lt_min_leaves,topological,1,0,1,3,after_topology_validation
sample-igg-W-30::116,sample-igg-W-30,116,2,True,lt_min_leaves,topological,1,0,2,2,after_topology_validation
sample-igg-W-30::2124,sample-igg-W-30,2124,1,True,lt_min_leaves,topological,1,0,1,2,after_topology_validation
sample-igg-W-30::3103,sample-igg-W-30,3103,1,True,lt_min_leaves,topological,1,0,0,2,after_topology_validation
sample-igg-W-30::1889,sample-igg-W-30,1889,1,True,lt_min_leaves,topological,1,0,1,2,after_topology_validation
sample-igg-W-30::1038,sample-igg-W-30,1038,1,True,lt_min_leaves,topological,1,0,1,2,after_topology_validation
sample-igg-W-30::1334,sample-igg-W-30,1334,1,True,lt_min_leaves,topological,1,0,1,2,after_topology_validation
sample-igg-W-30::2093,sample-igg-W-30,2093,2,True,multi_root_no_usable_naive,,2,0,0,3,raw_families
sample-igg-W-30::169,sample-igg-W-30,169,2,True,lt_min_leaves,topological,1,0,1,2,after_topology_validation
sample-igg-W-30::3719,sample-igg-W-30,3719,1,True,lt_min_leaves,topological,1,0,1,2,after_topology_validation
sample-igg-W-30::2020,sample-igg-W-30,2020,1,True,lt_min_leaves,topological,1,0,1,2,after_topology_validation
sample-igg-W-30::179,sample-igg-W-30,179,2,True,lt_min_leaves,topological,1,0,1,2,after_topology_validation
sample-igg-W-30::3796,sample-igg-W-30,3796,1,True,lt_min_leaves,topological,1,0,1,2,after_topology_validation
sample-igg-W-30::2189,sample-igg-W-30,2189,2,True,lt_min_leaves,topological,1,0,2,2,after_topology_validation
sample-igg-W-30::3591,sample-igg-W-30,3591,1,True,lt_min_leaves,topological,1,0,1,2,after_topology_validation
sample-igg-W-30::2437,sample-igg-W-30,2437,2,True,lt_min_leaves,topological,1,0,0,2,after_topology_validation
sample-igg-W-30::3870,sample-igg-W-30,3870,1,True,lt_min_leaves,topological,1,0,1,4,after_topology_validation
sample-igg-W-30::2136,sample-igg-W-30,2136,2,True,lt_min_leaves,topological,1,0,0,2,after_topology_validation
sample-igg-W-30::803,sample-igg-W-30,803,1,True,lt_min_leaves,topological,1,0,0,2,after_topology_validation
sample-igg-W-30::2032,sample-igg-W-30,2032,1,True,lt_min_leaves,topological,1,0,1,2,after_topology_validation
sample-igg-W-30::2289,sample-igg-W-30,2289,2,True,lt_min_leaves,topological,1,0,1,2,after_topology_validation
sample-igg-W-30::1677,sample-igg-W-30,1677,1,True,lt_min_leaves,topological,1,0,1,2,after_topology_validation
sample-igg-W-30::1485,sample-igg-W-30,1485,1,True,lt_min_leaves,topological,1,0,1,2,after_topology_validation
sample-igg-W-30::1011,sample-igg-W-30,1011,2,True,multi_root_no_usable_naive,,2,0,0,3,raw_families
sample-igg-W-30::503,sample-igg-W-30,503,2,True,lt_min_leaves,topological,1,0,1,2,after_topology_validation
sample-igg-W-30::1593,sample-igg-W-30,1593,2,True,lt_min_leaves,topological,1,0,0,2,after_topology_validation
sample-igg-W-30::1000,sample-igg-W-30,1000,1,True,lt_min_leaves,topological,1,0,1,2,after_topology_validation
sample-igg-W-30::867,sample-igg-W-30,867,2,True,lt_min_leaves,topological,1,0,0,2,after_topology_validation
sample-igg-W-30::2716,sample-igg-W-30,2716,1,True,lt_min_leaves,topological,1,0,1,2,after_topology_validation
sample-igg-W-30::226,sample-igg-W-30,226,1,True,lt_min_leaves,topological,1,0,1,2,after_topology_validation
sample-igg-W-30::1605,sample-igg-W-30,1605,2,True,lt_min_leaves,topological,1,0,0,2,after_topology_validation
sample-igg-W-30::3666,sample-igg-W-30,3666,2,True,multi_root_no_usable_naive,,2,0,0,3,raw_families
sample-igg-W-30::2797,sample-igg-W-30,2797,1,True,lt_min_leaves,topological,1,0,1,2,after_topology_validation
sample-igg-W-30::3681,sample-igg-W-30,3681,1,True,lt_min_leaves,topological,1,0,0,2,after_topology_validation
sample-igg-W-30::3374,sample-igg-W-30,3374,1,True,lt_min_leaves,topological,1,0,1,2,after_topology_validation
sample-igg-W-30::2443,sample-igg-W-30,2443,2,True,lt_min_leaves,topological,1,0,2,2,after_topology_validation
sample-igg-W-30::1140,sample-igg-W-30,1140,1,True,lt_min_leaves,topological,1,0,1,2,after_topology_validation
sample-igg-W-30::3444,sample-igg-W-30,3444,1,True,lt_min_leaves,topological,1,0,1,2,after_topology_validation
sample-igg-W-30::2726,sample-igg-W-30,2726,2,True,lt_min_leaves,topological,1,0,0,2,after_topology_validation
sample-igg-W-30::1726,sample-igg-W-30,1726,2,True,lt_min_leaves,topological,1,0,0,2,after_topology_validation
sample-igg-W-30::2502,sample-igg-W-30,2502,2,True,lt_min_leaves,topological,1,0,1,2,after_topology_validation
sample-igg-W-30::2692,sample-igg-W-30,2692,1,True,lt_min_leaves,topological,1,0,1,2,after_topology_validation
sample-igg-W-30::3593,sample-igg-W-30,3593,1,True,lt_min_leaves,topological,1,0,0,2,after_topology_validation
sample-igg-W-30::2948,sample-igg-W-30,2948,1,True,lt_min_leaves,topological,1,0,1,2,after_topology_validation
sample-igg-W-30::1010,sample-igg-W-30,1010,1,True,lt_min_leaves,topological,1,0,1,2,after_topology_validation
sample-igg-W-30::1585,sample-igg-W-30,1585,1,True,lt_min_leaves,topological,1,0,1,2,after_topology_validation
sample-igg-W-30::1689,sample-igg-W-30,1689,2,True,lt_min_leaves,topological,1,0,1,2,after_topology_validation
sample-igg-W-30::2049,sample-igg-W-30,2049,3,True,lt_min_leaves,topological,1,0,1,3,after_topology_validation
sample-igg-W-30::2162,sample-igg-W-30,2162,1,True,lt_min_leaves,topological,1,0,1,2,after_topology_validation
sample-igg-W-30::3586,sample-igg-W-30,3586,2,True,lt_min_leaves,topological,1,0,1,3,after_topology_validation
sample-igg-W-30::2856,sample-igg-W-30,2856,1,True,lt_min_leaves,topological,1,0,1,2,after_topology_validation
sample-igg-W-30::515,sample-igg-W-30,515,1,True,lt_min_leaves,topological,1,0,1,2,after_topology_validation
sample-igg-W-30::1849,sample-igg-W-30,1849,1,True,lt_min_leaves,topological,1,0,1,2,after_topology_validation
sample-igg-W-30::287,sample-igg-W-30,287,1,True,lt_min_leaves,topological,1,0,1,2,after_topology_validation
sample-igg-W-30::3317,sample-igg-W-30,3317,1,True,lt_min_leaves,topological,1,0,1,5,after_topology_validation
sample-igg-W-30::767,sample-igg-W-30,767,1,True,lt_min_leaves,topological,1,0,1,2,after_topology_validation
sample-igg-W-30::2321,sample-igg-W-30,2321,1,True,lt_min_leaves,topological,1,0,1,2,after_topology_validation
sample-igg-W-30::1184,sample-igg-W-30,1184,1,True,lt_min_leaves,topological,1,0,0,2,after_topology_validation
sample-igg-W-30::1013,sample-igg-W-30,1013,1,True,lt_min_leaves,topological,1,0,1,2,after_topology_validation
sample-igg-W-30::2022,sample-igg-W-30,2022,1,True,lt_min_leaves,topological,1,0,1,2,after_topology_validation
sample-igg-W-30::3082,sample-igg-W-30,3082,1,True,lt_min_leaves,topological,1,0,1,2,after_topology_validation
sample-igg-W-30::1619,sample-igg-W-30,1619,2,True,lt_min_leaves,topological,1,0,2,2,after_topology_validation
sample-igg-W-30::605,sample-igg-W-30,605,2,True,lt_min_leaves,topological,1,0,2,2,after_topology_validation
sample-igg-W-30::2163,sample-igg-W-30,2163,1,True,lt_min_leaves,topological,1,0,1,2,after_topology_validation
sample-igg-W-30::1113,sample-igg-W-30,1113,1,True,lt_min_leaves,topological,1,0,1,2,after_topology_validation
sample-igg-W-30::598,sample-igg-W-30,598,1,True,lt_min_leaves,topological,1,0,1,2,after_topology_validation
sample-igg-W-30::1548,sample-igg-W-30,1548,1,True,lt_min_leaves,topological,1,0,1,2,after_topology_validation
sample-igg-W-30::1088,sample-igg-W-30,1088,2,True,lt_min_leaves,topological,1,0,1,2,after_topology_validation
sample-igg-W-30::55,sample-igg-W-30,55,1,True,lt_min_leaves,topological,1,0,1,2,after_topology_validation
sample-igg-W-30::3279,sample-igg-W-30,3279,2,True,lt_min_leaves,topological,1,0,1,2,after_topology_validation
sample-igg-W-30::733,sample-igg-W-30,733,1,True,lt_min_leaves,topological,1,0,0,2,after_topology_validation
sample-igg-W-30::2422,sample-igg-W-30,2422,2,True,lt_min_leaves,topological,1,0,1,2,after_topology_validation
sample-igg-W-30::2947,sample-igg-W-30,2947,1,True,lt_min_leaves,topological,1,0,0,2,after_topology_validation
sample-igg-W-30::959,sample-igg-W-30,959,1,True,lt_min_leaves,topological,1,0,1,2,after_topology_validation
sample-igg-W-30::2764,sample-igg-W-30,2764,1,True,lt_min_leaves,topological,1,0,1,2,after_topology_validation
sample-igg-W-30::3515,sample-igg-W-30,3515,1,True,lt_min_leaves,topological,1,0,1,2,after_topology_validation
sample-igg-W-30::3823,sample-igg-W-30,3823,1,True,lt_min_leaves,topological,1,0,1,2,after_topology_validation
sample-igg-W-30::887,sample-igg-W-30,887,2,True,lt_min_leaves,topological,1,0,1,2,after_topology_validation
sample-igg-W-30::103,sample-igg-W-30,103,3,True,lt_min_leaves,topological,1,0,1,3,after_topology_validation
sample-igg-W-30::442,sample-igg-W-30,442,2,True,lt_min_leaves,topological,1,0,2,2,after_topology_validation
sample-igg-W-30::2215,sample-igg-W-30,2215,1,True,lt_min_leaves,topological,1,0,1,2,after_topology_validation
sample-igg-W-30::907,sample-igg-W-30,907,1,True,lt_min_leaves,topological,1,0,1,2,after_topology_validation
sample-igg-W-30::2479,sample-igg-W-30,2479,1,True,lt_min_leaves,topological,1,0,1,4,after_topology_validation
sample-igg-W-30::3275,sample-igg-W-30,3275,2,True,lt_min_leaves,topological,1,0,1,2,after_topology_validation
sample-igg-W-30::2730,sample-igg-W-30,2730,2,True,lt_min_leaves,topological,1,0,0,2,after_topology_validation
sample-igg-W-30::946,sample-igg-W-30,946,1,True,lt_min_leaves,topological,1,0,1,2,after_topology_validation
sample-igg-W-30::2696,sample-igg-W-30,2696,2,True,lt_min_leaves,topological,1,0,1,2,after_topology_validation
sample-igg-W-30::626,sample-igg-W-30,626,1,True,lt_min_leaves,topological,1,0,0,2,after_topology_validation
sample-igg-W-30::2465,sample-igg-W-30,2465,2,True,lt_min_leaves,topological,1,0,0,2,after_topology_validation
sample-igg-W-30::3454,sample-igg-W-30,3454,2,True,lt_min_leaves,topological,1,0,1,2,after_topology_validation
sample-igg-W-30::798,sample-igg-W-30,798,2,True,lt_min_leaves,topological,1,0,2,2,after_topology_validation
sample-igg-W-30::2086,sample-igg-W-30,2086,2,True,lt_min_leaves,topological,1,0,0,2,after_topology_validation
sample-igg-W-30::3788,sample-igg-W-30,3788,1,True,lt_min_leaves,topological,1,0,1,2,after_topology_validation
sample-igg-W-30::3013,sample-igg-W-30,3013,1,True,lt_min_leaves,topological,1,0,1,2,after_topology_validation
sample-igg-W-30::1877,sample-igg-W-30,1877,2,True,lt_min_leaves,topological,1,0,1,2,after_topology_validation
sample-igg-W-30::585,sample-igg-W-30,585,1,True,lt_min_leaves,topological,1,0,1,2,after_topology_validation
sample-igg-W-30::2900,sample-igg-W-30,2900,2,True,lt_min_leaves,topological,1,0,1,2,after_topology_validation
sample-igg-W-30::56,sample-igg-W-30,56,1,True,lt_min_leaves,topological,1,0,0,2,after_topology_validation
sample-igg-W-30::2432,sample-igg-W-30,2432,1,True,lt_min_leaves,topological,1,0,1,2,after_topology_validation
sample-igg-W-30::450,sample-igg-W-30,450,1,True,lt_min_leaves,topological,1,0,0,2,after_topology_validation
sample-igg-W-30::1186,sample-igg-W-30,1186,2,True,lt_min_leaves,topological,1,0,1,2,after_topology_validation
sample-igg-W-30::3315,sample-igg-W-30,3315,3,True,lt_min_leaves,topological,1,0,2,3,after_topology_validation
sample-igg-W-30::2143,sample-igg-W-30,2143,1,True,lt_min_leaves,topological,1,0,1,2,after_topology_validation
sample-igg-W-30::3322,sample-igg-W-30,3322,1,True,lt_min_leaves,topological,1,0,1,2,after_topology_validation
sample-igg-W-30::2269,sample-igg-W-30,2269,2,True,lt_min_leaves,topological,1,0,0,2,after_topology_validation
sample-igg-W-30::211,sample-igg-W-30,211,1,True,lt_min_leaves,topological,1,0,1,2,after_topology_validation
sample-igg-W-30::2196,sample-igg-W-30,2196,1,True,lt_min_leaves,topological,1,0,1,2,after_topology_validation
sample-igg-W-30::3361,sample-igg-W-30,3361,1,True,lt_min_leaves,topological,1,0,1,2,after_topology_validation
sample-igg-W-30::2081,sample-igg-W-30,2081,2,True,multi_root_no_usable_naive,,2,0,0,3,raw_families
sample-igg-W-30::1414,sample-igg-W-30,1414,2,True,lt_min_leaves,topological,1,0,0,2,after_topology_validation
sample-igg-W-30::1640,sample-igg-W-30,1640,1,True,lt_min_leaves,topological,1,0,1,2,after_topology_validation
sample-igg-W-30::3416,sample-igg-W-30,3416,2,True,lt_min_leaves,topological,1,0,2,2,after_topology_validation
sample-igg-W-30::3604,sample-igg-W-30,3604,1,True,lt_min_leaves,topological,1,0,1,2,after_topology_validation
sample-igg-W-30::3410,sample-igg-W-30,3410,1,True,lt_min_leaves,topological,1,0,1,2,after_topology_validation
sample-igg-W-30::3252,sample-igg-W-30,3252,2,True,lt_min_leaves,topological,1,0,1,2,after_topology_validation
sample-igg-W-30::85,sample-igg-W-30,85,1,True,lt_min_leaves,topological,1,0,1,2,after_topology_validation
sample-igg-W-30::2319,sample-igg-W-30,2319,2,True,lt_min_leaves,topological,1,0,1,2,after_topology_validation
sample-igg-W-30::597,sample-igg-W-30,597,1,True,lt_min_leaves,topological,1,0,1,2,after_topology_validation
sample-igg-W-30::3229,sample-igg-W-30,3229,4,True,lt_min_leaves,topological,1,0,1,3,after_topology_validation
sample-igg-W-30::1461,sample-igg-W-30,1461,2,True,lt_min_leaves,topological,1,0,1,2,after_topology_validation
sample-igg-W-30::1055,sample-igg-W-30,1055,1,True,lt_min_leaves,topological,1,0,0,2,after_topology_validation
sample-igg-W-30::3346,sample-igg-W-30,3346,2,True,lt_min_leaves,topological,1,0,0,2,after_topology_validation
sample-igg-W-30::3080,sample-igg-W-30,3080,1,True,lt_min_leaves,topological,1,0,1,2,after_topology_validation
sample-igg-W-30::2066,sample-igg-W-30,2066,2,True,multi_root_no_usable_naive,,2,0,0,3,raw_families
sample-igg-W-30::529,sample-igg-W-30,529,2,True,lt_min_leaves,topological,1,0,1,2,after_topology_validation
sample-igg-W-30::822,sample-igg-W-30,822,2,True,lt_min_leaves,topological,1,0,0,2,after_topology_validation
sample-igg-W-30::1695,sample-igg-W-30,1695,2,True,lt_min_leaves,topological,1,0,2,2,after_topology_validation
sample-igg-W-30::3478,sample-igg-W-30,3478,1,True,lt_min_leaves,topological,1,0,1,2,after_topology_validation
sample-igg-W-30::1884,sample-igg-W-30,1884,1,True,lt_min_leaves,topological,1,0,1,2,after_topology_validation
sample-igg-W-30::176,sample-igg-W-30,176,2,True,lt_min_leaves,topological,1,0,2,2,after_topology_validation
sample-igg-W-30::667,sample-igg-W-30,667,2,True,lt_min_leaves,topological,1,0,1,2,after_topology_validation
sample-igg-W-30::112,sample-igg-W-30,112,2,True,lt_min_leaves,topological,1,0,1,2,after_topology_validation
sample-igg-W-30::2737,sample-igg-W-30,2737,1,True,lt_min_leaves,topological,1,0,1,2,after_topology_validation
sample-igg-W-30::1940,sample-igg-W-30,1940,1,True,lt_min_leaves,topological,1,0,1,2,after_topology_validation
sample-igg-W-30::778,sample-igg-W-30,778,1,True,lt_min_leaves,topological,1,0,0,2,after_topology_validation
sample-igg-W-30::1805,sample-igg-W-30,1805,1,True,lt_min_leaves,topological,1,0,1,2,after_topology_validation
sample-igg-W-30::3697,sample-igg-W-30,3697,1,True,lt_min_leaves,topological,1,0,1,2,after_topology_validation
sample-igg-W-30::1859,sample-igg-W-30,1859,1,True,lt_min_leaves,topological,1,0,0,2,after_topology_validation
sample-igg-W-30::537,sample-igg-W-30,537,1,True,lt_min_leaves,topological,1,0,1,2,after_topology_validation
sample-igg-W-30::3046,sample-igg-W-30,3046,2,True,lt_min_leaves,topological,1,0,0,2,after_topology_validation
sample-igg-W-30::768,sample-igg-W-30,768,1,True,lt_min_leaves,topological,1,0,1,2,after_topology_validation
sample-igg-W-30::3558,sample-igg-W-30,3558,2,True,lt_min_leaves,topological,1,0,1,2,after_topology_validation
sample-igg-W-30::3217,sample-igg-W-30,3217,2,True,lt_min_leaves,topological,1,0,0,2,after_topology_validation
sample-igg-W-30::3550,sample-igg-W-30,3550,1,True,lt_min_leaves,topological,1,0,1,2,after_topology_validation
sample-igg-W-30::2528,sample-igg-W-30,2528,1,True,lt_min_leaves,topological,1,0,0,2,after_topology_validation
sample-igg-W-30::2682,sample-igg-W-30,2682,1,True,lt_min_leaves,topological,1,0,1,2,after_topology_validation
sample-igg-W-30::1072,sample-igg-W-30,1072,1,True,lt_min_leaves,topological,1,0,1,2,after_topology_validation
sample-igg-W-30::1892,sample-igg-W-30,1892,1,True,lt_min_leaves,topological,1,0,1,3,after_topology_validation
sample-igg-W-30::2464,sample-igg-W-30,2464,2,True,lt_min_leaves,topological,1,0,2,2,after_topology_validation
sample-igg-W-30::1515,sample-igg-W-30,1515,2,True,lt_min_leaves,topological,1,0,1,3,after_topology_validation
sample-igg-W-30::3571,sample-igg-W-30,3571,2,True,lt_min_leaves,topological,1,0,1,2,after_topology_validation
sample-igg-W-30::924,sample-igg-W-30,924,2,True,multi_root_no_usable_naive,,2,0,0,3,raw_families
sample-igg-W-30::3748,sample-igg-W-30,3748,3,True,lt_min_leaves,topological,1,0,1,3,after_topology_validation
sample-igg-W-30::1796,sample-igg-W-30,1796,4,True,multi_root_no_usable_naive,,3,0,0,4,raw_families
sample-igg-W-30::1885,sample-igg-W-30,1885,5,True,lt_min_leaves,topological,1,0,2,4,after_topology_validation
sample-igg-W-30::1126,sample-igg-W-30,1126,2,True,lt_min_leaves,topological,1,0,1,2,after_topology_validation
sample-igg-W-30::217,sample-igg-W-30,217,5,True,lt_min_leaves,topological,1,0,2,4,after_topology_validation
sample-igg-W-30::1994,sample-igg-W-30,1994,14,True,multi_root_no_usable_naive,,4,0,0,6,raw_families
sample-igg-W-30::2387,sample-igg-W-30,2387,1,True,lt_min_leaves,topological,1,0,1,2,after_topology_validation
sample-igg-W-30::497,sample-igg-W-30,497,9,True,multi_root_no_usable_naive,,3,0,0,5,raw_families
sample-igg-W-30::1692,sample-igg-W-30,1692,4,True,multi_root_no_usable_naive,,2,0,0,4,raw_families
sample-igg-W-30::3063,sample-igg-W-30,3063,2,True,lt_min_leaves,topological,1,0,1,2,after_topology_validation
sample-igg-W-30::162,sample-igg-W-30,162,10,True,lt_min_leaves,topological,1,0,2,6,after_topology_validation
sample-igg-W-30::1069,sample-igg-W-30,1069,2,True,lt_min_leaves,topological,1,0,1,2,after_topology_validation
sample-igg-W-30::813,sample-igg-W-30,813,8,True,lt_min_leaves,topological,1,0,1,4,after_topology_validation
sample-igg-W-30::740,sample-igg-W-30,740,4,True,lt_min_leaves,topological,1,0,1,4,after_topology_validation
sample-igg-W-30::327,sample-igg-W-30,327,2,True,lt_min_leaves,topological,1,0,0,2,after_topology_validation
sample-igg-W-30::2991,sample-igg-W-30,2991,6,True,lt_min_leaves,topological,1,0,0,4,after_topology_validation
sample-igg-W-30::1509,sample-igg-W-30,1509,2,True,multi_root_no_usable_naive,,2,0,0,3,raw_families
sample-igg-W-30::1866,sample-igg-W-30,1866,4,True,lt_min_leaves,topological,1,0,0,3,after_topology_validation
sample-igg-W-30::3282,sample-igg-W-30,3282,2,True,lt_min_leaves,topological,1,0,0,2,after_topology_validation
sample-igg-W-30::3751,sample-igg-W-30,3751,3,True,lt_min_leaves,topological,1,0,1,3,after_topology_validation
sample-igg-W-30::2938,sample-igg-W-30,2938,12,True,lt_min_leaves,topological,1,0,2,6,after_topology_validation
sample-igg-W-30::3163,sample-igg-W-30,3163,2,True,lt_min_leaves,topological,1,0,0,2,after_topology_validation
sample-igg-W-30::184,sample-igg-W-30,184,1,True,lt_min_leaves,topological,1,0,0,2,after_topology_validation
sample-igg-W-30::430,sample-igg-W-30,430,3,True,lt_min_leaves,topological,1,0,1,3,after_topology_validation
sample-igg-W-30::1218,sample-igg-W-30,1218,13,True,lt_min_leaves,topological,1,0,2,6,after_topology_validation
sample-igg-W-30::1628,sample-igg-W-30,1628,8,True,multi_root_no_usable_naive,,2,0,0,6,raw_families
sample-igg-W-30::1002,sample-igg-W-30,1002,1,True,lt_min_leaves,topological,1,0,1,8,after_topology_validation
sample-igg-W-30::3076,sample-igg-W-30,3076,5,True,multi_root_no_usable_naive,,2,0,0,4,raw_families
sample-igg-W-30::1563,sample-igg-W-30,1563,1,True,lt_min_leaves,topological,1,0,0,2,after_topology_validation
sample-igg-W-30::2297,sample-igg-W-30,2297,4,True,lt_min_leaves,topological,1,0,1,3,after_topology_validation
sample-igg-W-30::2117,sample-igg-W-30,2117,4,True,multi_root_no_usable_naive,,2,0,0,4,raw_families
sample-igg-W-30::3157,sample-igg-W-30,3157,1,True,lt_min_leaves,topological,1,0,1,2,after_topology_validation
sample-igg-W-30::392,sample-igg-W-30,392,1,True,lt_min_leaves,topological,1,0,1,2,after_topology_validation
sample-igg-W-30::3256,sample-igg-W-30,3256,2,True,lt_min_leaves,topological,1,0,0,3,after_topology_validation
sample-igg-W-30::3101,sample-igg-W-30,3101,4,True,lt_min_leaves,topological,1,0,0,3,after_topology_validation
sample-igg-W-30::2014,sample-igg-W-30,2014,3,True,lt_min_leaves,topological,1,0,2,3,after_topology_validation
sample-igg-W-30::2505,sample-igg-W-30,2505,3,True,multi_root_no_usable_naive,,3,0,0,5,raw_families
sample-igg-W-30::2923,sample-igg-W-30,2923,8,True,lt_min_leaves,topological,1,0,2,5,after_topology_validation
sample-igg-W-30::2039,sample-igg-W-30,2039,2,True,lt_min_leaves,topological,1,0,0,2,after_topology_validation
sample-igg-W-30::1710,sample-igg-W-30,1710,4,True,lt_min_leaves,topological,1,0,1,4,after_topology_validation
sample-igg-W-30::95,sample-igg-W-30,95,1,True,lt_min_leaves,topological,1,0,1,2,after_topology_validation
sample-igg-W-30::555,sample-igg-W-30,555,1,True,lt_min_leaves,topological,1,0,1,2,after_topology_validation
sample-igg-W-30::590,sample-igg-W-30,590,2,True,multi_root_no_usable_naive,,2,0,0,3,raw_families
sample-igg-W-30::1573,sample-igg-W-30,1573,6,True,multi_root_no_usable_naive,,2,0,0,7,raw_families
sample-igg-W-30::3100,sample-igg-W-30,3100,4,True,lt_min_leaves,topological,1,0,2,3,after_topology_validation
sample-igg-W-30::1062,sample-igg-W-30,1062,1,True,lt_min_leaves,topological,1,0,0,2,after_topology_validation
sample-igg-W-30::763,sample-igg-W-30,763,3,True,multi_root_no_usable_naive,,2,0,0,4,raw_families
sample-igg-W-30::3645,sample-igg-W-30,3645,2,True,lt_min_leaves,topological,1,0,0,2,after_topology_validation
sample-igg-W-30::1524,sample-igg-W-30,1524,9,True,lt_min_leaves,topological,1,0,1,6,after_topology_validation
sample-igg-W-30::2161,sample-igg-W-30,2161,2,True,lt_min_leaves,topological,1,0,0,2,after_topology_validation
sample-igg-W-30::1220,sample-igg-W-30,1220,1,True,lt_min_leaves,topological,1,0,0,2,after_topology_validation
sample-igg-W-30::2727,sample-igg-W-30,2727,2,True,lt_min_leaves,topological,1,0,0,2,after_topology_validation
sample-igg-W-30::307,sample-igg-W-30,307,4,True,lt_min_leaves,topological,1,0,2,3,after_topology_validation
sample-igg-W-30::2763,sample-igg-W-30,2763,1,True,lt_min_leaves,topological,1,0,1,2,after_topology_validation
sample-igg-W-30::1547,sample-igg-W-30,1547,4,True,lt_min_leaves,topological,1,0,1,3,after_topology_validation
sample-igg-W-30::769,sample-igg-W-30,769,1,True,lt_min_leaves,topological,1,0,1,2,after_topology_validation
sample-igg-W-30::558,sample-igg-W-30,558,3,True,lt_min_leaves,topological,1,0,1,3,after_topology_validation
sample-igg-W-30::198,sample-igg-W-30,198,8,True,multi_root_no_usable_naive,,2,0,0,6,raw_families
sample-igg-W-30::1881,sample-igg-W-30,1881,1,True,lt_min_leaves,topological,1,0,1,2,after_topology_validation
sample-igg-W-30::412,sample-igg-W-30,412,5,True,multi_root_no_usable_naive,,2,0,0,4,raw_families
sample-igg-W-30::233,sample-igg-W-30,233,2,True,lt_min_leaves,topological,1,0,1,2,after_topology_validation
sample-igg-W-30::3221,sample-igg-W-30,3221,2,True,multi_root_no_usable_naive,,2,0,0,10,raw_families
sample-igg-W-30::2634,sample-igg-W-30,2634,1,True,lt_min_leaves,topological,1,0,1,2,after_topology_validation
sample-igg-W-30::205,sample-igg-W-30,205,2,True,lt_min_leaves,topological,1,0,0,2,after_topology_validation
sample-igg-W-30::104,sample-igg-W-30,104,3,True,multi_root_no_usable_naive,,2,0,0,3,raw_families
sample-igg-W-30::575,sample-igg-W-30,575,4,True,lt_min_leaves,topological,1,0,1,3,after_topology_validation
sample-igg-W-30::3412,sample-igg-W-30,3412,3,True,lt_min_leaves,topological,1,0,1,3,after_topology_validation
sample-igg-W-30::3785,sample-igg-W-30,3785,3,True,lt_min_leaves,topological,1,0,1,3,after_topology_validation
sample-igg-W-30::2939,sample-igg-W-30,2939,4,True,lt_min_leaves,topological,1,0,2,3,after_topology_validation
sample-igg-W-30::1522,sample-igg-W-30,1522,3,True,lt_min_leaves,topological,1,0,2,3,after_topology_validation
sample-igg-W-30::2115,sample-igg-W-30,2115,8,True,lt_min_leaves,topological,1,0,1,4,after_topology_validation
sample-igg-W-30::352,sample-igg-W-30,352,2,True,multi_root_no_usable_naive,,2,0,0,3,raw_families
sample-igg-W-30::1125,sample-igg-W-30,1125,7,True,lt_min_leaves,topological,1,0,2,5,after_topology_validation
sample-igg-W-30::2195,sample-igg-W-30,2195,2,True,multi_root_no_usable_naive,,2,0,0,3,raw_families
sample-igg-W-30::2347,sample-igg-W-30,2347,1,True,lt_min_leaves,topological,1,0,1,3,after_topology_validation
sample-igg-W-30::2715,sample-igg-W-30,2715,8,True,lt_min_leaves,topological,1,0,2,4,after_topology_validation
sample-igg-W-30::2007,sample-igg-W-30,2007,7,True,lt_min_leaves,topological,1,0,2,4,after_topology_validation
sample-igg-W-30::2513,sample-igg-W-30,2513,4,True,lt_min_leaves,topological,1,0,0,3,after_topology_validation
sample-igg-W-30::1424,sample-igg-W-30,1424,1,True,lt_min_leaves,topological,1,0,1,2,after_topology_validation
sample-igg-W-30::2895,sample-igg-W-30,2895,2,True,multi_root_no_usable_naive,,2,0,0,3,raw_families
sample-igg-W-30::3776,sample-igg-W-30,3776,4,True,lt_min_leaves,topological,1,0,2,3,after_topology_validation
sample-igg-W-30::909,sample-igg-W-30,909,1,True,lt_min_leaves,topological,1,0,1,2,after_topology_validation
sample-igg-W-30::2689,sample-igg-W-30,2689,3,True,lt_min_leaves,topological,1,0,1,3,after_topology_validation
sample-igg-W-30::2407,sample-igg-W-30,2407,5,True,lt_min_leaves,topological,1,0,0,3,after_topology_validation
sample-igg-W-30::3858,sample-igg-W-30,3858,2,True,lt_min_leaves,topological,1,0,1,3,after_topology_validation
sample-igg-W-30::1556,sample-igg-W-30,1556,7,True,multi_root_no_usable_naive,,4,0,0,18,raw_families
sample-igg-W-30::2597,sample-igg-W-30,2597,4,True,lt_min_leaves,topological,1,0,0,3,after_topology_validation
sample-igg-W-30::1843,sample-igg-W-30,1843,4,True,multi_root_no_usable_naive,,2,0,0,5,raw_families
sample-igg-W-30::214,sample-igg-W-30,214,4,True,lt_min_leaves,topological,1,0,0,3,after_topology_validation
sample-igg-W-30::3087,sample-igg-W-30,3087,4,True,lt_min_leaves,topological,1,0,1,3,after_topology_validation
sample-igg-W-30::3350,sample-igg-W-30,3350,1,True,lt_min_leaves,topological,1,0,1,2,after_topology_validation
sample-igg-W-30::3850,sample-igg-W-30,3850,1,True,lt_min_leaves,topological,1,0,1,6,after_topology_validation
sample-igg-W-30::1423,sample-igg-W-30,1423,2,True,lt_min_leaves,topological,1,0,0,2,after_topology_validation
sample-igg-W-30::1164,sample-igg-W-30,1164,5,True,lt_min_leaves,topological,1,0,1,4,after_topology_validation
sample-igg-W-30::2424,sample-igg-W-30,2424,1,True,lt_min_leaves,topological,1,0,1,5,after_topology_validation
sample-igg-W-30::1102,sample-igg-W-30,1102,7,True,lt_min_leaves,topological,1,0,2,4,after_topology_validation
sample-igg-W-30::242,sample-igg-W-30,242,6,True,lt_min_leaves,topological,1,0,1,4,after_topology_validation
sample-igg-W-30::1754,sample-igg-W-30,1754,2,True,lt_min_leaves,topological,1,0,0,2,after_topology_validation
sample-igg-W-30::3294,sample-igg-W-30,3294,8,True,lt_min_leaves,topological,1,0,2,5,after_topology_validation
sample-igg-W-30::596,sample-igg-W-30,596,3,True,lt_min_leaves,topological,1,0,2,3,after_topology_validation
sample-igg-W-30::299,sample-igg-W-30,299,3,True,multi_root_no_usable_naive,,2,0,0,3,raw_families
sample-igg-W-30::167,sample-igg-W-30,167,2,True,lt_min_leaves,topological,1,0,0,2,after_topology_validation
sample-igg-W-30::2521,sample-igg-W-30,2521,4,True,lt_min_leaves,topological,1,0,0,3,after_topology_validation
sample-igg-W-30::2992,sample-igg-W-30,2992,2,True,lt_min_leaves,topological,1,0,0,2,after_topology_validation
sample-igg-W-30::1251,sample-igg-W-30,1251,7,True,lt_min_leaves,topological,1,0,3,4,after_topology_validation
sample-igg-W-30::1031,sample-igg-W-30,1031,1,True,lt_min_leaves,topological,1,0,1,2,after_topology_validation
sample-igg-W-30::222,sample-igg-W-30,222,2,True,lt_min_leaves,topological,1,0,0,2,after_topology_validation
sample-igg-W-30::2495,sample-igg-W-30,2495,8,True,multi_root_no_usable_naive,,2,0,0,9,raw_families
sample-igg-W-30::314,sample-igg-W-30,314,4,True,lt_min_leaves,topological,1,0,0,3,after_topology_validation
sample-igg-W-30::261,sample-igg-W-30,261,1,True,lt_min_leaves,topological,1,0,1,2,after_topology_validation
sample-igg-W-30::353,sample-igg-W-30,353,2,True,lt_min_leaves,topological,1,0,0,2,after_topology_validation
sample-igg-W-30::2169,sample-igg-W-30,2169,2,True,multi_root_no_usable_naive,,2,0,0,3,raw_families
sample-igg-W-30::826,sample-igg-W-30,826,1,True,lt_min_leaves,topological,1,0,0,2,after_topology_validation
sample-igg-W-30::1669,sample-igg-W-30,1669,4,True,lt_min_leaves,topological,1,0,2,3,after_topology_validation
sample-igg-W-30::2452,sample-igg-W-30,2452,2,True,lt_min_leaves,topological,1,0,1,2,after_topology_validation
sample-igg-W-30::2456,sample-igg-W-30,2456,1,True,lt_min_leaves,topological,1,0,0,2,after_topology_validation
sample-igg-W-30::2685,sample-igg-W-30,2685,2,True,lt_min_leaves,topological,1,0,0,2,after_topology_validation
sample-igg-W-30::1513,sample-igg-W-30,1513,3,True,lt_min_leaves,topological,1,0,0,3,after_topology_validation
sample-igg-W-30::172,sample-igg-W-30,172,4,True,lt_min_leaves,topological,1,0,0,3,after_topology_validation
sample-igg-W-30::1167,sample-igg-W-30,1167,3,True,lt_min_leaves,topological,1,0,1,3,after_topology_validation
sample-igg-W-30::380,sample-igg-W-30,380,2,True,lt_min_leaves,topological,1,0,0,2,after_topology_validation
sample-igg-W-30::1576,sample-igg-W-30,1576,9,True,lt_min_leaves,topological,1,0,1,4,after_topology_validation
sample-igg-W-30::582,sample-igg-W-30,582,3,True,lt_min_leaves,topological,1,0,0,3,after_topology_validation
sample-igg-W-30::910,sample-igg-W-30,910,1,True,lt_min_leaves,topological,1,0,0,2,after_topology_validation
sample-igg-W-30::2497,sample-igg-W-30,2497,7,True,lt_min_leaves,topological,1,0,1,4,after_topology_validation
sample-igg-W-30::2324,sample-igg-W-30,2324,2,True,lt_min_leaves,topological,1,0,0,2,after_topology_validation
sample-igg-W-30::101,sample-igg-W-30,101,3,True,lt_min_leaves,topological,1,0,1,3,after_topology_validation
sample-igg-W-30::549,sample-igg-W-30,549,3,True,lt_min_leaves,topological,1,0,0,3,after_topology_validation
sample-igg-W-30::514,sample-igg-W-30,514,3,True,lt_min_leaves,topological,1,0,1,3,after_topology_validation
sample-igg-W-30::1090,sample-igg-W-30,1090,5,True,lt_min_leaves,topological,1,0,1,4,after_topology_validation
sample-igg-W-30::460,sample-igg-W-30,460,8,True,multi_root_no_usable_naive,,2,0,0,5,raw_families
sample-igg-W-30::3677,sample-igg-W-30,3677,6,True,lt_min_leaves,topological,1,0,3,3,after_topology_validation
sample-igg-W-30::2383,sample-igg-W-30,2383,2,True,lt_min_leaves,topological,1,0,1,2,after_topology_validation
sample-igg-W-30::1226,sample-igg-W-30,1226,2,True,lt_min_leaves,topological,1,0,0,2,after_topology_validation
sample-igg-W-30::297,sample-igg-W-30,297,3,True,lt_min_leaves,topological,1,0,1,3,after_topology_validation
sample-igg-W-30::2775,sample-igg-W-30,2775,3,True,multi_root_no_usable_naive,,2,0,0,7,raw_families
sample-igg-W-30::355,sample-igg-W-30,355,4,True,multi_root_no_usable_naive,,2,0,0,4,raw_families
sample-igg-W-30::49,sample-igg-W-30,49,7,True,lt_min_leaves,topological,1,0,3,5,after_topology_validation
sample-igg-W-30::1645,sample-igg-W-30,1645,4,True,lt_min_leaves,topological,1,0,0,3,after_topology_validation
sample-igg-W-30::3619,sample-igg-W-30,3619,1,True,lt_min_leaves,topological,1,0,1,2,after_topology_validation
sample-igg-W-30::1667,sample-igg-W-30,1667,2,True,lt_min_leaves,topological,1,0,0,2,after_topology_validation
sample-igg-W-30::1141,sample-igg-W-30,1141,2,True,lt_min_leaves,topological,1,0,0,2,after_topology_validation
sample-igg-W-30::1465,sample-igg-W-30,1465,7,True,multi_root_no_usable_naive,,2,0,0,5,raw_families
sample-igg-W-30::3002,sample-igg-W-30,3002,3,True,lt_min_leaves,topological,1,0,0,3,after_topology_validation
sample-igg-W-30::285,sample-igg-W-30,285,2,True,multi_root_no_usable_naive,,2,0,0,3,raw_families
sample-igg-W-30::311,sample-igg-W-30,311,3,True,multi_root_no_usable_naive,,2,0,0,4,raw_families
sample-igg-W-30::2126,sample-igg-W-30,2126,1,True,lt_min_leaves,topological,1,0,1,2,after_topology_validation
sample-igg-W-30::2018,sample-igg-W-30,2018,4,True,lt_min_leaves,topological,1,0,2,3,after_topology_validation
sample-igg-W-30::3096,sample-igg-W-30,3096,4,True,lt_min_leaves,topological,1,0,1,3,after_topology_validation
sample-igg-W-30::2234,sample-igg-W-30,2234,9,True,multi_root_no_usable_naive,,2,0,0,7,raw_families
sample-igg-W-30::316,sample-igg-W-30,316,3,True,lt_min_leaves,topological,1,0,1,3,after_topology_validation
sample-igg-W-30::1946,sample-igg-W-30,1946,2,True,lt_min_leaves,topological,1,0,0,2,after_topology_validation
sample-igg-W-30::2278,sample-igg-W-30,2278,1,True,lt_min_leaves,topological,1,0,1,2,after_topology_validation
sample-igg-W-30::368,sample-igg-W-30,368,1,True,lt_min_leaves,topological,1,0,0,2,after_topology_validation
sample-igg-W-30::1818,sample-igg-W-30,1818,1,True,lt_min_leaves,topological,1,0,1,2,after_topology_validation
sample-igg-W-30::584,sample-igg-W-30,584,2,True,multi_root_no_usable_naive,,2,0,0,11,raw_families
sample-igg-W-30::2870,sample-igg-W-30,2870,1,True,lt_min_leaves,topological,1,0,1,4,after_topology_validation
sample-igg-W-30::900,sample-igg-W-30,900,2,True,lt_min_leaves,topological,1,0,0,2,after_topology_validation
sample-igg-W-30::97,sample-igg-W-30,97,2,True,lt_min_leaves,topological,1,0,0,2,after_topology_validation
sample-igg-W-30::2040,sample-igg-W-30,2040,2,True,lt_min_leaves,topological,1,0,0,2,after_topology_validation
sample-igg-W-30::2031,sample-igg-W-30,2031,3,True,lt_min_leaves,topological,1,0,1,3,after_topology_validation
sample-igg-W-30::1433,sample-igg-W-30,1433,3,True,multi_root_no_usable_naive,,2,0,0,4,raw_families
sample-igg-W-30::1967,sample-igg-W-30,1967,3,True,lt_min_leaves,topological,1,0,0,3,after_topology_validation
sample-igg-W-30::1269,sample-igg-W-30,1269,4,True,lt_min_leaves,topological,1,0,0,4,after_topology_validation
sample-igg-W-30::1514,sample-igg-W-30,1514,2,True,lt_min_leaves,topological,1,0,0,2,after_topology_validation
sample-igg-W-30::427,sample-igg-W-30,427,2,True,lt_min_leaves,topological,1,0,2,6,after_topology_validation
sample-igg-W-30::366,sample-igg-W-30,366,1,True,lt_min_leaves,topological,1,0,0,2,after_topology_validation
sample-igg-W-30::317,sample-igg-W-30,317,1,True,lt_min_leaves,topological,1,0,1,2,after_topology_validation
sample-igg-W-30::3752,sample-igg-W-30,3752,1,True,lt_min_leaves,topological,1,0,0,2,after_topology_validation
sample-igg-W-30::2042,sample-igg-W-30,2042,2,True,lt_min_leaves,topological,1,0,1,3,after_topology_validation
sample-igg-W-30::792,sample-igg-W-30,792,1,True,lt_min_leaves,topological,1,0,0,2,after_topology_validation
sample-igg-W-30::2167,sample-igg-W-30,2167,11,True,lt_min_leaves,topological,1,0,2,5,after_topology_validation
sample-igg-W-30::1537,sample-igg-W-30,1537,2,True,lt_min_leaves,topological,1,0,1,2,after_topology_validation
sample-igg-W-30::180,sample-igg-W-30,180,4,True,lt_min_leaves,topological,1,0,2,4,after_topology_validation
sample-igg-W-30::2005,sample-igg-W-30,2005,4,True,lt_min_leaves,topological,1,0,1,3,after_topology_validation
sample-igg-W-30::338,sample-igg-W-30,338,2,True,lt_min_leaves,topological,1,0,1,2,after_topology_validation
sample-igg-W-30::187,sample-igg-W-30,187,16,False,,topological,1,0,5,5,final_eligible
sample-igg-W-30::476,sample-igg-W-30,476,4,True,lt_min_leaves,topological,1,0,0,3,after_topology_validation
sample-igg-W-30::337,sample-igg-W-30,337,2,True,lt_min_leaves,topological,1,0,0,2,after_topology_validation
sample-igg-W-30::3581,sample-igg-W-30,3581,2,True,lt_min_leaves,topological,1,0,1,3,after_topology_validation
sample-igg-W-30::1601,sample-igg-W-30,1601,4,True,lt_min_leaves,topological,1,0,1,4,after_topology_validation
sample-igg-W-30::3021,sample-igg-W-30,3021,5,True,multi_root_no_usable_naive,,2,0,0,8,raw_families
sample-igg-W-30::1607,sample-igg-W-30,1607,1,True,lt_min_leaves,topological,1,0,1,2,after_topology_validation
sample-igg-W-30::1574,sample-igg-W-30,1574,14,True,multi_root_no_usable_naive,,2,0,0,5,raw_families
sample-igg-W-30::2962,sample-igg-W-30,2962,2,True,lt_min_leaves,topological,1,0,0,2,after_topology_validation
sample-igg-W-30::2719,sample-igg-W-30,2719,4,True,lt_min_leaves,topological,1,0,2,3,after_topology_validation
sample-igg-W-30::2373,sample-igg-W-30,2373,5,True,lt_min_leaves,topological,1,0,1,3,after_topology_validation
sample-igg-W-30::109,sample-igg-W-30,109,7,True,multi_root_no_usable_naive,,2,0,0,6,raw_families
sample-igg-W-30::2377,sample-igg-W-30,2377,3,True,lt_min_leaves,topological,1,0,0,3,after_topology_validation
sample-igg-W-30::1756,sample-igg-W-30,1756,2,True,lt_min_leaves,topological,1,0,0,2,after_topology_validation
sample-igg-W-30::2683,sample-igg-W-30,2683,4,True,lt_min_leaves,topological,1,0,0,3,after_topology_validation
sample-igg-W-30::2940,sample-igg-W-30,2940,4,True,multi_root_no_usable_naive,,2,0,0,6,raw_families
sample-igg-W-30::3352,sample-igg-W-30,3352,1,True,lt_min_leaves,topological,1,0,0,2,after_topology_validation
sample-igg-W-30::409,sample-igg-W-30,409,6,True,lt_min_leaves,topological,1,0,3,4,after_topology_validation
sample-igg-W-30::1460,sample-igg-W-30,1460,1,True,lt_min_leaves,topological,1,0,1,2,after_topology_validation
sample-igg-W-30::1988,sample-igg-W-30,1988,3,True,lt_min_leaves,topological,1,0,2,3,after_topology_validation
sample-igg-W-30::1315,sample-igg-W-30,1315,1,True,lt_min_leaves,topological,1,0,1,2,after_topology_validation
sample-igg-W-30::505,sample-igg-W-30,505,1,True,lt_min_leaves,topological,1,0,1,2,after_topology_validation
sample-igg-W-30::1774,sample-igg-W-30,1774,4,True,lt_min_leaves,topological,1,0,1,4,after_topology_validation
sample-igg-W-30::138,sample-igg-W-30,138,7,True,lt_min_leaves,topological,1,0,2,4,after_topology_validation
sample-igg-W-30::1112,sample-igg-W-30,1112,1,True,lt_min_leaves,topological,1,0,1,2,after_topology_validation
sample-igg-W-30::2884,sample-igg-W-30,2884,3,True,lt_min_leaves,topological,1,0,2,3,after_topology_validation
sample-igg-W-30::2720,sample-igg-W-30,2720,5,True,lt_min_leaves,topological,1,0,1,4,after_topology_validation
sample-igg-W-30::1659,sample-igg-W-30,1659,4,True,lt_min_leaves,topological,1,0,1,3,after_topology_validation
sample-igg-W-30::479,sample-igg-W-30,479,10,True,lt_min_leaves,topological,1,0,1,5,after_topology_validation
sample-igg-W-30::253,sample-igg-W-30,253,7,True,lt_min_leaves,topological,1,0,2,4,after_topology_validation
sample-igg-W-30::1735,sample-igg-W-30,1735,3,True,lt_min_leaves,topological,1,0,1,3,after_topology_validation
sample-igg-W-30::2481,sample-igg-W-30,2481,2,True,lt_min_leaves,topological,1,0,0,2,after_topology_validation
sample-igg-W-30::3127,sample-igg-W-30,3127,1,True,lt_min_leaves,topological,1,0,1,2,after_topology_validation
sample-igg-W-30::3668,sample-igg-W-30,3668,3,True,lt_min_leaves,topological,1,0,0,3,after_topology_validation
sample-igg-W-30::1097,sample-igg-W-30,1097,2,True,lt_min_leaves,topological,1,0,0,2,after_topology_validation
sample-igg-W-30::1370,sample-igg-W-30,1370,1,True,lt_min_leaves,topological,1,0,1,2,after_topology_validation
sample-igg-W-30::428,sample-igg-W-30,428,12,True,multi_root_no_usable_naive,,2,0,0,7,raw_families
sample-igg-W-30::502,sample-igg-W-30,502,7,True,multi_root_no_usable_naive,,2,0,0,5,raw_families
sample-igg-W-30::3337,sample-igg-W-30,3337,1,True,lt_min_leaves,topological,1,0,1,6,after_topology_validation
sample-igg-W-30::2677,sample-igg-W-30,2677,2,True,multi_root_no_usable_naive,,2,0,0,3,raw_families
sample-igg-W-30::3418,sample-igg-W-30,3418,11,True,multi_root_no_usable_naive,,2,0,0,8,raw_families
sample-igg-W-30::2739,sample-igg-W-30,2739,1,True,lt_min_leaves,topological,1,0,1,2,after_topology_validation
sample-igg-W-30::3691,sample-igg-W-30,3691,7,True,multi_root_no_usable_naive,,2,0,0,11,raw_families
sample-igg-W-30::3570,sample-igg-W-30,3570,4,True,lt_min_leaves,topological,1,0,2,3,after_topology_validation
sample-igg-W-30::1644,sample-igg-W-30,1644,19,True,multi_root_no_usable_naive,,3,0,0,8,raw_families
sample-igg-W-30::196,sample-igg-W-30,196,6,True,lt_min_leaves,topological,1,0,0,4,after_topology_validation
sample-igg-W-30::2139,sample-igg-W-30,2139,1,True,lt_min_leaves,topological,1,0,1,5,after_topology_validation
sample-igg-W-30::2483,sample-igg-W-30,2483,1,True,lt_min_leaves,topological,1,0,0,2,after_topology_validation
sample-igg-W-30::865,sample-igg-W-30,865,1,True,lt_min_leaves,topological,1,0,1,2,after_topology_validation
sample-igg-W-30::2805,sample-igg-W-30,2805,6,True,lt_min_leaves,topological,1,0,2,4,after_topology_validation
sample-igg-W-30::1571,sample-igg-W-30,1571,1,True,lt_min_leaves,topological,1,0,1,2,after_topology_validation
sample-igg-W-30::1263,sample-igg-W-30,1263,3,True,lt_min_leaves,topological,1,0,1,3,after_topology_validation
sample-igg-W-30::3179,sample-igg-W-30,3179,1,True,lt_min_leaves,topological,1,0,0,2,after_topology_validation
sample-igg-W-30::1441,sample-igg-W-30,1441,1,True,lt_min_leaves,topological,1,0,1,2,after_topology_validation
sample-igg-W-30::189,sample-igg-W-30,189,2,True,lt_min_leaves,topological,1,0,0,2,after_topology_validation
sample-igg-W-30::2852,sample-igg-W-30,2852,2,True,multi_root_no_usable_naive,,2,0,0,3,raw_families
sample-igg-W-30::3634,sample-igg-W-30,3634,1,True,lt_min_leaves,topological,1,0,1,6,after_topology_validation
sample-igg-W-30::2779,sample-igg-W-30,2779,3,True,lt_min_leaves,topological,1,0,0,3,after_topology_validation
sample-igg-W-30::3203,sample-igg-W-30,3203,1,True,lt_min_leaves,topological,1,0,0,2,after_topology_validation
sample-igg-W-30::2876,sample-igg-W-30,2876,1,True,lt_min_leaves,topological,1,0,0,2,after_topology_validation
sample-igg-W-30::2762,sample-igg-W-30,2762,1,True,lt_min_leaves,topological,1,0,1,2,after_topology_validation
sample-igg-W-30::2417,sample-igg-W-30,2417,14,True,lt_min_leaves,topological,1,0,1,7,after_topology_validation
sample-igg-W-30::3379,sample-igg-W-30,3379,1,True,lt_min_leaves,topological,1,0,0,2,after_topology_validation
sample-igg-W-30::362,sample-igg-W-30,362,1,True,lt_min_leaves,topological,1,0,0,2,after_topology_validation
sample-igg-W-30::2742,sample-igg-W-30,2742,3,True,lt_min_leaves,topological,1,0,1,3,after_topology_validation
sample-igg-W-30::3089,sample-igg-W-30,3089,2,True,multi_root_no_usable_naive,,2,0,0,4,raw_families
sample-igg-W-30::203,sample-igg-W-30,203,3,True,lt_min_leaves,topological,1,0,1,3,after_topology_validation
sample-igg-W-30::3421,sample-igg-W-30,3421,6,True,lt_min_leaves,topological,1,0,1,4,after_topology_validation
sample-igg-W-30::1523,sample-igg-W-30,1523,7,True,lt_min_leaves,topological,1,0,1,5,after_topology_validation
sample-igg-W-30::22,sample-igg-W-30,22,16,True,multi_root_no_usable_naive,,3,0,0,8,raw_families
sample-igg-W-30::3546,sample-igg-W-30,3546,4,True,lt_min_leaves,topological,1,0,0,3,after_topology_validation
sample-igg-W-30::2398,sample-igg-W-30,2398,1,True,lt_min_leaves,topological,1,0,0,2,after_topology_validation
sample-igg-W-30::1327,sample-igg-W-30,1327,2,True,lt_min_leaves,topological,1,0,0,2,after_topology_validation
sample-igg-W-30::812,sample-igg-W-30,812,7,True,multi_root_no_usable_naive,,2,0,0,5,raw_families
sample-igg-W-30::566,sample-igg-W-30,566,2,True,lt_min_leaves,topological,1,0,0,2,after_topology_validation
sample-igg-W-30::45,sample-igg-W-30,45,2,True,lt_min_leaves,topological,1,0,0,2,after_topology_validation
sample-igg-W-30::836,sample-igg-W-30,836,2,True,lt_min_leaves,topological,1,0,0,2,after_topology_validation
sample-igg-W-30::3308,sample-igg-W-30,3308,2,True,lt_min_leaves,topological,1,0,0,2,after_topology_validation
sample-igg-W-30::2580,sample-igg-W-30,2580,2,True,multi_root_no_usable_naive,,2,0,0,3,raw_families
sample-igg-W-30::1359,sample-igg-W-30,1359,2,True,lt_min_leaves,topological,1,0,0,2,after_topology_validation
sample-igg-W-30::934,sample-igg-W-30,934,8,True,lt_min_leaves,topological,1,0,2,4,after_topology_validation
sample-igg-W-30::135,sample-igg-W-30,135,1,True,lt_min_leaves,topological,1,0,1,2,after_topology_validation
sample-igg-W-30::770,sample-igg-W-30,770,10,True,multi_root_no_usable_naive,,2,0,0,5,raw_families
sample-igg-W-30::2843,sample-igg-W-30,2843,6,True,lt_min_leaves,topological,1,0,1,4,after_topology_validation
sample-igg-W-30::3430,sample-igg-W-30,3430,4,True,multi_root_no_usable_naive,,2,0,0,5,raw_families
sample-igg-W-30::608,sample-igg-W-30,608,1,True,lt_min_leaves,topological,1,0,1,2,after_topology_validation
sample-igg-W-30::1875,sample-igg-W-30,1875,2,True,multi_root_no_usable_naive,,2,0,0,10,raw_families
sample-igg-W-30::2825,sample-igg-W-30,2825,4,True,lt_min_leaves,topological,1,0,1,3,after_topology_validation
sample-igg-W-30::2721,sample-igg-W-30,2721,11,True,lt_min_leaves,topological,1,0,3,6,after_topology_validation
sample-igg-W-30::1376,sample-igg-W-30,1376,1,True,lt_min_leaves,topological,1,0,0,2,after_topology_validation
sample-igg-W-30::2541,sample-igg-W-30,2541,1,True,lt_min_leaves,topological,1,0,1,2,after_topology_validation
sample-igg-W-30::552,sample-igg-W-30,552,2,True,lt_min_leaves,topological,1,0,0,2,after_topology_validation
sample-igg-W-30::800,sample-igg-W-30,800,7,True,multi_root_no_usable_naive,,3,0,0,9,raw_families
sample-igg-W-30::681,sample-igg-W-30,681,4,True,lt_min_leaves,topological,1,0,0,3,after_topology_validation
sample-igg-W-30::2615,sample-igg-W-30,2615,2,True,multi_root_no_usable_naive,,2,0,0,3,raw_families
sample-igg-W-30::3461,sample-igg-W-30,3461,2,True,lt_min_leaves,topological,1,0,0,2,after_topology_validation
sample-igg-W-30::1223,sample-igg-W-30,1223,2,True,lt_min_leaves,topological,1,0,1,3,after_topology_validation
sample-igg-W-30::2078,sample-igg-W-30,2078,4,True,lt_min_leaves,topological,1,0,0,3,after_topology_validation
sample-igg-W-30::3499,sample-igg-W-30,3499,1,True,lt_min_leaves,topological,1,0,1,2,after_topology_validation
sample-igg-W-30::506,sample-igg-W-30,506,7,True,lt_min_leaves,topological,1,0,3,4,after_topology_validation
sample-igg-W-30::1362,sample-igg-W-30,1362,2,True,lt_min_leaves,topological,1,0,0,2,after_topology_validation
sample-igg-W-30::2082,sample-igg-W-30,2082,2,True,lt_min_leaves,topological,1,0,0,2,after_topology_validation
sample-igg-W-30::1261,sample-igg-W-30,1261,3,True,lt_min_leaves,topological,1,0,2,3,after_topology_validation
sample-igg-W-30::2027,sample-igg-W-30,2027,5,True,multi_root_no_usable_naive,,2,0,0,5,raw_families
sample-igg-W-30::3397,sample-igg-W-30,3397,4,True,lt_min_leaves,topological,1,0,0,3,after_topology_validation
sample-igg-W-30::178,sample-igg-W-30,178,2,True,lt_min_leaves,topological,1,0,0,2,after_topology_validation
sample-igg-W-30::1759,sample-igg-W-30,1759,4,True,lt_min_leaves,topological,1,0,1,3,after_topology_validation
sample-igg-W-30::3018,sample-igg-W-30,3018,2,True,lt_min_leaves,topological,1,0,0,2,after_topology_validation
sample-igg-W-30::1989,sample-igg-W-30,1989,6,True,lt_min_leaves,topological,1,0,1,4,after_topology_validation
sample-igg-W-30::2015,sample-igg-W-30,2015,16,True,multi_root_no_usable_naive,,2,0,0,8,raw_families
sample-igg-W-30::1609,sample-igg-W-30,1609,3,True,lt_min_leaves,topological,1,0,1,3,after_topology_validation
sample-igg-W-30::306,sample-igg-W-30,306,6,True,lt_min_leaves,topological,1,0,2,3,after_topology_validation
sample-igg-W-30::75,sample-igg-W-30,75,2,True,lt_min_leaves,topological,1,0,0,2,after_topology_validation
sample-igg-W-30::1657,sample-igg-W-30,1657,6,True,lt_min_leaves,topological,1,0,1,3,after_topology_validation
sample-igg-W-30::895,sample-igg-W-30,895,1,True,lt_min_leaves,topological,1,0,1,2,after_topology_validation
sample-igg-W-30::1155,sample-igg-W-30,1155,1,True,lt_min_leaves,topological,1,0,0,2,after_topology_validation
sample-igg-W-30::1154,sample-igg-W-30,1154,2,True,lt_min_leaves,topological,1,0,0,2,after_topology_validation
sample-igg-W-30::441,sample-igg-W-30,441,4,True,lt_min_leaves,topological,1,0,2,3,after_topology_validation
sample-igg-W-30::1356,sample-igg-W-30,1356,4,True,lt_min_leaves,topological,1,0,0,3,after_topology_validation
sample-igg-W-30::1318,sample-igg-W-30,1318,1,True,lt_min_leaves,topological,1,0,1,2,after_topology_validation
sample-igg-W-30::2459,sample-igg-W-30,2459,2,True,lt_min_leaves,topological,1,0,0,2,after_topology_validation
sample-igg-W-30::142,sample-igg-W-30,142,3,True,lt_min_leaves,topological,1,0,1,3,after_topology_validation
sample-igg-W-30::124,sample-igg-W-30,124,6,True,multi_root_no_usable_naive,,2,0,0,4,raw_families
sample-igg-W-30::3660,sample-igg-W-30,3660,6,True,lt_min_leaves,topological,1,0,2,4,after_topology_validation
sample-igg-W-30::599,sample-igg-W-30,599,1,True,lt_min_leaves,topological,1,0,0,2,after_topology_validation
sample-igg-W-30::2462,sample-igg-W-30,2462,1,True,lt_min_leaves,topological,1,0,1,2,after_topology_validation
sample-igg-W-30::58,sample-igg-W-30,58,4,True,lt_min_leaves,topological,1,0,0,3,after_topology_validation
sample-igg-W-30::1156,sample-igg-W-30,1156,1,True,lt_min_leaves,topological,1,0,1,2,after_topology_validation
sample-igg-W-30::2985,sample-igg-W-30,2985,4,True,lt_min_leaves,topological,1,0,1,3,after_topology_validation
sample-igg-W-30::3047,sample-igg-W-30,3047,4,True,multi_root_no_usable_naive,,2,0,0,4,raw_families
sample-igg-W-30::473,sample-igg-W-30,473,2,True,lt_min_leaves,topological,1,0,0,2,after_topology_validation
sample-igg-W-30::1127,sample-igg-W-30,1127,2,True,lt_min_leaves,topological,1,0,0,2,after_topology_validation
sample-igg-W-30::2009,sample-igg-W-30,2009,2,True,lt_min_leaves,topological,1,0,1,2,after_topology_validation
sample-igg-W-30::2045,sample-igg-W-30,2045,22,True,multi_root_no_usable_naive,,4,0,0,9,raw_families
sample-igg-W-30::2425,sample-igg-W-30,2425,8,True,lt_min_leaves,topological,1,0,2,4,after_topology_validation
sample-igg-W-30::658,sample-igg-W-30,658,2,True,lt_min_leaves,topological,1,0,0,2,after_topology_validation
sample-igg-W-30::1206,sample-igg-W-30,1206,4,True,lt_min_leaves,topological,1,0,0,3,after_topology_validation
sample-igg-W-30::3052,sample-igg-W-30,3052,2,True,lt_min_leaves,topological,1,0,0,2,after_topology_validation
sample-igg-W-30::3099,sample-igg-W-30,3099,5,True,lt_min_leaves,topological,1,0,1,3,after_topology_validation
sample-igg-W-30::239,sample-igg-W-30,239,2,True,lt_min_leaves,topological,1,0,0,2,after_topology_validation
sample-igg-W-30::133,sample-igg-W-30,133,2,True,multi_root_no_usable_naive,,2,0,0,3,raw_families
sample-igg-W-30::2563,sample-igg-W-30,2563,12,True,multi_root_no_usable_naive,,2,0,0,7,raw_families
sample-igg-W-30::2711,sample-igg-W-30,2711,7,True,lt_min_leaves,topological,1,0,0,5,after_topology_validation
sample-igg-W-30::2266,sample-igg-W-30,2266,3,True,lt_min_leaves,topological,1,0,1,3,after_topology_validation
sample-igg-W-30::1350,sample-igg-W-30,1350,2,True,lt_min_leaves,topological,1,0,0,2,after_topology_validation
sample-igg-W-30::3166,sample-igg-W-30,3166,2,True,multi_root_no_usable_naive,,2,0,0,3,raw_families
sample-igg-W-30::2271,sample-igg-W-30,2271,2,True,lt_min_leaves,topological,1,0,1,2,after_topology_validation
sample-igg-W-30::50,sample-igg-W-30,50,2,True,lt_min_leaves,topological,1,0,1,2,after_topology_validation
sample-igg-W-30::1348,sample-igg-W-30,1348,1,True,lt_min_leaves,topological,1,0,1,2,after_topology_validation
sample-igg-W-30::2182,sample-igg-W-30,2182,2,True,lt_min_leaves,topological,1,0,0,3,after_topology_validation
sample-igg-W-30::2778,sample-igg-W-30,2778,2,True,lt_min_leaves,topological,1,0,1,2,after_topology_validation
sample-igg-W-30::43,sample-igg-W-30,43,7,True,multi_root_no_usable_naive,,2,0,0,5,raw_families
sample-igg-W-30::920,sample-igg-W-30,920,4,True,lt_min_leaves,topological,1,0,0,4,after_topology_validation
sample-igg-W-30::28,sample-igg-W-30,28,4,True,lt_min_leaves,topological,1,0,0,3,after_topology_validation
sample-igg-W-30::3316,sample-igg-W-30,3316,1,True,lt_min_leaves,topological,1,0,1,2,after_topology_validation
sample-igg-W-30::260,sample-igg-W-30,260,2,True,lt_min_leaves,topological,1,0,0,2,after_topology_validation
sample-igg-W-30::1691,sample-igg-W-30,1691,1,True,lt_min_leaves,topological,1,0,1,2,after_topology_validation
sample-igg-W-30::2291,sample-igg-W-30,2291,1,True,lt_min_leaves,topological,1,0,1,2,after_topology_validation
sample-igg-W-30::19,sample-igg-W-30,19,5,True,multi_root_no_usable_naive,,2,0,0,4,raw_families
sample-igg-SC-20::193,sample-igg-SC-20,193,2,True,lt_min_leaves,topological,1,0,2,2,after_topology_validation
sample-igg-SC-20::726,sample-igg-SC-20,726,1,True,lt_min_leaves,topological,1,0,1,2,after_topology_validation
sample-igg-SC-20::798,sample-igg-SC-20,798,2,True,lt_min_leaves,topological,1,0,2,2,after_topology_validation
sample-igg-SC-20::393,sample-igg-SC-20,393,1,True,lt_min_leaves,topological,1,0,0,2,after_topology_validation
sample-igg-SC-20::142,sample-igg-SC-20,142,2,True,lt_min_leaves,topological,1,0,1,2,after_topology_validation
sample-igg-SC-20::607,sample-igg-SC-20,607,2,True,lt_min_leaves,topological,1,0,1,2,after_topology_validation
sample-igg-SC-20::430,sample-igg-SC-20,430,2,True,lt_min_leaves,topological,1,0,1,2,after_topology_validation
sample-igg-SC-20::433,sample-igg-SC-20,433,1,True,lt_min_leaves,topological,1,0,1,2,after_topology_validation
sample-igg-SC-20::166,sample-igg-SC-20,166,2,True,lt_min_leaves,topological,1,0,1,2,after_topology_validation
sample-igg-SC-20::214,sample-igg-SC-20,214,2,True,lt_min_leaves,topological,1,0,1,2,after_topology_validation
sample-igg-SC-20::361,sample-igg-SC-20,361,2,True,lt_min_leaves,topological,1,0,1,2,after_topology_validation
sample-igg-SC-20::733,sample-igg-SC-20,733,2,True,lt_min_leaves,topological,1,0,1,2,after_topology_validation
sample-igg-SC-20::581,sample-igg-SC-20,581,2,True,lt_min_leaves,topological,1,0,1,2,after_topology_validation
sample-igg-SC-20::523,sample-igg-SC-20,523,1,True,lt_min_leaves,topological,1,0,1,2,after_topology_validation
sample-igg-SC-20::270,sample-igg-SC-20,270,1,True,lt_min_leaves,topological,1,0,1,2,after_topology_validation
sample-igg-SC-20::477,sample-igg-SC-20,477,4,True,lt_min_leaves,topological,1,0,1,3,after_topology_validation
sample-igg-SC-20::183,sample-igg-SC-20,183,2,True,lt_min_leaves,topological,1,0,2,2,after_topology_validation
sample-igg-SC-20::179,sample-igg-SC-20,179,2,True,lt_min_leaves,topological,1,0,1,2,after_topology_validation
sample-igg-SC-20::168,sample-igg-SC-20,168,1,True,lt_min_leaves,topological,1,0,1,2,after_topology_validation
sample-igg-SC-20::334,sample-igg-SC-20,334,1,True,lt_min_leaves,topological,1,0,1,2,after_topology_validation
sample-igg-SC-20::522,sample-igg-SC-20,522,2,True,lt_min_leaves,topological,1,0,2,2,after_topology_validation
sample-igg-SC-20::171,sample-igg-SC-20,171,3,True,lt_min_leaves,topological,1,0,2,3,after_topology_validation
sample-igg-SC-20::453,sample-igg-SC-20,453,2,True,lt_min_leaves,topological,1,0,1,2,after_topology_validation
sample-igg-SC-20::165,sample-igg-SC-20,165,3,True,lt_min_leaves,topological,1,0,1,3,after_topology_validation
sample-igg-SC-20::63,sample-igg-SC-20,63,1,True,lt_min_leaves,topological,1,0,0,2,after_topology_validation
sample-igg-SC-20::527,sample-igg-SC-20,527,3,True,lt_min_leaves,topological,1,0,2,3,after_topology_validation
sample-igg-SC-20::170,sample-igg-SC-20,170,1,True,lt_min_leaves,topological,1,0,1,2,after_topology_validation
sample-igg-SC-20::37,sample-igg-SC-20,37,2,True,lt_min_leaves,topological,1,0,1,2,after_topology_validation
sample-igg-SC-20::325,sample-igg-SC-20,325,1,True,lt_min_leaves,topological,1,0,1,2,after_topology_validation
sample-igg-SC-20::286,sample-igg-SC-20,286,1,True,lt_min_leaves,topological,1,0,0,2,after_topology_validation
sample-igg-SC-20::604,sample-igg-SC-20,604,1,True,lt_min_leaves,topological,1,0,1,2,after_topology_validation
sample-igg-SC-20::86,sample-igg-SC-20,86,1,True,lt_min_leaves,topological,1,0,1,2,after_topology_validation
sample-igg-SC-20::11,sample-igg-SC-20,11,2,True,lt_min_leaves,topological,1,0,0,2,after_topology_validation
sample-igg-SC-20::804,sample-igg-SC-20,804,1,True,lt_min_leaves,topological,1,0,1,2,after_topology_validation
sample-igg-SC-20::100,sample-igg-SC-20,100,2,True,lt_min_leaves,topological,1,0,2,2,after_topology_validation
sample-igg-SC-20::620,sample-igg-SC-20,620,2,True,lt_min_leaves,topological,1,0,1,2,after_topology_validation
sample-igg-SC-20::912,sample-igg-SC-20,912,2,True,lt_min_leaves,topological,1,0,1,2,after_topology_validation
sample-igg-SC-20::231,sample-igg-SC-20,231,1,True,lt_min_leaves,topological,1,0,1,2,after_topology_validation
sample-igg-SC-20::839,sample-igg-SC-20,839,2,True,lt_min_leaves,topological,1,0,1,2,after_topology_validation
sample-igg-SC-20::530,sample-igg-SC-20,530,1,True,lt_min_leaves,topological,1,0,1,2,after_topology_validation
sample-igg-SC-20::883,sample-igg-SC-20,883,1,True,lt_min_leaves,topological,1,0,1,2,after_topology_validation
sample-igg-SC-20::594,sample-igg-SC-20,594,2,True,lt_min_leaves,topological,1,0,1,2,after_topology_validation
sample-igg-SC-20::913,sample-igg-SC-20,913,1,True,lt_min_leaves,topological,1,0,1,2,after_topology_validation
sample-igg-SC-20::132,sample-igg-SC-20,132,2,True,lt_min_leaves,topological,1,0,1,2,after_topology_validation
sample-igg-SC-20::897,sample-igg-SC-20,897,1,True,lt_min_leaves,topological,1,0,1,2,after_topology_validation
sample-igg-SC-20::729,sample-igg-SC-20,729,1,True,lt_min_leaves,topological,1,0,1,2,after_topology_validation
sample-igg-SC-20::103,sample-igg-SC-20,103,2,True,lt_min_leaves,topological,1,0,1,2,after_topology_validation
sample-igg-SC-20::735,sample-igg-SC-20,735,2,True,lt_min_leaves,topological,1,0,2,2,after_topology_validation
sample-igg-SC-20::185,sample-igg-SC-20,185,4,True,lt_min_leaves,topological,1,0,2,3,after_topology_validation
sample-igg-SC-20::268,sample-igg-SC-20,268,2,True,lt_min_leaves,topological,1,0,1,2,after_topology_validation
sample-igg-SC-20::290,sample-igg-SC-20,290,4,True,lt_min_leaves,topological,1,0,1,3,after_topology_validation
sample-igg-SC-20::674,sample-igg-SC-20,674,6,True,lt_min_leaves,topological,1,0,3,4,after_topology_validation
sample-igg-SC-20::811,sample-igg-SC-20,811,4,True,lt_min_leaves,topological,1,0,1,3,after_topology_validation
sample-igg-SC-20::737,sample-igg-SC-20,737,9,True,multi_root_no_usable_naive,,2,0,0,6,raw_families
sample-igg-SC-20::8,sample-igg-SC-20,8,9,True,multi_root_no_usable_naive,,3,0,0,8,raw_families
sample-igg-SC-20::112,sample-igg-SC-20,112,2,True,lt_min_leaves,topological,1,0,0,2,after_topology_validation
sample-igg-SC-20::515,sample-igg-SC-20,515,2,True,lt_min_leaves,topological,1,0,2,2,after_topology_validation
sample-igg-SC-20::560,sample-igg-SC-20,560,3,True,lt_min_leaves,topological,1,0,1,3,after_topology_validation
sample-igg-SC-20::59,sample-igg-SC-20,59,4,True,lt_min_leaves,topological,1,0,2,3,after_topology_validation
sample-igg-W-135::1036,sample-igg-W-135,1036,2,True,lt_min_leaves,topological,1,0,1,2,after_topology_validation
sample-igg-W-135::94,sample-igg-W-135,94,2,True,lt_min_leaves,topological,1,0,2,2,after_topology_validation
sample-igg-W-135::54,sample-igg-W-135,54,2,True,lt_min_leaves,topological,1,0,2,2,after_topology_validation
sample-igg-W-135::504,sample-igg-W-135,504,2,True,lt_min_leaves,topological,1,0,2,2,after_topology_validation
sample-igg-W-135::782,sample-igg-W-135,782,1,True,lt_min_leaves,topological,1,0,1,2,after_topology_validation
sample-igg-W-135::1030,sample-igg-W-135,1030,4,True,lt_min_leaves,topological,1,0,2,3,after_topology_validation
sample-igg-W-135::52,sample-igg-W-135,52,2,True,lt_min_leaves,topological,1,0,1,2,after_topology_validation
sample-igg-W-135::40,sample-igg-W-135,40,2,True,lt_min_leaves,topological,1,0,2,2,after_topology_validation
sample-igg-W-135::275,sample-igg-W-135,275,2,True,lt_min_leaves,topological,1,0,2,2,after_topology_validation
sample-igg-W-135::39,sample-igg-W-135,39,2,True,lt_min_leaves,topological,1,0,2,2,after_topology_validation
sample-igg-W-135::611,sample-igg-W-135,611,1,True,lt_min_leaves,topological,1,0,1,2,after_topology_validation
sample-igg-W-135::1008,sample-igg-W-135,1008,1,True,lt_min_leaves,topological,1,0,1,2,after_topology_validation
sample-igg-W-135::1069,sample-igg-W-135,1069,1,True,lt_min_leaves,topological,1,0,1,2,after_topology_validation
sample-igg-W-135::152,sample-igg-W-135,152,2,True,lt_min_leaves,topological,1,0,2,2,after_topology_validation
sample-igg-W-135::1043,sample-igg-W-135,1043,2,True,lt_min_leaves,topological,1,0,2,2,after_topology_validation
sample-igg-W-135::939,sample-igg-W-135,939,2,True,lt_min_leaves,topological,1,0,2,2,after_topology_validation
sample-igg-W-135::22,sample-igg-W-135,22,2,True,lt_min_leaves,topological,1,0,2,2,after_topology_validation
sample-igg-W-135::1007,sample-igg-W-135,1007,1,True,lt_min_leaves,topological,1,0,1,2,after_topology_validation
sample-igg-W-135::429,sample-igg-W-135,429,2,True,lt_min_leaves,topological,1,0,1,2,after_topology_validation
sample-igg-W-135::213,sample-igg-W-135,213,2,True,lt_min_leaves,topological,1,0,2,2,after_topology_validation
sample-igg-W-135::249,sample-igg-W-135,249,2,True,lt_min_leaves,topological,1,0,0,2,after_topology_validation
sample-igg-W-135::1143,sample-igg-W-135,1143,2,True,lt_min_leaves,topological,1,0,1,2,after_topology_validation
sample-igg-W-135::979,sample-igg-W-135,979,2,True,lt_min_leaves,topological,1,0,2,2,after_topology_validation
sample-igg-W-135::723,sample-igg-W-135,723,1,True,lt_min_leaves,topological,1,0,1,2,after_topology_validation
sample-igg-W-135::181,sample-igg-W-135,181,2,True,lt_min_leaves,topological,1,0,2,2,after_topology_validation
sample-igg-W-135::506,sample-igg-W-135,506,1,True,lt_min_leaves,topological,1,0,1,3,after_topology_validation
sample-igg-W-135::150,sample-igg-W-135,150,2,True,lt_min_leaves,topological,1,0,0,2,after_topology_validation
sample-igg-W-135::497,sample-igg-W-135,497,2,True,multi_root_no_usable_naive,,2,0,0,3,raw_families
sample-igg-W-135::114,sample-igg-W-135,114,2,True,lt_min_leaves,topological,1,0,1,2,after_topology_validation
sample-igg-W-135::1129,sample-igg-W-135,1129,2,True,lt_min_leaves,topological,1,0,2,2,after_topology_validation
sample-igg-W-135::1175,sample-igg-W-135,1175,2,True,lt_min_leaves,topological,1,0,2,2,after_topology_validation
sample-igg-W-135::230,sample-igg-W-135,230,1,True,lt_min_leaves,topological,1,0,1,2,after_topology_validation
sample-igg-W-135::349,sample-igg-W-135,349,1,True,lt_min_leaves,topological,1,0,1,2,after_topology_validation
sample-igg-W-135::773,sample-igg-W-135,773,1,True,lt_min_leaves,topological,1,0,1,2,after_topology_validation
sample-igg-W-135::1045,sample-igg-W-135,1045,2,True,lt_min_leaves,topological,1,0,2,2,after_topology_validation
sample-igg-W-135::57,sample-igg-W-135,57,2,True,lt_min_leaves,topological,1,0,0,2,after_topology_validation
sample-igg-W-135::207,sample-igg-W-135,207,1,True,lt_min_leaves,topological,1,0,0,2,after_topology_validation
sample-igg-W-135::61,sample-igg-W-135,61,1,True,lt_min_leaves,topological,1,0,1,2,after_topology_validation
sample-igg-W-135::44,sample-igg-W-135,44,1,True,lt_min_leaves,topological,1,0,1,2,after_topology_validation
sample-igg-W-135::778,sample-igg-W-135,778,1,True,lt_min_leaves,topological,1,0,1,2,after_topology_validation
sample-igg-W-135::26,sample-igg-W-135,26,2,True,multi_root_no_usable_naive,,2,0,0,3,raw_families
sample-igg-W-135::1133,sample-igg-W-135,1133,6,True,multi_root_no_usable_naive,,2,0,0,5,raw_families
sample-igg-W-135::101,sample-igg-W-135,101,3,True,multi_root_no_usable_naive,,2,0,0,8,raw_families
sample-igg-W-135::47,sample-igg-W-135,47,1,True,lt_min_leaves,topological,1,0,1,3,after_topology_validation
sample-igg-W-135::1127,sample-igg-W-135,1127,4,True,lt_min_leaves,topological,1,0,1,3,after_topology_validation
sample-igg-W-135::84,sample-igg-W-135,84,2,True,multi_root_no_usable_naive,,2,0,0,3,raw_families
sample-igg-W-81::50,sample-igg-W-81,50,1,True,lt_min_leaves,topological,1,0,1,2,after_topology_validation
sample-igg-W-81::813,sample-igg-W-81,813,2,True,lt_min_leaves,topological,1,0,1,2,after_topology_validation
sample-igg-W-81::1041,sample-igg-W-81,1041,4,True,lt_min_leaves,topological,1,0,1,3,after_topology_validation
sample-igg-W-81::669,sample-igg-W-81,669,1,True,lt_min_leaves,topological,1,0,1,2,after_topology_validation
sample-igg-W-81::808,sample-igg-W-81,808,1,True,lt_min_leaves,topological,1,0,1,2,after_topology_validation
sample-igg-W-81::561,sample-igg-W-81,561,1,True,lt_min_leaves,topological,1,0,1,2,after_topology_validation
sample-igg-W-81::894,sample-igg-W-81,894,2,True,lt_min_leaves,topological,1,0,1,3,after_topology_validation
sample-igg-W-81::932,sample-igg-W-81,932,2,True,lt_min_leaves,topological,1,0,1,2,after_topology_validation
sample-igg-W-81::1054,sample-igg-W-81,1054,2,True,lt_min_leaves,topological,1,0,2,2,after_topology_validation
sample-igg-W-81::548,sample-igg-W-81,548,4,True,lt_min_leaves,topological,1,0,3,3,after_topology_validation
sample-igg-W-81::535,sample-igg-W-81,535,1,True,lt_min_leaves,topological,1,0,1,2,after_topology_validation
sample-igg-W-81::1129,sample-igg-W-81,1129,2,True,lt_min_leaves,topological,1,0,1,2,after_topology_validation
sample-igg-W-81::205,sample-igg-W-81,205,2,True,lt_min_leaves,topological,1,0,1,2,after_topology_validation
sample-igg-W-81::590,sample-igg-W-81,590,1,True,lt_min_leaves,topological,1,0,1,2,after_topology_validation
sample-igg-W-81::188,sample-igg-W-81,188,1,True,lt_min_leaves,topological,1,0,1,2,after_topology_validation
sample-igg-W-81::542,sample-igg-W-81,542,1,True,lt_min_leaves,topological,1,0,1,2,after_topology_validation
sample-igg-W-81::1195,sample-igg-W-81,1195,2,True,lt_min_leaves,topological,1,0,1,2,after_topology_validation
sample-igg-W-81::677,sample-igg-W-81,677,1,True,lt_min_leaves,topological,1,0,1,2,after_topology_validation
sample-igg-W-81::337,sample-igg-W-81,337,1,True,lt_min_leaves,topological,1,0,1,2,after_topology_validation
sample-igg-W-81::341,sample-igg-W-81,341,1,True,lt_min_leaves,topological,1,0,1,2,after_topology_validation
sample-igg-W-81::1217,sample-igg-W-81,1217,1,True,lt_min_leaves,topological,1,0,1,2,after_topology_validation
sample-igg-W-81::1121,sample-igg-W-81,1121,2,True,lt_min_leaves,topological,1,0,2,2,after_topology_validation
sample-igg-W-81::286,sample-igg-W-81,286,1,True,lt_min_leaves,topological,1,0,1,2,after_topology_validation
sample-igg-W-81::64,sample-igg-W-81,64,1,True,lt_min_leaves,topological,1,0,1,2,after_topology_validation
sample-igg-W-81::695,sample-igg-W-81,695,1,True,lt_min_leaves,topological,1,0,1,2,after_topology_validation
sample-igg-W-81::615,sample-igg-W-81,615,2,True,lt_min_leaves,topological,1,0,2,2,after_topology_validation
sample-igg-W-81::1033,sample-igg-W-81,1033,2,True,lt_min_leaves,topological,1,0,2,2,after_topology_validation
sample-igg-W-81::553,sample-igg-W-81,553,1,True,lt_min_leaves,topological,1,0,1,2,after_topology_validation
sample-igg-W-81::431,sample-igg-W-81,431,2,True,lt_min_leaves,topological,1,0,1,2,after_topology_validation
sample-igg-W-81::634,sample-igg-W-81,634,1,True,lt_min_leaves,topological,1,0,1,2,after_topology_validation
sample-igg-W-81::889,sample-igg-W-81,889,2,True,lt_min_leaves,topological,1,0,1,2,after_topology_validation
sample-igg-W-81::1365,sample-igg-W-81,1365,3,True,lt_min_leaves,topological,1,0,2,3,after_topology_validation
sample-igg-W-81::771,sample-igg-W-81,771,2,True,lt_min_leaves,topological,1,0,2,2,after_topology_validation
sample-igg-W-81::523,sample-igg-W-81,523,2,True,lt_min_leaves,topological,1,0,2,2,after_topology_validation
sample-igg-W-81::1286,sample-igg-W-81,1286,2,True,lt_min_leaves,topological,1,0,1,2,after_topology_validation
sample-igg-W-81::181,sample-igg-W-81,181,2,True,lt_min_leaves,topological,1,0,1,2,after_topology_validation
sample-igg-W-81::379,sample-igg-W-81,379,1,True,lt_min_leaves,topological,1,0,0,2,after_topology_validation
sample-igg-W-81::1340,sample-igg-W-81,1340,2,True,lt_min_leaves,topological,1,0,1,2,after_topology_validation
sample-igg-W-81::198,sample-igg-W-81,198,1,True,lt_min_leaves,topological,1,0,1,2,after_topology_validation
sample-igg-W-81::1093,sample-igg-W-81,1093,2,True,lt_min_leaves,topological,1,0,2,2,after_topology_validation
sample-igg-W-81::428,sample-igg-W-81,428,2,True,lt_min_leaves,topological,1,0,2,2,after_topology_validation
sample-igg-W-81::685,sample-igg-W-81,685,1,True,lt_min_leaves,topological,1,0,0,2,after_topology_validation
sample-igg-W-81::898,sample-igg-W-81,898,2,True,lt_min_leaves,topological,1,0,1,2,after_topology_validation
sample-igg-W-81::1284,sample-igg-W-81,1284,3,True,lt_min_leaves,topological,1,0,2,3,after_topology_validation
sample-igg-W-81::948,sample-igg-W-81,948,2,True,lt_min_leaves,topological,1,0,1,2,after_topology_validation
sample-igg-W-81::1360,sample-igg-W-81,1360,2,True,lt_min_leaves,topological,1,0,2,2,after_topology_validation
sample-igg-W-81::1341,sample-igg-W-81,1341,1,True,lt_min_leaves,topological,1,0,1,2,after_topology_validation
sample-igg-W-81::1139,sample-igg-W-81,1139,6,False,,topological,1,0,4,3,final_eligible
sample-igg-W-81::254,sample-igg-W-81,254,2,True,lt_min_leaves,topological,1,0,0,2,after_topology_validation
sample-igg-W-81::347,sample-igg-W-81,347,1,True,lt_min_leaves,topological,1,0,1,2,after_topology_validation
sample-igg-W-81::868,sample-igg-W-81,868,2,True,lt_min_leaves,topological,1,0,1,2,after_topology_validation
sample-igg-W-81::1155,sample-igg-W-81,1155,1,True,lt_min_leaves,topological,1,0,1,2,after_topology_validation
sample-igg-W-81::177,sample-igg-W-81,177,2,True,lt_min_leaves,topological,1,0,0,2,after_topology_validation
sample-igg-W-81::122,sample-igg-W-81,122,4,True,lt_min_leaves,topological,1,0,2,3,after_topology_validation
sample-igg-W-81::710,sample-igg-W-81,710,2,True,lt_min_leaves,topological,1,0,1,3,after_topology_validation
sample-igg-W-81::1306,sample-igg-W-81,1306,2,True,lt_min_leaves,topological,1,0,1,2,after_topology_validation
sample-igg-W-81::577,sample-igg-W-81,577,2,True,lt_min_leaves,topological,1,0,1,2,after_topology_validation
sample-igg-W-81::1076,sample-igg-W-81,1076,2,True,lt_min_leaves,topological,1,0,2,2,after_topology_validation
sample-igg-W-81::758,sample-igg-W-81,758,2,True,lt_min_leaves,topological,1,0,2,2,after_topology_validation
sample-igg-W-81::566,sample-igg-W-81,566,1,True,lt_min_leaves,topological,1,0,0,2,after_topology_validation
sample-igg-W-81::1159,sample-igg-W-81,1159,4,True,lt_min_leaves,topological,1,0,2,3,after_topology_validation
sample-igg-W-81::1298,sample-igg-W-81,1298,1,True,lt_min_leaves,topological,1,0,1,2,after_topology_validation
sample-igg-W-81::810,sample-igg-W-81,810,2,True,lt_min_leaves,topological,1,0,1,2,after_topology_validation
sample-igg-W-81::1325,sample-igg-W-81,1325,2,True,lt_min_leaves,topological,1,0,1,2,after_topology_validation
sample-igg-W-81::1096,sample-igg-W-81,1096,4,True,lt_min_leaves,topological,1,0,3,3,after_topology_validation
sample-igg-W-81::747,sample-igg-W-81,747,1,True,lt_min_leaves,topological,1,0,1,2,after_topology_validation
sample-igg-W-81::414,sample-igg-W-81,414,2,True,lt_min_leaves,topological,1,0,2,2,after_topology_validation
sample-igg-W-81::962,sample-igg-W-81,962,2,True,lt_min_leaves,topological,1,0,1,2,after_topology_validation
sample-igg-W-81::1369,sample-igg-W-81,1369,2,True,lt_min_leaves,topological,1,0,1,2,after_topology_validation
sample-igg-W-81::464,sample-igg-W-81,464,1,True,lt_min_leaves,topological,1,0,1,2,after_topology_validation
sample-igg-W-81::114,sample-igg-W-81,114,2,True,lt_min_leaves,topological,1,0,2,2,after_topology_validation
sample-igg-W-81::640,sample-igg-W-81,640,1,True,lt_min_leaves,topological,1,0,1,2,after_topology_validation
sample-igg-W-81::158,sample-igg-W-81,158,2,True,lt_min_leaves,topological,1,0,1,2,after_topology_validation
sample-igg-W-81::1204,sample-igg-W-81,1204,1,True,lt_min_leaves,topological,1,0,1,2,after_topology_validation
sample-igg-W-81::901,sample-igg-W-81,901,2,True,lt_min_leaves,topological,1,0,1,2,after_topology_validation
sample-igg-W-81::591,sample-igg-W-81,591,2,True,lt_min_leaves,topological,1,0,1,2,after_topology_validation
sample-igg-W-81::162,sample-igg-W-81,162,3,True,multi_root_no_usable_naive,,2,0,0,3,raw_families
sample-igg-W-81::284,sample-igg-W-81,284,1,True,lt_min_leaves,topological,1,0,1,2,after_topology_validation
sample-igg-W-81::538,sample-igg-W-81,538,3,True,lt_min_leaves,topological,1,0,1,3,after_topology_validation
sample-igg-W-81::1104,sample-igg-W-81,1104,2,True,lt_min_leaves,topological,1,0,2,2,after_topology_validation
sample-igg-W-81::547,sample-igg-W-81,547,4,True,lt_min_leaves,topological,1,0,2,3,after_topology_validation
sample-igg-W-81::888,sample-igg-W-81,888,3,True,lt_min_leaves,topological,1,0,2,3,after_topology_validation
sample-igg-W-81::1351,sample-igg-W-81,1351,2,True,lt_min_leaves,topological,1,0,1,2,after_topology_validation
sample-igg-W-81::1167,sample-igg-W-81,1167,3,True,lt_min_leaves,topological,1,0,2,3,after_topology_validation
sample-igg-W-81::14,sample-igg-W-81,14,2,True,lt_min_leaves,topological,1,0,2,2,after_topology_validation
sample-igg-W-81::600,sample-igg-W-81,600,2,True,lt_min_leaves,topological,1,0,1,2,after_topology_validation
sample-igg-W-81::484,sample-igg-W-81,484,1,True,lt_min_leaves,topological,1,0,0,2,after_topology_validation
sample-igg-W-81::975,sample-igg-W-81,975,1,True,lt_min_leaves,topological,1,0,1,2,after_topology_validation
sample-igg-W-81::741,sample-igg-W-81,741,1,True,lt_min_leaves,topological,1,0,1,2,after_topology_validation
sample-igg-W-81::124,sample-igg-W-81,124,2,True,lt_min_leaves,topological,1,0,0,2,after_topology_validation
sample-igg-W-81::723,sample-igg-W-81,723,1,True,lt_min_leaves,topological,1,0,1,2,after_topology_validation
sample-igg-W-81::76,sample-igg-W-81,76,1,True,lt_min_leaves,topological,1,0,1,2,after_topology_validation
sample-igg-W-81::321,sample-igg-W-81,321,2,True,lt_min_leaves,topological,1,0,1,2,after_topology_validation
sample-igg-W-81::1317,sample-igg-W-81,1317,4,True,lt_min_leaves,topological,1,0,2,3,after_topology_validation
sample-igg-W-81::1236,sample-igg-W-81,1236,2,True,lt_min_leaves,topological,1,0,1,2,after_topology_validation
sample-igg-W-81::961,sample-igg-W-81,961,1,True,lt_min_leaves,topological,1,0,1,2,after_topology_validation
sample-igg-W-81::714,sample-igg-W-81,714,2,True,lt_min_leaves,topological,1,0,1,2,after_topology_validation
sample-igg-W-81::746,sample-igg-W-81,746,1,True,lt_min_leaves,topological,1,0,0,2,after_topology_validation
sample-igg-W-81::1209,sample-igg-W-81,1209,2,True,lt_min_leaves,topological,1,0,1,2,after_topology_validation
sample-igg-W-81::694,sample-igg-W-81,694,2,True,lt_min_leaves,topological,1,0,1,2,after_topology_validation
sample-igg-W-81::754,sample-igg-W-81,754,1,True,lt_min_leaves,topological,1,0,1,2,after_topology_validation
sample-igg-W-81::866,sample-igg-W-81,866,3,True,lt_min_leaves,topological,1,0,1,3,after_topology_validation
sample-igg-W-81::277,sample-igg-W-81,277,2,True,lt_min_leaves,topological,1,0,1,2,after_topology_validation
sample-igg-W-81::1152,sample-igg-W-81,1152,1,True,lt_min_leaves,topological,1,0,1,2,after_topology_validation
sample-igg-W-81::449,sample-igg-W-81,449,3,True,lt_min_leaves,topological,1,0,1,3,after_topology_validation
sample-igg-W-81::560,sample-igg-W-81,560,4,True,multi_root_no_usable_naive,,2,0,0,4,raw_families
sample-igg-W-81::1268,sample-igg-W-81,1268,2,True,lt_min_leaves,topological,1,0,2,2,after_topology_validation
sample-igg-W-81::1211,sample-igg-W-81,1211,1,True,lt_min_leaves,topological,1,0,1,2,after_topology_validation
sample-igg-W-81::361,sample-igg-W-81,361,1,True,lt_min_leaves,topological,1,0,1,2,after_topology_validation
sample-igg-W-81::220,sample-igg-W-81,220,3,True,lt_min_leaves,topological,1,0,1,3,after_topology_validation
sample-igg-W-81::1138,sample-igg-W-81,1138,12,True,multi_root_no_usable_naive,,2,0,0,6,raw_families
sample-igg-W-81::57,sample-igg-W-81,57,5,True,lt_min_leaves,topological,1,0,2,4,after_topology_validation
sample-igg-W-81::211,sample-igg-W-81,211,4,True,lt_min_leaves,topological,1,0,2,3,after_topology_validation
sample-igg-W-81::1370,sample-igg-W-81,1370,2,True,lt_min_leaves,topological,1,0,0,2,after_topology_validation
sample-igg-W-81::1235,sample-igg-W-81,1235,2,True,lt_min_leaves,topological,1,0,0,2,after_topology_validation
sample-igg-W-81::1083,sample-igg-W-81,1083,1,True,lt_min_leaves,topological,1,0,1,2,after_topology_validation
sample-igg-W-81::1214,sample-igg-W-81,1214,4,True,multi_root_no_usable_naive,,2,0,0,4,raw_families
sample-igg-W-81::274,sample-igg-W-81,274,2,True,lt_min_leaves,topological,1,0,1,2,after_topology_validation
sample-igg-W-81::950,sample-igg-W-81,950,6,True,lt_min_leaves,topological,1,0,2,4,after_topology_validation
sample-igg-W-81::287,sample-igg-W-81,287,6,True,lt_min_leaves,topological,1,0,0,4,after_topology_validation
sample-igg-W-81::270,sample-igg-W-81,270,2,True,lt_min_leaves,topological,1,0,0,2,after_topology_validation
sample-igg-W-81::805,sample-igg-W-81,805,4,True,lt_min_leaves,topological,1,0,0,3,after_topology_validation
sample-igg-W-81::1388,sample-igg-W-81,1388,2,True,lt_min_leaves,topological,1,0,1,2,after_topology_validation
sample-igg-W-81::733,sample-igg-W-81,733,2,True,lt_min_leaves,topological,1,0,0,2,after_topology_validation
sample-igg-W-81::105,sample-igg-W-81,105,4,True,multi_root_no_usable_naive,,2,0,0,4,raw_families
sample-igg-W-81::1201,sample-igg-W-81,1201,4,True,lt_min_leaves,topological,1,0,1,3,after_topology_validation
sample-igg-W-81::1084,sample-igg-W-81,1084,4,True,lt_min_leaves,topological,1,0,1,3,after_topology_validation
sample-igg-W-81::41,sample-igg-W-81,41,2,True,lt_min_leaves,topological,1,0,1,2,after_topology_validation
sample-igg-W-81::929,sample-igg-W-81,929,2,True,lt_min_leaves,topological,1,0,0,2,after_topology_validation
sample-igg-W-81::447,sample-igg-W-81,447,1,True,lt_min_leaves,topological,1,0,1,2,after_topology_validation
sample-igg-W-81::732,sample-igg-W-81,732,4,True,lt_min_leaves,topological,1,0,1,3,after_topology_validation
sample-igg-W-81::587,sample-igg-W-81,587,3,True,multi_root_no_usable_naive,,2,0,0,5,raw_families
sample-igg-W-81::798,sample-igg-W-81,798,2,True,lt_min_leaves,topological,1,0,0,2,after_topology_validation
sample-igg-W-81::899,sample-igg-W-81,899,7,True,lt_min_leaves,topological,1,0,0,5,after_topology_validation
sample-igg-W-81::1321,sample-igg-W-81,1321,2,True,lt_min_leaves,topological,1,0,1,2,after_topology_validation
sample-igg-W-81::1261,sample-igg-W-81,1261,4,True,lt_min_leaves,topological,1,0,1,3,after_topology_validation
sample-igg-W-81::97,sample-igg-W-81,97,3,True,lt_min_leaves,topological,1,0,1,3,after_topology_validation
sample-igg-W-81::272,sample-igg-W-81,272,4,True,lt_min_leaves,topological,1,0,0,3,after_topology_validation
sample-igg-W-81::145,sample-igg-W-81,145,1,True,lt_min_leaves,topological,1,0,1,2,after_topology_validation
sample-igg-W-81::802,sample-igg-W-81,802,8,True,lt_min_leaves,topological,1,0,2,5,after_topology_validation
sample-igg-W-81::1228,sample-igg-W-81,1228,1,True,lt_min_leaves,topological,1,0,0,2,after_topology_validation
sample-igg-W-81::890,sample-igg-W-81,890,13,False,,topological,1,0,4,6,final_eligible
sample-igg-W-81::283,sample-igg-W-81,283,3,True,lt_min_leaves,topological,1,0,1,3,after_topology_validation
sample-igg-W-81::825,sample-igg-W-81,825,1,True,lt_min_leaves,topological,1,0,1,2,after_topology_validation
sample-igg-W-81::1065,sample-igg-W-81,1065,3,True,lt_min_leaves,topological,1,0,0,3,after_topology_validation
sample-igg-W-81::785,sample-igg-W-81,785,4,True,lt_min_leaves,topological,1,0,1,3,after_topology_validation
sample-igg-W-81::891,sample-igg-W-81,891,12,True,lt_min_leaves,topological,1,0,2,6,after_topology_validation
sample-igg-W-81::645,sample-igg-W-81,645,3,True,lt_min_leaves,topological,1,0,0,4,after_topology_validation
sample-igg-W-81::416,sample-igg-W-81,416,7,True,lt_min_leaves,topological,1,0,3,4,after_topology_validation
sample-igg-W-81::10,sample-igg-W-81,10,2,True,lt_min_leaves,topological,1,0,1,2,after_topology_validation
sample-igg-W-10::384,sample-igg-W-10,384,4,True,lt_min_leaves,topological,1,0,2,3,after_topology_validation
sample-igg-W-10::458,sample-igg-W-10,458,2,True,lt_min_leaves,topological,1,0,1,2,after_topology_validation
sample-igg-W-10::626,sample-igg-W-10,626,1,True,lt_min_leaves,topological,1,0,1,2,after_topology_validation
sample-igg-W-10::268,sample-igg-W-10,268,1,True,lt_min_leaves,topological,1,0,1,2,after_topology_validation
sample-igg-W-10::386,sample-igg-W-10,386,1,True,lt_min_leaves,topological,1,0,1,2,after_topology_validation
sample-igg-W-10::124,sample-igg-W-10,124,2,True,lt_min_leaves,topological,1,0,1,2,after_topology_validation
sample-igg-W-10::285,sample-igg-W-10,285,1,True,lt_min_leaves,topological,1,0,1,2,after_topology_validation
sample-igg-W-10::232,sample-igg-W-10,232,2,True,lt_min_leaves,topological,1,0,1,2,after_topology_validation
sample-igg-W-10::747,sample-igg-W-10,747,2,True,lt_min_leaves,topological,1,0,0,2,after_topology_validation
sample-igg-W-10::145,sample-igg-W-10,145,2,True,lt_min_leaves,topological,1,0,2,2,after_topology_validation
sample-igg-W-10::341,sample-igg-W-10,341,2,True,lt_min_leaves,topological,1,0,1,2,after_topology_validation
sample-igg-W-10::574,sample-igg-W-10,574,2,True,lt_min_leaves,topological,1,0,1,2,after_topology_validation
sample-igg-W-10::252,sample-igg-W-10,252,2,True,lt_min_leaves,topological,1,0,2,2,after_topology_validation
sample-igg-W-10::361,sample-igg-W-10,361,4,True,lt_min_leaves,topological,1,0,3,3,after_topology_validation
sample-igg-W-10::39,sample-igg-W-10,39,2,True,lt_min_leaves,topological,1,0,2,2,after_topology_validation
sample-igg-W-10::755,sample-igg-W-10,755,1,True,lt_min_leaves,topological,1,0,1,2,after_topology_validation
sample-igg-W-10::814,sample-igg-W-10,814,2,True,lt_min_leaves,topological,1,0,0,2,after_topology_validation
sample-igg-W-10::151,sample-igg-W-10,151,2,True,lt_min_leaves,topological,1,0,2,2,after_topology_validation
sample-igg-W-10::550,sample-igg-W-10,550,1,True,lt_min_leaves,topological,1,0,1,2,after_topology_validation
sample-igg-W-10::54,sample-igg-W-10,54,2,True,lt_min_leaves,topological,1,0,1,2,after_topology_validation
sample-igg-W-10::144,sample-igg-W-10,144,2,True,lt_min_leaves,topological,1,0,0,2,after_topology_validation
sample-igg-W-10::636,sample-igg-W-10,636,1,True,lt_min_leaves,topological,1,0,0,2,after_topology_validation
sample-igg-W-10::791,sample-igg-W-10,791,1,True,lt_min_leaves,topological,1,0,0,2,after_topology_validation
sample-igg-W-10::171,sample-igg-W-10,171,1,True,lt_min_leaves,topological,1,0,1,2,after_topology_validation
sample-igg-W-10::470,sample-igg-W-10,470,2,True,lt_min_leaves,topological,1,0,2,2,after_topology_validation
sample-igg-W-10::630,sample-igg-W-10,630,2,True,lt_min_leaves,topological,1,0,2,2,after_topology_validation
sample-igg-W-10::904,sample-igg-W-10,904,2,True,lt_min_leaves,topological,1,0,1,2,after_topology_validation
sample-igg-W-10::349,sample-igg-W-10,349,1,True,lt_min_leaves,topological,1,0,1,2,after_topology_validation
sample-igg-W-10::333,sample-igg-W-10,333,1,True,lt_min_leaves,topological,1,0,0,2,after_topology_validation
sample-igg-W-10::463,sample-igg-W-10,463,3,True,lt_min_leaves,topological,1,0,1,3,after_topology_validation
sample-igg-W-10::448,sample-igg-W-10,448,1,True,lt_min_leaves,topological,1,0,1,2,after_topology_validation
sample-igg-W-10::205,sample-igg-W-10,205,1,True,lt_min_leaves,topological,1,0,1,2,after_topology_validation
sample-igg-W-10::547,sample-igg-W-10,547,1,True,lt_min_leaves,topological,1,0,1,2,after_topology_validation
sample-igg-W-10::294,sample-igg-W-10,294,1,True,lt_min_leaves,topological,1,0,1,2,after_topology_validation
sample-igg-W-10::565,sample-igg-W-10,565,2,True,lt_min_leaves,topological,1,0,2,2,after_topology_validation
sample-igg-W-10::298,sample-igg-W-10,298,1,True,lt_min_leaves,topological,1,0,1,2,after_topology_validation
sample-igg-W-10::451,sample-igg-W-10,451,2,True,lt_min_leaves,topological,1,0,0,2,after_topology_validation
sample-igg-W-10::465,sample-igg-W-10,465,2,True,lt_min_leaves,topological,1,0,1,2,after_topology_validation
sample-igg-W-10::571,sample-igg-W-10,571,1,True,lt_min_leaves,topological,1,0,1,2,after_topology_validation
sample-igg-W-10::112,sample-igg-W-10,112,2,True,lt_min_leaves,topological,1,0,1,2,after_topology_validation
sample-igg-W-10::162,sample-igg-W-10,162,1,True,lt_min_leaves,topological,1,0,1,2,after_topology_validation
sample-igg-W-10::236,sample-igg-W-10,236,2,True,lt_min_leaves,topological,1,0,2,2,after_topology_validation
sample-igg-W-10::748,sample-igg-W-10,748,2,True,lt_min_leaves,topological,1,0,2,3,after_topology_validation
sample-igg-W-10::719,sample-igg-W-10,719,1,True,lt_min_leaves,topological,1,0,0,2,after_topology_validation
sample-igg-W-10::399,sample-igg-W-10,399,1,True,lt_min_leaves,topological,1,0,1,2,after_topology_validation
sample-igg-W-10::503,sample-igg-W-10,503,1,True,lt_min_leaves,topological,1,0,1,2,after_topology_validation
sample-igg-W-10::223,sample-igg-W-10,223,1,True,lt_min_leaves,topological,1,0,1,2,after_topology_validation
sample-igg-W-10::906,sample-igg-W-10,906,1,True,lt_min_leaves,topological,1,0,1,4,after_topology_validation
sample-igg-W-10::821,sample-igg-W-10,821,4,True,lt_min_leaves,topological,1,0,1,3,after_topology_validation
sample-igg-W-10::767,sample-igg-W-10,767,2,True,lt_min_leaves,topological,1,0,1,2,after_topology_validation
sample-igg-W-10::692,sample-igg-W-10,692,2,True,lt_min_leaves,topological,1,0,0,2,after_topology_validation
sample-igg-W-10::655,sample-igg-W-10,655,1,True,lt_min_leaves,topological,1,0,1,2,after_topology_validation
sample-igg-W-10::338,sample-igg-W-10,338,2,True,lt_min_leaves,topological,1,0,1,2,after_topology_validation
sample-igg-W-10::378,sample-igg-W-10,378,2,True,lt_min_leaves,topological,1,0,1,2,after_topology_validation
sample-igg-W-10::104,sample-igg-W-10,104,1,True,lt_min_leaves,topological,1,0,1,2,after_topology_validation
sample-igg-W-10::309,sample-igg-W-10,309,2,True,lt_min_leaves,topological,1,0,2,2,after_topology_validation
sample-igg-W-10::287,sample-igg-W-10,287,2,True,lt_min_leaves,topological,1,0,2,2,after_topology_validation
sample-igg-W-10::818,sample-igg-W-10,818,1,True,lt_min_leaves,topological,1,0,1,2,after_topology_validation
sample-igg-W-10::775,sample-igg-W-10,775,1,True,lt_min_leaves,topological,1,0,1,2,after_topology_validation
sample-igg-W-10::95,sample-igg-W-10,95,1,True,lt_min_leaves,topological,1,0,0,2,after_topology_validation
sample-igg-W-10::456,sample-igg-W-10,456,1,True,lt_min_leaves,topological,1,0,0,2,after_topology_validation
sample-igg-W-10::710,sample-igg-W-10,710,1,True,lt_min_leaves,topological,1,0,1,2,after_topology_validation
sample-igg-W-10::428,sample-igg-W-10,428,2,True,lt_min_leaves,topological,1,0,1,2,after_topology_validation
sample-igg-W-10::135,sample-igg-W-10,135,2,True,lt_min_leaves,topological,1,0,1,2,after_topology_validation
sample-igg-W-10::622,sample-igg-W-10,622,4,True,lt_min_leaves,topological,1,0,0,3,after_topology_validation
sample-igg-W-10::694,sample-igg-W-10,694,2,True,lt_min_leaves,topological,1,0,1,2,after_topology_validation
sample-igg-W-10::570,sample-igg-W-10,570,2,True,multi_root_no_usable_naive,,2,0,0,3,raw_families
sample-igg-W-10::175,sample-igg-W-10,175,1,True,lt_min_leaves,topological,1,0,0,2,after_topology_validation
sample-igg-W-10::211,sample-igg-W-10,211,2,True,lt_min_leaves,topological,1,0,1,2,after_topology_validation
sample-igg-W-10::240,sample-igg-W-10,240,7,True,multi_root_no_usable_naive,,2,0,0,5,raw_families
sample-igg-W-10::866,sample-igg-W-10,866,3,True,multi_root_no_usable_naive,,2,0,0,3,raw_families
sample-igg-W-10::436,sample-igg-W-10,436,3,True,multi_root_no_usable_naive,,2,0,0,7,raw_families
sample-igg-W-10::344,sample-igg-W-10,344,14,True,multi_root_no_usable_naive,,4,0,0,9,raw_families
sample-igg-W-10::718,sample-igg-W-10,718,5,True,lt_min_leaves,topological,1,0,3,4,after_topology_validation
sample-igg-W-10::657,sample-igg-W-10,657,12,False,,topological,1,0,4,5,final_eligible
sample-igg-W-10::573,sample-igg-W-10,573,2,True,lt_min_leaves,topological,1,0,0,2,after_topology_validation
sample-igg-W-10::779,sample-igg-W-10,779,3,True,multi_root_no_usable_naive,,3,0,0,13,raw_families
sample-igg-W-10::750,sample-igg-W-10,750,1,True,lt_min_leaves,topological,1,0,0,2,after_topology_validation
sample-igg-W-10::703,sample-igg-W-10,703,13,True,multi_root_no_usable_naive,,3,0,0,9,raw_families
sample-igg-W-10::894,sample-igg-W-10,894,3,True,lt_min_leaves,topological,1,0,1,3,after_topology_validation
sample-igg-W-10::25,sample-igg-W-10,25,4,True,lt_min_leaves,topological,1,0,1,3,after_topology_validation
sample-igg-W-10::629,sample-igg-W-10,629,1,True,lt_min_leaves,topological,1,0,1,2,after_topology_validation
sample-igg-W-10::823,sample-igg-W-10,823,2,True,lt_min_leaves,topological,1,0,0,2,after_topology_validation
sample-igg-W-10::155,sample-igg-W-10,155,5,True,lt_min_leaves,topological,1,0,2,4,after_topology_validation
sample-igg-W-10::440,sample-igg-W-10,440,1,True,lt_min_leaves,topological,1,0,1,2,after_topology_validation
sample-igg-W-10::434,sample-igg-W-10,434,2,True,lt_min_leaves,topological,1,0,0,2,after_topology_validation
sample-igg-W-10::421,sample-igg-W-10,421,10,True,multi_root_no_usable_naive,,2,0,0,5,raw_families
sample-igg-W-10::121,sample-igg-W-10,121,2,True,lt_min_leaves,topological,1,0,0,2,after_topology_validation
sample-igg-W-10::735,sample-igg-W-10,735,2,True,multi_root_no_usable_naive,,2,0,0,3,raw_families
sample-igg-W-10::324,sample-igg-W-10,324,8,True,multi_root_no_usable_naive,,5,0,0,17,raw_families
sample-igg-W-10::133,sample-igg-W-10,133,3,True,multi_root_no_usable_naive,,2,0,0,3,raw_families
sample-igg-W-10::639,sample-igg-W-10,639,2,True,lt_min_leaves,topological,1,0,0,2,after_topology_validation
sample-igg-W-10::504,sample-igg-W-10,504,1,True,lt_min_leaves,topological,1,0,1,2,after_topology_validation
sample-igg-W-10::419,sample-igg-W-10,419,10,True,multi_root_no_usable_naive,,2,0,0,6,raw_families
sample-igg-W-10::243,sample-igg-W-10,243,2,True,lt_min_leaves,topological,1,0,0,2,after_topology_validation
sample-igg-W-10::28,sample-igg-W-10,28,20,True,multi_root_no_usable_naive,,4,0,0,9,raw_families
sample-igg-W-10::142,sample-igg-W-10,142,4,True,lt_min_leaves,topological,1,0,1,3,after_topology_validation
sample-igg-W-10::336,sample-igg-W-10,336,1,True,lt_min_leaves,topological,1,0,0,2,after_topology_validation
sample-igg-W-10::357,sample-igg-W-10,357,6,True,lt_min_leaves,topological,1,0,2,4,after_topology_validation
sample-igg-W-10::752,sample-igg-W-10,752,6,True,lt_min_leaves,topological,1,0,1,5,after_topology_validation
sample-igg-W-10::31,sample-igg-W-10,31,1,True,lt_min_leaves,topological,1,0,1,2,after_topology_validation
sample-igg-W-10::545,sample-igg-W-10,545,7,True,lt_min_leaves,topological,1,0,3,5,after_topology_validation
sample-igg-W-10::72,sample-igg-W-10,72,18,True,multi_root_no_usable_naive,,2,0,0,7,raw_families
sample-igg-W-10::745,sample-igg-W-10,745,5,True,lt_min_leaves,topological,1,0,2,4,after_topology_validation
sample-igg-W-10::843,sample-igg-W-10,843,1,True,lt_min_leaves,topological,1,0,0,2,after_topology_validation
sample-igg-W-10::427,sample-igg-W-10,427,7,True,lt_min_leaves,topological,1,0,3,4,after_topology_validation
sample-igg-W-10::840,sample-igg-W-10,840,8,True,lt_min_leaves,topological,1,0,2,4,after_topology_validation
sample-igg-W-10::781,sample-igg-W-10,781,7,True,multi_root_no_usable_naive,,2,0,0,5,raw_families
sample-igg-W-10::91,sample-igg-W-10,91,11,True,multi_root_no_usable_naive,,2,0,0,5,raw_families
sample-igg-W-10::165,sample-igg-W-10,165,2,True,lt_min_leaves,topological,1,0,1,3,after_topology_validation
sample-igg-W-10::891,sample-igg-W-10,891,13,True,multi_root_no_usable_naive,,3,0,0,7,raw_families
sample-igg-W-10::148,sample-igg-W-10,148,4,True,lt_min_leaves,topological,1,0,0,3,after_topology_validation
sample-igg-W-10::34,sample-igg-W-10,34,1,True,lt_min_leaves,topological,1,0,1,2,after_topology_validation
sample-igg-W-103::2619,sample-igg-W-103,2619,1,True,lt_min_leaves,topological,1,0,1,2,after_topology_validation
sample-igg-W-103::1916,sample-igg-W-103,1916,3,True,lt_min_leaves,topological,1,0,1,3,after_topology_validation
sample-igg-W-103::973,sample-igg-W-103,973,2,True,lt_min_leaves,topological,1,0,1,2,after_topology_validation
sample-igg-W-103::117,sample-igg-W-103,117,2,True,lt_min_leaves,topological,1,0,1,2,after_topology_validation
sample-igg-W-103::2978,sample-igg-W-103,2978,2,True,lt_min_leaves,topological,1,0,1,2,after_topology_validation
sample-igg-W-103::1227,sample-igg-W-103,1227,2,True,lt_min_leaves,topological,1,0,2,2,after_topology_validation
sample-igg-W-103::740,sample-igg-W-103,740,2,True,lt_min_leaves,topological,1,0,1,2,after_topology_validation
sample-igg-W-103::2490,sample-igg-W-103,2490,2,True,lt_min_leaves,topological,1,0,2,2,after_topology_validation
sample-igg-W-103::396,sample-igg-W-103,396,1,True,lt_min_leaves,topological,1,0,0,2,after_topology_validation
sample-igg-W-103::1626,sample-igg-W-103,1626,2,True,lt_min_leaves,topological,1,0,1,2,after_topology_validation
sample-igg-W-103::341,sample-igg-W-103,341,2,True,lt_min_leaves,topological,1,0,2,2,after_topology_validation
sample-igg-W-103::949,sample-igg-W-103,949,1,True,lt_min_leaves,topological,1,0,1,2,after_topology_validation
sample-igg-W-103::1528,sample-igg-W-103,1528,2,True,lt_min_leaves,topological,1,0,1,2,after_topology_validation
sample-igg-W-103::1063,sample-igg-W-103,1063,2,True,lt_min_leaves,topological,1,0,1,2,after_topology_validation
sample-igg-W-103::2266,sample-igg-W-103,2266,2,True,lt_min_leaves,topological,1,0,1,2,after_topology_validation
sample-igg-W-103::302,sample-igg-W-103,302,2,True,lt_min_leaves,topological,1,0,2,2,after_topology_validation
sample-igg-W-103::531,sample-igg-W-103,531,2,True,lt_min_leaves,topological,1,0,1,2,after_topology_validation
sample-igg-W-103::928,sample-igg-W-103,928,6,False,,topological,1,0,4,4,final_eligible
sample-igg-W-103::1247,sample-igg-W-103,1247,2,True,lt_min_leaves,topological,1,0,1,2,after_topology_validation
sample-igg-W-103::1560,sample-igg-W-103,1560,2,True,lt_min_leaves,topological,1,0,1,2,after_topology_validation
sample-igg-W-103::136,sample-igg-W-103,136,2,True,lt_min_leaves,topological,1,0,1,2,after_topology_validation
sample-igg-W-103::212,sample-igg-W-103,212,2,True,lt_min_leaves,topological,1,0,2,2,after_topology_validation
sample-igg-W-103::377,sample-igg-W-103,377,2,True,lt_min_leaves,topological,1,0,1,2,after_topology_validation
sample-igg-W-103::2918,sample-igg-W-103,2918,1,True,lt_min_leaves,topological,1,0,1,2,after_topology_validation
sample-igg-W-103::1947,sample-igg-W-103,1947,2,True,lt_min_leaves,topological,1,0,2,2,after_topology_validation
sample-igg-W-103::256,sample-igg-W-103,256,5,True,multi_root_no_usable_naive,,2,0,0,3,raw_families
sample-igg-W-103::2255,sample-igg-W-103,2255,1,True,lt_min_leaves,topological,1,0,1,2,after_topology_validation
sample-igg-W-103::48,sample-igg-W-103,48,2,True,lt_min_leaves,topological,1,0,2,2,after_topology_validation
sample-igg-W-103::2766,sample-igg-W-103,2766,2,True,lt_min_leaves,topological,1,0,2,2,after_topology_validation
sample-igg-W-103::327,sample-igg-W-103,327,2,True,lt_min_leaves,topological,1,0,1,2,after_topology_validation
sample-igg-W-103::1976,sample-igg-W-103,1976,4,True,lt_min_leaves,topological,1,0,2,3,after_topology_validation
sample-igg-W-103::1606,sample-igg-W-103,1606,2,True,lt_min_leaves,topological,1,0,1,2,after_topology_validation
sample-igg-W-103::669,sample-igg-W-103,669,2,True,lt_min_leaves,topological,1,0,1,2,after_topology_validation
sample-igg-W-103::2660,sample-igg-W-103,2660,1,True,lt_min_leaves,topological,1,0,1,2,after_topology_validation
sample-igg-W-103::2620,sample-igg-W-103,2620,1,True,lt_min_leaves,topological,1,0,0,2,after_topology_validation
sample-igg-W-103::1954,sample-igg-W-103,1954,4,True,lt_min_leaves,topological,1,0,2,3,after_topology_validation
sample-igg-W-103::668,sample-igg-W-103,668,3,True,lt_min_leaves,topological,1,0,2,3,after_topology_validation
sample-igg-W-103::1011,sample-igg-W-103,1011,2,True,lt_min_leaves,topological,1,0,2,2,after_topology_validation
sample-igg-W-103::957,sample-igg-W-103,957,1,True,lt_min_leaves,topological,1,0,0,2,after_topology_validation
sample-igg-W-103::2578,sample-igg-W-103,2578,2,True,lt_min_leaves,topological,1,0,1,2,after_topology_validation
sample-igg-W-103::1053,sample-igg-W-103,1053,2,True,lt_min_leaves,topological,1,0,1,2,after_topology_validation
sample-igg-W-103::2779,sample-igg-W-103,2779,2,True,lt_min_leaves,topological,1,0,1,2,after_topology_validation
sample-igg-W-103::1469,sample-igg-W-103,1469,1,True,lt_min_leaves,topological,1,0,1,2,after_topology_validation
sample-igg-W-103::296,sample-igg-W-103,296,2,True,lt_min_leaves,topological,1,0,2,2,after_topology_validation
sample-igg-W-103::3118,sample-igg-W-103,3118,2,True,lt_min_leaves,topological,1,0,0,2,after_topology_validation
sample-igg-W-103::126,sample-igg-W-103,126,2,True,lt_min_leaves,topological,1,0,2,2,after_topology_validation
sample-igg-W-103::1266,sample-igg-W-103,1266,2,True,lt_min_leaves,topological,1,0,1,2,after_topology_validation
sample-igg-W-103::807,sample-igg-W-103,807,1,True,lt_min_leaves,topological,1,0,1,2,after_topology_validation
sample-igg-W-103::877,sample-igg-W-103,877,2,True,lt_min_leaves,topological,1,0,2,2,after_topology_validation
sample-igg-W-103::1493,sample-igg-W-103,1493,2,True,lt_min_leaves,topological,1,0,1,2,after_topology_validation
sample-igg-W-103::3111,sample-igg-W-103,3111,2,True,lt_min_leaves,topological,1,0,1,2,after_topology_validation
sample-igg-W-103::1210,sample-igg-W-103,1210,1,True,lt_min_leaves,topological,1,0,1,2,after_topology_validation
sample-igg-W-103::1336,sample-igg-W-103,1336,2,True,lt_min_leaves,topological,1,0,1,2,after_topology_validation
sample-igg-W-103::2898,sample-igg-W-103,2898,2,True,lt_min_leaves,topological,1,0,2,2,after_topology_validation
sample-igg-W-103::3004,sample-igg-W-103,3004,4,True,lt_min_leaves,topological,1,0,2,3,after_topology_validation
sample-igg-W-103::3144,sample-igg-W-103,3144,2,True,lt_min_leaves,topological,1,0,2,2,after_topology_validation
sample-igg-W-103::493,sample-igg-W-103,493,2,True,lt_min_leaves,topological,1,0,1,2,after_topology_validation
sample-igg-W-103::1787,sample-igg-W-103,1787,2,True,lt_min_leaves,topological,1,0,1,2,after_topology_validation
sample-igg-W-103::1120,sample-igg-W-103,1120,2,True,lt_min_leaves,topological,1,0,2,2,after_topology_validation
sample-igg-W-103::1894,sample-igg-W-103,1894,2,True,lt_min_leaves,topological,1,0,2,2,after_topology_validation
sample-igg-W-103::406,sample-igg-W-103,406,2,True,lt_min_leaves,topological,1,0,2,2,after_topology_validation
sample-igg-W-103::2797,sample-igg-W-103,2797,2,True,lt_min_leaves,topological,1,0,2,2,after_topology_validation
sample-igg-W-103::2991,sample-igg-W-103,2991,1,True,lt_min_leaves,topological,1,0,1,2,after_topology_validation
sample-igg-W-103::574,sample-igg-W-103,574,1,True,lt_min_leaves,topological,1,0,1,2,after_topology_validation
sample-igg-W-103::219,sample-igg-W-103,219,6,True,lt_min_leaves,topological,1,0,3,4,after_topology_validation
sample-igg-W-103::753,sample-igg-W-103,753,1,True,lt_min_leaves,topological,1,0,1,2,after_topology_validation
sample-igg-W-103::1253,sample-igg-W-103,1253,2,True,lt_min_leaves,topological,1,0,2,2,after_topology_validation
sample-igg-W-103::710,sample-igg-W-103,710,2,True,lt_min_leaves,topological,1,0,1,2,after_topology_validation
sample-igg-W-103::1936,sample-igg-W-103,1936,2,True,lt_min_leaves,topological,1,0,2,2,after_topology_validation
sample-igg-W-103::1067,sample-igg-W-103,1067,2,True,lt_min_leaves,topological,1,0,2,2,after_topology_validation
sample-igg-W-103::206,sample-igg-W-103,206,2,True,lt_min_leaves,topological,1,0,2,2,after_topology_validation
sample-igg-W-103::456,sample-igg-W-103,456,3,True,lt_min_leaves,topological,1,0,2,3,after_topology_validation
sample-igg-W-103::410,sample-igg-W-103,410,2,True,lt_min_leaves,topological,1,0,2,2,after_topology_validation
sample-igg-W-103::1922,sample-igg-W-103,1922,2,True,lt_min_leaves,topological,1,0,2,2,after_topology_validation
sample-igg-W-103::1679,sample-igg-W-103,1679,2,True,lt_min_leaves,topological,1,0,1,2,after_topology_validation
sample-igg-W-103::429,sample-igg-W-103,429,2,True,lt_min_leaves,topological,1,0,1,2,after_topology_validation
sample-igg-W-103::2895,sample-igg-W-103,2895,1,True,lt_min_leaves,topological,1,0,0,2,after_topology_validation
sample-igg-W-103::1733,sample-igg-W-103,1733,3,True,lt_min_leaves,topological,1,0,1,3,after_topology_validation
sample-igg-W-103::1434,sample-igg-W-103,1434,2,True,lt_min_leaves,topological,1,0,1,2,after_topology_validation
sample-igg-W-103::2198,sample-igg-W-103,2198,2,True,lt_min_leaves,topological,1,0,2,2,after_topology_validation
sample-igg-W-103::2527,sample-igg-W-103,2527,1,True,lt_min_leaves,topological,1,0,1,2,after_topology_validation
sample-igg-W-103::1465,sample-igg-W-103,1465,3,True,lt_min_leaves,topological,1,0,2,3,after_topology_validation
sample-igg-W-103::1857,sample-igg-W-103,1857,5,True,lt_min_leaves,topological,1,0,2,4,after_topology_validation
sample-igg-W-103::1482,sample-igg-W-103,1482,2,True,lt_min_leaves,topological,1,0,1,3,after_topology_validation
sample-igg-W-103::1438,sample-igg-W-103,1438,3,True,lt_min_leaves,topological,1,0,2,3,after_topology_validation
sample-igg-W-103::1558,sample-igg-W-103,1558,2,True,lt_min_leaves,topological,1,0,1,2,after_topology_validation
sample-igg-W-103::383,sample-igg-W-103,383,2,True,lt_min_leaves,topological,1,0,1,2,after_topology_validation
sample-igg-W-103::1708,sample-igg-W-103,1708,2,True,lt_min_leaves,topological,1,0,2,2,after_topology_validation
sample-igg-W-103::3090,sample-igg-W-103,3090,2,True,lt_min_leaves,topological,1,0,1,2,after_topology_validation
sample-igg-W-103::488,sample-igg-W-103,488,2,True,lt_min_leaves,topological,1,0,2,2,after_topology_validation
sample-igg-W-103::1238,sample-igg-W-103,1238,1,True,lt_min_leaves,topological,1,0,0,2,after_topology_validation
sample-igg-W-103::1562,sample-igg-W-103,1562,2,True,lt_min_leaves,topological,1,0,1,2,after_topology_validation
sample-igg-W-103::768,sample-igg-W-103,768,1,True,lt_min_leaves,topological,1,0,1,2,after_topology_validation
sample-igg-W-103::800,sample-igg-W-103,800,2,True,lt_min_leaves,topological,1,0,2,2,after_topology_validation
sample-igg-W-103::1496,sample-igg-W-103,1496,2,True,lt_min_leaves,topological,1,0,1,2,after_topology_validation
sample-igg-W-103::2290,sample-igg-W-103,2290,2,True,lt_min_leaves,topological,1,0,2,2,after_topology_validation
sample-igg-W-103::935,sample-igg-W-103,935,2,True,lt_min_leaves,topological,1,0,1,2,after_topology_validation
sample-igg-W-103::481,sample-igg-W-103,481,1,True,lt_min_leaves,topological,1,0,1,2,after_topology_validation
sample-igg-W-103::1737,sample-igg-W-103,1737,2,True,lt_min_leaves,topological,1,0,2,2,after_topology_validation
sample-igg-W-103::1635,sample-igg-W-103,1635,2,True,lt_min_leaves,topological,1,0,0,2,after_topology_validation
sample-igg-W-103::185,sample-igg-W-103,185,2,True,lt_min_leaves,topological,1,0,1,2,after_topology_validation
sample-igg-W-103::2439,sample-igg-W-103,2439,1,True,lt_min_leaves,topological,1,0,1,2,after_topology_validation
sample-igg-W-103::1378,sample-igg-W-103,1378,1,True,lt_min_leaves,topological,1,0,0,2,after_topology_validation
sample-igg-W-103::2387,sample-igg-W-103,2387,1,True,lt_min_leaves,topological,1,0,1,2,after_topology_validation
sample-igg-W-103::2583,sample-igg-W-103,2583,2,True,lt_min_leaves,topological,1,0,1,2,after_topology_validation
sample-igg-W-103::497,sample-igg-W-103,497,2,True,lt_min_leaves,topological,1,0,1,2,after_topology_validation
sample-igg-W-103::2705,sample-igg-W-103,2705,2,True,lt_min_leaves,topological,1,0,2,2,after_topology_validation
sample-igg-W-103::501,sample-igg-W-103,501,2,True,lt_min_leaves,topological,1,0,0,2,after_topology_validation
sample-igg-W-103::2546,sample-igg-W-103,2546,4,True,lt_min_leaves,topological,1,0,1,3,after_topology_validation
sample-igg-W-103::2056,sample-igg-W-103,2056,2,True,multi_root_no_usable_naive,,2,0,0,3,raw_families
sample-igg-W-103::2652,sample-igg-W-103,2652,2,True,lt_min_leaves,topological,1,0,2,2,after_topology_validation
sample-igg-W-103::2624,sample-igg-W-103,2624,2,True,lt_min_leaves,topological,1,0,1,2,after_topology_validation
sample-igg-W-103::505,sample-igg-W-103,505,2,True,lt_min_leaves,topological,1,0,1,2,after_topology_validation
sample-igg-W-103::2634,sample-igg-W-103,2634,2,True,lt_min_leaves,topological,1,0,2,2,after_topology_validation
sample-igg-W-103::375,sample-igg-W-103,375,1,True,lt_min_leaves,topological,1,0,1,2,after_topology_validation
sample-igg-W-103::986,sample-igg-W-103,986,4,True,lt_min_leaves,topological,1,0,2,3,after_topology_validation
sample-igg-W-103::169,sample-igg-W-103,169,2,True,lt_min_leaves,topological,1,0,1,3,after_topology_validation
sample-igg-W-103::1065,sample-igg-W-103,1065,2,True,lt_min_leaves,topological,1,0,1,2,after_topology_validation
sample-igg-W-103::930,sample-igg-W-103,930,1,True,lt_min_leaves,topological,1,0,1,2,after_topology_validation
sample-igg-W-103::257,sample-igg-W-103,257,3,True,lt_min_leaves,topological,1,0,2,3,after_topology_validation
sample-igg-W-103::116,sample-igg-W-103,116,2,True,lt_min_leaves,topological,1,0,1,2,after_topology_validation
sample-igg-W-103::1346,sample-igg-W-103,1346,1,True,lt_min_leaves,topological,1,0,0,2,after_topology_validation
sample-igg-W-103::276,sample-igg-W-103,276,1,True,lt_min_leaves,topological,1,0,1,2,after_topology_validation
sample-igg-W-103::599,sample-igg-W-103,599,2,True,lt_min_leaves,topological,1,0,2,2,after_topology_validation
sample-igg-W-103::868,sample-igg-W-103,868,2,True,lt_min_leaves,topological,1,0,1,2,after_topology_validation
sample-igg-W-103::2896,sample-igg-W-103,2896,1,True,lt_min_leaves,topological,1,0,1,2,after_topology_validation
sample-igg-W-103::37,sample-igg-W-103,37,2,True,lt_min_leaves,topological,1,0,1,2,after_topology_validation
sample-igg-W-103::613,sample-igg-W-103,613,3,True,multi_root_no_usable_naive,,2,0,0,3,raw_families
sample-igg-W-103::1915,sample-igg-W-103,1915,2,True,lt_min_leaves,topological,1,0,2,2,after_topology_validation
sample-igg-W-103::244,sample-igg-W-103,244,6,True,lt_min_leaves,topological,1,0,3,3,after_topology_validation
sample-igg-W-103::1415,sample-igg-W-103,1415,1,True,lt_min_leaves,topological,1,0,1,2,after_topology_validation
sample-igg-W-103::2052,sample-igg-W-103,2052,1,True,lt_min_leaves,topological,1,0,1,2,after_topology_validation
sample-igg-W-103::692,sample-igg-W-103,692,1,True,lt_min_leaves,topological,1,0,1,2,after_topology_validation
sample-igg-W-103::60,sample-igg-W-103,60,2,True,lt_min_leaves,topological,1,0,2,2,after_topology_validation
sample-igg-W-103::2535,sample-igg-W-103,2535,2,True,lt_min_leaves,topological,1,0,2,2,after_topology_validation
sample-igg-W-103::2415,sample-igg-W-103,2415,2,True,lt_min_leaves,topological,1,0,1,2,after_topology_validation
sample-igg-W-103::363,sample-igg-W-103,363,2,True,lt_min_leaves,topological,1,0,2,2,after_topology_validation
sample-igg-W-103::766,sample-igg-W-103,766,2,True,lt_min_leaves,topological,1,0,1,3,after_topology_validation
sample-igg-W-103::279,sample-igg-W-103,279,2,True,lt_min_leaves,topological,1,0,2,2,after_topology_validation
sample-igg-W-103::911,sample-igg-W-103,911,2,True,lt_min_leaves,topological,1,0,1,2,after_topology_validation
sample-igg-W-103::677,sample-igg-W-103,677,2,True,lt_min_leaves,topological,1,0,1,2,after_topology_validation
sample-igg-W-103::446,sample-igg-W-103,446,2,True,lt_min_leaves,topological,1,0,0,2,after_topology_validation
sample-igg-W-103::719,sample-igg-W-103,719,2,True,lt_min_leaves,topological,1,0,1,2,after_topology_validation
sample-igg-W-103::3143,sample-igg-W-103,3143,2,True,lt_min_leaves,topological,1,0,2,2,after_topology_validation
sample-igg-W-103::978,sample-igg-W-103,978,2,True,lt_min_leaves,topological,1,0,1,2,after_topology_validation
sample-igg-W-103::138,sample-igg-W-103,138,2,True,lt_min_leaves,topological,1,0,2,2,after_topology_validation
sample-igg-W-103::560,sample-igg-W-103,560,1,True,lt_min_leaves,topological,1,0,1,2,after_topology_validation
sample-igg-W-103::3020,sample-igg-W-103,3020,2,True,lt_min_leaves,topological,1,0,2,2,after_topology_validation
sample-igg-W-103::286,sample-igg-W-103,286,2,True,lt_min_leaves,topological,1,0,1,2,after_topology_validation
sample-igg-W-103::275,sample-igg-W-103,275,4,True,lt_min_leaves,topological,1,0,2,3,after_topology_validation
sample-igg-W-103::1727,sample-igg-W-103,1727,2,True,lt_min_leaves,topological,1,0,1,2,after_topology_validation
sample-igg-W-103::878,sample-igg-W-103,878,4,True,lt_min_leaves,topological,1,0,2,3,after_topology_validation
sample-igg-W-103::1057,sample-igg-W-103,1057,4,True,lt_min_leaves,topological,1,0,2,3,after_topology_validation
sample-igg-W-103::224,sample-igg-W-103,224,2,True,lt_min_leaves,topological,1,0,2,2,after_topology_validation
sample-igg-W-103::883,sample-igg-W-103,883,6,False,,topological,1,0,4,4,final_eligible
sample-igg-W-103::608,sample-igg-W-103,608,2,True,lt_min_leaves,topological,1,0,1,2,after_topology_validation
sample-igg-W-103::1942,sample-igg-W-103,1942,1,True,lt_min_leaves,topological,1,0,0,2,after_topology_validation
sample-igg-W-103::1449,sample-igg-W-103,1449,2,True,lt_min_leaves,topological,1,0,2,2,after_topology_validation
sample-igg-W-103::1075,sample-igg-W-103,1075,2,True,lt_min_leaves,topological,1,0,1,2,after_topology_validation
sample-igg-W-103::268,sample-igg-W-103,268,2,True,lt_min_leaves,topological,1,0,1,2,after_topology_validation
sample-igg-W-103::2235,sample-igg-W-103,2235,2,True,lt_min_leaves,topological,1,0,2,2,after_topology_validation
sample-igg-W-103::2152,sample-igg-W-103,2152,1,True,lt_min_leaves,topological,1,0,1,2,after_topology_validation
sample-igg-W-103::1893,sample-igg-W-103,1893,3,True,lt_min_leaves,topological,1,0,1,3,after_topology_validation
sample-igg-W-103::226,sample-igg-W-103,226,2,True,lt_min_leaves,topological,1,0,0,2,after_topology_validation
sample-igg-W-103::495,sample-igg-W-103,495,2,True,lt_min_leaves,topological,1,0,2,2,after_topology_validation
sample-igg-W-103::1281,sample-igg-W-103,1281,2,True,lt_min_leaves,topological,1,0,1,2,after_topology_validation
sample-igg-W-103::1624,sample-igg-W-103,1624,1,True,lt_min_leaves,topological,1,0,1,2,after_topology_validation
sample-igg-W-103::3167,sample-igg-W-103,3167,1,True,lt_min_leaves,topological,1,0,1,2,after_topology_validation
sample-igg-W-103::95,sample-igg-W-103,95,2,True,lt_min_leaves,topological,1,0,2,2,after_topology_validation
sample-igg-W-103::1702,sample-igg-W-103,1702,1,True,lt_min_leaves,topological,1,0,1,2,after_topology_validation
sample-igg-W-103::1021,sample-igg-W-103,1021,1,True,lt_min_leaves,topological,1,0,1,2,after_topology_validation
sample-igg-W-103::133,sample-igg-W-103,133,2,True,lt_min_leaves,topological,1,0,1,2,after_topology_validation
sample-igg-W-103::447,sample-igg-W-103,447,1,True,lt_min_leaves,topological,1,0,1,2,after_topology_validation
sample-igg-W-103::1981,sample-igg-W-103,1981,2,True,lt_min_leaves,topological,1,0,2,2,after_topology_validation
sample-igg-W-103::2028,sample-igg-W-103,2028,2,True,lt_min_leaves,topological,1,0,1,2,after_topology_validation
sample-igg-W-103::2727,sample-igg-W-103,2727,4,True,lt_min_leaves,topological,1,0,2,3,after_topology_validation
sample-igg-W-103::904,sample-igg-W-103,904,1,True,lt_min_leaves,topological,1,0,1,2,after_topology_validation
sample-igg-W-103::1280,sample-igg-W-103,1280,2,True,lt_min_leaves,topological,1,0,0,2,after_topology_validation
sample-igg-W-103::1726,sample-igg-W-103,1726,1,True,lt_min_leaves,topological,1,0,1,2,after_topology_validation
sample-igg-W-103::453,sample-igg-W-103,453,1,True,lt_min_leaves,topological,1,0,1,2,after_topology_validation
sample-igg-W-103::423,sample-igg-W-103,423,2,True,lt_min_leaves,topological,1,0,1,2,after_topology_validation
sample-igg-W-103::2946,sample-igg-W-103,2946,2,True,lt_min_leaves,topological,1,0,1,2,after_topology_validation
sample-igg-W-103::1948,sample-igg-W-103,1948,2,True,lt_min_leaves,topological,1,0,1,2,after_topology_validation
sample-igg-W-103::1665,sample-igg-W-103,1665,4,True,multi_root_no_usable_naive,,2,0,0,4,raw_families
sample-igg-W-103::283,sample-igg-W-103,283,2,True,lt_min_leaves,topological,1,0,1,2,after_topology_validation
sample-igg-W-103::698,sample-igg-W-103,698,1,True,lt_min_leaves,topological,1,0,1,2,after_topology_validation
sample-igg-W-103::475,sample-igg-W-103,475,2,True,lt_min_leaves,topological,1,0,1,2,after_topology_validation
sample-igg-W-103::717,sample-igg-W-103,717,2,True,lt_min_leaves,topological,1,0,2,2,after_topology_validation
sample-igg-W-103::2674,sample-igg-W-103,2674,2,True,lt_min_leaves,topological,1,0,0,2,after_topology_validation
sample-igg-W-103::538,sample-igg-W-103,538,2,True,lt_min_leaves,topological,1,0,0,2,after_topology_validation
sample-igg-W-103::2451,sample-igg-W-103,2451,1,True,lt_min_leaves,topological,1,0,1,2,after_topology_validation
sample-igg-W-103::2295,sample-igg-W-103,2295,2,True,lt_min_leaves,topological,1,0,1,2,after_topology_validation
sample-igg-W-103::1162,sample-igg-W-103,1162,1,True,lt_min_leaves,topological,1,0,1,2,after_topology_validation
sample-igg-W-103::1298,sample-igg-W-103,1298,2,True,lt_min_leaves,topological,1,0,1,2,after_topology_validation
sample-igg-W-103::1706,sample-igg-W-103,1706,1,True,lt_min_leaves,topological,1,0,1,2,after_topology_validation
sample-igg-W-103::1445,sample-igg-W-103,1445,2,True,lt_min_leaves,topological,1,0,2,2,after_topology_validation
sample-igg-W-103::322,sample-igg-W-103,322,2,True,lt_min_leaves,topological,1,0,1,2,after_topology_validation
sample-igg-W-103::871,sample-igg-W-103,871,4,True,lt_min_leaves,topological,1,0,3,3,after_topology_validation
sample-igg-W-103::2187,sample-igg-W-103,2187,1,True,lt_min_leaves,topological,1,0,0,2,after_topology_validation
sample-igg-W-103::506,sample-igg-W-103,506,2,True,lt_min_leaves,topological,1,0,2,2,after_topology_validation
sample-igg-W-103::1542,sample-igg-W-103,1542,1,True,lt_min_leaves,topological,1,0,1,2,after_topology_validation
sample-igg-W-103::2355,sample-igg-W-103,2355,1,True,lt_min_leaves,topological,1,0,1,2,after_topology_validation
sample-igg-W-103::2759,sample-igg-W-103,2759,5,True,lt_min_leaves,topological,1,0,2,3,after_topology_validation
sample-igg-W-103::1725,sample-igg-W-103,1725,2,True,lt_min_leaves,topological,1,0,1,2,after_topology_validation
sample-igg-W-103::2458,sample-igg-W-103,2458,1,True,lt_min_leaves,topological,1,0,1,2,after_topology_validation
sample-igg-W-103::2251,sample-igg-W-103,2251,2,True,lt_min_leaves,topological,1,0,1,2,after_topology_validation
sample-igg-W-103::1137,sample-igg-W-103,1137,2,True,lt_min_leaves,topological,1,0,2,2,after_topology_validation
sample-igg-W-103::345,sample-igg-W-103,345,2,True,lt_min_leaves,topological,1,0,2,2,after_topology_validation
sample-igg-W-103::293,sample-igg-W-103,293,2,True,lt_min_leaves,topological,1,0,1,2,after_topology_validation
sample-igg-W-103::207,sample-igg-W-103,207,4,True,lt_min_leaves,topological,1,0,2,3,after_topology_validation
sample-igg-W-103::2643,sample-igg-W-103,2643,2,True,multi_root_no_usable_naive,,2,0,0,3,raw_families
sample-igg-W-103::2935,sample-igg-W-103,2935,2,True,lt_min_leaves,topological,1,0,1,2,after_topology_validation
sample-igg-W-103::1095,sample-igg-W-103,1095,1,True,lt_min_leaves,topological,1,0,1,2,after_topology_validation
sample-igg-W-103::414,sample-igg-W-103,414,2,True,lt_min_leaves,topological,1,0,2,2,after_topology_validation
sample-igg-W-103::1276,sample-igg-W-103,1276,2,True,lt_min_leaves,topological,1,0,1,2,after_topology_validation
sample-igg-W-103::100,sample-igg-W-103,100,2,True,lt_min_leaves,topological,1,0,1,2,after_topology_validation
sample-igg-W-103::2584,sample-igg-W-103,2584,2,True,lt_min_leaves,topological,1,0,2,2,after_topology_validation
sample-igg-W-103::1794,sample-igg-W-103,1794,2,True,lt_min_leaves,topological,1,0,2,2,after_topology_validation
sample-igg-W-103::2223,sample-igg-W-103,2223,2,True,lt_min_leaves,topological,1,0,1,2,after_topology_validation
sample-igg-W-103::3006,sample-igg-W-103,3006,2,True,lt_min_leaves,topological,1,0,2,2,after_topology_validation
sample-igg-W-103::1094,sample-igg-W-103,1094,2,True,lt_min_leaves,topological,1,0,1,2,after_topology_validation
sample-igg-W-103::3025,sample-igg-W-103,3025,2,True,multi_root_no_usable_naive,,2,0,0,3,raw_families
sample-igg-W-103::1943,sample-igg-W-103,1943,2,True,lt_min_leaves,topological,1,0,2,2,after_topology_validation
sample-igg-W-103::764,sample-igg-W-103,764,2,True,lt_min_leaves,topological,1,0,1,2,after_topology_validation
sample-igg-W-103::1113,sample-igg-W-103,1113,2,True,lt_min_leaves,topological,1,0,1,2,after_topology_validation
sample-igg-W-103::2633,sample-igg-W-103,2633,2,True,lt_min_leaves,topological,1,0,2,2,after_topology_validation
sample-igg-W-103::2354,sample-igg-W-103,2354,4,True,lt_min_leaves,topological,1,0,2,3,after_topology_validation
sample-igg-W-103::1617,sample-igg-W-103,1617,2,True,lt_min_leaves,topological,1,0,1,2,after_topology_validation
sample-igg-W-103::2932,sample-igg-W-103,2932,2,True,lt_min_leaves,topological,1,0,2,2,after_topology_validation
sample-igg-W-103::265,sample-igg-W-103,265,3,True,lt_min_leaves,topological,1,0,2,3,after_topology_validation
sample-igg-W-103::2488,sample-igg-W-103,2488,2,True,lt_min_leaves,topological,1,0,1,2,after_topology_validation
sample-igg-W-103::2261,sample-igg-W-103,2261,3,True,lt_min_leaves,topological,1,0,2,3,after_topology_validation
sample-igg-W-103::2725,sample-igg-W-103,2725,1,True,lt_min_leaves,topological,1,0,1,2,after_topology_validation
sample-igg-W-103::2026,sample-igg-W-103,2026,2,True,lt_min_leaves,topological,1,0,1,2,after_topology_validation
sample-igg-W-103::87,sample-igg-W-103,87,1,True,lt_min_leaves,topological,1,0,1,2,after_topology_validation
sample-igg-W-103::85,sample-igg-W-103,85,5,True,lt_min_leaves,topological,1,0,3,4,after_topology_validation
sample-igg-W-103::2008,sample-igg-W-103,2008,2,True,lt_min_leaves,topological,1,0,2,2,after_topology_validation
sample-igg-W-103::1636,sample-igg-W-103,1636,3,True,lt_min_leaves,topological,1,0,1,3,after_topology_validation
sample-igg-W-103::906,sample-igg-W-103,906,2,True,lt_min_leaves,topological,1,0,1,2,after_topology_validation
sample-igg-W-103::512,sample-igg-W-103,512,2,True,lt_min_leaves,topological,1,0,2,2,after_topology_validation
sample-igg-W-103::1647,sample-igg-W-103,1647,2,True,lt_min_leaves,topological,1,0,0,2,after_topology_validation
sample-igg-W-103::139,sample-igg-W-103,139,1,True,lt_min_leaves,topological,1,0,1,2,after_topology_validation
sample-igg-W-103::1248,sample-igg-W-103,1248,2,True,lt_min_leaves,topological,1,0,1,2,after_topology_validation
sample-igg-W-103::438,sample-igg-W-103,438,2,True,lt_min_leaves,topological,1,0,1,2,after_topology_validation
sample-igg-W-103::176,sample-igg-W-103,176,3,True,lt_min_leaves,topological,1,0,1,3,after_topology_validation
sample-igg-W-103::1214,sample-igg-W-103,1214,3,True,lt_min_leaves,topological,1,0,2,3,after_topology_validation
sample-igg-W-103::3163,sample-igg-W-103,3163,2,True,lt_min_leaves,topological,1,0,1,2,after_topology_validation
sample-igg-W-103::918,sample-igg-W-103,918,2,True,lt_min_leaves,topological,1,0,1,2,after_topology_validation
sample-igg-W-103::948,sample-igg-W-103,948,2,True,lt_min_leaves,topological,1,0,2,2,after_topology_validation
sample-igg-W-103::751,sample-igg-W-103,751,2,True,lt_min_leaves,topological,1,0,0,2,after_topology_validation
sample-igg-W-103::1394,sample-igg-W-103,1394,2,True,lt_min_leaves,topological,1,0,2,2,after_topology_validation
sample-igg-W-103::1735,sample-igg-W-103,1735,2,True,lt_min_leaves,topological,1,0,2,2,after_topology_validation
sample-igg-W-103::1125,sample-igg-W-103,1125,1,True,lt_min_leaves,topological,1,0,1,2,after_topology_validation
sample-igg-W-103::944,sample-igg-W-103,944,1,True,lt_min_leaves,topological,1,0,1,2,after_topology_validation
sample-igg-W-103::1161,sample-igg-W-103,1161,1,True,lt_min_leaves,topological,1,0,1,2,after_topology_validation
sample-igg-W-103::247,sample-igg-W-103,247,2,True,lt_min_leaves,topological,1,0,2,2,after_topology_validation
sample-igg-W-103::950,sample-igg-W-103,950,1,True,lt_min_leaves,topological,1,0,1,2,after_topology_validation
sample-igg-W-103::2641,sample-igg-W-103,2641,2,True,lt_min_leaves,topological,1,0,2,2,after_topology_validation
sample-igg-W-103::1967,sample-igg-W-103,1967,2,True,lt_min_leaves,topological,1,0,1,2,after_topology_validation
sample-igg-W-103::1619,sample-igg-W-103,1619,1,True,lt_min_leaves,topological,1,0,0,2,after_topology_validation
sample-igg-W-103::2475,sample-igg-W-103,2475,2,True,lt_min_leaves,topological,1,0,2,2,after_topology_validation
sample-igg-W-103::1043,sample-igg-W-103,1043,4,True,lt_min_leaves,topological,1,0,2,3,after_topology_validation
sample-igg-W-103::1806,sample-igg-W-103,1806,1,True,lt_min_leaves,topological,1,0,1,2,after_topology_validation
sample-igg-W-103::233,sample-igg-W-103,233,2,True,lt_min_leaves,topological,1,0,1,2,after_topology_validation
sample-igg-W-103::908,sample-igg-W-103,908,2,True,lt_min_leaves,topological,1,0,1,2,after_topology_validation
sample-igg-W-103::267,sample-igg-W-103,267,1,True,lt_min_leaves,topological,1,0,1,2,after_topology_validation
sample-igg-W-103::806,sample-igg-W-103,806,4,True,lt_min_leaves,topological,1,0,2,3,after_topology_validation
sample-igg-W-103::61,sample-igg-W-103,61,2,True,lt_min_leaves,topological,1,0,1,2,after_topology_validation
sample-igg-W-103::1607,sample-igg-W-103,1607,2,True,lt_min_leaves,topological,1,0,1,2,after_topology_validation
sample-igg-W-103::183,sample-igg-W-103,183,1,True,lt_min_leaves,topological,1,0,1,2,after_topology_validation
sample-igg-W-103::2252,sample-igg-W-103,2252,2,True,lt_min_leaves,topological,1,0,1,2,after_topology_validation
sample-igg-W-103::724,sample-igg-W-103,724,2,True,lt_min_leaves,topological,1,0,1,2,after_topology_validation
sample-igg-W-103::655,sample-igg-W-103,655,5,True,multi_root_no_usable_naive,,2,0,0,4,raw_families
sample-igg-W-103::358,sample-igg-W-103,358,2,True,lt_min_leaves,topological,1,0,0,2,after_topology_validation
sample-igg-W-103::664,sample-igg-W-103,664,1,True,lt_min_leaves,topological,1,0,0,2,after_topology_validation
sample-igg-W-103::748,sample-igg-W-103,748,1,True,lt_min_leaves,topological,1,0,0,2,after_topology_validation
sample-igg-W-103::2004,sample-igg-W-103,2004,5,True,lt_min_leaves,topological,1,0,2,4,after_topology_validation
sample-igg-W-103::1022,sample-igg-W-103,1022,2,True,lt_min_leaves,topological,1,0,1,2,after_topology_validation
sample-igg-W-103::422,sample-igg-W-103,422,2,True,lt_min_leaves,topological,1,0,0,2,after_topology_validation
sample-igg-W-103::2299,sample-igg-W-103,2299,1,True,lt_min_leaves,topological,1,0,1,2,after_topology_validation
sample-igg-W-103::1134,sample-igg-W-103,1134,1,True,lt_min_leaves,topological,1,0,0,2,after_topology_validation
sample-igg-W-103::1388,sample-igg-W-103,1388,2,True,lt_min_leaves,topological,1,0,1,2,after_topology_validation
sample-igg-W-103::407,sample-igg-W-103,407,2,True,lt_min_leaves,topological,1,0,2,2,after_topology_validation
sample-igg-W-103::1677,sample-igg-W-103,1677,2,True,lt_min_leaves,topological,1,0,0,2,after_topology_validation
sample-igg-W-103::1919,sample-igg-W-103,1919,2,True,lt_min_leaves,topological,1,0,0,2,after_topology_validation
sample-igg-W-103::2164,sample-igg-W-103,2164,2,True,lt_min_leaves,topological,1,0,2,2,after_topology_validation
sample-igg-W-103::436,sample-igg-W-103,436,2,True,lt_min_leaves,topological,1,0,2,2,after_topology_validation
sample-igg-W-103::2130,sample-igg-W-103,2130,1,True,lt_min_leaves,topological,1,0,1,2,after_topology_validation
sample-igg-W-103::1004,sample-igg-W-103,1004,2,True,lt_min_leaves,topological,1,0,1,2,after_topology_validation
sample-igg-W-103::401,sample-igg-W-103,401,2,True,lt_min_leaves,topological,1,0,2,2,after_topology_validation
sample-igg-W-103::2567,sample-igg-W-103,2567,2,True,lt_min_leaves,topological,1,0,2,2,after_topology_validation
sample-igg-W-103::285,sample-igg-W-103,285,2,True,lt_min_leaves,topological,1,0,2,2,after_topology_validation
sample-igg-W-103::3048,sample-igg-W-103,3048,2,True,lt_min_leaves,topological,1,0,2,2,after_topology_validation
sample-igg-W-103::1903,sample-igg-W-103,1903,2,True,lt_min_leaves,topological,1,0,2,2,after_topology_validation
sample-igg-W-103::921,sample-igg-W-103,921,1,True,lt_min_leaves,topological,1,0,1,2,after_topology_validation
sample-igg-W-103::2511,sample-igg-W-103,2511,2,True,lt_min_leaves,topological,1,0,1,2,after_topology_validation
sample-igg-W-103::514,sample-igg-W-103,514,1,True,lt_min_leaves,topological,1,0,1,2,after_topology_validation
sample-igg-W-103::2470,sample-igg-W-103,2470,2,True,lt_min_leaves,topological,1,0,2,2,after_topology_validation
sample-igg-W-103::301,sample-igg-W-103,301,2,True,lt_min_leaves,topological,1,0,1,2,after_topology_validation
sample-igg-W-103::2400,sample-igg-W-103,2400,2,True,lt_min_leaves,topological,1,0,1,2,after_topology_validation
sample-igg-W-103::1357,sample-igg-W-103,1357,2,True,lt_min_leaves,topological,1,0,2,2,after_topology_validation
sample-igg-W-103::2051,sample-igg-W-103,2051,2,True,lt_min_leaves,topological,1,0,1,2,after_topology_validation
sample-igg-W-103::1631,sample-igg-W-103,1631,1,True,lt_min_leaves,topological,1,0,1,2,after_topology_validation
sample-igg-W-103::2271,sample-igg-W-103,2271,1,True,lt_min_leaves,topological,1,0,1,2,after_topology_validation
sample-igg-W-103::1722,sample-igg-W-103,1722,2,True,lt_min_leaves,topological,1,0,1,2,after_topology_validation
sample-igg-W-103::2317,sample-igg-W-103,2317,2,True,lt_min_leaves,topological,1,0,1,2,after_topology_validation
sample-igg-W-103::517,sample-igg-W-103,517,2,True,lt_min_leaves,topological,1,0,1,2,after_topology_validation
sample-igg-W-103::2256,sample-igg-W-103,2256,2,True,lt_min_leaves,topological,1,0,1,2,after_topology_validation
sample-igg-W-103::997,sample-igg-W-103,997,2,True,lt_min_leaves,topological,1,0,2,2,after_topology_validation
sample-igg-W-103::3067,sample-igg-W-103,3067,2,True,lt_min_leaves,topological,1,0,1,2,after_topology_validation
sample-igg-W-103::3066,sample-igg-W-103,3066,1,True,lt_min_leaves,topological,1,0,1,2,after_topology_validation
sample-igg-W-103::726,sample-igg-W-103,726,1,True,lt_min_leaves,topological,1,0,1,2,after_topology_validation
sample-igg-W-103::1007,sample-igg-W-103,1007,2,True,lt_min_leaves,topological,1,0,2,2,after_topology_validation
sample-igg-W-103::2528,sample-igg-W-103,2528,3,True,lt_min_leaves,topological,1,0,2,3,after_topology_validation
sample-igg-W-103::2654,sample-igg-W-103,2654,1,True,lt_min_leaves,topological,1,0,1,2,after_topology_validation
sample-igg-W-103::1961,sample-igg-W-103,1961,4,True,lt_min_leaves,topological,1,0,3,3,after_topology_validation
sample-igg-W-103::1744,sample-igg-W-103,1744,1,True,lt_min_leaves,topological,1,0,1,2,after_topology_validation
sample-igg-W-103::137,sample-igg-W-103,137,2,True,lt_min_leaves,topological,1,0,1,2,after_topology_validation
sample-igg-W-103::1675,sample-igg-W-103,1675,2,True,lt_min_leaves,topological,1,0,1,2,after_topology_validation
sample-igg-W-103::546,sample-igg-W-103,546,2,True,lt_min_leaves,topological,1,0,2,2,after_topology_validation
sample-igg-W-103::1929,sample-igg-W-103,1929,2,True,lt_min_leaves,topological,1,0,2,2,after_topology_validation
sample-igg-W-103::251,sample-igg-W-103,251,2,True,lt_min_leaves,topological,1,0,2,2,after_topology_validation
sample-igg-W-103::1473,sample-igg-W-103,1473,4,True,lt_min_leaves,topological,1,0,2,3,after_topology_validation
sample-igg-W-103::872,sample-igg-W-103,872,1,True,lt_min_leaves,topological,1,0,0,2,after_topology_validation
sample-igg-W-103::1616,sample-igg-W-103,1616,3,True,lt_min_leaves,topological,1,0,2,3,after_topology_validation
sample-igg-W-103::131,sample-igg-W-103,131,2,True,lt_min_leaves,topological,1,0,2,2,after_topology_validation
sample-igg-W-103::3024,sample-igg-W-103,3024,2,True,lt_min_leaves,topological,1,0,2,2,after_topology_validation
sample-igg-W-103::2807,sample-igg-W-103,2807,4,True,lt_min_leaves,topological,1,0,2,3,after_topology_validation
sample-igg-W-103::2328,sample-igg-W-103,2328,2,True,lt_min_leaves,topological,1,0,0,2,after_topology_validation
sample-igg-W-103::1380,sample-igg-W-103,1380,1,True,lt_min_leaves,topological,1,0,1,2,after_topology_validation
sample-igg-W-103::3104,sample-igg-W-103,3104,3,True,lt_min_leaves,topological,1,0,2,3,after_topology_validation
sample-igg-W-103::1091,sample-igg-W-103,1091,4,True,lt_min_leaves,topological,1,0,2,3,after_topology_validation
sample-igg-W-103::153,sample-igg-W-103,153,2,True,lt_min_leaves,topological,1,0,2,2,after_topology_validation
sample-igg-W-103::1962,sample-igg-W-103,1962,2,True,lt_min_leaves,topological,1,0,1,2,after_topology_validation
sample-igg-W-103::2537,sample-igg-W-103,2537,1,True,lt_min_leaves,topological,1,0,1,2,after_topology_validation
sample-igg-W-103::1172,sample-igg-W-103,1172,2,True,lt_min_leaves,topological,1,0,1,2,after_topology_validation
sample-igg-W-103::2900,sample-igg-W-103,2900,1,True,lt_min_leaves,topological,1,0,1,2,after_topology_validation
sample-igg-W-103::272,sample-igg-W-103,272,2,True,lt_min_leaves,topological,1,0,1,2,after_topology_validation
sample-igg-W-103::1760,sample-igg-W-103,1760,1,True,lt_min_leaves,topological,1,0,1,2,after_topology_validation
sample-igg-W-103::1384,sample-igg-W-103,1384,2,True,lt_min_leaves,topological,1,0,1,2,after_topology_validation
sample-igg-W-103::673,sample-igg-W-103,673,1,True,lt_min_leaves,topological,1,0,1,2,after_topology_validation
sample-igg-W-103::2825,sample-igg-W-103,2825,2,True,lt_min_leaves,topological,1,0,2,2,after_topology_validation
sample-igg-W-103::249,sample-igg-W-103,249,2,True,lt_min_leaves,topological,1,0,1,2,after_topology_validation
sample-igg-W-103::2833,sample-igg-W-103,2833,2,True,lt_min_leaves,topological,1,0,0,2,after_topology_validation
sample-igg-W-103::970,sample-igg-W-103,970,4,True,lt_min_leaves,topological,1,0,2,3,after_topology_validation
sample-igg-W-103::794,sample-igg-W-103,794,2,True,lt_min_leaves,topological,1,0,1,2,after_topology_validation
sample-igg-W-103::198,sample-igg-W-103,198,5,True,lt_min_leaves,topological,1,0,2,4,after_topology_validation
sample-igg-W-103::1269,sample-igg-W-103,1269,3,True,lt_min_leaves,topological,1,0,2,3,after_topology_validation
sample-igg-W-103::1321,sample-igg-W-103,1321,1,True,lt_min_leaves,topological,1,0,1,2,after_topology_validation
sample-igg-W-103::2720,sample-igg-W-103,2720,3,True,lt_min_leaves,topological,1,0,0,3,after_topology_validation
sample-igg-W-103::3031,sample-igg-W-103,3031,1,True,lt_min_leaves,topological,1,0,1,2,after_topology_validation
sample-igg-W-103::2575,sample-igg-W-103,2575,4,True,lt_min_leaves,topological,1,0,3,3,after_topology_validation
sample-igg-W-103::466,sample-igg-W-103,466,2,True,lt_min_leaves,topological,1,0,1,2,after_topology_validation
sample-igg-W-103::391,sample-igg-W-103,391,4,True,lt_min_leaves,topological,1,0,3,3,after_topology_validation
sample-igg-W-103::676,sample-igg-W-103,676,3,True,lt_min_leaves,topological,1,0,1,3,after_topology_validation
sample-igg-W-103::1910,sample-igg-W-103,1910,1,True,lt_min_leaves,topological,1,0,1,2,after_topology_validation
sample-igg-W-103::1001,sample-igg-W-103,1001,2,True,lt_min_leaves,topological,1,0,2,2,after_topology_validation
sample-igg-W-103::830,sample-igg-W-103,830,2,True,lt_min_leaves,topological,1,0,1,2,after_topology_validation
sample-igg-W-103::958,sample-igg-W-103,958,3,True,lt_min_leaves,topological,1,0,2,3,after_topology_validation
sample-igg-W-103::500,sample-igg-W-103,500,2,True,lt_min_leaves,topological,1,0,2,2,after_topology_validation
sample-igg-W-103::1393,sample-igg-W-103,1393,1,True,lt_min_leaves,topological,1,0,1,2,after_topology_validation
sample-igg-W-103::434,sample-igg-W-103,434,22,True,multi_root_no_usable_naive,,3,0,0,7,raw_families
sample-igg-W-103::887,sample-igg-W-103,887,2,True,multi_root_no_usable_naive,,2,0,0,3,raw_families
sample-igg-W-103::1920,sample-igg-W-103,1920,4,True,lt_min_leaves,topological,1,0,1,3,after_topology_validation
sample-igg-W-103::1265,sample-igg-W-103,1265,5,True,lt_min_leaves,topological,1,0,1,4,after_topology_validation
sample-igg-W-103::3180,sample-igg-W-103,3180,3,True,lt_min_leaves,topological,1,0,1,3,after_topology_validation
sample-igg-W-103::1457,sample-igg-W-103,1457,3,True,lt_min_leaves,topological,1,0,1,3,after_topology_validation
sample-igg-W-103::1649,sample-igg-W-103,1649,6,True,lt_min_leaves,topological,1,0,2,4,after_topology_validation
sample-igg-W-103::390,sample-igg-W-103,390,8,True,multi_root_no_usable_naive,,2,0,0,5,raw_families
sample-igg-W-103::653,sample-igg-W-103,653,4,True,lt_min_leaves,topological,1,0,0,3,after_topology_validation
sample-igg-W-103::1575,sample-igg-W-103,1575,1,True,lt_min_leaves,topological,1,0,0,2,after_topology_validation
sample-igg-W-103::485,sample-igg-W-103,485,8,True,lt_min_leaves,topological,1,0,3,5,after_topology_validation
sample-igg-W-103::1365,sample-igg-W-103,1365,3,True,lt_min_leaves,topological,1,0,1,3,after_topology_validation
sample-igg-W-103::890,sample-igg-W-103,890,10,True,multi_root_no_usable_naive,,2,0,0,7,raw_families
sample-igg-W-103::378,sample-igg-W-103,378,10,True,lt_min_leaves,topological,1,0,3,5,after_topology_validation
sample-igg-W-103::2120,sample-igg-W-103,2120,3,True,lt_min_leaves,topological,1,0,1,3,after_topology_validation
sample-igg-W-103::3190,sample-igg-W-103,3190,7,True,multi_root_no_usable_naive,,2,0,0,6,raw_families
sample-igg-W-103::3150,sample-igg-W-103,3150,7,True,lt_min_leaves,topological,1,0,2,4,after_topology_validation
sample-igg-W-103::2071,sample-igg-W-103,2071,4,True,lt_min_leaves,topological,1,0,0,3,after_topology_validation
sample-igg-W-103::1808,sample-igg-W-103,1808,2,True,lt_min_leaves,topological,1,0,0,2,after_topology_validation
sample-igg-W-103::1902,sample-igg-W-103,1902,5,True,lt_min_leaves,topological,1,0,2,4,after_topology_validation
sample-igg-W-103::1397,sample-igg-W-103,1397,1,True,lt_min_leaves,topological,1,0,1,2,after_topology_validation
sample-igg-W-103::2083,sample-igg-W-103,2083,2,True,lt_min_leaves,topological,1,0,0,2,after_topology_validation
sample-igg-W-103::430,sample-igg-W-103,430,7,True,lt_min_leaves,topological,1,0,1,5,after_topology_validation
sample-igg-W-103::623,sample-igg-W-103,623,3,True,lt_min_leaves,topological,1,0,1,3,after_topology_validation
sample-igg-W-103::638,sample-igg-W-103,638,12,True,multi_root_no_usable_naive,,2,0,0,6,raw_families
sample-igg-W-103::1221,sample-igg-W-103,1221,7,True,lt_min_leaves,topological,1,0,1,4,after_topology_validation
sample-igg-W-103::1912,sample-igg-W-103,1912,1,True,lt_min_leaves,topological,1,0,0,2,after_topology_validation
sample-igg-W-103::897,sample-igg-W-103,897,2,True,lt_min_leaves,topological,1,0,0,2,after_topology_validation
sample-igg-W-103::2617,sample-igg-W-103,2617,1,True,lt_min_leaves,topological,1,0,0,2,after_topology_validation
sample-igg-W-103::1964,sample-igg-W-103,1964,4,True,lt_min_leaves,topological,1,0,2,3,after_topology_validation
sample-igg-W-103::550,sample-igg-W-103,550,2,True,lt_min_leaves,topological,1,0,1,2,after_topology_validation
sample-igg-W-103::1655,sample-igg-W-103,1655,2,True,lt_min_leaves,topological,1,0,0,2,after_topology_validation
sample-igg-W-103::2762,sample-igg-W-103,2762,7,True,lt_min_leaves,topological,1,0,2,4,after_topology_validation
sample-igg-W-103::980,sample-igg-W-103,980,2,True,lt_min_leaves,topological,1,0,0,2,after_topology_validation
sample-igg-W-103::1623,sample-igg-W-103,1623,3,True,lt_min_leaves,topological,1,0,1,3,after_topology_validation
sample-igg-W-103::1000,sample-igg-W-103,1000,3,True,lt_min_leaves,topological,1,0,0,3,after_topology_validation
sample-igg-W-103::1245,sample-igg-W-103,1245,4,True,lt_min_leaves,topological,1,0,0,3,after_topology_validation
sample-igg-W-103::450,sample-igg-W-103,450,9,True,multi_root_no_usable_naive,,2,0,0,5,raw_families
sample-igg-W-103::2155,sample-igg-W-103,2155,3,True,lt_min_leaves,topological,1,0,2,3,after_topology_validation
sample-igg-W-103::2491,sample-igg-W-103,2491,4,True,lt_min_leaves,topological,1,0,0,3,after_topology_validation
sample-igg-W-103::216,sample-igg-W-103,216,20,True,multi_root_no_usable_naive,,4,0,0,8,raw_families
sample-igg-W-103::667,sample-igg-W-103,667,8,True,lt_min_leaves,topological,1,0,1,4,after_topology_validation
sample-igg-W-103::1217,sample-igg-W-103,1217,6,True,lt_min_leaves,topological,1,0,1,4,after_topology_validation
sample-igg-W-103::1584,sample-igg-W-103,1584,23,True,multi_root_no_usable_naive,,6,0,0,17,raw_families
sample-igg-W-103::826,sample-igg-W-103,826,2,True,lt_min_leaves,topological,1,0,0,2,after_topology_validation
sample-igg-W-103::334,sample-igg-W-103,334,4,True,lt_min_leaves,topological,1,0,1,3,after_topology_validation
sample-igg-W-103::2093,sample-igg-W-103,2093,2,True,lt_min_leaves,topological,1,0,0,2,after_topology_validation
sample-igg-W-103::723,sample-igg-W-103,723,4,True,multi_root_no_usable_naive,,2,0,0,4,raw_families
sample-igg-W-103::1086,sample-igg-W-103,1086,3,True,lt_min_leaves,topological,1,0,1,3,after_topology_validation
sample-igg-W-103::580,sample-igg-W-103,580,2,True,multi_root_no_usable_naive,,2,0,0,3,raw_families
sample-igg-W-103::1275,sample-igg-W-103,1275,8,False,,topological,1,0,4,4,final_eligible
sample-igg-W-103::903,sample-igg-W-103,903,4,True,lt_min_leaves,topological,1,0,1,3,after_topology_validation
sample-igg-W-103::2301,sample-igg-W-103,2301,5,True,lt_min_leaves,topological,1,0,3,3,after_topology_validation
sample-igg-W-103::354,sample-igg-W-103,354,5,True,lt_min_leaves,topological,1,0,2,4,after_topology_validation
sample-igg-W-103::1950,sample-igg-W-103,1950,6,True,lt_min_leaves,topological,1,0,2,5,after_topology_validation
sample-igg-W-103::1900,sample-igg-W-103,1900,2,True,lt_min_leaves,topological,1,0,1,2,after_topology_validation
sample-igg-W-103::274,sample-igg-W-103,274,4,True,lt_min_leaves,topological,1,0,1,3,after_topology_validation
sample-igg-W-103::443,sample-igg-W-103,443,2,True,lt_min_leaves,topological,1,0,0,2,after_topology_validation
sample-igg-W-103::400,sample-igg-W-103,400,23,True,multi_root_no_usable_naive,,3,0,0,11,raw_families
sample-igg-W-103::1453,sample-igg-W-103,1453,1,True,lt_min_leaves,topological,1,0,1,2,after_topology_validation
sample-igg-W-103::39,sample-igg-W-103,39,4,True,lt_min_leaves,topological,1,0,2,3,after_topology_validation
sample-igg-W-103::558,sample-igg-W-103,558,4,True,lt_min_leaves,topological,1,0,1,3,after_topology_validation
sample-igg-W-103::611,sample-igg-W-103,611,5,True,lt_min_leaves,topological,1,0,1,3,after_topology_validation
sample-igg-W-103::99,sample-igg-W-103,99,32,True,multi_root_no_usable_naive,,3,0,0,11,raw_families
sample-igg-W-103::2435,sample-igg-W-103,2435,2,True,lt_min_leaves,topological,1,0,0,2,after_topology_validation
sample-igg-W-103::376,sample-igg-W-103,376,6,True,lt_min_leaves,topological,1,0,2,4,after_topology_validation
sample-igg-W-103::1404,sample-igg-W-103,1404,6,True,lt_min_leaves,topological,1,0,2,4,after_topology_validation
sample-igg-W-103::1974,sample-igg-W-103,1974,6,True,multi_root_no_usable_naive,,3,0,0,7,raw_families
sample-igg-W-103::2615,sample-igg-W-103,2615,2,True,multi_root_no_usable_naive,,2,0,0,4,raw_families
sample-igg-W-103::1788,sample-igg-W-103,1788,5,True,lt_min_leaves,topological,1,0,1,4,after_topology_validation
sample-igg-W-103::732,sample-igg-W-103,732,2,True,lt_min_leaves,topological,1,0,0,2,after_topology_validation
sample-igg-W-103::132,sample-igg-W-103,132,23,True,multi_root_no_usable_naive,,3,0,0,8,raw_families
sample-igg-W-103::959,sample-igg-W-103,959,9,True,lt_min_leaves,topological,1,0,3,6,after_topology_validation
sample-igg-W-103::2224,sample-igg-W-103,2224,2,True,lt_min_leaves,topological,1,0,0,2,after_topology_validation
sample-igg-W-103::97,sample-igg-W-103,97,4,True,lt_min_leaves,topological,1,0,1,3,after_topology_validation
sample-igg-W-103::179,sample-igg-W-103,179,2,True,lt_min_leaves,topological,1,0,1,3,after_topology_validation
sample-igg-W-103::2928,sample-igg-W-103,2928,6,True,lt_min_leaves,topological,1,0,3,4,after_topology_validation
sample-igg-W-103::2275,sample-igg-W-103,2275,4,True,lt_min_leaves,topological,1,0,1,3,after_topology_validation
sample-igg-W-103::2379,sample-igg-W-103,2379,4,True,lt_min_leaves,topological,1,0,2,4,after_topology_validation
sample-igg-W-103::2137,sample-igg-W-103,2137,4,True,lt_min_leaves,topological,1,0,1,3,after_topology_validation
sample-igg-W-103::3096,sample-igg-W-103,3096,4,True,multi_root_no_usable_naive,,2,0,0,4,raw_families
sample-igg-W-103::3032,sample-igg-W-103,3032,2,True,lt_min_leaves,topological,1,0,0,2,after_topology_validation
sample-igg-W-103::2077,sample-igg-W-103,2077,4,True,lt_min_leaves,topological,1,0,0,3,after_topology_validation
sample-igg-W-103::2508,sample-igg-W-103,2508,4,True,multi_root_no_usable_naive,,2,0,0,4,raw_families
sample-igg-W-103::329,sample-igg-W-103,329,3,True,lt_min_leaves,topological,1,0,1,3,after_topology_validation
sample-igg-W-103::25,sample-igg-W-103,25,12,False,,topological,1,0,6,4,final_eligible
sample-igg-W-103::882,sample-igg-W-103,882,2,True,lt_min_leaves,topological,1,0,1,2,after_topology_validation
sample-igg-W-103::482,sample-igg-W-103,482,8,True,lt_min_leaves,topological,1,0,2,4,after_topology_validation
sample-igg-W-103::607,sample-igg-W-103,607,15,True,multi_root_no_usable_naive,,2,0,0,7,raw_families
sample-igg-W-103::460,sample-igg-W-103,460,6,True,lt_min_leaves,topological,1,0,2,4,after_topology_validation
sample-igg-W-103::1030,sample-igg-W-103,1030,5,True,lt_min_leaves,topological,1,0,1,3,after_topology_validation
sample-igg-W-103::1241,sample-igg-W-103,1241,9,False,,topological,1,0,4,5,final_eligible
sample-igg-W-103::2819,sample-igg-W-103,2819,4,True,lt_min_leaves,topological,1,0,1,3,after_topology_validation
sample-igg-W-103::435,sample-igg-W-103,435,6,True,lt_min_leaves,topological,1,0,0,4,after_topology_validation
sample-igg-W-103::288,sample-igg-W-103,288,3,True,multi_root_no_usable_naive,,2,0,0,3,raw_families
sample-igg-W-103::539,sample-igg-W-103,539,3,True,lt_min_leaves,topological,1,0,1,3,after_topology_validation
sample-igg-W-103::1933,sample-igg-W-103,1933,8,True,multi_root_no_usable_naive,,2,0,0,6,raw_families
sample-igg-W-103::858,sample-igg-W-103,858,3,True,lt_min_leaves,topological,1,0,2,3,after_topology_validation
sample-igg-W-103::2500,sample-igg-W-103,2500,4,True,lt_min_leaves,topological,1,0,0,4,after_topology_validation
sample-igg-W-103::415,sample-igg-W-103,415,4,True,lt_min_leaves,topological,1,0,0,3,after_topology_validation
sample-igg-W-103::2630,sample-igg-W-103,2630,2,True,lt_min_leaves,topological,1,0,1,2,after_topology_validation
sample-igg-W-103::1924,sample-igg-W-103,1924,8,True,multi_root_no_usable_naive,,2,0,0,5,raw_families
sample-igg-W-103::451,sample-igg-W-103,451,7,True,multi_root_no_usable_naive,,2,0,0,4,raw_families
sample-igg-W-103::214,sample-igg-W-103,214,28,True,multi_root_no_usable_naive,,2,0,0,8,raw_families
sample-igg-W-103::2600,sample-igg-W-103,2600,14,False,,topological,1,0,5,6,final_eligible
sample-igg-W-103::2604,sample-igg-W-103,2604,2,True,lt_min_leaves,topological,1,0,1,2,after_topology_validation
sample-igg-W-103::223,sample-igg-W-103,223,4,True,lt_min_leaves,topological,1,0,0,3,after_topology_validation
sample-igg-W-103::2519,sample-igg-W-103,2519,1,True,lt_min_leaves,topological,1,0,1,2,after_topology_validation
sample-igg-W-103::1955,sample-igg-W-103,1955,6,True,lt_min_leaves,topological,1,0,2,3,after_topology_validation
sample-igg-W-103::712,sample-igg-W-103,712,5,True,multi_root_no_usable_naive,,2,0,0,3,raw_families
sample-igg-W-103::1182,sample-igg-W-103,1182,6,True,lt_min_leaves,topological,1,0,3,4,after_topology_validation
sample-igg-W-103::987,sample-igg-W-103,987,3,True,lt_min_leaves,topological,1,0,1,3,after_topology_validation
sample-igg-W-103::2232,sample-igg-W-103,2232,3,True,lt_min_leaves,topological,1,0,1,3,after_topology_validation
sample-igg-W-103::1427,sample-igg-W-103,1427,1,True,lt_min_leaves,topological,1,0,1,2,after_topology_validation
sample-igg-W-103::145,sample-igg-W-103,145,5,True,multi_root_no_usable_naive,,2,0,0,5,raw_families
sample-igg-W-103::1076,sample-igg-W-103,1076,1,True,lt_min_leaves,topological,1,0,0,2,after_topology_validation
sample-igg-W-103::1572,sample-igg-W-103,1572,6,True,lt_min_leaves,topological,1,0,1,4,after_topology_validation
sample-igg-W-103::360,sample-igg-W-103,360,2,True,lt_min_leaves,topological,1,0,1,3,after_topology_validation
sample-igg-W-103::303,sample-igg-W-103,303,4,True,lt_min_leaves,topological,1,0,1,3,after_topology_validation
sample-igg-W-103::264,sample-igg-W-103,264,6,True,lt_min_leaves,topological,1,0,1,4,after_topology_validation
sample-igg-W-103::701,sample-igg-W-103,701,4,True,multi_root_no_usable_naive,,2,0,0,4,raw_families
sample-igg-W-103::1228,sample-igg-W-103,1228,9,True,multi_root_no_usable_naive,,2,0,0,5,raw_families
sample-igg-W-103::3142,sample-igg-W-103,3142,8,True,multi_root_no_usable_naive,,2,0,0,5,raw_families
sample-igg-W-103::639,sample-igg-W-103,639,6,True,lt_min_leaves,topological,1,0,1,4,after_topology_validation
sample-igg-W-103::891,sample-igg-W-103,891,4,True,lt_min_leaves,topological,1,0,2,3,after_topology_validation
sample-igg-W-103::254,sample-igg-W-103,254,4,True,lt_min_leaves,topological,1,0,2,3,after_topology_validation
sample-igg-W-103::2521,sample-igg-W-103,2521,2,True,multi_root_no_usable_naive,,2,0,0,4,raw_families
sample-igg-W-103::240,sample-igg-W-103,240,4,True,multi_root_no_usable_naive,,2,0,0,4,raw_families
sample-igg-W-103::103,sample-igg-W-103,103,12,True,multi_root_no_usable_naive,,2,0,0,5,raw_families
sample-igg-W-103::1918,sample-igg-W-103,1918,18,True,multi_root_no_usable_naive,,2,0,0,6,raw_families
sample-igg-W-103::3216,sample-igg-W-103,3216,18,True,multi_root_no_usable_naive,,3,0,0,6,raw_families
sample-igg-W-103::1914,sample-igg-W-103,1914,3,True,multi_root_no_usable_naive,,2,0,0,3,raw_families
sample-igg-W-103::2747,sample-igg-W-103,2747,3,True,lt_min_leaves,topological,1,0,1,3,after_topology_validation
sample-igg-W-103::1401,sample-igg-W-103,1401,12,False,,topological,1,0,5,6,final_eligible
sample-igg-W-103::1459,sample-igg-W-103,1459,2,True,lt_min_leaves,topological,1,0,1,2,after_topology_validation
sample-igg-W-103::757,sample-igg-W-103,757,3,True,lt_min_leaves,topological,1,0,1,3,after_topology_validation
sample-igg-W-103::373,sample-igg-W-103,373,4,True,lt_min_leaves,topological,1,0,0,3,after_topology_validation
sample-igg-W-103::3184,sample-igg-W-103,3184,4,True,lt_min_leaves,topological,1,0,2,3,after_topology_validation
sample-igg-W-103::631,sample-igg-W-103,631,3,True,lt_min_leaves,topological,1,0,1,3,after_topology_validation
sample-igg-W-103::442,sample-igg-W-103,442,4,True,lt_min_leaves,topological,1,0,1,3,after_topology_validation
sample-igg-W-103::229,sample-igg-W-103,229,8,True,lt_min_leaves,topological,1,0,1,5,after_topology_validation
sample-igg-W-103::886,sample-igg-W-103,886,3,True,lt_min_leaves,topological,1,0,1,3,after_topology_validation
sample-igg-W-103::59,sample-igg-W-103,59,6,True,lt_min_leaves,topological,1,0,2,4,after_topology_validation
sample-igg-W-103::2502,sample-igg-W-103,2502,3,True,multi_root_no_usable_naive,,2,0,0,4,raw_families
sample-igg-W-103::1016,sample-igg-W-103,1016,2,True,lt_min_leaves,topological,1,0,0,2,after_topology_validation
sample-igg-W-103::2267,sample-igg-W-103,2267,2,True,multi_root_no_usable_naive,,2,0,0,3,raw_families
sample-igg-W-103::222,sample-igg-W-103,222,4,True,multi_root_no_usable_naive,,2,0,0,4,raw_families
sample-igg-W-103::1291,sample-igg-W-103,1291,3,True,lt_min_leaves,topological,1,0,2,3,after_topology_validation
sample-igg-W-103::738,sample-igg-W-103,738,4,True,lt_min_leaves,topological,1,0,1,3,after_topology_validation
sample-igg-W-103::3145,sample-igg-W-103,3145,4,True,multi_root_no_usable_naive,,2,0,0,6,raw_families
sample-igg-W-103::408,sample-igg-W-103,408,8,True,lt_min_leaves,topological,1,0,2,5,after_topology_validation
sample-igg-W-103::1260,sample-igg-W-103,1260,2,True,lt_min_leaves,topological,1,0,2,2,after_topology_validation
sample-igg-W-103::629,sample-igg-W-103,629,6,True,lt_min_leaves,topological,1,0,3,4,after_topology_validation
sample-igg-W-103::916,sample-igg-W-103,916,2,True,lt_min_leaves,topological,1,0,1,2,after_topology_validation
sample-igg-W-103::45,sample-igg-W-103,45,5,True,lt_min_leaves,topological,1,0,1,4,after_topology_validation
sample-igg-W-103::231,sample-igg-W-103,231,4,True,lt_min_leaves,topological,1,0,1,3,after_topology_validation
sample-igg-W-103::3176,sample-igg-W-103,3176,44,True,multi_root_no_usable_naive,,3,0,0,12,raw_families
sample-igg-W-103::1288,sample-igg-W-103,1288,2,True,lt_min_leaves,topological,1,0,1,2,after_topology_validation
sample-igg-W-103::879,sample-igg-W-103,879,2,True,lt_min_leaves,topological,1,0,0,2,after_topology_validation
sample-igg-W-83::212,sample-igg-W-83,212,2,True,lt_min_leaves,topological,1,0,2,2,after_topology_validation
sample-igg-W-83::70,sample-igg-W-83,70,4,True,lt_min_leaves,topological,1,0,1,3,after_topology_validation
sample-igg-W-83::181,sample-igg-W-83,181,1,True,lt_min_leaves,topological,1,0,1,2,after_topology_validation
sample-igg-W-83::608,sample-igg-W-83,608,1,True,lt_min_leaves,topological,1,0,1,2,after_topology_validation
sample-igg-W-83::21,sample-igg-W-83,21,4,True,lt_min_leaves,topological,1,0,3,3,after_topology_validation
sample-igg-W-83::285,sample-igg-W-83,285,1,True,lt_min_leaves,topological,1,0,1,2,after_topology_validation
sample-igg-W-83::97,sample-igg-W-83,97,2,True,lt_min_leaves,topological,1,0,2,2,after_topology_validation
sample-igg-W-83::671,sample-igg-W-83,671,3,True,lt_min_leaves,topological,1,0,2,3,after_topology_validation
sample-igg-W-83::448,sample-igg-W-83,448,2,True,lt_min_leaves,topological,1,0,1,2,after_topology_validation
sample-igg-W-83::668,sample-igg-W-83,668,2,True,lt_min_leaves,topological,1,0,1,2,after_topology_validation
sample-igg-W-83::30,sample-igg-W-83,30,4,True,lt_min_leaves,topological,1,0,2,3,after_topology_validation
sample-igg-W-83::655,sample-igg-W-83,655,1,True,lt_min_leaves,topological,1,0,1,2,after_topology_validation
sample-igg-W-83::381,sample-igg-W-83,381,3,True,lt_min_leaves,topological,1,0,2,3,after_topology_validation
sample-igg-W-83::340,sample-igg-W-83,340,1,True,lt_min_leaves,topological,1,0,1,3,after_topology_validation
sample-igg-W-83::216,sample-igg-W-83,216,1,True,lt_min_leaves,topological,1,0,1,2,after_topology_validation
sample-igg-W-83::25,sample-igg-W-83,25,2,True,lt_min_leaves,topological,1,0,2,2,after_topology_validation
sample-igg-W-83::242,sample-igg-W-83,242,1,True,lt_min_leaves,topological,1,0,1,2,after_topology_validation
sample-igg-W-83::631,sample-igg-W-83,631,2,True,lt_min_leaves,topological,1,0,2,2,after_topology_validation
sample-igg-W-83::53,sample-igg-W-83,53,5,True,lt_min_leaves,topological,1,0,3,3,after_topology_validation
sample-igg-W-83::300,sample-igg-W-83,300,2,True,lt_min_leaves,topological,1,0,1,2,after_topology_validation
sample-igg-W-83::228,sample-igg-W-83,228,2,True,lt_min_leaves,topological,1,0,1,2,after_topology_validation
sample-igg-W-83::649,sample-igg-W-83,649,1,True,lt_min_leaves,topological,1,0,1,2,after_topology_validation
sample-igg-W-83::621,sample-igg-W-83,621,4,True,lt_min_leaves,topological,1,0,1,3,after_topology_validation
sample-igg-W-83::249,sample-igg-W-83,249,2,True,lt_min_leaves,topological,1,0,2,2,after_topology_validation
sample-igg-W-83::62,sample-igg-W-83,62,2,True,lt_min_leaves,topological,1,0,1,2,after_topology_validation
sample-igg-W-83::595,sample-igg-W-83,595,1,True,lt_min_leaves,topological,1,0,0,2,after_topology_validation
sample-igg-W-83::13,sample-igg-W-83,13,1,True,lt_min_leaves,topological,1,0,1,2,after_topology_validation
sample-igg-W-83::565,sample-igg-W-83,565,1,True,lt_min_leaves,topological,1,0,1,2,after_topology_validation
sample-igg-W-83::294,sample-igg-W-83,294,1,True,lt_min_leaves,topological,1,0,1,2,after_topology_validation
sample-igg-W-83::179,sample-igg-W-83,179,2,True,lt_min_leaves,topological,1,0,0,2,after_topology_validation
sample-igg-W-83::265,sample-igg-W-83,265,5,True,lt_min_leaves,topological,1,0,3,3,after_topology_validation
sample-igg-W-83::76,sample-igg-W-83,76,2,True,multi_root_no_usable_naive,,2,0,0,4,raw_families
sample-igg-W-83::164,sample-igg-W-83,164,3,True,lt_min_leaves,topological,1,0,1,3,after_topology_validation
sample-igg-W-83::460,sample-igg-W-83,460,1,True,lt_min_leaves,topological,1,0,1,2,after_topology_validation
sample-igg-W-83::22,sample-igg-W-83,22,1,True,lt_min_leaves,topological,1,0,0,2,after_topology_validation
sample-igg-W-83::365,sample-igg-W-83,365,5,True,lt_min_leaves,topological,1,0,2,4,after_topology_validation
sample-igg-W-83::111,sample-igg-W-83,111,4,True,lt_min_leaves,topological,1,0,1,3,after_topology_validation
sample-igg-W-83::395,sample-igg-W-83,395,2,True,lt_min_leaves,topological,1,0,1,2,after_topology_validation
sample-igg-W-83::3,sample-igg-W-83,3,4,True,lt_min_leaves,topological,1,0,1,3,after_topology_validation
sample-igg-W-83::66,sample-igg-W-83,66,2,True,multi_root_no_usable_naive,,2,0,0,11,raw_families
sample-igg-W-83::61,sample-igg-W-83,61,7,True,lt_min_leaves,topological,1,0,1,5,after_topology_validation
sample-igg-W-83::512,sample-igg-W-83,512,4,True,lt_min_leaves,topological,1,0,1,3,after_topology_validation
sample-igg-W-83::56,sample-igg-W-83,56,2,True,lt_min_leaves,topological,1,0,1,2,after_topology_validation
sample-igg-W-83::477,sample-igg-W-83,477,2,True,lt_min_leaves,topological,1,0,1,2,after_topology_validation
sample-igg-W-83::445,sample-igg-W-83,445,4,True,lt_min_leaves,topological,1,0,1,3,after_topology_validation
sample-igg-W-83::5,sample-igg-W-83,5,4,True,lt_min_leaves,topological,1,0,1,3,after_topology_validation
sample-igg-SC-22::1125,sample-igg-SC-22,1125,1,True,lt_min_leaves,topological,1,0,1,2,after_topology_validation
sample-igg-SC-22::170,sample-igg-SC-22,170,1,True,lt_min_leaves,topological,1,0,1,2,after_topology_validation
sample-igg-SC-22::457,sample-igg-SC-22,457,1,True,lt_min_leaves,topological,1,0,1,2,after_topology_validation
sample-igg-SC-22::662,sample-igg-SC-22,662,1,True,lt_min_leaves,topological,1,0,1,2,after_topology_validation
sample-igg-SC-22::469,sample-igg-SC-22,469,2,True,lt_min_leaves,topological,1,0,0,2,after_topology_validation
sample-igg-SC-22::559,sample-igg-SC-22,559,2,True,lt_min_leaves,topological,1,0,1,2,after_topology_validation
sample-igg-SC-22::454,sample-igg-SC-22,454,1,True,lt_min_leaves,topological,1,0,1,2,after_topology_validation
sample-igg-SC-22::772,sample-igg-SC-22,772,1,True,lt_min_leaves,topological,1,0,1,2,after_topology_validation
sample-igg-SC-22::968,sample-igg-SC-22,968,2,True,lt_min_leaves,topological,1,0,2,2,after_topology_validation
sample-igg-SC-22::1272,sample-igg-SC-22,1272,1,True,lt_min_leaves,topological,1,0,1,2,after_topology_validation
sample-igg-SC-22::33,sample-igg-SC-22,33,1,True,lt_min_leaves,topological,1,0,1,2,after_topology_validation
sample-igg-SC-22::1054,sample-igg-SC-22,1054,1,True,lt_min_leaves,topological,1,0,1,2,after_topology_validation
sample-igg-SC-22::1126,sample-igg-SC-22,1126,1,True,lt_min_leaves,topological,1,0,1,2,after_topology_validation
sample-igg-SC-22::1012,sample-igg-SC-22,1012,2,True,lt_min_leaves,topological,1,0,1,2,after_topology_validation
sample-igg-SC-22::417,sample-igg-SC-22,417,2,True,lt_min_leaves,topological,1,0,1,2,after_topology_validation
sample-igg-SC-22::905,sample-igg-SC-22,905,1,True,lt_min_leaves,topological,1,0,1,2,after_topology_validation
sample-igg-SC-22::1008,sample-igg-SC-22,1008,2,True,multi_root_no_usable_naive,,2,0,0,3,raw_families
sample-igg-SC-22::603,sample-igg-SC-22,603,1,True,lt_min_leaves,topological,1,0,1,2,after_topology_validation
sample-igg-SC-22::756,sample-igg-SC-22,756,1,True,lt_min_leaves,topological,1,0,0,2,after_topology_validation
sample-igg-SC-22::1141,sample-igg-SC-22,1141,1,True,lt_min_leaves,topological,1,0,1,2,after_topology_validation
sample-igg-SC-22::192,sample-igg-SC-22,192,2,True,lt_min_leaves,topological,1,0,1,2,after_topology_validation
sample-igg-SC-22::577,sample-igg-SC-22,577,2,True,lt_min_leaves,topological,1,0,1,2,after_topology_validation
sample-igg-SC-22::243,sample-igg-SC-22,243,1,True,lt_min_leaves,topological,1,0,1,2,after_topology_validation
sample-igg-SC-22::643,sample-igg-SC-22,643,2,True,lt_min_leaves,topological,1,0,1,2,after_topology_validation
sample-igg-SC-22::730,sample-igg-SC-22,730,2,True,lt_min_leaves,topological,1,0,1,2,after_topology_validation
sample-igg-SC-22::804,sample-igg-SC-22,804,1,True,lt_min_leaves,topological,1,0,1,2,after_topology_validation
sample-igg-SC-22::758,sample-igg-SC-22,758,2,True,lt_min_leaves,topological,1,0,2,3,after_topology_validation
sample-igg-SC-22::400,sample-igg-SC-22,400,2,True,lt_min_leaves,topological,1,0,2,2,after_topology_validation
sample-igg-SC-22::177,sample-igg-SC-22,177,1,True,lt_min_leaves,topological,1,0,1,2,after_topology_validation
sample-igg-SC-22::401,sample-igg-SC-22,401,1,True,lt_min_leaves,topological,1,0,1,2,after_topology_validation
sample-igg-SC-22::741,sample-igg-SC-22,741,1,True,lt_min_leaves,topological,1,0,1,2,after_topology_validation
sample-igg-SC-22::270,sample-igg-SC-22,270,1,True,lt_min_leaves,topological,1,0,1,2,after_topology_validation
sample-igg-SC-22::735,sample-igg-SC-22,735,2,True,lt_min_leaves,topological,1,0,1,2,after_topology_validation
sample-igg-SC-22::338,sample-igg-SC-22,338,2,True,lt_min_leaves,topological,1,0,2,2,after_topology_validation
sample-igg-SC-22::325,sample-igg-SC-22,325,1,True,lt_min_leaves,topological,1,0,1,2,after_topology_validation
sample-igg-SC-22::1117,sample-igg-SC-22,1117,1,True,lt_min_leaves,topological,1,0,1,2,after_topology_validation
sample-igg-SC-22::740,sample-igg-SC-22,740,2,True,lt_min_leaves,topological,1,0,1,2,after_topology_validation
sample-igg-SC-22::933,sample-igg-SC-22,933,1,True,lt_min_leaves,topological,1,0,1,2,after_topology_validation
sample-igg-SC-22::626,sample-igg-SC-22,626,2,True,lt_min_leaves,topological,1,0,1,2,after_topology_validation
sample-igg-SC-22::111,sample-igg-SC-22,111,2,True,lt_min_leaves,topological,1,0,2,2,after_topology_validation
sample-igg-SC-22::432,sample-igg-SC-22,432,1,True,lt_min_leaves,topological,1,0,1,2,after_topology_validation
sample-igg-SC-22::607,sample-igg-SC-22,607,2,True,lt_min_leaves,topological,1,0,2,2,after_topology_validation
sample-igg-SC-22::1273,sample-igg-SC-22,1273,2,True,lt_min_leaves,topological,1,0,2,2,after_topology_validation
sample-igg-SC-22::737,sample-igg-SC-22,737,2,True,lt_min_leaves,topological,1,0,1,2,after_topology_validation
sample-igg-SC-22::1249,sample-igg-SC-22,1249,1,True,lt_min_leaves,topological,1,0,1,2,after_topology_validation
sample-igg-SC-22::542,sample-igg-SC-22,542,1,True,lt_min_leaves,topological,1,0,1,3,after_topology_validation
sample-igg-SC-22::109,sample-igg-SC-22,109,1,True,lt_min_leaves,topological,1,0,1,2,after_topology_validation
sample-igg-SC-22::342,sample-igg-SC-22,342,1,True,lt_min_leaves,topological,1,0,1,2,after_topology_validation
sample-igg-SC-22::287,sample-igg-SC-22,287,2,True,lt_min_leaves,topological,1,0,2,2,after_topology_validation
sample-igg-SC-22::947,sample-igg-SC-22,947,1,True,lt_min_leaves,topological,1,0,0,2,after_topology_validation
sample-igg-SC-22::487,sample-igg-SC-22,487,1,True,lt_min_leaves,topological,1,0,0,2,after_topology_validation
sample-igg-SC-22::160,sample-igg-SC-22,160,2,True,lt_min_leaves,topological,1,0,2,2,after_topology_validation
sample-igg-SC-22::122,sample-igg-SC-22,122,2,True,lt_min_leaves,topological,1,0,1,2,after_topology_validation
sample-igg-SC-22::630,sample-igg-SC-22,630,1,True,lt_min_leaves,topological,1,0,1,2,after_topology_validation
sample-igg-SC-22::921,sample-igg-SC-22,921,3,True,lt_min_leaves,topological,1,0,1,3,after_topology_validation
sample-igg-SC-22::1047,sample-igg-SC-22,1047,1,True,lt_min_leaves,topological,1,0,1,6,after_topology_validation
sample-igg-SC-22::11,sample-igg-SC-22,11,4,True,lt_min_leaves,topological,1,0,0,3,after_topology_validation
sample-igg-SC-22::1194,sample-igg-SC-22,1194,1,True,lt_min_leaves,topological,1,0,0,2,after_topology_validation
sample-igg-SC-22::558,sample-igg-SC-22,558,5,True,lt_min_leaves,topological,1,0,2,4,after_topology_validation
sample-igg-SC-22::413,sample-igg-SC-22,413,2,True,lt_min_leaves,topological,1,0,0,2,after_topology_validation
sample-igg-SC-22::948,sample-igg-SC-22,948,4,True,lt_min_leaves,topological,1,0,0,3,after_topology_validation
sample-igg-SC-22::311,sample-igg-SC-22,311,1,True,lt_min_leaves,topological,1,0,1,2,after_topology_validation
sample-igg-SC-22::1161,sample-igg-SC-22,1161,7,True,lt_min_leaves,topological,1,0,2,4,after_topology_validation
sample-igg-SC-22::55,sample-igg-SC-22,55,3,True,multi_root_no_usable_naive,,2,0,0,4,raw_families
sample-igg-SC-22::1243,sample-igg-SC-22,1243,4,True,lt_min_leaves,topological,1,0,2,3,after_topology_validation
sample-igg-SC-22::640,sample-igg-SC-22,640,14,True,multi_root_no_usable_naive,,2,0,0,6,raw_families
sample-igg-SC-22::636,sample-igg-SC-22,636,3,True,lt_min_leaves,topological,1,0,1,3,after_topology_validation
sample-igg-SC-22::1100,sample-igg-SC-22,1100,1,True,lt_min_leaves,topological,1,0,1,2,after_topology_validation
sample-igg-SC-22::627,sample-igg-SC-22,627,2,True,lt_min_leaves,topological,1,0,1,2,after_topology_validation
sample-igg-SC-22::319,sample-igg-SC-22,319,1,True,lt_min_leaves,topological,1,0,1,2,after_topology_validation
sample-igg-SC-22::951,sample-igg-SC-22,951,5,True,lt_min_leaves,topological,1,0,3,4,after_topology_validation
sample-igg-SC-22::252,sample-igg-SC-22,252,1,True,lt_min_leaves,topological,1,0,0,2,after_topology_validation
sample-igg-SC-22::490,sample-igg-SC-22,490,2,True,lt_min_leaves,topological,1,0,0,2,after_topology_validation
sample-igg-SC-22::620,sample-igg-SC-22,620,4,True,lt_min_leaves,topological,1,0,0,3,after_topology_validation
sample-igg-SC-22::1145,sample-igg-SC-22,1145,3,True,multi_root_no_usable_naive,,3,0,0,4,raw_families
sample-igg-SC-22::940,sample-igg-SC-22,940,2,True,lt_min_leaves,topological,1,0,1,2,after_topology_validation
sample-igg-SC-22::411,sample-igg-SC-22,411,1,True,lt_min_leaves,topological,1,0,1,2,after_topology_validation
sample-igg-SC-22::1137,sample-igg-SC-22,1137,4,True,lt_min_leaves,topological,1,0,1,3,after_topology_validation
sample-igg-SC-22::614,sample-igg-SC-22,614,1,True,lt_min_leaves,topological,1,0,1,2,after_topology_validation
sample-igg-SC-22::1171,sample-igg-SC-22,1171,1,True,lt_min_leaves,topological,1,0,1,2,after_topology_validation
sample-igg-SC-22::529,sample-igg-SC-22,529,1,True,lt_min_leaves,topological,1,0,1,2,after_topology_validation
sample-igg-SC-22::881,sample-igg-SC-22,881,1,True,lt_min_leaves,topological,1,0,1,2,after_topology_validation
sample-igg-SC-22::128,sample-igg-SC-22,128,2,True,lt_min_leaves,topological,1,0,0,2,after_topology_validation
sample-igg-SC-22::956,sample-igg-SC-22,956,3,True,lt_min_leaves,topological,1,0,1,3,after_topology_validation
sample-igg-SC-22::147,sample-igg-SC-22,147,2,True,lt_min_leaves,topological,1,0,1,2,after_topology_validation
sample-igg-SC-22::961,sample-igg-SC-22,961,13,True,lt_min_leaves,topological,1,0,2,5,after_topology_validation
sample-igg-SC-22::50,sample-igg-SC-22,50,4,True,lt_min_leaves,topological,1,0,0,3,after_topology_validation
sample-igg-SC-22::384,sample-igg-SC-22,384,8,True,lt_min_leaves,topological,1,0,2,5,after_topology_validation
sample-igg-SC-22::699,sample-igg-SC-22,699,1,True,lt_min_leaves,topological,1,0,1,2,after_topology_validation
sample-igg-SC-22::1130,sample-igg-SC-22,1130,56,True,multi_root_no_usable_naive,,14,0,0,23,raw_families
sample-igg-SC-22::733,sample-igg-SC-22,733,2,True,lt_min_leaves,topological,1,0,0,2,after_topology_validation
sample-igg-SC-22::1196,sample-igg-SC-22,1196,1,True,lt_min_leaves,topological,1,0,0,2,after_topology_validation
sample-igg-SC-22::274,sample-igg-SC-22,274,3,True,lt_min_leaves,topological,1,0,1,3,after_topology_validation
sample-igg-SC-22::320,sample-igg-SC-22,320,6,True,multi_root_no_usable_naive,,3,0,0,10,raw_families
sample-igg-SC-22::764,sample-igg-SC-22,764,2,True,lt_min_leaves,topological,1,0,1,2,after_topology_validation
sample-igg-SC-22::463,sample-igg-SC-22,463,1,True,lt_min_leaves,topological,1,0,1,2,after_topology_validation
sample-igg-SC-22::373,sample-igg-SC-22,373,1,True,lt_min_leaves,topological,1,0,1,2,after_topology_validation
sample-igg-SC-22::1226,sample-igg-SC-22,1226,3,True,lt_min_leaves,topological,1,0,0,3,after_topology_validation
sample-igg-SC-22::423,sample-igg-SC-22,423,1,True,lt_min_leaves,topological,1,0,1,2,after_topology_validation
sample-igg-SC-22::708,sample-igg-SC-22,708,2,True,lt_min_leaves,topological,1,0,0,2,after_topology_validation
sample-igg-SC-22::895,sample-igg-SC-22,895,1,True,lt_min_leaves,topological,1,0,1,2,after_topology_validation
sample-igg-SC-22::922,sample-igg-SC-22,922,1,True,lt_min_leaves,topological,1,0,1,2,after_topology_validation
sample-igg-SC-22::204,sample-igg-SC-22,204,3,True,lt_min_leaves,topological,1,0,1,3,after_topology_validation
sample-igg-SC-22::59,sample-igg-SC-22,59,1,True,lt_min_leaves,topological,1,0,0,2,after_topology_validation
sample-igg-SC-22::540,sample-igg-SC-22,540,1,True,lt_min_leaves,topological,1,0,1,7,after_topology_validation
sample-igg-SC-22::710,sample-igg-SC-22,710,3,True,lt_min_leaves,topological,1,0,0,3,after_topology_validation
sample-igg-SC-22::1080,sample-igg-SC-22,1080,2,True,lt_min_leaves,topological,1,0,0,2,after_topology_validation
sample-igg-SC-22::823,sample-igg-SC-22,823,2,True,multi_root_no_usable_naive,,2,0,0,3,raw_families
sample-igg-SC-22::86,sample-igg-SC-22,86,1,True,lt_min_leaves,topological,1,0,1,2,after_topology_validation
sample-igg-SC-22::670,sample-igg-SC-22,670,2,True,lt_min_leaves,topological,1,0,0,2,after_topology_validation
sample-igg-SC-22::1277,sample-igg-SC-22,1277,11,True,multi_root_no_usable_naive,,2,0,0,5,raw_families
sample-igg-SC-22::525,sample-igg-SC-22,525,1,True,lt_min_leaves,topological,1,0,1,2,after_topology_validation
sample-igg-SC-22::352,sample-igg-SC-22,352,2,True,lt_min_leaves,topological,1,0,1,3,after_topology_validation
sample-igg-SC-22::812,sample-igg-SC-22,812,2,True,lt_min_leaves,topological,1,0,0,2,after_topology_validation
sample-igg-SC-22::785,sample-igg-SC-22,785,4,True,lt_min_leaves,topological,1,0,0,3,after_topology_validation
sample-igg-SC-22::341,sample-igg-SC-22,341,1,True,lt_min_leaves,topological,1,0,1,2,after_topology_validation
sample-igg-SC-22::275,sample-igg-SC-22,275,6,True,lt_min_leaves,topological,1,0,1,4,after_topology_validation
sample-igg-SC-22::1124,sample-igg-SC-22,1124,6,True,lt_min_leaves,topological,1,0,0,3,after_topology_validation
sample-igg-SC-22::797,sample-igg-SC-22,797,2,True,multi_root_no_usable_naive,,2,0,0,3,raw_families
sample-igg-SC-22::567,sample-igg-SC-22,567,1,True,lt_min_leaves,topological,1,0,1,2,after_topology_validation
sample-igg-SC-22::7,sample-igg-SC-22,7,1,True,lt_min_leaves,topological,1,0,1,2,after_topology_validation
sample-igg-SC-22::839,sample-igg-SC-22,839,8,True,lt_min_leaves,topological,1,0,2,4,after_topology_validation
sample-igg-SC-22::1215,sample-igg-SC-22,1215,1,True,lt_min_leaves,topological,1,0,1,2,after_topology_validation
sample-igg-SC-22::171,sample-igg-SC-22,171,1,True,lt_min_leaves,topological,1,0,1,2,after_topology_validation
sample-igg-SC-22::597,sample-igg-SC-22,597,6,True,lt_min_leaves,topological,1,0,2,4,after_topology_validation
sample-igg-SC-22::857,sample-igg-SC-22,857,5,True,lt_min_leaves,topological,1,0,0,4,after_topology_validation
sample-igg-SC-22::100,sample-igg-SC-22,100,2,True,lt_min_leaves,topological,1,0,0,2,after_topology_validation
sample-igg-SC-22::110,sample-igg-SC-22,110,2,True,lt_min_leaves,topological,1,0,0,2,after_topology_validation
sample-igg-SC-22::420,sample-igg-SC-22,420,2,True,lt_min_leaves,topological,1,0,1,2,after_topology_validation
sample-igg-SC-22::176,sample-igg-SC-22,176,2,True,lt_min_leaves,topological,1,0,0,2,after_topology_validation
sample-igg-SC-22::230,sample-igg-SC-22,230,1,True,lt_min_leaves,topological,1,0,1,2,after_topology_validation
sample-igg-SC-22::713,sample-igg-SC-22,713,1,True,lt_min_leaves,topological,1,0,1,2,after_topology_validation
sample-igg-SC-22::173,sample-igg-SC-22,173,1,True,lt_min_leaves,topological,1,0,1,2,after_topology_validation
sample-igg-SC-22::112,sample-igg-SC-22,112,1,True,lt_min_leaves,topological,1,0,1,2,after_topology_validation
sample-igg-SC-22::408,sample-igg-SC-22,408,1,True,lt_min_leaves,topological,1,0,1,2,after_topology_validation
sample-igg-SC-22::757,sample-igg-SC-22,757,2,True,multi_root_no_usable_naive,,2,0,0,3,raw_families
sample-igg-SC-22::1067,sample-igg-SC-22,1067,5,True,lt_min_leaves,topological,1,0,1,3,after_topology_validation
sample-igg-SC-22::693,sample-igg-SC-22,693,2,True,lt_min_leaves,topological,1,0,0,2,after_topology_validation
sample-igg-SC-22::1019,sample-igg-SC-22,1019,1,True,lt_min_leaves,topological,1,0,1,2,after_topology_validation
sample-igg-SC-22::864,sample-igg-SC-22,864,2,True,lt_min_leaves,topological,1,0,0,2,after_topology_validation
sample-igg-SC-22::471,sample-igg-SC-22,471,1,True,lt_min_leaves,topological,1,0,1,2,after_topology_validation
sample-igg-SC-22::426,sample-igg-SC-22,426,1,True,lt_min_leaves,topological,1,0,1,5,after_topology_validation
sample-igg-SC-22::989,sample-igg-SC-22,989,4,True,lt_min_leaves,topological,1,0,2,3,after_topology_validation
sample-igg-SC-22::20,sample-igg-SC-22,20,1,True,lt_min_leaves,topological,1,0,1,2,after_topology_validation
sample-igg-SC-22::73,sample-igg-SC-22,73,2,True,lt_min_leaves,topological,1,0,0,2,after_topology_validation
sample-igg-SC-13::1714,sample-igg-SC-13,1714,1,True,lt_min_leaves,topological,1,0,1,2,after_topology_validation
sample-igg-SC-13::250,sample-igg-SC-13,250,1,True,lt_min_leaves,topological,1,0,0,2,after_topology_validation
sample-igg-SC-13::1802,sample-igg-SC-13,1802,1,True,lt_min_leaves,topological,1,0,0,2,after_topology_validation
sample-igg-SC-13::951,sample-igg-SC-13,951,1,True,lt_min_leaves,topological,1,0,1,2,after_topology_validation
sample-igg-SC-13::307,sample-igg-SC-13,307,2,True,lt_min_leaves,topological,1,0,0,2,after_topology_validation
sample-igg-SC-13::71,sample-igg-SC-13,71,4,True,lt_min_leaves,topological,1,0,1,3,after_topology_validation
sample-igg-SC-13::1812,sample-igg-SC-13,1812,2,True,lt_min_leaves,topological,1,0,0,2,after_topology_validation
sample-igg-SC-13::914,sample-igg-SC-13,914,1,True,lt_min_leaves,topological,1,0,1,2,after_topology_validation
sample-igg-SC-13::366,sample-igg-SC-13,366,3,True,lt_min_leaves,topological,1,0,1,3,after_topology_validation
sample-igg-SC-13::1280,sample-igg-SC-13,1280,1,True,lt_min_leaves,topological,1,0,0,2,after_topology_validation
sample-igg-SC-13::1134,sample-igg-SC-13,1134,4,True,lt_min_leaves,topological,1,0,2,3,after_topology_validation
sample-igg-SC-13::1210,sample-igg-SC-13,1210,1,True,lt_min_leaves,topological,1,0,1,2,after_topology_validation
sample-igg-SC-13::1147,sample-igg-SC-13,1147,1,True,lt_min_leaves,topological,1,0,0,2,after_topology_validation
sample-igg-SC-13::1341,sample-igg-SC-13,1341,2,True,lt_min_leaves,topological,1,0,1,2,after_topology_validation
sample-igg-SC-13::871,sample-igg-SC-13,871,1,True,lt_min_leaves,topological,1,0,1,2,after_topology_validation
sample-igg-SC-13::1272,sample-igg-SC-13,1272,2,True,lt_min_leaves,topological,1,0,2,2,after_topology_validation
sample-igg-SC-13::1230,sample-igg-SC-13,1230,4,True,lt_min_leaves,topological,1,0,1,3,after_topology_validation
sample-igg-SC-13::811,sample-igg-SC-13,811,1,True,lt_min_leaves,topological,1,0,1,2,after_topology_validation
sample-igg-SC-13::274,sample-igg-SC-13,274,2,True,lt_min_leaves,topological,1,0,2,2,after_topology_validation
sample-igg-SC-13::1087,sample-igg-SC-13,1087,1,True,lt_min_leaves,topological,1,0,0,2,after_topology_validation
sample-igg-SC-13::375,sample-igg-SC-13,375,2,True,lt_min_leaves,topological,1,0,1,2,after_topology_validation
sample-igg-SC-13::906,sample-igg-SC-13,906,1,True,lt_min_leaves,topological,1,0,1,2,after_topology_validation
sample-igg-SC-13::772,sample-igg-SC-13,772,2,True,lt_min_leaves,topological,1,0,2,2,after_topology_validation
sample-igg-SC-13::180,sample-igg-SC-13,180,1,True,lt_min_leaves,topological,1,0,1,2,after_topology_validation
sample-igg-SC-13::1883,sample-igg-SC-13,1883,1,True,lt_min_leaves,topological,1,0,1,2,after_topology_validation
sample-igg-SC-13::967,sample-igg-SC-13,967,2,True,lt_min_leaves,topological,1,0,2,2,after_topology_validation
sample-igg-SC-13::875,sample-igg-SC-13,875,2,True,lt_min_leaves,topological,1,0,0,2,after_topology_validation
sample-igg-SC-13::1330,sample-igg-SC-13,1330,1,True,lt_min_leaves,topological,1,0,1,2,after_topology_validation
sample-igg-SC-13::921,sample-igg-SC-13,921,2,True,lt_min_leaves,topological,1,0,2,2,after_topology_validation
sample-igg-SC-13::400,sample-igg-SC-13,400,1,True,lt_min_leaves,topological,1,0,1,2,after_topology_validation
sample-igg-SC-13::947,sample-igg-SC-13,947,4,True,lt_min_leaves,topological,1,0,2,3,after_topology_validation
sample-igg-SC-13::985,sample-igg-SC-13,985,1,True,lt_min_leaves,topological,1,0,0,2,after_topology_validation
sample-igg-SC-13::372,sample-igg-SC-13,372,2,True,lt_min_leaves,topological,1,0,2,2,after_topology_validation
sample-igg-SC-13::66,sample-igg-SC-13,66,2,True,lt_min_leaves,topological,1,0,1,2,after_topology_validation
sample-igg-SC-13::652,sample-igg-SC-13,652,1,True,lt_min_leaves,topological,1,0,1,2,after_topology_validation
sample-igg-SC-13::724,sample-igg-SC-13,724,3,True,lt_min_leaves,topological,1,0,1,3,after_topology_validation
sample-igg-SC-13::537,sample-igg-SC-13,537,2,True,lt_min_leaves,topological,1,0,1,2,after_topology_validation
sample-igg-SC-13::739,sample-igg-SC-13,739,4,True,lt_min_leaves,topological,1,0,2,3,after_topology_validation
sample-igg-SC-13::1113,sample-igg-SC-13,1113,1,True,lt_min_leaves,topological,1,0,1,2,after_topology_validation
sample-igg-SC-13::1618,sample-igg-SC-13,1618,1,True,lt_min_leaves,topological,1,0,1,2,after_topology_validation
sample-igg-SC-13::481,sample-igg-SC-13,481,1,True,lt_min_leaves,topological,1,0,1,2,after_topology_validation
sample-igg-SC-13::1150,sample-igg-SC-13,1150,2,True,lt_min_leaves,topological,1,0,1,2,after_topology_validation
sample-igg-SC-13::975,sample-igg-SC-13,975,2,True,lt_min_leaves,topological,1,0,2,2,after_topology_validation
sample-igg-SC-13::87,sample-igg-SC-13,87,2,True,lt_min_leaves,topological,1,0,1,2,after_topology_validation
sample-igg-SC-13::750,sample-igg-SC-13,750,2,True,lt_min_leaves,topological,1,0,2,2,after_topology_validation
sample-igg-SC-13::1832,sample-igg-SC-13,1832,1,True,lt_min_leaves,topological,1,0,1,2,after_topology_validation
sample-igg-SC-13::824,sample-igg-SC-13,824,2,True,multi_root_no_usable_naive,,2,0,0,3,raw_families
sample-igg-SC-13::233,sample-igg-SC-13,233,2,True,lt_min_leaves,topological,1,0,1,2,after_topology_validation
sample-igg-SC-13::290,sample-igg-SC-13,290,1,True,lt_min_leaves,topological,1,0,1,2,after_topology_validation
sample-igg-SC-13::917,sample-igg-SC-13,917,4,True,lt_min_leaves,topological,1,0,2,3,after_topology_validation
sample-igg-SC-13::249,sample-igg-SC-13,249,1,True,lt_min_leaves,topological,1,0,1,2,after_topology_validation
sample-igg-SC-13::667,sample-igg-SC-13,667,1,True,lt_min_leaves,topological,1,0,1,2,after_topology_validation
sample-igg-SC-13::1466,sample-igg-SC-13,1466,1,True,lt_min_leaves,topological,1,0,1,2,after_topology_validation
sample-igg-SC-13::1438,sample-igg-SC-13,1438,2,True,lt_min_leaves,topological,1,0,0,2,after_topology_validation
sample-igg-SC-13::908,sample-igg-SC-13,908,1,True,lt_min_leaves,topological,1,0,1,2,after_topology_validation
sample-igg-SC-13::557,sample-igg-SC-13,557,1,True,lt_min_leaves,topological,1,0,0,2,after_topology_validation
sample-igg-SC-13::2013,sample-igg-SC-13,2013,1,True,lt_min_leaves,topological,1,0,1,2,after_topology_validation
sample-igg-SC-13::1275,sample-igg-SC-13,1275,2,True,lt_min_leaves,topological,1,0,0,2,after_topology_validation
sample-igg-SC-13::1467,sample-igg-SC-13,1467,4,True,lt_min_leaves,topological,1,0,2,3,after_topology_validation
sample-igg-SC-13::1066,sample-igg-SC-13,1066,3,True,lt_min_leaves,topological,1,0,1,3,after_topology_validation
sample-igg-SC-13::65,sample-igg-SC-13,65,1,True,lt_min_leaves,topological,1,0,1,2,after_topology_validation
sample-igg-SC-13::1316,sample-igg-SC-13,1316,4,True,lt_min_leaves,topological,1,0,2,3,after_topology_validation
sample-igg-SC-13::970,sample-igg-SC-13,970,1,True,lt_min_leaves,topological,1,0,0,2,after_topology_validation
sample-igg-SC-13::173,sample-igg-SC-13,173,2,True,lt_min_leaves,topological,1,0,0,2,after_topology_validation
sample-igg-SC-13::1323,sample-igg-SC-13,1323,2,True,lt_min_leaves,topological,1,0,1,2,after_topology_validation
sample-igg-SC-13::629,sample-igg-SC-13,629,2,True,multi_root_no_usable_naive,,2,0,0,3,raw_families
sample-igg-SC-13::1568,sample-igg-SC-13,1568,3,True,lt_min_leaves,topological,1,0,2,3,after_topology_validation
sample-igg-SC-13::1315,sample-igg-SC-13,1315,2,True,lt_min_leaves,topological,1,0,1,2,after_topology_validation
sample-igg-SC-13::1051,sample-igg-SC-13,1051,1,True,lt_min_leaves,topological,1,0,1,2,after_topology_validation
sample-igg-SC-13::1644,sample-igg-SC-13,1644,1,True,lt_min_leaves,topological,1,0,0,2,after_topology_validation
sample-igg-SC-13::1295,sample-igg-SC-13,1295,2,True,lt_min_leaves,topological,1,0,1,2,after_topology_validation
sample-igg-SC-13::1782,sample-igg-SC-13,1782,4,True,lt_min_leaves,topological,1,0,3,3,after_topology_validation
sample-igg-SC-13::783,sample-igg-SC-13,783,2,True,lt_min_leaves,topological,1,0,1,2,after_topology_validation
sample-igg-SC-13::684,sample-igg-SC-13,684,2,True,lt_min_leaves,topological,1,0,1,2,after_topology_validation
sample-igg-SC-13::464,sample-igg-SC-13,464,1,True,lt_min_leaves,topological,1,0,1,2,after_topology_validation
sample-igg-SC-13::788,sample-igg-SC-13,788,2,True,lt_min_leaves,topological,1,0,0,2,after_topology_validation
sample-igg-SC-13::2018,sample-igg-SC-13,2018,1,True,lt_min_leaves,topological,1,0,1,2,after_topology_validation
sample-igg-SC-13::679,sample-igg-SC-13,679,2,True,lt_min_leaves,topological,1,0,0,2,after_topology_validation
sample-igg-SC-13::1185,sample-igg-SC-13,1185,1,True,lt_min_leaves,topological,1,0,1,2,after_topology_validation
sample-igg-SC-13::1662,sample-igg-SC-13,1662,2,True,lt_min_leaves,topological,1,0,1,3,after_topology_validation
sample-igg-SC-13::574,sample-igg-SC-13,574,2,True,lt_min_leaves,topological,1,0,1,2,after_topology_validation
sample-igg-SC-13::1111,sample-igg-SC-13,1111,1,True,lt_min_leaves,topological,1,0,0,2,after_topology_validation
sample-igg-SC-13::870,sample-igg-SC-13,870,2,True,multi_root_no_usable_naive,,2,0,0,3,raw_families
sample-igg-SC-13::314,sample-igg-SC-13,314,1,True,lt_min_leaves,topological,1,0,1,2,after_topology_validation
sample-igg-SC-13::69,sample-igg-SC-13,69,3,True,lt_min_leaves,topological,1,0,2,3,after_topology_validation
sample-igg-SC-13::616,sample-igg-SC-13,616,2,True,lt_min_leaves,topological,1,0,0,2,after_topology_validation
sample-igg-SC-13::1263,sample-igg-SC-13,1263,2,True,lt_min_leaves,topological,1,0,2,2,after_topology_validation
sample-igg-SC-13::98,sample-igg-SC-13,98,1,True,lt_min_leaves,topological,1,0,0,2,after_topology_validation
sample-igg-SC-13::153,sample-igg-SC-13,153,2,True,lt_min_leaves,topological,1,0,2,2,after_topology_validation
sample-igg-SC-13::1349,sample-igg-SC-13,1349,1,True,lt_min_leaves,topological,1,0,1,2,after_topology_validation
sample-igg-SC-13::2002,sample-igg-SC-13,2002,1,True,lt_min_leaves,topological,1,0,0,2,after_topology_validation
sample-igg-SC-13::1460,sample-igg-SC-13,1460,2,True,lt_min_leaves,topological,1,0,1,2,after_topology_validation
sample-igg-SC-13::1347,sample-igg-SC-13,1347,2,True,lt_min_leaves,topological,1,0,1,2,after_topology_validation
sample-igg-SC-13::1671,sample-igg-SC-13,1671,2,True,lt_min_leaves,topological,1,0,1,2,after_topology_validation
sample-igg-SC-13::70,sample-igg-SC-13,70,2,True,lt_min_leaves,topological,1,0,2,2,after_topology_validation
sample-igg-SC-13::117,sample-igg-SC-13,117,2,True,lt_min_leaves,topological,1,0,0,2,after_topology_validation
sample-igg-SC-13::555,sample-igg-SC-13,555,2,True,lt_min_leaves,topological,1,0,1,2,after_topology_validation
sample-igg-SC-13::1396,sample-igg-SC-13,1396,2,True,lt_min_leaves,topological,1,0,2,2,after_topology_validation
sample-igg-SC-13::1436,sample-igg-SC-13,1436,2,True,lt_min_leaves,topological,1,0,2,2,after_topology_validation
sample-igg-SC-13::833,sample-igg-SC-13,833,2,True,lt_min_leaves,topological,1,0,2,2,after_topology_validation
sample-igg-SC-13::1264,sample-igg-SC-13,1264,2,True,lt_min_leaves,topological,1,0,1,2,after_topology_validation
sample-igg-SC-13::794,sample-igg-SC-13,794,2,True,lt_min_leaves,topological,1,0,0,2,after_topology_validation
sample-igg-SC-13::512,sample-igg-SC-13,512,1,True,lt_min_leaves,topological,1,0,0,2,after_topology_validation
sample-igg-SC-13::36,sample-igg-SC-13,36,2,True,lt_min_leaves,topological,1,0,1,2,after_topology_validation
sample-igg-SC-13::8,sample-igg-SC-13,8,1,True,lt_min_leaves,topological,1,0,1,2,after_topology_validation
sample-igg-SC-13::37,sample-igg-SC-13,37,1,True,lt_min_leaves,topological,1,0,1,2,after_topology_validation
sample-igg-SC-13::781,sample-igg-SC-13,781,2,True,lt_min_leaves,topological,1,0,1,2,after_topology_validation
sample-igg-SC-13::1337,sample-igg-SC-13,1337,1,True,lt_min_leaves,topological,1,0,0,2,after_topology_validation
sample-igg-SC-13::197,sample-igg-SC-13,197,2,True,lt_min_leaves,topological,1,0,1,2,after_topology_validation
sample-igg-SC-13::1104,sample-igg-SC-13,1104,2,True,lt_min_leaves,topological,1,0,1,2,after_topology_validation
sample-igg-SC-13::1562,sample-igg-SC-13,1562,2,True,lt_min_leaves,topological,1,0,1,2,after_topology_validation
sample-igg-SC-13::1235,sample-igg-SC-13,1235,1,True,lt_min_leaves,topological,1,0,1,2,after_topology_validation
sample-igg-SC-13::551,sample-igg-SC-13,551,1,True,lt_min_leaves,topological,1,0,1,2,after_topology_validation
sample-igg-SC-13::1984,sample-igg-SC-13,1984,2,True,lt_min_leaves,topological,1,0,2,2,after_topology_validation
sample-igg-SC-13::1741,sample-igg-SC-13,1741,2,True,lt_min_leaves,topological,1,0,1,2,after_topology_validation
sample-igg-SC-13::1197,sample-igg-SC-13,1197,1,True,lt_min_leaves,topological,1,0,0,2,after_topology_validation
sample-igg-SC-13::100,sample-igg-SC-13,100,2,True,lt_min_leaves,topological,1,0,2,2,after_topology_validation
sample-igg-SC-13::1766,sample-igg-SC-13,1766,1,True,lt_min_leaves,topological,1,0,1,2,after_topology_validation
sample-igg-SC-13::1231,sample-igg-SC-13,1231,2,True,lt_min_leaves,topological,1,0,1,2,after_topology_validation
sample-igg-SC-13::394,sample-igg-SC-13,394,2,True,lt_min_leaves,topological,1,0,2,2,after_topology_validation
sample-igg-SC-13::1744,sample-igg-SC-13,1744,2,True,lt_min_leaves,topological,1,0,0,2,after_topology_validation
sample-igg-SC-13::1215,sample-igg-SC-13,1215,3,True,lt_min_leaves,topological,1,0,2,3,after_topology_validation
sample-igg-SC-13::546,sample-igg-SC-13,546,1,True,lt_min_leaves,topological,1,0,0,2,after_topology_validation
sample-igg-SC-13::521,sample-igg-SC-13,521,9,True,lt_min_leaves,topological,1,0,1,4,after_topology_validation
sample-igg-SC-13::1844,sample-igg-SC-13,1844,4,True,lt_min_leaves,topological,1,0,2,4,after_topology_validation
sample-igg-SC-13::1771,sample-igg-SC-13,1771,2,True,lt_min_leaves,topological,1,0,0,2,after_topology_validation
sample-igg-SC-13::463,sample-igg-SC-13,463,3,True,lt_min_leaves,topological,1,0,1,3,after_topology_validation
sample-igg-SC-13::122,sample-igg-SC-13,122,5,True,lt_min_leaves,topological,1,0,1,3,after_topology_validation
sample-igg-SC-13::716,sample-igg-SC-13,716,3,True,lt_min_leaves,topological,1,0,0,3,after_topology_validation
sample-igg-SC-13::369,sample-igg-SC-13,369,7,True,lt_min_leaves,topological,1,0,2,4,after_topology_validation
sample-igg-SC-13::1506,sample-igg-SC-13,1506,2,True,lt_min_leaves,topological,1,0,1,2,after_topology_validation
sample-igg-SC-13::1903,sample-igg-SC-13,1903,2,True,lt_min_leaves,topological,1,0,1,2,after_topology_validation
sample-igg-SC-13::1184,sample-igg-SC-13,1184,6,True,multi_root_no_usable_naive,,4,0,0,5,raw_families
sample-igg-SC-13::3,sample-igg-SC-13,3,2,True,lt_min_leaves,topological,1,0,0,2,after_topology_validation
sample-igg-SC-13::1815,sample-igg-SC-13,1815,3,True,lt_min_leaves,topological,1,0,1,3,after_topology_validation
sample-igg-SC-13::544,sample-igg-SC-13,544,3,True,lt_min_leaves,topological,1,0,1,3,after_topology_validation
sample-igg-SC-13::948,sample-igg-SC-13,948,6,True,lt_min_leaves,topological,1,0,2,5,after_topology_validation
sample-igg-SC-13::1792,sample-igg-SC-13,1792,3,True,lt_min_leaves,topological,1,0,1,3,after_topology_validation
sample-igg-SC-13::139,sample-igg-SC-13,139,5,True,lt_min_leaves,topological,1,0,1,4,after_topology_validation
sample-igg-SC-13::1597,sample-igg-SC-13,1597,1,True,lt_min_leaves,topological,1,0,1,2,after_topology_validation
sample-igg-SC-13::1591,sample-igg-SC-13,1591,4,True,lt_min_leaves,topological,1,0,0,3,after_topology_validation
sample-igg-SC-13::176,sample-igg-SC-13,176,8,True,lt_min_leaves,topological,1,0,1,5,after_topology_validation
sample-igg-SC-13::185,sample-igg-SC-13,185,2,True,lt_min_leaves,topological,1,0,0,2,after_topology_validation
sample-igg-SC-13::1851,sample-igg-SC-13,1851,2,True,lt_min_leaves,topological,1,0,1,2,after_topology_validation
sample-igg-SC-13::281,sample-igg-SC-13,281,2,True,lt_min_leaves,topological,1,0,0,2,after_topology_validation
sample-igg-SC-13::523,sample-igg-SC-13,523,2,True,lt_min_leaves,topological,1,0,0,2,after_topology_validation
sample-igg-SC-13::1155,sample-igg-SC-13,1155,2,True,lt_min_leaves,topological,1,0,1,3,after_topology_validation
sample-igg-SC-13::872,sample-igg-SC-13,872,2,True,lt_min_leaves,topological,1,0,0,2,after_topology_validation
sample-igg-SC-13::105,sample-igg-SC-13,105,2,True,lt_min_leaves,topological,1,0,0,2,after_topology_validation
sample-igg-SC-13::134,sample-igg-SC-13,134,2,True,lt_min_leaves,topological,1,0,0,2,after_topology_validation
sample-igg-SC-13::1019,sample-igg-SC-13,1019,5,True,lt_min_leaves,topological,1,0,1,4,after_topology_validation
sample-igg-SC-13::10,sample-igg-SC-13,10,2,True,lt_min_leaves,topological,1,0,0,2,after_topology_validation
sample-igg-SC-13::1119,sample-igg-SC-13,1119,6,True,lt_min_leaves,topological,1,0,1,3,after_topology_validation
sample-igg-SC-13::1348,sample-igg-SC-13,1348,2,True,lt_min_leaves,topological,1,0,0,2,after_topology_validation
sample-igg-SC-13::267,sample-igg-SC-13,267,7,True,lt_min_leaves,topological,1,0,2,4,after_topology_validation
sample-igg-SC-13::48,sample-igg-SC-13,48,5,True,lt_min_leaves,topological,1,0,0,3,after_topology_validation
sample-igg-SC-13::1557,sample-igg-SC-13,1557,3,True,lt_min_leaves,topological,1,0,1,3,after_topology_validation
sample-igg-SC-13::1703,sample-igg-SC-13,1703,5,True,lt_min_leaves,topological,1,0,1,3,after_topology_validation
sample-igg-SC-13::571,sample-igg-SC-13,571,5,True,lt_min_leaves,topological,1,0,2,3,after_topology_validation
sample-igg-SC-13::956,sample-igg-SC-13,956,2,True,lt_min_leaves,topological,1,0,0,2,after_topology_validation
sample-igg-SC-13::1012,sample-igg-SC-13,1012,4,True,lt_min_leaves,topological,1,0,1,4,after_topology_validation
sample-igg-SC-13::335,sample-igg-SC-13,335,1,True,lt_min_leaves,topological,1,0,1,2,after_topology_validation
sample-igg-SC-13::257,sample-igg-SC-13,257,2,True,lt_min_leaves,topological,1,0,0,2,after_topology_validation
sample-igg-SC-13::54,sample-igg-SC-13,54,3,True,lt_min_leaves,topological,1,0,1,3,after_topology_validation
sample-igg-SC-13::1085,sample-igg-SC-13,1085,1,True,lt_min_leaves,topological,1,0,0,2,after_topology_validation
sample-igg-SC-13::189,sample-igg-SC-13,189,2,True,lt_min_leaves,topological,1,0,0,2,after_topology_validation
sample-igg-SC-13::371,sample-igg-SC-13,371,6,True,lt_min_leaves,topological,1,0,1,4,after_topology_validation
sample-igg-SC-13::114,sample-igg-SC-13,114,11,True,multi_root_no_usable_naive,,2,0,0,5,raw_families
sample-igg-SC-13::1265,sample-igg-SC-13,1265,9,True,lt_min_leaves,topological,1,0,3,5,after_topology_validation
sample-igg-SC-13::5,sample-igg-SC-13,5,10,True,multi_root_no_usable_naive,,2,0,0,7,raw_families
sample-igg-SC-13::554,sample-igg-SC-13,554,4,True,lt_min_leaves,topological,1,0,1,3,after_topology_validation
sample-igg-SC-13::125,sample-igg-SC-13,125,4,True,lt_min_leaves,topological,1,0,0,3,after_topology_validation
sample-igg-SC-13::732,sample-igg-SC-13,732,6,True,lt_min_leaves,topological,1,0,1,4,after_topology_validation
sample-igg-SC-13::564,sample-igg-SC-13,564,1,True,lt_min_leaves,topological,1,0,0,2,after_topology_validation
sample-igg-SC-13::13,sample-igg-SC-13,13,2,True,lt_min_leaves,topological,1,0,0,2,after_topology_validation
sample-igg-W-37::1011,sample-igg-W-37,1011,2,True,lt_min_leaves,topological,1,0,1,2,after_topology_validation
sample-igg-W-37::1268,sample-igg-W-37,1268,1,True,lt_min_leaves,topological,1,0,0,2,after_topology_validation
sample-igg-W-37::1434,sample-igg-W-37,1434,1,True,lt_min_leaves,topological,1,0,1,2,after_topology_validation
sample-igg-W-37::3451,sample-igg-W-37,3451,2,True,lt_min_leaves,topological,1,0,1,3,after_topology_validation
sample-igg-W-37::222,sample-igg-W-37,222,2,True,lt_min_leaves,topological,1,0,1,2,after_topology_validation
sample-igg-W-37::4074,sample-igg-W-37,4074,2,True,lt_min_leaves,topological,1,0,0,2,after_topology_validation
sample-igg-W-37::2410,sample-igg-W-37,2410,2,True,lt_min_leaves,topological,1,0,1,2,after_topology_validation
sample-igg-W-37::213,sample-igg-W-37,213,4,True,lt_min_leaves,topological,1,0,2,3,after_topology_validation
sample-igg-W-37::3045,sample-igg-W-37,3045,4,True,lt_min_leaves,topological,1,0,3,3,after_topology_validation
sample-igg-W-37::348,sample-igg-W-37,348,2,True,lt_min_leaves,topological,1,0,0,2,after_topology_validation
sample-igg-W-37::386,sample-igg-W-37,386,1,True,lt_min_leaves,topological,1,0,1,3,after_topology_validation
sample-igg-W-37::448,sample-igg-W-37,448,2,True,lt_min_leaves,topological,1,0,2,2,after_topology_validation
sample-igg-W-37::3769,sample-igg-W-37,3769,1,True,lt_min_leaves,topological,1,0,0,2,after_topology_validation
sample-igg-W-37::364,sample-igg-W-37,364,2,True,lt_min_leaves,topological,1,0,0,2,after_topology_validation
sample-igg-W-37::584,sample-igg-W-37,584,2,True,lt_min_leaves,topological,1,0,0,2,after_topology_validation
sample-igg-W-37::1477,sample-igg-W-37,1477,2,True,lt_min_leaves,topological,1,0,1,2,after_topology_validation
sample-igg-W-37::1134,sample-igg-W-37,1134,2,True,lt_min_leaves,topological,1,0,1,2,after_topology_validation
sample-igg-W-37::2784,sample-igg-W-37,2784,2,True,lt_min_leaves,topological,1,0,2,2,after_topology_validation
sample-igg-W-37::1296,sample-igg-W-37,1296,2,True,lt_min_leaves,topological,1,0,1,2,after_topology_validation
sample-igg-W-37::135,sample-igg-W-37,135,2,True,lt_min_leaves,topological,1,0,1,2,after_topology_validation
sample-igg-W-37::576,sample-igg-W-37,576,8,False,,topological,1,0,5,4,final_eligible
sample-igg-W-37::1308,sample-igg-W-37,1308,1,True,lt_min_leaves,topological,1,0,1,2,after_topology_validation
sample-igg-W-37::2823,sample-igg-W-37,2823,2,True,lt_min_leaves,topological,1,0,1,2,after_topology_validation
sample-igg-W-37::3738,sample-igg-W-37,3738,2,True,multi_root_no_usable_naive,,2,0,0,5,raw_families
sample-igg-W-37::3734,sample-igg-W-37,3734,2,True,lt_min_leaves,topological,1,0,2,2,after_topology_validation
sample-igg-W-37::1911,sample-igg-W-37,1911,2,True,lt_min_leaves,topological,1,0,1,2,after_topology_validation
sample-igg-W-37::92,sample-igg-W-37,92,2,True,lt_min_leaves,topological,1,0,1,2,after_topology_validation
sample-igg-W-37::3453,sample-igg-W-37,3453,2,True,lt_min_leaves,topological,1,0,1,2,after_topology_validation
sample-igg-W-37::908,sample-igg-W-37,908,2,True,lt_min_leaves,topological,1,0,1,2,after_topology_validation
sample-igg-W-37::87,sample-igg-W-37,87,1,True,lt_min_leaves,topological,1,0,0,2,after_topology_validation
sample-igg-W-37::2361,sample-igg-W-37,2361,2,True,lt_min_leaves,topological,1,0,1,2,after_topology_validation
sample-igg-W-37::4021,sample-igg-W-37,4021,2,True,lt_min_leaves,topological,1,0,2,2,after_topology_validation
sample-igg-W-37::1873,sample-igg-W-37,1873,2,True,lt_min_leaves,topological,1,0,1,2,after_topology_validation
sample-igg-W-37::4241,sample-igg-W-37,4241,2,True,lt_min_leaves,topological,1,0,2,2,after_topology_validation
sample-igg-W-37::209,sample-igg-W-37,209,2,True,lt_min_leaves,topological,1,0,1,2,after_topology_validation
sample-igg-W-37::2814,sample-igg-W-37,2814,4,True,lt_min_leaves,topological,1,0,2,3,after_topology_validation
sample-igg-W-37::328,sample-igg-W-37,328,2,True,lt_min_leaves,topological,1,0,1,2,after_topology_validation
sample-igg-W-37::2786,sample-igg-W-37,2786,4,True,lt_min_leaves,topological,1,0,1,3,after_topology_validation
sample-igg-W-37::2555,sample-igg-W-37,2555,6,False,,topological,1,0,4,4,final_eligible
sample-igg-W-37::1927,sample-igg-W-37,1927,1,True,lt_min_leaves,topological,1,0,1,2,after_topology_validation
sample-igg-W-37::1675,sample-igg-W-37,1675,1,True,lt_min_leaves,topological,1,0,1,2,after_topology_validation
sample-igg-W-37::3708,sample-igg-W-37,3708,4,True,lt_min_leaves,topological,1,0,1,3,after_topology_validation
sample-igg-W-37::3120,sample-igg-W-37,3120,2,True,lt_min_leaves,topological,1,0,2,2,after_topology_validation
sample-igg-W-37::2234,sample-igg-W-37,2234,1,True,lt_min_leaves,topological,1,0,1,2,after_topology_validation
sample-igg-W-37::2587,sample-igg-W-37,2587,2,True,lt_min_leaves,topological,1,0,1,2,after_topology_validation
sample-igg-W-37::3450,sample-igg-W-37,3450,2,True,lt_min_leaves,topological,1,0,1,2,after_topology_validation
sample-igg-W-37::2909,sample-igg-W-37,2909,1,True,lt_min_leaves,topological,1,0,1,2,after_topology_validation
sample-igg-W-37::131,sample-igg-W-37,131,4,True,lt_min_leaves,topological,1,0,3,3,after_topology_validation
sample-igg-W-37::1513,sample-igg-W-37,1513,2,True,lt_min_leaves,topological,1,0,1,2,after_topology_validation
sample-igg-W-37::3343,sample-igg-W-37,3343,1,True,lt_min_leaves,topological,1,0,1,2,after_topology_validation
sample-igg-W-37::2930,sample-igg-W-37,2930,2,True,lt_min_leaves,topological,1,0,2,2,after_topology_validation
sample-igg-W-37::803,sample-igg-W-37,803,2,True,lt_min_leaves,topological,1,0,1,2,after_topology_validation
sample-igg-W-37::3838,sample-igg-W-37,3838,1,True,lt_min_leaves,topological,1,0,1,2,after_topology_validation
sample-igg-W-37::335,sample-igg-W-37,335,1,True,lt_min_leaves,topological,1,0,1,2,after_topology_validation
sample-igg-W-37::1583,sample-igg-W-37,1583,1,True,lt_min_leaves,topological,1,0,0,2,after_topology_validation
sample-igg-W-37::2319,sample-igg-W-37,2319,2,True,lt_min_leaves,topological,1,0,1,2,after_topology_validation
sample-igg-W-37::346,sample-igg-W-37,346,2,True,lt_min_leaves,topological,1,0,1,2,after_topology_validation
sample-igg-W-37::457,sample-igg-W-37,457,2,True,lt_min_leaves,topological,1,0,1,2,after_topology_validation
sample-igg-W-37::1071,sample-igg-W-37,1071,1,True,lt_min_leaves,topological,1,0,1,2,after_topology_validation
sample-igg-W-37::253,sample-igg-W-37,253,2,True,lt_min_leaves,topological,1,0,0,2,after_topology_validation
sample-igg-W-37::373,sample-igg-W-37,373,4,True,lt_min_leaves,topological,1,0,3,3,after_topology_validation
sample-igg-W-37::4134,sample-igg-W-37,4134,2,True,lt_min_leaves,topological,1,0,1,2,after_topology_validation
sample-igg-W-37::3843,sample-igg-W-37,3843,1,True,lt_min_leaves,topological,1,0,1,3,after_topology_validation
sample-igg-W-37::442,sample-igg-W-37,442,2,True,lt_min_leaves,topological,1,0,1,2,after_topology_validation
sample-igg-W-37::285,sample-igg-W-37,285,4,True,lt_min_leaves,topological,1,0,3,3,after_topology_validation
sample-igg-W-37::1288,sample-igg-W-37,1288,2,True,lt_min_leaves,topological,1,0,1,2,after_topology_validation
sample-igg-W-37::1043,sample-igg-W-37,1043,2,True,lt_min_leaves,topological,1,0,1,2,after_topology_validation
sample-igg-W-37::618,sample-igg-W-37,618,4,True,lt_min_leaves,topological,1,0,1,3,after_topology_validation
sample-igg-W-37::887,sample-igg-W-37,887,1,True,lt_min_leaves,topological,1,0,1,2,after_topology_validation
sample-igg-W-37::670,sample-igg-W-37,670,2,True,lt_min_leaves,topological,1,0,0,2,after_topology_validation
sample-igg-W-37::2437,sample-igg-W-37,2437,2,True,lt_min_leaves,topological,1,0,2,2,after_topology_validation
sample-igg-W-37::3031,sample-igg-W-37,3031,1,True,lt_min_leaves,topological,1,0,1,2,after_topology_validation
sample-igg-W-37::1094,sample-igg-W-37,1094,3,True,lt_min_leaves,topological,1,0,1,3,after_topology_validation
sample-igg-W-37::1013,sample-igg-W-37,1013,2,True,lt_min_leaves,topological,1,0,0,2,after_topology_validation
sample-igg-W-37::1993,sample-igg-W-37,1993,1,True,lt_min_leaves,topological,1,0,0,2,after_topology_validation
sample-igg-W-37::1148,sample-igg-W-37,1148,2,True,lt_min_leaves,topological,1,0,2,2,after_topology_validation
sample-igg-W-37::1983,sample-igg-W-37,1983,1,True,lt_min_leaves,topological,1,0,1,2,after_topology_validation
sample-igg-W-37::195,sample-igg-W-37,195,2,True,lt_min_leaves,topological,1,0,1,2,after_topology_validation
sample-igg-W-37::1800,sample-igg-W-37,1800,2,True,lt_min_leaves,topological,1,0,2,2,after_topology_validation
sample-igg-W-37::145,sample-igg-W-37,145,2,True,lt_min_leaves,topological,1,0,2,2,after_topology_validation
sample-igg-W-37::1662,sample-igg-W-37,1662,1,True,lt_min_leaves,topological,1,0,1,2,after_topology_validation
sample-igg-W-37::2545,sample-igg-W-37,2545,1,True,lt_min_leaves,topological,1,0,0,2,after_topology_validation
sample-igg-W-37::591,sample-igg-W-37,591,2,True,lt_min_leaves,topological,1,0,1,2,after_topology_validation
sample-igg-W-37::3550,sample-igg-W-37,3550,1,True,lt_min_leaves,topological,1,0,1,4,after_topology_validation
sample-igg-W-37::3225,sample-igg-W-37,3225,1,True,lt_min_leaves,topological,1,0,0,3,after_topology_validation
sample-igg-W-37::2727,sample-igg-W-37,2727,1,True,lt_min_leaves,topological,1,0,1,2,after_topology_validation
sample-igg-W-37::4301,sample-igg-W-37,4301,1,True,lt_min_leaves,topological,1,0,1,2,after_topology_validation
sample-igg-W-37::4395,sample-igg-W-37,4395,2,True,lt_min_leaves,topological,1,0,1,2,after_topology_validation
sample-igg-W-37::3315,sample-igg-W-37,3315,1,True,lt_min_leaves,topological,1,0,1,2,after_topology_validation
sample-igg-W-37::3739,sample-igg-W-37,3739,2,True,lt_min_leaves,topological,1,0,1,2,after_topology_validation
sample-igg-W-37::4086,sample-igg-W-37,4086,1,True,lt_min_leaves,topological,1,0,1,2,after_topology_validation
sample-igg-W-37::2320,sample-igg-W-37,2320,2,True,lt_min_leaves,topological,1,0,1,2,after_topology_validation
sample-igg-W-37::2036,sample-igg-W-37,2036,1,True,lt_min_leaves,topological,1,0,1,2,after_topology_validation
sample-igg-W-37::4389,sample-igg-W-37,4389,2,True,lt_min_leaves,topological,1,0,1,2,after_topology_validation
sample-igg-W-37::1784,sample-igg-W-37,1784,2,True,lt_min_leaves,topological,1,0,1,2,after_topology_validation
sample-igg-W-37::2730,sample-igg-W-37,2730,1,True,lt_min_leaves,topological,1,0,1,2,after_topology_validation
sample-igg-W-37::1798,sample-igg-W-37,1798,2,True,lt_min_leaves,topological,1,0,1,2,after_topology_validation
sample-igg-W-37::550,sample-igg-W-37,550,2,True,lt_min_leaves,topological,1,0,1,2,after_topology_validation
sample-igg-W-37::1668,sample-igg-W-37,1668,2,True,lt_min_leaves,topological,1,0,1,2,after_topology_validation
sample-igg-W-37::2414,sample-igg-W-37,2414,5,True,lt_min_leaves,topological,1,0,2,4,after_topology_validation
sample-igg-W-37::175,sample-igg-W-37,175,1,True,lt_min_leaves,topological,1,0,1,2,after_topology_validation
sample-igg-W-37::3206,sample-igg-W-37,3206,1,True,lt_min_leaves,topological,1,0,0,2,after_topology_validation
sample-igg-W-37::1902,sample-igg-W-37,1902,2,True,lt_min_leaves,topological,1,0,1,2,after_topology_validation
sample-igg-W-37::2886,sample-igg-W-37,2886,4,True,lt_min_leaves,topological,1,0,2,4,after_topology_validation
sample-igg-W-37::4204,sample-igg-W-37,4204,2,True,lt_min_leaves,topological,1,0,1,2,after_topology_validation
sample-igg-W-37::683,sample-igg-W-37,683,2,True,lt_min_leaves,topological,1,0,2,2,after_topology_validation
sample-igg-W-37::2025,sample-igg-W-37,2025,1,True,lt_min_leaves,topological,1,0,1,3,after_topology_validation
sample-igg-W-37::736,sample-igg-W-37,736,1,True,lt_min_leaves,topological,1,0,1,2,after_topology_validation
sample-igg-W-37::3975,sample-igg-W-37,3975,1,True,lt_min_leaves,topological,1,0,1,2,after_topology_validation
sample-igg-W-37::4262,sample-igg-W-37,4262,2,True,lt_min_leaves,topological,1,0,1,2,after_topology_validation
sample-igg-W-37::1880,sample-igg-W-37,1880,2,True,lt_min_leaves,topological,1,0,2,2,after_topology_validation
sample-igg-W-37::4289,sample-igg-W-37,4289,3,True,lt_min_leaves,topological,1,0,2,3,after_topology_validation
sample-igg-W-37::1462,sample-igg-W-37,1462,2,True,lt_min_leaves,topological,1,0,2,2,after_topology_validation
sample-igg-W-37::3280,sample-igg-W-37,3280,2,True,lt_min_leaves,topological,1,0,1,2,after_topology_validation
sample-igg-W-37::183,sample-igg-W-37,183,2,True,lt_min_leaves,topological,1,0,2,2,after_topology_validation
sample-igg-W-37::366,sample-igg-W-37,366,2,True,lt_min_leaves,topological,1,0,2,2,after_topology_validation
sample-igg-W-37::984,sample-igg-W-37,984,2,True,lt_min_leaves,topological,1,0,1,2,after_topology_validation
sample-igg-W-37::2920,sample-igg-W-37,2920,2,True,lt_min_leaves,topological,1,0,1,2,after_topology_validation
sample-igg-W-37::1102,sample-igg-W-37,1102,1,True,lt_min_leaves,topological,1,0,1,2,after_topology_validation
sample-igg-W-37::206,sample-igg-W-37,206,2,True,lt_min_leaves,topological,1,0,0,2,after_topology_validation
sample-igg-W-37::3733,sample-igg-W-37,3733,1,True,lt_min_leaves,topological,1,0,1,2,after_topology_validation
sample-igg-W-37::2870,sample-igg-W-37,2870,1,True,lt_min_leaves,topological,1,0,1,2,after_topology_validation
sample-igg-W-37::669,sample-igg-W-37,669,2,True,lt_min_leaves,topological,1,0,1,2,after_topology_validation
sample-igg-W-37::2471,sample-igg-W-37,2471,6,False,,topological,1,0,4,4,final_eligible
sample-igg-W-37::4175,sample-igg-W-37,4175,2,True,lt_min_leaves,topological,1,0,1,2,after_topology_validation
sample-igg-W-37::2772,sample-igg-W-37,2772,1,True,lt_min_leaves,topological,1,0,1,2,after_topology_validation
sample-igg-W-37::1499,sample-igg-W-37,1499,1,True,lt_min_leaves,topological,1,0,1,2,after_topology_validation
sample-igg-W-37::3203,sample-igg-W-37,3203,2,True,lt_min_leaves,topological,1,0,2,2,after_topology_validation
sample-igg-W-37::766,sample-igg-W-37,766,1,True,lt_min_leaves,topological,1,0,0,4,after_topology_validation
sample-igg-W-37::1113,sample-igg-W-37,1113,4,True,lt_min_leaves,topological,1,0,2,3,after_topology_validation
sample-igg-W-37::846,sample-igg-W-37,846,2,True,lt_min_leaves,topological,1,0,2,2,after_topology_validation
sample-igg-W-37::3376,sample-igg-W-37,3376,1,True,lt_min_leaves,topological,1,0,1,2,after_topology_validation
sample-igg-W-37::1886,sample-igg-W-37,1886,1,True,lt_min_leaves,topological,1,0,1,2,after_topology_validation
sample-igg-W-37::3187,sample-igg-W-37,3187,1,True,lt_min_leaves,topological,1,0,1,3,after_topology_validation
sample-igg-W-37::1829,sample-igg-W-37,1829,3,True,lt_min_leaves,topological,1,0,1,3,after_topology_validation
sample-igg-W-37::132,sample-igg-W-37,132,1,True,lt_min_leaves,topological,1,0,1,2,after_topology_validation
sample-igg-W-37::384,sample-igg-W-37,384,4,True,lt_min_leaves,topological,1,0,2,3,after_topology_validation
sample-igg-W-37::810,sample-igg-W-37,810,1,True,lt_min_leaves,topological,1,0,0,2,after_topology_validation
sample-igg-W-37::240,sample-igg-W-37,240,3,True,multi_root_no_usable_naive,,2,0,0,3,raw_families
sample-igg-W-37::3447,sample-igg-W-37,3447,3,True,lt_min_leaves,topological,1,0,2,3,after_topology_validation
sample-igg-W-37::653,sample-igg-W-37,653,1,True,lt_min_leaves,topological,1,0,0,2,after_topology_validation
sample-igg-W-37::2448,sample-igg-W-37,2448,2,True,lt_min_leaves,topological,1,0,2,2,after_topology_validation
sample-igg-W-37::3353,sample-igg-W-37,3353,2,True,lt_min_leaves,topological,1,0,1,3,after_topology_validation
sample-igg-W-37::898,sample-igg-W-37,898,4,True,lt_min_leaves,topological,1,0,1,3,after_topology_validation
sample-igg-W-37::204,sample-igg-W-37,204,5,True,lt_min_leaves,topological,1,0,3,3,after_topology_validation
sample-igg-W-37::352,sample-igg-W-37,352,2,True,lt_min_leaves,topological,1,0,1,2,after_topology_validation
sample-igg-W-37::63,sample-igg-W-37,63,2,True,lt_min_leaves,topological,1,0,0,2,after_topology_validation
sample-igg-W-37::3250,sample-igg-W-37,3250,2,True,lt_min_leaves,topological,1,0,0,2,after_topology_validation
sample-igg-W-37::3027,sample-igg-W-37,3027,1,True,lt_min_leaves,topological,1,0,1,2,after_topology_validation
sample-igg-W-37::631,sample-igg-W-37,631,1,True,lt_min_leaves,topological,1,0,1,2,after_topology_validation
sample-igg-W-37::928,sample-igg-W-37,928,2,True,lt_min_leaves,topological,1,0,1,2,after_topology_validation
sample-igg-W-37::990,sample-igg-W-37,990,2,True,lt_min_leaves,topological,1,0,1,2,after_topology_validation
sample-igg-W-37::2818,sample-igg-W-37,2818,3,True,lt_min_leaves,topological,1,0,2,3,after_topology_validation
sample-igg-W-37::74,sample-igg-W-37,74,2,True,lt_min_leaves,topological,1,0,1,2,after_topology_validation
sample-igg-W-37::1868,sample-igg-W-37,1868,2,True,lt_min_leaves,topological,1,0,1,2,after_topology_validation
sample-igg-W-37::1954,sample-igg-W-37,1954,2,True,lt_min_leaves,topological,1,0,0,2,after_topology_validation
sample-igg-W-37::3563,sample-igg-W-37,3563,2,True,lt_min_leaves,topological,1,0,1,2,after_topology_validation
sample-igg-W-37::2048,sample-igg-W-37,2048,2,True,lt_min_leaves,topological,1,0,1,2,after_topology_validation
sample-igg-W-37::1314,sample-igg-W-37,1314,1,True,lt_min_leaves,topological,1,0,1,2,after_topology_validation
sample-igg-W-37::3973,sample-igg-W-37,3973,1,True,lt_min_leaves,topological,1,0,0,2,after_topology_validation
sample-igg-W-37::3798,sample-igg-W-37,3798,3,True,lt_min_leaves,topological,1,0,2,3,after_topology_validation
sample-igg-W-37::3677,sample-igg-W-37,3677,1,True,lt_min_leaves,topological,1,0,1,2,after_topology_validation
sample-igg-W-37::3359,sample-igg-W-37,3359,2,True,lt_min_leaves,topological,1,0,1,2,after_topology_validation
sample-igg-W-37::270,sample-igg-W-37,270,2,True,lt_min_leaves,topological,1,0,1,2,after_topology_validation
sample-igg-W-37::2238,sample-igg-W-37,2238,1,True,lt_min_leaves,topological,1,0,1,2,after_topology_validation
sample-igg-W-37::1948,sample-igg-W-37,1948,1,True,lt_min_leaves,topological,1,0,1,2,after_topology_validation
sample-igg-W-37::1531,sample-igg-W-37,1531,2,True,lt_min_leaves,topological,1,0,1,2,after_topology_validation
sample-igg-W-37::4325,sample-igg-W-37,4325,1,True,lt_min_leaves,topological,1,0,1,2,after_topology_validation
sample-igg-W-37::2012,sample-igg-W-37,2012,2,True,lt_min_leaves,topological,1,0,0,2,after_topology_validation
sample-igg-W-37::4353,sample-igg-W-37,4353,2,True,lt_min_leaves,topological,1,0,1,2,after_topology_validation
sample-igg-W-37::3963,sample-igg-W-37,3963,2,True,lt_min_leaves,topological,1,0,0,2,after_topology_validation
sample-igg-W-37::994,sample-igg-W-37,994,1,True,lt_min_leaves,topological,1,0,1,2,after_topology_validation
sample-igg-W-37::3965,sample-igg-W-37,3965,2,True,lt_min_leaves,topological,1,0,1,2,after_topology_validation
sample-igg-W-37::2875,sample-igg-W-37,2875,1,True,lt_min_leaves,topological,1,0,1,2,after_topology_validation
sample-igg-W-37::1143,sample-igg-W-37,1143,2,True,lt_min_leaves,topological,1,0,2,2,after_topology_validation
sample-igg-W-37::1864,sample-igg-W-37,1864,2,True,lt_min_leaves,topological,1,0,2,2,after_topology_validation
sample-igg-W-37::207,sample-igg-W-37,207,1,True,lt_min_leaves,topological,1,0,1,2,after_topology_validation
sample-igg-W-37::931,sample-igg-W-37,931,2,True,lt_min_leaves,topological,1,0,1,2,after_topology_validation
sample-igg-W-37::1248,sample-igg-W-37,1248,2,True,lt_min_leaves,topological,1,0,2,2,after_topology_validation
sample-igg-W-37::1480,sample-igg-W-37,1480,2,True,lt_min_leaves,topological,1,0,2,2,after_topology_validation
sample-igg-W-37::2131,sample-igg-W-37,2131,1,True,lt_min_leaves,topological,1,0,1,2,after_topology_validation
sample-igg-W-37::3731,sample-igg-W-37,3731,2,True,lt_min_leaves,topological,1,0,1,2,after_topology_validation
sample-igg-W-37::1937,sample-igg-W-37,1937,2,True,lt_min_leaves,topological,1,0,1,2,after_topology_validation
sample-igg-W-37::2028,sample-igg-W-37,2028,2,True,lt_min_leaves,topological,1,0,2,2,after_topology_validation
sample-igg-W-37::1066,sample-igg-W-37,1066,2,True,lt_min_leaves,topological,1,0,1,2,after_topology_validation
sample-igg-W-37::190,sample-igg-W-37,190,2,True,lt_min_leaves,topological,1,0,2,2,after_topology_validation
sample-igg-W-37::3196,sample-igg-W-37,3196,3,True,lt_min_leaves,topological,1,0,2,3,after_topology_validation
sample-igg-W-37::461,sample-igg-W-37,461,3,True,lt_min_leaves,topological,1,0,2,3,after_topology_validation
sample-igg-W-37::1356,sample-igg-W-37,1356,1,True,lt_min_leaves,topological,1,0,1,2,after_topology_validation
sample-igg-W-37::2220,sample-igg-W-37,2220,2,True,lt_min_leaves,topological,1,0,0,2,after_topology_validation
sample-igg-W-37::2847,sample-igg-W-37,2847,1,True,lt_min_leaves,topological,1,0,1,2,after_topology_validation
sample-igg-W-37::3508,sample-igg-W-37,3508,1,True,lt_min_leaves,topological,1,0,1,2,after_topology_validation
sample-igg-W-37::940,sample-igg-W-37,940,1,True,lt_min_leaves,topological,1,0,1,2,after_topology_validation
sample-igg-W-37::3505,sample-igg-W-37,3505,1,True,lt_min_leaves,topological,1,0,1,2,after_topology_validation
sample-igg-W-37::478,sample-igg-W-37,478,2,True,lt_min_leaves,topological,1,0,2,2,after_topology_validation
sample-igg-W-37::971,sample-igg-W-37,971,2,True,lt_min_leaves,topological,1,0,0,2,after_topology_validation
sample-igg-W-37::329,sample-igg-W-37,329,2,True,lt_min_leaves,topological,1,0,1,2,after_topology_validation
sample-igg-W-37::322,sample-igg-W-37,322,2,True,lt_min_leaves,topological,1,0,1,2,after_topology_validation
sample-igg-W-37::2510,sample-igg-W-37,2510,1,True,lt_min_leaves,topological,1,0,0,2,after_topology_validation
sample-igg-W-37::2470,sample-igg-W-37,2470,2,True,lt_min_leaves,topological,1,0,1,2,after_topology_validation
sample-igg-W-37::796,sample-igg-W-37,796,2,True,lt_min_leaves,topological,1,0,2,2,after_topology_validation
sample-igg-W-37::2787,sample-igg-W-37,2787,2,True,lt_min_leaves,topological,1,0,2,2,after_topology_validation
sample-igg-W-37::885,sample-igg-W-37,885,3,True,lt_min_leaves,topological,1,0,1,3,after_topology_validation
sample-igg-W-37::4018,sample-igg-W-37,4018,3,True,lt_min_leaves,topological,1,0,2,3,after_topology_validation
sample-igg-W-37::1458,sample-igg-W-37,1458,2,True,lt_min_leaves,topological,1,0,1,2,after_topology_validation
sample-igg-W-37::2231,sample-igg-W-37,2231,1,True,lt_min_leaves,topological,1,0,1,2,after_topology_validation
sample-igg-W-37::161,sample-igg-W-37,161,2,True,lt_min_leaves,topological,1,0,1,2,after_topology_validation
sample-igg-W-37::1530,sample-igg-W-37,1530,2,True,lt_min_leaves,topological,1,0,1,2,after_topology_validation
sample-igg-W-37::2548,sample-igg-W-37,2548,2,True,lt_min_leaves,topological,1,0,1,2,after_topology_validation
sample-igg-W-37::1329,sample-igg-W-37,1329,2,True,lt_min_leaves,topological,1,0,1,2,after_topology_validation
sample-igg-W-37::1522,sample-igg-W-37,1522,1,True,lt_min_leaves,topological,1,0,0,2,after_topology_validation
sample-igg-W-37::2447,sample-igg-W-37,2447,2,True,lt_min_leaves,topological,1,0,2,2,after_topology_validation
sample-igg-W-37::1811,sample-igg-W-37,1811,2,True,lt_min_leaves,topological,1,0,2,2,after_topology_validation
sample-igg-W-37::3296,sample-igg-W-37,3296,1,True,lt_min_leaves,topological,1,0,1,2,after_topology_validation
sample-igg-W-37::137,sample-igg-W-37,137,4,True,lt_min_leaves,topological,1,0,1,3,after_topology_validation
sample-igg-W-37::847,sample-igg-W-37,847,1,True,lt_min_leaves,topological,1,0,1,2,after_topology_validation
sample-igg-W-37::2682,sample-igg-W-37,2682,2,True,lt_min_leaves,topological,1,0,2,2,after_topology_validation
sample-igg-W-37::2687,sample-igg-W-37,2687,2,True,lt_min_leaves,topological,1,0,1,2,after_topology_validation
sample-igg-W-37::472,sample-igg-W-37,472,2,True,lt_min_leaves,topological,1,0,1,2,after_topology_validation
sample-igg-W-37::884,sample-igg-W-37,884,1,True,lt_min_leaves,topological,1,0,0,2,after_topology_validation
sample-igg-W-37::725,sample-igg-W-37,725,2,True,lt_min_leaves,topological,1,0,1,2,after_topology_validation
sample-igg-W-37::3699,sample-igg-W-37,3699,2,True,lt_min_leaves,topological,1,0,0,2,after_topology_validation
sample-igg-W-37::307,sample-igg-W-37,307,4,True,lt_min_leaves,topological,1,0,3,3,after_topology_validation
sample-igg-W-37::3128,sample-igg-W-37,3128,2,True,lt_min_leaves,topological,1,0,2,2,after_topology_validation
sample-igg-W-37::1117,sample-igg-W-37,1117,2,True,lt_min_leaves,topological,1,0,1,2,after_topology_validation
sample-igg-W-37::3302,sample-igg-W-37,3302,4,True,lt_min_leaves,topological,1,0,1,3,after_topology_validation
sample-igg-W-37::1855,sample-igg-W-37,1855,1,True,lt_min_leaves,topological,1,0,1,2,after_topology_validation
sample-igg-W-37::1532,sample-igg-W-37,1532,2,True,lt_min_leaves,topological,1,0,2,2,after_topology_validation
sample-igg-W-37::3150,sample-igg-W-37,3150,2,True,lt_min_leaves,topological,1,0,1,2,after_topology_validation
sample-igg-W-37::3342,sample-igg-W-37,3342,2,True,lt_min_leaves,topological,1,0,0,2,after_topology_validation
sample-igg-W-37::1136,sample-igg-W-37,1136,1,True,lt_min_leaves,topological,1,0,1,2,after_topology_validation
sample-igg-W-37::449,sample-igg-W-37,449,2,True,lt_min_leaves,topological,1,0,1,2,after_topology_validation
sample-igg-W-37::4330,sample-igg-W-37,4330,1,True,lt_min_leaves,topological,1,0,1,2,after_topology_validation
sample-igg-W-37::390,sample-igg-W-37,390,2,True,lt_min_leaves,topological,1,0,0,2,after_topology_validation
sample-igg-W-37::675,sample-igg-W-37,675,1,True,lt_min_leaves,topological,1,0,1,2,after_topology_validation
sample-igg-W-37::2638,sample-igg-W-37,2638,1,True,lt_min_leaves,topological,1,0,1,2,after_topology_validation
sample-igg-W-37::1569,sample-igg-W-37,1569,1,True,lt_min_leaves,topological,1,0,0,2,after_topology_validation
sample-igg-W-37::72,sample-igg-W-37,72,2,True,lt_min_leaves,topological,1,0,1,2,after_topology_validation
sample-igg-W-37::1664,sample-igg-W-37,1664,2,True,lt_min_leaves,topological,1,0,1,3,after_topology_validation
sample-igg-W-37::1576,sample-igg-W-37,1576,1,True,lt_min_leaves,topological,1,0,1,2,after_topology_validation
sample-igg-W-37::4153,sample-igg-W-37,4153,2,True,lt_min_leaves,topological,1,0,1,2,after_topology_validation
sample-igg-W-37::1589,sample-igg-W-37,1589,2,True,lt_min_leaves,topological,1,0,1,2,after_topology_validation
sample-igg-W-37::2273,sample-igg-W-37,2273,2,True,lt_min_leaves,topological,1,0,2,2,after_topology_validation
sample-igg-W-37::4316,sample-igg-W-37,4316,1,True,lt_min_leaves,topological,1,0,1,2,after_topology_validation
sample-igg-W-37::654,sample-igg-W-37,654,2,True,lt_min_leaves,topological,1,0,1,2,after_topology_validation
sample-igg-W-37::1502,sample-igg-W-37,1502,1,True,lt_min_leaves,topological,1,0,1,2,after_topology_validation
sample-igg-W-37::3374,sample-igg-W-37,3374,1,True,lt_min_leaves,topological,1,0,1,2,after_topology_validation
sample-igg-W-37::2978,sample-igg-W-37,2978,1,True,lt_min_leaves,topological,1,0,1,2,after_topology_validation
sample-igg-W-37::1582,sample-igg-W-37,1582,2,True,lt_min_leaves,topological,1,0,0,2,after_topology_validation
sample-igg-W-37::531,sample-igg-W-37,531,1,True,lt_min_leaves,topological,1,0,0,2,after_topology_validation
sample-igg-W-37::955,sample-igg-W-37,955,1,True,lt_min_leaves,topological,1,0,1,2,after_topology_validation
sample-igg-W-37::256,sample-igg-W-37,256,2,True,lt_min_leaves,topological,1,0,2,2,after_topology_validation
sample-igg-W-37::3458,sample-igg-W-37,3458,1,True,lt_min_leaves,topological,1,0,0,2,after_topology_validation
sample-igg-W-37::2364,sample-igg-W-37,2364,1,True,lt_min_leaves,topological,1,0,1,2,after_topology_validation
sample-igg-W-37::4399,sample-igg-W-37,4399,1,True,lt_min_leaves,topological,1,0,1,2,after_topology_validation
sample-igg-W-37::1932,sample-igg-W-37,1932,4,True,lt_min_leaves,topological,1,0,2,3,after_topology_validation
sample-igg-W-37::1460,sample-igg-W-37,1460,2,True,lt_min_leaves,topological,1,0,2,2,after_topology_validation
sample-igg-W-37::2398,sample-igg-W-37,2398,2,True,multi_root_no_usable_naive,,2,0,0,3,raw_families
sample-igg-W-37::956,sample-igg-W-37,956,1,True,lt_min_leaves,topological,1,0,1,2,after_topology_validation
sample-igg-W-37::2805,sample-igg-W-37,2805,1,True,lt_min_leaves,topological,1,0,1,2,after_topology_validation
sample-igg-W-37::2947,sample-igg-W-37,2947,2,True,lt_min_leaves,topological,1,0,1,2,after_topology_validation
sample-igg-W-37::150,sample-igg-W-37,150,2,True,lt_min_leaves,topological,1,0,0,2,after_topology_validation
sample-igg-W-37::3406,sample-igg-W-37,3406,1,True,lt_min_leaves,topological,1,0,1,2,after_topology_validation
sample-igg-W-37::3466,sample-igg-W-37,3466,5,True,lt_min_leaves,topological,1,0,3,3,after_topology_validation
sample-igg-W-37::1064,sample-igg-W-37,1064,1,True,lt_min_leaves,topological,1,0,1,2,after_topology_validation
sample-igg-W-37::2294,sample-igg-W-37,2294,2,True,lt_min_leaves,topological,1,0,2,2,after_topology_validation
sample-igg-W-37::1819,sample-igg-W-37,1819,1,True,lt_min_leaves,topological,1,0,0,2,after_topology_validation
sample-igg-W-37::3263,sample-igg-W-37,3263,2,True,lt_min_leaves,topological,1,0,1,2,after_topology_validation
sample-igg-W-37::3493,sample-igg-W-37,3493,2,True,lt_min_leaves,topological,1,0,0,2,after_topology_validation
sample-igg-W-37::2563,sample-igg-W-37,2563,6,False,,topological,1,0,4,4,final_eligible
sample-igg-W-37::1395,sample-igg-W-37,1395,1,True,lt_min_leaves,topological,1,0,1,2,after_topology_validation
sample-igg-W-37::551,sample-igg-W-37,551,4,True,lt_min_leaves,topological,1,0,2,3,after_topology_validation
sample-igg-W-37::3170,sample-igg-W-37,3170,2,True,lt_min_leaves,topological,1,0,2,2,after_topology_validation
sample-igg-W-37::440,sample-igg-W-37,440,1,True,lt_min_leaves,topological,1,0,1,2,after_topology_validation
sample-igg-W-37::4170,sample-igg-W-37,4170,2,True,lt_min_leaves,topological,1,0,1,2,after_topology_validation
sample-igg-W-37::2593,sample-igg-W-37,2593,1,True,lt_min_leaves,topological,1,0,1,2,after_topology_validation
sample-igg-W-37::3210,sample-igg-W-37,3210,1,True,lt_min_leaves,topological,1,0,1,2,after_topology_validation
sample-igg-W-37::3253,sample-igg-W-37,3253,1,True,lt_min_leaves,topological,1,0,0,2,after_topology_validation
sample-igg-W-37::308,sample-igg-W-37,308,2,True,lt_min_leaves,topological,1,0,1,2,after_topology_validation
sample-igg-W-37::2537,sample-igg-W-37,2537,1,True,lt_min_leaves,topological,1,0,1,2,after_topology_validation
sample-igg-W-37::3154,sample-igg-W-37,3154,2,True,lt_min_leaves,topological,1,0,1,2,after_topology_validation
sample-igg-W-37::288,sample-igg-W-37,288,1,True,lt_min_leaves,topological,1,0,1,2,after_topology_validation
sample-igg-W-37::1052,sample-igg-W-37,1052,3,True,lt_min_leaves,topological,1,0,1,3,after_topology_validation
sample-igg-W-37::2854,sample-igg-W-37,2854,1,True,lt_min_leaves,topological,1,0,0,2,after_topology_validation
sample-igg-W-37::660,sample-igg-W-37,660,3,True,lt_min_leaves,topological,1,0,2,3,after_topology_validation
sample-igg-W-37::2330,sample-igg-W-37,2330,2,True,lt_min_leaves,topological,1,0,1,2,after_topology_validation
sample-igg-W-37::1492,sample-igg-W-37,1492,2,True,lt_min_leaves,topological,1,0,1,2,after_topology_validation
sample-igg-W-37::3523,sample-igg-W-37,3523,2,True,lt_min_leaves,topological,1,0,1,2,after_topology_validation
sample-igg-W-37::1229,sample-igg-W-37,1229,2,True,lt_min_leaves,topological,1,0,1,2,after_topology_validation
sample-igg-W-37::2801,sample-igg-W-37,2801,1,True,lt_min_leaves,topological,1,0,0,2,after_topology_validation
sample-igg-W-37::2122,sample-igg-W-37,2122,1,True,lt_min_leaves,topological,1,0,1,2,after_topology_validation
sample-igg-W-37::1535,sample-igg-W-37,1535,2,True,lt_min_leaves,topological,1,0,2,2,after_topology_validation
sample-igg-W-37::3561,sample-igg-W-37,3561,2,True,lt_min_leaves,topological,1,0,1,2,after_topology_validation
sample-igg-W-37::2224,sample-igg-W-37,2224,1,True,lt_min_leaves,topological,1,0,1,2,after_topology_validation
sample-igg-W-37::3019,sample-igg-W-37,3019,1,True,lt_min_leaves,topological,1,0,1,2,after_topology_validation
sample-igg-W-37::3597,sample-igg-W-37,3597,2,True,lt_min_leaves,topological,1,0,2,2,after_topology_validation
sample-igg-W-37::965,sample-igg-W-37,965,4,True,lt_min_leaves,topological,1,0,2,3,after_topology_validation
sample-igg-W-37::4386,sample-igg-W-37,4386,1,True,lt_min_leaves,topological,1,0,1,2,after_topology_validation
sample-igg-W-37::1289,sample-igg-W-37,1289,4,True,lt_min_leaves,topological,1,0,2,3,after_topology_validation
sample-igg-W-37::930,sample-igg-W-37,930,3,True,lt_min_leaves,topological,1,0,2,3,after_topology_validation
sample-igg-W-37::3204,sample-igg-W-37,3204,1,True,lt_min_leaves,topological,1,0,1,2,after_topology_validation
sample-igg-W-37::2031,sample-igg-W-37,2031,2,True,lt_min_leaves,topological,1,0,1,2,after_topology_validation
sample-igg-W-37::186,sample-igg-W-37,186,2,True,lt_min_leaves,topological,1,0,2,2,after_topology_validation
sample-igg-W-37::2072,sample-igg-W-37,2072,1,True,lt_min_leaves,topological,1,0,1,2,after_topology_validation
sample-igg-W-37::385,sample-igg-W-37,385,1,True,lt_min_leaves,topological,1,0,1,2,after_topology_validation
sample-igg-W-37::2266,sample-igg-W-37,2266,2,True,lt_min_leaves,topological,1,0,1,2,after_topology_validation
sample-igg-W-37::2800,sample-igg-W-37,2800,2,True,lt_min_leaves,topological,1,0,1,2,after_topology_validation
sample-igg-W-37::3781,sample-igg-W-37,3781,1,True,lt_min_leaves,topological,1,0,1,2,after_topology_validation
sample-igg-W-37::1595,sample-igg-W-37,1595,3,True,lt_min_leaves,topological,1,0,2,3,after_topology_validation
sample-igg-W-37::17,sample-igg-W-37,17,2,True,lt_min_leaves,topological,1,0,0,4,after_topology_validation
sample-igg-W-37::3145,sample-igg-W-37,3145,2,True,lt_min_leaves,topological,1,0,0,2,after_topology_validation
sample-igg-W-37::2714,sample-igg-W-37,2714,3,True,lt_min_leaves,topological,1,0,1,3,after_topology_validation
sample-igg-W-37::3582,sample-igg-W-37,3582,1,True,lt_min_leaves,topological,1,0,1,2,after_topology_validation
sample-igg-W-37::1037,sample-igg-W-37,1037,4,True,lt_min_leaves,topological,1,0,3,3,after_topology_validation
sample-igg-W-37::560,sample-igg-W-37,560,2,True,lt_min_leaves,topological,1,0,0,2,after_topology_validation
sample-igg-W-37::404,sample-igg-W-37,404,2,True,lt_min_leaves,topological,1,0,0,2,after_topology_validation
sample-igg-W-37::375,sample-igg-W-37,375,1,True,lt_min_leaves,topological,1,0,1,2,after_topology_validation
sample-igg-W-37::583,sample-igg-W-37,583,2,True,lt_min_leaves,topological,1,0,1,2,after_topology_validation
sample-igg-W-37::3857,sample-igg-W-37,3857,2,True,lt_min_leaves,topological,1,0,1,2,after_topology_validation
sample-igg-W-37::1557,sample-igg-W-37,1557,2,True,lt_min_leaves,topological,1,0,2,2,after_topology_validation
sample-igg-W-37::3594,sample-igg-W-37,3594,3,True,lt_min_leaves,topological,1,0,1,3,after_topology_validation
sample-igg-W-37::2328,sample-igg-W-37,2328,1,True,lt_min_leaves,topological,1,0,0,2,after_topology_validation
sample-igg-W-37::4396,sample-igg-W-37,4396,2,True,lt_min_leaves,topological,1,0,2,2,after_topology_validation
sample-igg-W-37::3840,sample-igg-W-37,3840,2,True,lt_min_leaves,topological,1,0,1,2,after_topology_validation
sample-igg-W-37::2934,sample-igg-W-37,2934,1,True,lt_min_leaves,topological,1,0,1,2,after_topology_validation
sample-igg-W-37::1090,sample-igg-W-37,1090,1,True,lt_min_leaves,topological,1,0,0,2,after_topology_validation
sample-igg-W-37::2691,sample-igg-W-37,2691,2,True,lt_min_leaves,topological,1,0,1,2,after_topology_validation
sample-igg-W-37::1271,sample-igg-W-37,1271,1,True,lt_min_leaves,topological,1,0,0,2,after_topology_validation
sample-igg-W-37::3768,sample-igg-W-37,3768,1,True,lt_min_leaves,topological,1,0,1,2,after_topology_validation
sample-igg-W-37::1963,sample-igg-W-37,1963,2,True,lt_min_leaves,topological,1,0,2,2,after_topology_validation
sample-igg-W-37::81,sample-igg-W-37,81,3,True,lt_min_leaves,topological,1,0,2,3,after_topology_validation
sample-igg-W-37::793,sample-igg-W-37,793,2,True,lt_min_leaves,topological,1,0,1,2,after_topology_validation
sample-igg-W-37::3165,sample-igg-W-37,3165,2,True,lt_min_leaves,topological,1,0,1,2,after_topology_validation
sample-igg-W-37::3109,sample-igg-W-37,3109,2,True,lt_min_leaves,topological,1,0,1,2,after_topology_validation
sample-igg-W-37::1926,sample-igg-W-37,1926,2,True,lt_min_leaves,topological,1,0,0,2,after_topology_validation
sample-igg-W-37::3958,sample-igg-W-37,3958,1,True,lt_min_leaves,topological,1,0,1,2,after_topology_validation
sample-igg-W-37::973,sample-igg-W-37,973,2,True,lt_min_leaves,topological,1,0,2,2,after_topology_validation
sample-igg-W-37::2774,sample-igg-W-37,2774,4,True,lt_min_leaves,topological,1,0,2,3,after_topology_validation
sample-igg-W-37::581,sample-igg-W-37,581,1,True,lt_min_leaves,topological,1,0,1,2,after_topology_validation
sample-igg-W-37::2898,sample-igg-W-37,2898,4,True,lt_min_leaves,topological,1,0,3,3,after_topology_validation
sample-igg-W-37::1716,sample-igg-W-37,1716,1,True,lt_min_leaves,topological,1,0,1,2,after_topology_validation
sample-igg-W-37::1503,sample-igg-W-37,1503,2,True,multi_root_no_usable_naive,,2,0,0,3,raw_families
sample-igg-W-37::417,sample-igg-W-37,417,2,True,lt_min_leaves,topological,1,0,1,2,after_topology_validation
sample-igg-W-37::3178,sample-igg-W-37,3178,2,True,lt_min_leaves,topological,1,0,1,2,after_topology_validation
sample-igg-W-37::2821,sample-igg-W-37,2821,2,True,lt_min_leaves,topological,1,0,2,2,after_topology_validation
sample-igg-W-37::2897,sample-igg-W-37,2897,1,True,lt_min_leaves,topological,1,0,1,2,after_topology_validation
sample-igg-W-37::319,sample-igg-W-37,319,2,True,lt_min_leaves,topological,1,0,0,2,after_topology_validation
sample-igg-W-37::4022,sample-igg-W-37,4022,2,True,lt_min_leaves,topological,1,0,0,2,after_topology_validation
sample-igg-W-37::1791,sample-igg-W-37,1791,2,True,lt_min_leaves,topological,1,0,0,2,after_topology_validation
sample-igg-W-37::3701,sample-igg-W-37,3701,12,False,,topological,1,0,4,7,final_eligible
sample-igg-W-37::1370,sample-igg-W-37,1370,8,False,,topological,1,0,4,5,final_eligible
sample-igg-W-37::2356,sample-igg-W-37,2356,2,True,lt_min_leaves,topological,1,0,0,2,after_topology_validation
sample-igg-W-37::1406,sample-igg-W-37,1406,2,True,lt_min_leaves,topological,1,0,1,3,after_topology_validation
sample-igg-W-37::395,sample-igg-W-37,395,1,True,lt_min_leaves,topological,1,0,1,2,after_topology_validation
sample-igg-W-37::3994,sample-igg-W-37,3994,12,True,multi_root_no_usable_naive,,2,0,0,7,raw_families
sample-igg-W-37::3300,sample-igg-W-37,3300,1,True,lt_min_leaves,topological,1,0,1,2,after_topology_validation
sample-igg-W-37::4309,sample-igg-W-37,4309,6,True,lt_min_leaves,topological,1,0,0,4,after_topology_validation
sample-igg-W-37::2644,sample-igg-W-37,2644,3,True,lt_min_leaves,topological,1,0,0,3,after_topology_validation
sample-igg-W-37::1795,sample-igg-W-37,1795,2,True,lt_min_leaves,topological,1,0,1,2,after_topology_validation
sample-igg-W-37::2840,sample-igg-W-37,2840,1,True,lt_min_leaves,topological,1,0,0,2,after_topology_validation
sample-igg-W-37::2369,sample-igg-W-37,2369,8,True,lt_min_leaves,topological,1,0,1,5,after_topology_validation
sample-igg-W-37::4193,sample-igg-W-37,4193,1,True,lt_min_leaves,topological,1,0,1,2,after_topology_validation
sample-igg-W-37::567,sample-igg-W-37,567,8,True,lt_min_leaves,topological,1,0,3,5,after_topology_validation
sample-igg-W-37::4346,sample-igg-W-37,4346,1,True,lt_min_leaves,topological,1,0,1,2,after_topology_validation
sample-igg-W-37::3327,sample-igg-W-37,3327,6,True,lt_min_leaves,topological,1,0,2,5,after_topology_validation
sample-igg-W-37::1363,sample-igg-W-37,1363,8,True,lt_min_leaves,topological,1,0,2,4,after_topology_validation
sample-igg-W-37::974,sample-igg-W-37,974,4,True,lt_min_leaves,topological,1,0,1,3,after_topology_validation
sample-igg-W-37::1909,sample-igg-W-37,1909,2,True,lt_min_leaves,topological,1,0,1,2,after_topology_validation
sample-igg-W-37::2656,sample-igg-W-37,2656,3,True,lt_min_leaves,topological,1,0,0,3,after_topology_validation
sample-igg-W-37::3125,sample-igg-W-37,3125,22,True,multi_root_no_usable_naive,,3,0,0,16,raw_families
sample-igg-W-37::3119,sample-igg-W-37,3119,3,True,lt_min_leaves,topological,1,0,1,3,after_topology_validation
sample-igg-W-37::3941,sample-igg-W-37,3941,4,True,lt_min_leaves,topological,1,0,0,3,after_topology_validation
sample-igg-W-37::3702,sample-igg-W-37,3702,1,True,lt_min_leaves,topological,1,0,0,2,after_topology_validation
sample-igg-W-37::2794,sample-igg-W-37,2794,9,True,lt_min_leaves,topological,1,0,3,5,after_topology_validation
sample-igg-W-37::3596,sample-igg-W-37,3596,1,True,lt_min_leaves,topological,1,0,1,2,after_topology_validation
sample-igg-W-37::2323,sample-igg-W-37,2323,3,True,lt_min_leaves,topological,1,0,2,3,after_topology_validation
sample-igg-W-37::1353,sample-igg-W-37,1353,5,True,lt_min_leaves,topological,1,0,1,3,after_topology_validation
sample-igg-W-37::997,sample-igg-W-37,997,8,True,lt_min_leaves,topological,1,0,2,5,after_topology_validation
sample-igg-W-37::760,sample-igg-W-37,760,1,True,lt_min_leaves,topological,1,0,0,2,after_topology_validation
sample-igg-W-37::3498,sample-igg-W-37,3498,9,True,lt_min_leaves,topological,1,0,2,5,after_topology_validation
sample-igg-W-37::1765,sample-igg-W-37,1765,12,True,multi_root_no_usable_naive,,2,0,0,7,raw_families
sample-igg-W-37::3135,sample-igg-W-37,3135,6,True,lt_min_leaves,topological,1,0,3,4,after_topology_validation
sample-igg-W-37::3656,sample-igg-W-37,3656,1,True,lt_min_leaves,topological,1,0,1,5,after_topology_validation
sample-igg-W-37::2716,sample-igg-W-37,2716,10,True,multi_root_no_usable_naive,,3,0,0,7,raw_families
sample-igg-W-37::2216,sample-igg-W-37,2216,2,True,lt_min_leaves,topological,1,0,1,3,after_topology_validation
sample-igg-W-37::2721,sample-igg-W-37,2721,8,True,lt_min_leaves,topological,1,0,3,4,after_topology_validation
sample-igg-W-37::2862,sample-igg-W-37,2862,7,True,lt_min_leaves,topological,1,0,1,4,after_topology_validation
sample-igg-W-37::48,sample-igg-W-37,48,6,True,lt_min_leaves,topological,1,0,2,4,after_topology_validation
sample-igg-W-37::83,sample-igg-W-37,83,2,True,lt_min_leaves,topological,1,0,1,2,after_topology_validation
sample-igg-W-37::1776,sample-igg-W-37,1776,25,True,multi_root_no_usable_naive,,4,0,0,8,raw_families
sample-igg-W-37::2125,sample-igg-W-37,2125,2,True,lt_min_leaves,topological,1,0,0,2,after_topology_validation
sample-igg-W-37::597,sample-igg-W-37,597,17,False,,topological,1,0,5,6,final_eligible
sample-igg-W-37::814,sample-igg-W-37,814,7,True,lt_min_leaves,topological,1,0,2,5,after_topology_validation
sample-igg-W-37::2263,sample-igg-W-37,2263,28,False,,topological,1,0,12,8,final_eligible
sample-igg-W-37::2363,sample-igg-W-37,2363,10,True,multi_root_no_usable_naive,,2,0,0,5,raw_families
sample-igg-W-37::3773,sample-igg-W-37,3773,1,True,lt_min_leaves,topological,1,0,1,2,after_topology_validation
sample-igg-W-37::3968,sample-igg-W-37,3968,8,True,lt_min_leaves,topological,1,0,3,5,after_topology_validation
sample-igg-W-37::3194,sample-igg-W-37,3194,6,True,lt_min_leaves,topological,1,0,2,4,after_topology_validation
sample-igg-W-37::2403,sample-igg-W-37,2403,2,True,lt_min_leaves,topological,1,0,0,2,after_topology_validation
sample-igg-W-37::4135,sample-igg-W-37,4135,2,True,multi_root_no_usable_naive,,2,0,0,3,raw_families
sample-igg-W-37::2850,sample-igg-W-37,2850,2,True,lt_min_leaves,topological,1,0,0,2,after_topology_validation
sample-igg-W-37::1067,sample-igg-W-37,1067,4,True,lt_min_leaves,topological,1,0,0,3,after_topology_validation
sample-igg-W-37::2111,sample-igg-W-37,2111,2,True,lt_min_leaves,topological,1,0,0,2,after_topology_validation
sample-igg-W-37::1779,sample-igg-W-37,1779,11,True,multi_root_no_usable_naive,,3,0,0,6,raw_families
sample-igg-W-37::70,sample-igg-W-37,70,1,True,lt_min_leaves,topological,1,0,0,2,after_topology_validation
sample-igg-W-37::4185,sample-igg-W-37,4185,1,True,lt_min_leaves,topological,1,0,1,4,after_topology_validation
sample-igg-W-37::1355,sample-igg-W-37,1355,6,True,multi_root_no_usable_naive,,2,0,0,5,raw_families
sample-igg-W-37::350,sample-igg-W-37,350,9,False,,topological,1,0,4,5,final_eligible
sample-igg-W-37::590,sample-igg-W-37,590,6,True,lt_min_leaves,topological,1,0,1,5,after_topology_validation
sample-igg-W-37::367,sample-igg-W-37,367,6,True,lt_min_leaves,topological,1,0,0,4,after_topology_validation
sample-igg-W-37::1072,sample-igg-W-37,1072,3,True,multi_root_no_usable_naive,,2,0,0,3,raw_families
sample-igg-W-37::247,sample-igg-W-37,247,25,True,multi_root_no_usable_naive,,3,0,0,12,raw_families
sample-igg-W-37::2547,sample-igg-W-37,2547,1,True,lt_min_leaves,topological,1,0,1,2,after_topology_validation
sample-igg-W-37::1287,sample-igg-W-37,1287,6,True,lt_min_leaves,topological,1,0,1,4,after_topology_validation
sample-igg-W-37::341,sample-igg-W-37,341,1,True,lt_min_leaves,topological,1,0,1,2,after_topology_validation
sample-igg-W-37::1292,sample-igg-W-37,1292,3,True,multi_root_no_usable_naive,,2,0,0,3,raw_families
sample-igg-W-37::3633,sample-igg-W-37,3633,1,True,lt_min_leaves,topological,1,0,0,2,after_topology_validation
sample-igg-W-37::1448,sample-igg-W-37,1448,2,True,lt_min_leaves,topological,1,0,0,2,after_topology_validation
sample-igg-W-37::1336,sample-igg-W-37,1336,6,True,lt_min_leaves,topological,1,0,2,5,after_topology_validation
sample-igg-W-37::2389,sample-igg-W-37,2389,2,True,lt_min_leaves,topological,1,0,1,2,after_topology_validation
sample-igg-W-37::1690,sample-igg-W-37,1690,3,True,multi_root_no_usable_naive,,2,0,0,3,raw_families
sample-igg-W-37::1297,sample-igg-W-37,1297,5,True,lt_min_leaves,topological,1,0,2,4,after_topology_validation
sample-igg-W-37::1857,sample-igg-W-37,1857,3,True,lt_min_leaves,topological,1,0,1,3,after_topology_validation
sample-igg-W-37::4108,sample-igg-W-37,4108,3,True,lt_min_leaves,topological,1,0,1,3,after_topology_validation
sample-igg-W-37::936,sample-igg-W-37,936,7,True,lt_min_leaves,topological,1,0,2,4,after_topology_validation
sample-igg-W-37::2877,sample-igg-W-37,2877,9,True,multi_root_no_usable_naive,,2,0,0,7,raw_families
sample-igg-W-37::2254,sample-igg-W-37,2254,2,True,lt_min_leaves,topological,1,0,0,2,after_topology_validation
sample-igg-W-37::1917,sample-igg-W-37,1917,4,True,lt_min_leaves,topological,1,0,1,4,after_topology_validation
sample-igg-W-37::3720,sample-igg-W-37,3720,1,True,lt_min_leaves,topological,1,0,1,2,after_topology_validation
sample-igg-W-37::916,sample-igg-W-37,916,2,True,multi_root_no_usable_naive,,2,0,0,3,raw_families
sample-igg-W-37::1421,sample-igg-W-37,1421,1,True,lt_min_leaves,topological,1,0,0,2,after_topology_validation
sample-igg-W-37::3792,sample-igg-W-37,3792,3,True,lt_min_leaves,topological,1,0,1,3,after_topology_validation
sample-igg-W-37::3469,sample-igg-W-37,3469,5,True,multi_root_no_usable_naive,,2,0,0,9,raw_families
sample-igg-W-37::3102,sample-igg-W-37,3102,19,True,multi_root_no_usable_naive,,3,0,0,6,raw_families
sample-igg-W-37::1918,sample-igg-W-37,1918,16,False,,topological,1,0,5,6,final_eligible
sample-igg-W-37::4303,sample-igg-W-37,4303,8,False,,topological,1,0,4,4,final_eligible
sample-igg-W-37::2476,sample-igg-W-37,2476,8,True,lt_min_leaves,topological,1,0,2,5,after_topology_validation
sample-igg-W-37::1479,sample-igg-W-37,1479,8,True,multi_root_no_usable_naive,,2,0,0,7,raw_families
sample-igg-W-37::2062,sample-igg-W-37,2062,4,True,lt_min_leaves,topological,1,0,0,3,after_topology_validation
sample-igg-W-37::2063,sample-igg-W-37,2063,1,True,lt_min_leaves,topological,1,0,1,4,after_topology_validation
sample-igg-W-37::1382,sample-igg-W-37,1382,8,True,lt_min_leaves,topological,1,0,1,6,after_topology_validation
sample-igg-W-37::966,sample-igg-W-37,966,2,True,lt_min_leaves,topological,1,0,1,2,after_topology_validation
sample-igg-W-37::1428,sample-igg-W-37,1428,2,True,lt_min_leaves,topological,1,0,1,2,after_topology_validation
sample-igg-W-37::1906,sample-igg-W-37,1906,6,True,lt_min_leaves,topological,1,0,2,4,after_topology_validation
sample-igg-W-37::1449,sample-igg-W-37,1449,6,True,lt_min_leaves,topological,1,0,1,3,after_topology_validation
sample-igg-W-37::901,sample-igg-W-37,901,16,False,,topological,1,0,6,8,final_eligible
sample-igg-W-37::3103,sample-igg-W-37,3103,2,True,lt_min_leaves,topological,1,0,0,2,after_topology_validation
sample-igg-W-37::1080,sample-igg-W-37,1080,2,True,lt_min_leaves,topological,1,0,0,2,after_topology_validation
sample-igg-W-37::265,sample-igg-W-37,265,2,True,lt_min_leaves,topological,1,0,0,2,after_topology_validation
sample-igg-W-37::3006,sample-igg-W-37,3006,1,True,lt_min_leaves,topological,1,0,1,2,after_topology_validation
sample-igg-W-37::664,sample-igg-W-37,664,3,True,lt_min_leaves,topological,1,0,1,3,after_topology_validation
sample-igg-W-37::1528,sample-igg-W-37,1528,10,True,lt_min_leaves,topological,1,0,1,5,after_topology_validation
sample-igg-W-37::1916,sample-igg-W-37,1916,2,True,lt_min_leaves,topological,1,0,1,2,after_topology_validation
sample-igg-W-37::1789,sample-igg-W-37,1789,6,True,lt_min_leaves,topological,1,0,2,3,after_topology_validation
sample-igg-W-37::409,sample-igg-W-37,409,2,True,lt_min_leaves,topological,1,0,0,2,after_topology_validation
sample-igg-W-37::749,sample-igg-W-37,749,3,True,multi_root_no_usable_naive,,2,0,0,4,raw_families
sample-igg-W-37::4318,sample-igg-W-37,4318,2,True,lt_min_leaves,topological,1,0,0,2,after_topology_validation
sample-igg-W-37::3182,sample-igg-W-37,3182,36,True,multi_root_no_usable_naive,,9,0,0,12,raw_families
sample-igg-W-37::2339,sample-igg-W-37,2339,7,True,lt_min_leaves,topological,1,0,2,5,after_topology_validation
sample-igg-W-37::3931,sample-igg-W-37,3931,11,False,,topological,1,0,4,5,final_eligible
sample-igg-W-37::2857,sample-igg-W-37,2857,3,True,multi_root_no_usable_naive,,2,0,0,4,raw_families
sample-igg-W-37::178,sample-igg-W-37,178,4,True,multi_root_no_usable_naive,,2,0,0,4,raw_families
sample-igg-W-37::2660,sample-igg-W-37,2660,1,True,lt_min_leaves,topological,1,0,1,2,after_topology_validation
sample-igg-W-37::3430,sample-igg-W-37,3430,30,True,multi_root_no_usable_naive,,4,0,0,8,raw_families
sample-igg-W-37::3211,sample-igg-W-37,3211,3,True,lt_min_leaves,topological,1,0,2,3,after_topology_validation
sample-igg-W-37::1348,sample-igg-W-37,1348,2,True,lt_min_leaves,topological,1,0,0,2,after_topology_validation
sample-igg-W-37::202,sample-igg-W-37,202,3,True,lt_min_leaves,topological,1,0,1,3,after_topology_validation
sample-igg-W-37::476,sample-igg-W-37,476,5,True,lt_min_leaves,topological,1,0,2,3,after_topology_validation
sample-igg-W-37::1774,sample-igg-W-37,1774,7,True,lt_min_leaves,topological,1,0,3,4,after_topology_validation
sample-igg-W-37::1039,sample-igg-W-37,1039,4,True,lt_min_leaves,topological,1,0,1,3,after_topology_validation
sample-igg-W-37::2977,sample-igg-W-37,2977,4,True,lt_min_leaves,topological,1,0,2,3,after_topology_validation
sample-igg-W-37::2583,sample-igg-W-37,2583,3,True,lt_min_leaves,topological,1,0,1,3,after_topology_validation
sample-igg-W-37::3174,sample-igg-W-37,3174,5,True,lt_min_leaves,topological,1,0,2,4,after_topology_validation
sample-igg-W-37::527,sample-igg-W-37,527,1,True,lt_min_leaves,topological,1,0,0,2,after_topology_validation
sample-igg-W-37::4255,sample-igg-W-37,4255,7,True,lt_min_leaves,topological,1,0,2,5,after_topology_validation
sample-igg-W-37::1933,sample-igg-W-37,1933,1,True,lt_min_leaves,topological,1,0,1,2,after_topology_validation
sample-igg-W-37::369,sample-igg-W-37,369,7,True,multi_root_no_usable_naive,,2,0,0,8,raw_families
sample-igg-W-37::1107,sample-igg-W-37,1107,23,True,multi_root_no_usable_naive,,5,0,0,11,raw_families
sample-igg-W-37::1020,sample-igg-W-37,1020,2,True,lt_min_leaves,topological,1,0,0,2,after_topology_validation
sample-igg-W-37::3989,sample-igg-W-37,3989,2,True,lt_min_leaves,topological,1,0,0,2,after_topology_validation
sample-igg-W-37::1876,sample-igg-W-37,1876,1,True,lt_min_leaves,topological,1,0,0,2,after_topology_validation
sample-igg-W-37::248,sample-igg-W-37,248,2,True,lt_min_leaves,topological,1,0,0,2,after_topology_validation
sample-igg-W-37::1961,sample-igg-W-37,1961,23,True,multi_root_no_usable_naive,,2,0,0,9,raw_families
sample-igg-W-37::721,sample-igg-W-37,721,21,True,multi_root_no_usable_naive,,4,0,0,10,raw_families
sample-igg-W-37::3107,sample-igg-W-37,3107,7,True,lt_min_leaves,topological,1,0,3,4,after_topology_validation
sample-igg-W-37::2777,sample-igg-W-37,2777,4,True,lt_min_leaves,topological,1,0,2,3,after_topology_validation
sample-igg-W-37::82,sample-igg-W-37,82,7,True,lt_min_leaves,topological,1,0,3,4,after_topology_validation
sample-igg-W-37::969,sample-igg-W-37,969,4,True,lt_min_leaves,topological,1,0,2,3,after_topology_validation
sample-igg-W-37::720,sample-igg-W-37,720,2,True,lt_min_leaves,topological,1,0,1,2,after_topology_validation
sample-igg-W-37::1824,sample-igg-W-37,1824,14,True,multi_root_no_usable_naive,,3,0,0,7,raw_families
sample-igg-W-37::1977,sample-igg-W-37,1977,26,True,multi_root_no_usable_naive,,4,0,0,13,raw_families
sample-igg-W-37::2303,sample-igg-W-37,2303,1,True,lt_min_leaves,topological,1,0,1,2,after_topology_validation
sample-igg-W-37::3470,sample-igg-W-37,3470,4,True,lt_min_leaves,topological,1,0,1,3,after_topology_validation
sample-igg-W-37::2107,sample-igg-W-37,2107,3,True,lt_min_leaves,topological,1,0,0,3,after_topology_validation
sample-igg-W-37::2481,sample-igg-W-37,2481,2,True,lt_min_leaves,topological,1,0,0,2,after_topology_validation
sample-igg-W-37::1893,sample-igg-W-37,1893,6,True,multi_root_no_usable_naive,,2,0,0,5,raw_families
sample-igg-W-37::2284,sample-igg-W-37,2284,2,True,lt_min_leaves,topological,1,0,0,2,after_topology_validation
sample-igg-W-37::1351,sample-igg-W-37,1351,3,True,lt_min_leaves,topological,1,0,1,3,after_topology_validation
sample-igg-W-37::3741,sample-igg-W-37,3741,4,True,lt_min_leaves,topological,1,0,2,3,after_topology_validation
sample-igg-W-37::3112,sample-igg-W-37,3112,4,True,lt_min_leaves,topological,1,0,1,3,after_topology_validation
sample-igg-W-37::3177,sample-igg-W-37,3177,2,True,lt_min_leaves,topological,1,0,0,2,after_topology_validation
sample-igg-W-37::2746,sample-igg-W-37,2746,3,True,lt_min_leaves,topological,1,0,1,3,after_topology_validation
sample-igg-W-37::1929,sample-igg-W-37,1929,19,True,multi_root_no_usable_naive,,3,0,0,8,raw_families
sample-igg-W-37::66,sample-igg-W-37,66,4,True,lt_min_leaves,topological,1,0,2,3,after_topology_validation
sample-igg-W-37::3861,sample-igg-W-37,3861,6,True,lt_min_leaves,topological,1,0,2,4,after_topology_validation
sample-igg-W-37::4345,sample-igg-W-37,4345,5,True,multi_root_no_usable_naive,,2,0,0,4,raw_families
sample-igg-W-37::1847,sample-igg-W-37,1847,1,True,lt_min_leaves,topological,1,0,0,2,after_topology_validation
sample-igg-W-37::2808,sample-igg-W-37,2808,6,True,lt_min_leaves,topological,1,0,2,4,after_topology_validation
sample-igg-W-37::632,sample-igg-W-37,632,1,True,lt_min_leaves,topological,1,0,1,12,after_topology_validation
sample-igg-W-37::487,sample-igg-W-37,487,1,True,lt_min_leaves,topological,1,0,1,2,after_topology_validation
sample-igg-W-37::3411,sample-igg-W-37,3411,2,True,lt_min_leaves,topological,1,0,0,2,after_topology_validation
sample-igg-W-37::3478,sample-igg-W-37,3478,6,True,lt_min_leaves,topological,1,0,1,4,after_topology_validation
sample-igg-W-37::570,sample-igg-W-37,570,5,True,lt_min_leaves,topological,1,0,2,4,after_topology_validation
sample-igg-W-37::2472,sample-igg-W-37,2472,2,True,lt_min_leaves,topological,1,0,1,2,after_topology_validation
sample-igg-W-37::246,sample-igg-W-37,246,12,True,lt_min_leaves,topological,1,0,3,5,after_topology_validation
sample-igg-W-37::3953,sample-igg-W-37,3953,2,True,multi_root_no_usable_naive,,2,0,0,3,raw_families
sample-igg-W-37::2442,sample-igg-W-37,2442,2,True,lt_min_leaves,topological,1,0,0,2,after_topology_validation
sample-igg-W-37::1760,sample-igg-W-37,1760,13,True,multi_root_no_usable_naive,,2,0,0,6,raw_families
sample-igg-W-37::4418,sample-igg-W-37,4418,2,True,lt_min_leaves,topological,1,0,0,2,after_topology_validation
sample-igg-W-37::2179,sample-igg-W-37,2179,3,True,lt_min_leaves,topological,1,0,1,3,after_topology_validation
sample-igg-W-37::84,sample-igg-W-37,84,13,True,multi_root_no_usable_naive,,3,0,0,8,raw_families
sample-igg-W-37::3703,sample-igg-W-37,3703,2,True,lt_min_leaves,topological,1,0,1,2,after_topology_validation
sample-igg-W-37::3947,sample-igg-W-37,3947,13,True,multi_root_no_usable_naive,,3,0,0,9,raw_families
sample-igg-W-37::982,sample-igg-W-37,982,6,True,lt_min_leaves,topological,1,0,1,4,after_topology_validation
sample-igg-W-37::413,sample-igg-W-37,413,6,True,multi_root_no_usable_naive,,2,0,0,5,raw_families
sample-igg-W-37::188,sample-igg-W-37,188,2,True,lt_min_leaves,topological,1,0,0,2,after_topology_validation
sample-igg-W-37::4117,sample-igg-W-37,4117,14,True,lt_min_leaves,topological,1,0,2,7,after_topology_validation
sample-igg-W-37::2851,sample-igg-W-37,2851,3,True,lt_min_leaves,topological,1,0,0,3,after_topology_validation
sample-igg-W-37::2326,sample-igg-W-37,2326,2,True,lt_min_leaves,topological,1,0,0,2,after_topology_validation
sample-igg-W-37::3500,sample-igg-W-37,3500,19,True,multi_root_no_usable_naive,,2,0,0,9,raw_families
sample-igg-W-37::892,sample-igg-W-37,892,4,True,lt_min_leaves,topological,1,0,1,3,after_topology_validation
sample-igg-W-37::1015,sample-igg-W-37,1015,3,True,lt_min_leaves,topological,1,0,1,3,after_topology_validation
sample-igg-W-37::2533,sample-igg-W-37,2533,4,True,lt_min_leaves,topological,1,0,2,3,after_topology_validation
sample-igg-W-37::1550,sample-igg-W-37,1550,11,True,multi_root_no_usable_naive,,2,0,0,8,raw_families
sample-igg-W-37::3934,sample-igg-W-37,3934,10,True,multi_root_no_usable_naive,,2,0,0,7,raw_families
sample-igg-W-37::686,sample-igg-W-37,686,2,True,lt_min_leaves,topological,1,0,0,3,after_topology_validation
sample-igg-W-37::177,sample-igg-W-37,177,2,True,lt_min_leaves,topological,1,0,0,3,after_topology_validation
sample-igg-W-37::927,sample-igg-W-37,927,1,True,lt_min_leaves,topological,1,0,1,2,after_topology_validation
sample-igg-W-37::2741,sample-igg-W-37,2741,5,True,lt_min_leaves,topological,1,0,2,4,after_topology_validation
sample-igg-W-37::559,sample-igg-W-37,559,5,True,lt_min_leaves,topological,1,0,1,5,after_topology_validation
sample-igg-W-37::1827,sample-igg-W-37,1827,2,True,lt_min_leaves,topological,1,0,0,2,after_topology_validation
sample-igg-W-37::2529,sample-igg-W-37,2529,4,True,lt_min_leaves,topological,1,0,2,3,after_topology_validation
sample-igg-W-37::781,sample-igg-W-37,781,2,True,multi_root_no_usable_naive,,2,0,0,3,raw_families
sample-igg-W-37::4222,sample-igg-W-37,4222,2,True,multi_root_no_usable_naive,,2,0,0,3,raw_families
sample-igg-W-37::199,sample-igg-W-37,199,12,True,lt_min_leaves,topological,1,0,2,6,after_topology_validation
sample-igg-W-37::1417,sample-igg-W-37,1417,21,False,,topological,1,0,4,6,final_eligible
sample-igg-W-37::3100,sample-igg-W-37,3100,8,True,lt_min_leaves,topological,1,0,2,5,after_topology_validation
sample-igg-W-37::790,sample-igg-W-37,790,1,True,lt_min_leaves,topological,1,0,1,2,after_topology_validation
sample-igg-W-37::173,sample-igg-W-37,173,2,True,lt_min_leaves,topological,1,0,1,2,after_topology_validation
sample-igg-W-37::914,sample-igg-W-37,914,4,True,lt_min_leaves,topological,1,0,1,3,after_topology_validation
sample-igg-W-37::2336,sample-igg-W-37,2336,2,True,lt_min_leaves,topological,1,0,0,2,after_topology_validation
sample-igg-W-37::157,sample-igg-W-37,157,6,True,lt_min_leaves,topological,1,0,3,4,after_topology_validation
sample-igg-W-37::2253,sample-igg-W-37,2253,7,False,,topological,1,0,4,5,final_eligible
sample-igg-W-37::923,sample-igg-W-37,923,1,True,lt_min_leaves,topological,1,0,1,2,after_topology_validation
sample-igg-W-37::1436,sample-igg-W-37,1436,14,True,multi_root_no_usable_naive,,4,0,0,11,raw_families
sample-igg-W-37::1877,sample-igg-W-37,1877,6,True,lt_min_leaves,topological,1,0,3,3,after_topology_validation
sample-igg-W-37::3092,sample-igg-W-37,3092,6,True,lt_min_leaves,topological,1,0,2,4,after_topology_validation
sample-igg-W-37::1722,sample-igg-W-37,1722,3,True,multi_root_no_usable_naive,,2,0,0,4,raw_families
sample-igg-W-37::2358,sample-igg-W-37,2358,3,True,lt_min_leaves,topological,1,0,2,3,after_topology_validation
sample-igg-W-37::4161,sample-igg-W-37,4161,4,True,lt_min_leaves,topological,1,0,0,3,after_topology_validation
sample-igg-W-37::601,sample-igg-W-37,601,6,True,lt_min_leaves,topological,1,0,2,4,after_topology_validation
sample-igg-W-37::479,sample-igg-W-37,479,2,True,lt_min_leaves,topological,1,0,0,2,after_topology_validation
sample-igg-W-37::1445,sample-igg-W-37,1445,10,True,lt_min_leaves,topological,1,0,2,6,after_topology_validation
sample-igg-W-37::3499,sample-igg-W-37,3499,5,True,lt_min_leaves,topological,1,0,1,5,after_topology_validation
sample-igg-W-37::1809,sample-igg-W-37,1809,2,True,lt_min_leaves,topological,1,0,0,2,after_topology_validation
sample-igg-W-37::214,sample-igg-W-37,214,7,True,lt_min_leaves,topological,1,0,1,5,after_topology_validation
sample-igg-W-37::1869,sample-igg-W-37,1869,2,True,lt_min_leaves,topological,1,0,1,2,after_topology_validation
sample-igg-W-37::2311,sample-igg-W-37,2311,4,True,lt_min_leaves,topological,1,0,1,3,after_topology_validation
sample-igg-W-37::1780,sample-igg-W-37,1780,7,True,lt_min_leaves,topological,1,0,0,5,after_topology_validation
sample-igg-W-37::3710,sample-igg-W-37,3710,4,True,multi_root_no_usable_naive,,3,0,0,10,raw_families
sample-igg-W-37::2354,sample-igg-W-37,2354,3,True,lt_min_leaves,topological,1,0,2,3,after_topology_validation
sample-igg-W-37::2571,sample-igg-W-37,2571,10,True,lt_min_leaves,topological,1,0,2,6,after_topology_validation
sample-igg-W-37::4239,sample-igg-W-37,4239,4,True,multi_root_no_usable_naive,,2,0,0,4,raw_families
sample-igg-W-37::467,sample-igg-W-37,467,3,True,multi_root_no_usable_naive,,2,0,0,7,raw_families
sample-igg-W-37::2373,sample-igg-W-37,2373,9,True,multi_root_no_usable_naive,,2,0,0,6,raw_families
sample-igg-W-37::1965,sample-igg-W-37,1965,1,True,lt_min_leaves,topological,1,0,0,2,after_topology_validation
sample-igg-W-37::24,sample-igg-W-37,24,3,True,multi_root_no_usable_naive,,2,0,0,8,raw_families
sample-igg-W-37::993,sample-igg-W-37,993,15,True,multi_root_no_usable_naive,,3,0,0,8,raw_families
sample-igg-W-37::1862,sample-igg-W-37,1862,8,True,lt_min_leaves,topological,1,0,2,4,after_topology_validation
sample-igg-W-37::124,sample-igg-W-37,124,2,True,lt_min_leaves,topological,1,0,1,2,after_topology_validation
sample-igg-W-37::2826,sample-igg-W-37,2826,6,True,multi_root_no_usable_naive,,2,0,0,5,raw_families
sample-igg-W-37::2343,sample-igg-W-37,2343,14,True,multi_root_no_usable_naive,,2,0,0,8,raw_families
sample-igg-W-37::1420,sample-igg-W-37,1420,6,True,lt_min_leaves,topological,1,0,1,4,after_topology_validation
sample-igg-W-37::88,sample-igg-W-37,88,2,True,lt_min_leaves,topological,1,0,1,2,after_topology_validation
sample-igg-W-37::426,sample-igg-W-37,426,4,True,lt_min_leaves,topological,1,0,2,3,after_topology_validation
sample-igg-W-37::29,sample-igg-W-37,29,3,True,lt_min_leaves,topological,1,0,2,3,after_topology_validation
sample-igg-W-37::3198,sample-igg-W-37,3198,1,True,lt_min_leaves,topological,1,0,1,2,after_topology_validation
sample-igg-W-37::2307,sample-igg-W-37,2307,3,True,lt_min_leaves,topological,1,0,2,3,after_topology_validation
sample-igg-W-37::141,sample-igg-W-37,141,24,True,multi_root_no_usable_naive,,4,0,0,7,raw_families
sample-igg-W-37::284,sample-igg-W-37,284,1,True,lt_min_leaves,topological,1,0,0,2,after_topology_validation
sample-igg-W-37::394,sample-igg-W-37,394,4,True,lt_min_leaves,topological,1,0,1,3,after_topology_validation
sample-igg-W-37::1216,sample-igg-W-37,1216,2,True,lt_min_leaves,topological,1,0,1,2,after_topology_validation
sample-igg-W-37::978,sample-igg-W-37,978,8,True,lt_min_leaves,topological,1,0,3,4,after_topology_validation
sample-igg-W-37::3127,sample-igg-W-37,3127,25,True,multi_root_no_usable_naive,,2,0,0,9,raw_families
sample-igg-W-37::4223,sample-igg-W-37,4223,4,True,lt_min_leaves,topological,1,0,1,3,after_topology_validation
sample-igg-W-37::1232,sample-igg-W-37,1232,1,True,lt_min_leaves,topological,1,0,1,2,after_topology_validation
sample-igg-W-37::4139,sample-igg-W-37,4139,2,True,lt_min_leaves,topological,1,0,0,2,after_topology_validation
sample-igg-W-37::2428,sample-igg-W-37,2428,1,True,lt_min_leaves,topological,1,0,1,2,after_topology_validation
sample-igg-W-37::1835,sample-igg-W-37,1835,4,True,lt_min_leaves,topological,1,0,1,3,after_topology_validation
sample-igg-W-37::1815,sample-igg-W-37,1815,3,True,lt_min_leaves,topological,1,0,0,3,after_topology_validation
sample-igg-W-37::3326,sample-igg-W-37,3326,5,True,lt_min_leaves,topological,1,0,2,4,after_topology_validation
sample-igg-W-37::621,sample-igg-W-37,621,1,True,lt_min_leaves,topological,1,0,0,2,after_topology_validation
sample-igg-W-37::568,sample-igg-W-37,568,4,True,multi_root_no_usable_naive,,2,0,0,4,raw_families
sample-igg-W-37::1034,sample-igg-W-37,1034,4,True,multi_root_no_usable_naive,,2,0,0,4,raw_families
sample-igg-W-37::996,sample-igg-W-37,996,2,True,lt_min_leaves,topological,1,0,1,2,after_topology_validation
sample-igg-W-37::1920,sample-igg-W-37,1920,4,True,lt_min_leaves,topological,1,0,1,3,after_topology_validation
sample-igg-W-37::3723,sample-igg-W-37,3723,4,True,lt_min_leaves,topological,1,0,1,4,after_topology_validation
sample-igg-W-37::1898,sample-igg-W-37,1898,16,True,multi_root_no_usable_naive,,2,0,0,5,raw_families
sample-igg-W-37::1303,sample-igg-W-37,1303,2,True,lt_min_leaves,topological,1,0,0,2,after_topology_validation
sample-igg-W-37::960,sample-igg-W-37,960,4,True,lt_min_leaves,topological,1,0,1,3,after_topology_validation
sample-igg-W-37::995,sample-igg-W-37,995,8,True,multi_root_no_usable_naive,,3,0,0,8,raw_families
sample-igg-W-37::3258,sample-igg-W-37,3258,17,True,multi_root_no_usable_naive,,2,0,0,7,raw_families
sample-igg-W-37::351,sample-igg-W-37,351,2,True,lt_min_leaves,topological,1,0,0,2,after_topology_validation
sample-igg-W-37::728,sample-igg-W-37,728,1,True,lt_min_leaves,topological,1,0,0,2,after_topology_validation
sample-igg-W-37::2258,sample-igg-W-37,2258,8,True,multi_root_no_usable_naive,,2,0,0,5,raw_families
sample-igg-W-37::1033,sample-igg-W-37,1033,3,True,lt_min_leaves,topological,1,0,1,3,after_topology_validation
sample-igg-W-37::1825,sample-igg-W-37,1825,1,True,lt_min_leaves,topological,1,0,0,2,after_topology_validation
sample-igg-W-37::1373,sample-igg-W-37,1373,6,True,lt_min_leaves,topological,1,0,1,3,after_topology_validation
sample-igg-W-37::2251,sample-igg-W-37,2251,12,True,multi_root_no_usable_naive,,3,0,0,7,raw_families
sample-igg-W-37::1360,sample-igg-W-37,1360,2,True,lt_min_leaves,topological,1,0,0,2,after_topology_validation
sample-igg-W-37::1402,sample-igg-W-37,1402,17,True,multi_root_no_usable_naive,,3,0,0,8,raw_families
sample-igg-W-37::3116,sample-igg-W-37,3116,4,True,lt_min_leaves,topological,1,0,0,3,after_topology_validation
sample-igg-W-37::1828,sample-igg-W-37,1828,3,True,lt_min_leaves,topological,1,0,0,3,after_topology_validation
sample-igg-W-37::4118,sample-igg-W-37,4118,7,True,lt_min_leaves,topological,1,0,2,4,after_topology_validation
sample-igg-W-37::2986,sample-igg-W-37,2986,2,True,multi_root_no_usable_naive,,2,0,0,13,raw_families
sample-igg-W-37::608,sample-igg-W-37,608,2,True,lt_min_leaves,topological,1,0,0,2,after_topology_validation
sample-igg-W-37::763,sample-igg-W-37,763,2,True,multi_root_no_usable_naive,,2,0,0,3,raw_families
sample-igg-W-37::2484,sample-igg-W-37,2484,2,True,lt_min_leaves,topological,1,0,1,2,after_topology_validation
sample-igg-W-37::3132,sample-igg-W-37,3132,2,True,lt_min_leaves,topological,1,0,1,2,after_topology_validation
sample-igg-W-37::2460,sample-igg-W-37,2460,5,True,lt_min_leaves,topological,1,0,2,4,after_topology_validation
sample-igg-W-37::1145,sample-igg-W-37,1145,6,True,lt_min_leaves,topological,1,0,1,4,after_topology_validation
sample-igg-W-37::227,sample-igg-W-37,227,4,True,lt_min_leaves,topological,1,0,0,3,after_topology_validation
sample-igg-W-37::2335,sample-igg-W-37,2335,21,True,multi_root_no_usable_naive,,5,0,0,8,raw_families
sample-igg-W-37::3802,sample-igg-W-37,3802,13,False,,topological,1,0,6,4,final_eligible
sample-igg-W-37::117,sample-igg-W-37,117,15,True,multi_root_no_usable_naive,,5,0,0,8,raw_families
sample-igg-W-37::2306,sample-igg-W-37,2306,6,True,lt_min_leaves,topological,1,0,1,5,after_topology_validation
sample-igg-W-37::1808,sample-igg-W-37,1808,15,False,,topological,1,0,4,6,final_eligible
sample-igg-W-37::735,sample-igg-W-37,735,5,True,lt_min_leaves,topological,1,0,0,3,after_topology_validation
sample-igg-W-37::377,sample-igg-W-37,377,2,True,lt_min_leaves,topological,1,0,0,2,after_topology_validation
sample-igg-W-37::2333,sample-igg-W-37,2333,6,True,lt_min_leaves,topological,1,0,2,3,after_topology_validation
sample-igg-W-37::1757,sample-igg-W-37,1757,4,True,multi_root_no_usable_naive,,2,0,0,10,raw_families
sample-igg-W-37::1456,sample-igg-W-37,1456,5,True,multi_root_no_usable_naive,,2,0,0,7,raw_families
sample-igg-W-37::4115,sample-igg-W-37,4115,4,True,lt_min_leaves,topological,1,0,0,3,after_topology_validation
sample-igg-W-37::2725,sample-igg-W-37,2725,14,False,,topological,1,0,5,7,final_eligible
sample-igg-W-37::119,sample-igg-W-37,119,5,True,lt_min_leaves,topological,1,0,0,5,after_topology_validation
sample-igg-W-37::324,sample-igg-W-37,324,36,True,multi_root_no_usable_naive,,6,0,0,21,raw_families
sample-igg-W-37::4190,sample-igg-W-37,4190,2,True,lt_min_leaves,topological,1,0,0,2,after_topology_validation
sample-igg-W-37::38,sample-igg-W-37,38,2,True,lt_min_leaves,topological,1,0,2,2,after_topology_validation
sample-igg-W-37::562,sample-igg-W-37,562,19,False,,topological,1,0,7,7,final_eligible
sample-igg-W-37::1,sample-igg-W-37,1,4,True,lt_min_leaves,topological,1,0,2,4,after_topology_validation
sample-igg-W-37::13,sample-igg-W-37,13,2,True,lt_min_leaves,topological,1,0,2,2,after_topology_validation
sample-igg-W-37::158,sample-igg-W-37,158,2,True,lt_min_leaves,topological,1,0,0,2,after_topology_validation
sample-igg-W-37::47,sample-igg-W-37,47,3,True,lt_min_leaves,topological,1,0,2,3,after_topology_validation
sample-igg-W-37::31,sample-igg-W-37,31,1,True,lt_min_leaves,topological,1,0,0,2,after_topology_validation
sample-igg-W-37::298,sample-igg-W-37,298,1,True,lt_min_leaves,topological,1,0,1,2,after_topology_validation
sample-igg-W-19::912,sample-igg-W-19,912,2,True,lt_min_leaves,topological,1,0,1,2,after_topology_validation
sample-igg-W-19::564,sample-igg-W-19,564,2,True,lt_min_leaves,topological,1,0,2,2,after_topology_validation
sample-igg-W-19::332,sample-igg-W-19,332,2,True,lt_min_leaves,topological,1,0,0,2,after_topology_validation
sample-igg-W-19::905,sample-igg-W-19,905,1,True,lt_min_leaves,topological,1,0,1,2,after_topology_validation
sample-igg-W-19::1278,sample-igg-W-19,1278,2,True,lt_min_leaves,topological,1,0,1,2,after_topology_validation
sample-igg-W-19::210,sample-igg-W-19,210,4,True,lt_min_leaves,topological,1,0,2,3,after_topology_validation
sample-igg-W-19::404,sample-igg-W-19,404,4,True,lt_min_leaves,topological,1,0,2,3,after_topology_validation
sample-igg-W-19::977,sample-igg-W-19,977,1,True,lt_min_leaves,topological,1,0,1,2,after_topology_validation
sample-igg-W-19::1203,sample-igg-W-19,1203,2,True,lt_min_leaves,topological,1,0,0,2,after_topology_validation
sample-igg-W-19::423,sample-igg-W-19,423,1,True,lt_min_leaves,topological,1,0,1,2,after_topology_validation
sample-igg-W-19::1547,sample-igg-W-19,1547,2,True,lt_min_leaves,topological,1,0,2,2,after_topology_validation
sample-igg-W-19::1742,sample-igg-W-19,1742,2,True,lt_min_leaves,topological,1,0,2,2,after_topology_validation
sample-igg-W-19::1171,sample-igg-W-19,1171,2,True,lt_min_leaves,topological,1,0,2,2,after_topology_validation
sample-igg-W-19::1744,sample-igg-W-19,1744,1,True,lt_min_leaves,topological,1,0,1,2,after_topology_validation
sample-igg-W-19::11,sample-igg-W-19,11,2,True,lt_min_leaves,topological,1,0,2,2,after_topology_validation
sample-igg-W-19::1408,sample-igg-W-19,1408,1,True,lt_min_leaves,topological,1,0,1,2,after_topology_validation
sample-igg-W-19::1055,sample-igg-W-19,1055,2,True,lt_min_leaves,topological,1,0,1,2,after_topology_validation
sample-igg-W-19::1154,sample-igg-W-19,1154,2,True,lt_min_leaves,topological,1,0,1,2,after_topology_validation
sample-igg-W-19::250,sample-igg-W-19,250,2,True,lt_min_leaves,topological,1,0,1,2,after_topology_validation
sample-igg-W-19::1381,sample-igg-W-19,1381,1,True,lt_min_leaves,topological,1,0,1,2,after_topology_validation
sample-igg-W-19::686,sample-igg-W-19,686,1,True,lt_min_leaves,topological,1,0,1,2,after_topology_validation
sample-igg-W-19::739,sample-igg-W-19,739,2,True,lt_min_leaves,topological,1,0,2,2,after_topology_validation
sample-igg-W-19::122,sample-igg-W-19,122,2,True,lt_min_leaves,topological,1,0,1,2,after_topology_validation
sample-igg-W-19::145,sample-igg-W-19,145,2,True,lt_min_leaves,topological,1,0,2,2,after_topology_validation
sample-igg-W-19::146,sample-igg-W-19,146,2,True,lt_min_leaves,topological,1,0,1,2,after_topology_validation
sample-igg-W-19::658,sample-igg-W-19,658,1,True,lt_min_leaves,topological,1,0,1,2,after_topology_validation
sample-igg-W-19::1236,sample-igg-W-19,1236,2,True,lt_min_leaves,topological,1,0,2,2,after_topology_validation
sample-igg-W-19::384,sample-igg-W-19,384,1,True,lt_min_leaves,topological,1,0,0,2,after_topology_validation
sample-igg-W-19::1531,sample-igg-W-19,1531,2,True,lt_min_leaves,topological,1,0,2,2,after_topology_validation
sample-igg-W-19::1394,sample-igg-W-19,1394,2,True,lt_min_leaves,topological,1,0,2,2,after_topology_validation
sample-igg-W-19::1108,sample-igg-W-19,1108,2,True,lt_min_leaves,topological,1,0,1,2,after_topology_validation
sample-igg-W-19::1694,sample-igg-W-19,1694,1,True,lt_min_leaves,topological,1,0,1,2,after_topology_validation
sample-igg-W-19::1946,sample-igg-W-19,1946,2,True,lt_min_leaves,topological,1,0,1,2,after_topology_validation
sample-igg-W-19::209,sample-igg-W-19,209,2,True,lt_min_leaves,topological,1,0,1,2,after_topology_validation
sample-igg-W-19::909,sample-igg-W-19,909,1,True,lt_min_leaves,topological,1,0,1,2,after_topology_validation
sample-igg-W-19::454,sample-igg-W-19,454,2,True,lt_min_leaves,topological,1,0,2,2,after_topology_validation
sample-igg-W-19::1414,sample-igg-W-19,1414,4,True,lt_min_leaves,topological,1,0,3,3,after_topology_validation
sample-igg-W-19::275,sample-igg-W-19,275,2,True,lt_min_leaves,topological,1,0,2,2,after_topology_validation
sample-igg-W-19::212,sample-igg-W-19,212,2,True,lt_min_leaves,topological,1,0,1,2,after_topology_validation
sample-igg-W-19::1738,sample-igg-W-19,1738,2,True,lt_min_leaves,topological,1,0,2,2,after_topology_validation
sample-igg-W-19::1178,sample-igg-W-19,1178,1,True,lt_min_leaves,topological,1,0,1,2,after_topology_validation
sample-igg-W-19::1144,sample-igg-W-19,1144,1,True,lt_min_leaves,topological,1,0,1,2,after_topology_validation
sample-igg-W-19::1823,sample-igg-W-19,1823,2,True,lt_min_leaves,topological,1,0,1,2,after_topology_validation
sample-igg-W-19::1397,sample-igg-W-19,1397,2,True,lt_min_leaves,topological,1,0,1,2,after_topology_validation
sample-igg-W-19::1231,sample-igg-W-19,1231,4,True,lt_min_leaves,topological,1,0,2,4,after_topology_validation
sample-igg-W-19::1217,sample-igg-W-19,1217,4,True,lt_min_leaves,topological,1,0,1,3,after_topology_validation
sample-igg-W-19::106,sample-igg-W-19,106,1,True,lt_min_leaves,topological,1,0,1,2,after_topology_validation
sample-igg-W-19::1023,sample-igg-W-19,1023,2,True,lt_min_leaves,topological,1,0,1,2,after_topology_validation
sample-igg-W-19::1915,sample-igg-W-19,1915,1,True,lt_min_leaves,topological,1,0,1,2,after_topology_validation
sample-igg-W-19::288,sample-igg-W-19,288,2,True,lt_min_leaves,topological,1,0,2,2,after_topology_validation
sample-igg-W-19::1166,sample-igg-W-19,1166,1,True,lt_min_leaves,topological,1,0,1,2,after_topology_validation
sample-igg-W-19::81,sample-igg-W-19,81,1,True,lt_min_leaves,topological,1,0,1,2,after_topology_validation
sample-igg-W-19::628,sample-igg-W-19,628,1,True,lt_min_leaves,topological,1,0,1,2,after_topology_validation
sample-igg-W-19::1475,sample-igg-W-19,1475,2,True,lt_min_leaves,topological,1,0,2,2,after_topology_validation
sample-igg-W-19::1388,sample-igg-W-19,1388,1,True,lt_min_leaves,topological,1,0,1,2,after_topology_validation
sample-igg-W-19::546,sample-igg-W-19,546,2,True,lt_min_leaves,topological,1,0,2,2,after_topology_validation
sample-igg-W-19::675,sample-igg-W-19,675,2,True,lt_min_leaves,topological,1,0,1,3,after_topology_validation
sample-igg-W-19::379,sample-igg-W-19,379,2,True,multi_root_no_usable_naive,,2,0,0,3,raw_families
sample-igg-W-19::487,sample-igg-W-19,487,4,True,multi_root_no_usable_naive,,2,0,0,7,raw_families
sample-igg-W-19::1288,sample-igg-W-19,1288,1,True,lt_min_leaves,topological,1,0,1,2,after_topology_validation
sample-igg-W-19::395,sample-igg-W-19,395,6,True,multi_root_no_usable_naive,,3,0,0,7,raw_families
sample-igg-W-19::1453,sample-igg-W-19,1453,2,True,lt_min_leaves,topological,1,0,0,2,after_topology_validation
sample-igg-W-19::1238,sample-igg-W-19,1238,2,True,lt_min_leaves,topological,1,0,1,2,after_topology_validation
sample-igg-W-19::828,sample-igg-W-19,828,5,True,lt_min_leaves,topological,1,0,1,4,after_topology_validation
sample-igg-W-19::883,sample-igg-W-19,883,1,True,lt_min_leaves,topological,1,0,1,2,after_topology_validation
sample-igg-W-19::1537,sample-igg-W-19,1537,2,True,lt_min_leaves,topological,1,0,1,2,after_topology_validation
sample-igg-W-19::1406,sample-igg-W-19,1406,6,True,lt_min_leaves,topological,1,0,1,3,after_topology_validation
sample-igg-W-19::15,sample-igg-W-19,15,2,True,lt_min_leaves,topological,1,0,0,2,after_topology_validation
sample-igg-W-19::1374,sample-igg-W-19,1374,8,True,multi_root_no_usable_naive,,3,0,0,7,raw_families
sample-igg-W-19::350,sample-igg-W-19,350,1,True,lt_min_leaves,topological,1,0,1,2,after_topology_validation
sample-igg-W-19::1401,sample-igg-W-19,1401,2,True,lt_min_leaves,topological,1,0,1,2,after_topology_validation
sample-igg-W-19::1066,sample-igg-W-19,1066,5,True,lt_min_leaves,topological,1,0,2,4,after_topology_validation
sample-igg-W-19::1739,sample-igg-W-19,1739,2,True,lt_min_leaves,topological,1,0,0,2,after_topology_validation
sample-igg-W-19::1938,sample-igg-W-19,1938,3,True,multi_root_no_usable_naive,,2,0,0,7,raw_families
sample-igg-W-19::1277,sample-igg-W-19,1277,1,True,lt_min_leaves,topological,1,0,1,2,after_topology_validation
sample-igg-W-19::1129,sample-igg-W-19,1129,3,True,multi_root_no_usable_naive,,2,0,0,3,raw_families
sample-igg-W-19::1124,sample-igg-W-19,1124,1,True,lt_min_leaves,topological,1,0,0,2,after_topology_validation
sample-igg-W-19::641,sample-igg-W-19,641,4,True,multi_root_no_usable_naive,,2,0,0,4,raw_families
sample-igg-W-19::1801,sample-igg-W-19,1801,4,True,multi_root_no_usable_naive,,2,0,0,5,raw_families
sample-igg-W-19::371,sample-igg-W-19,371,6,True,lt_min_leaves,topological,1,0,0,4,after_topology_validation
sample-igg-W-19::218,sample-igg-W-19,218,1,True,lt_min_leaves,topological,1,0,1,2,after_topology_validation
sample-igg-W-19::1731,sample-igg-W-19,1731,1,True,lt_min_leaves,topological,1,0,1,2,after_topology_validation
sample-igg-W-19::1299,sample-igg-W-19,1299,2,True,multi_root_no_usable_naive,,2,0,0,3,raw_families
sample-igg-W-19::425,sample-igg-W-19,425,1,True,lt_min_leaves,topological,1,0,1,2,after_topology_validation
sample-igg-W-19::251,sample-igg-W-19,251,2,True,lt_min_leaves,topological,1,0,0,2,after_topology_validation
sample-igg-W-19::349,sample-igg-W-19,349,1,True,lt_min_leaves,topological,1,0,1,2,after_topology_validation
sample-igg-W-19::103,sample-igg-W-19,103,2,True,lt_min_leaves,topological,1,0,0,2,after_topology_validation
sample-igg-W-19::1478,sample-igg-W-19,1478,1,True,lt_min_leaves,topological,1,0,1,2,after_topology_validation
sample-igg-W-19::1413,sample-igg-W-19,1413,2,True,lt_min_leaves,topological,1,0,0,2,after_topology_validation
sample-igg-W-19::1461,sample-igg-W-19,1461,2,True,lt_min_leaves,topological,1,0,0,2,after_topology_validation
sample-igg-W-19::1409,sample-igg-W-19,1409,3,True,lt_min_leaves,topological,1,0,2,3,after_topology_validation
sample-igg-W-19::846,sample-igg-W-19,846,6,True,lt_min_leaves,topological,1,0,3,4,after_topology_validation
sample-igg-W-19::1232,sample-igg-W-19,1232,2,True,multi_root_no_usable_naive,,2,0,0,3,raw_families
sample-igg-W-19::620,sample-igg-W-19,620,1,True,lt_min_leaves,topological,1,0,1,2,after_topology_validation
sample-igg-W-19::900,sample-igg-W-19,900,2,True,lt_min_leaves,topological,1,0,0,2,after_topology_validation
sample-igg-W-19::1372,sample-igg-W-19,1372,3,True,lt_min_leaves,topological,1,0,1,3,after_topology_validation
sample-igg-W-19::1049,sample-igg-W-19,1049,6,True,lt_min_leaves,topological,1,0,1,4,after_topology_validation
sample-igg-W-19::1030,sample-igg-W-19,1030,2,True,lt_min_leaves,topological,1,0,1,2,after_topology_validation
sample-igg-W-19::1736,sample-igg-W-19,1736,5,True,multi_root_no_usable_naive,,2,0,0,5,raw_families
sample-igg-W-19::303,sample-igg-W-19,303,1,True,lt_min_leaves,topological,1,0,1,2,after_topology_validation
sample-igg-W-19::696,sample-igg-W-19,696,2,True,lt_min_leaves,topological,1,0,0,2,after_topology_validation
sample-igg-W-19::276,sample-igg-W-19,276,2,True,lt_min_leaves,topological,1,0,0,2,after_topology_validation
sample-igg-W-19::1218,sample-igg-W-19,1218,2,True,lt_min_leaves,topological,1,0,0,2,after_topology_validation
sample-igg-W-19::1541,sample-igg-W-19,1541,3,True,multi_root_no_usable_naive,,2,0,0,7,raw_families
sample-igg-W-19::91,sample-igg-W-19,91,1,True,lt_min_leaves,topological,1,0,1,5,after_topology_validation
sample-igg-W-19::234,sample-igg-W-19,234,1,True,lt_min_leaves,topological,1,0,1,2,after_topology_validation
sample-igg-W-19::100,sample-igg-W-19,100,2,True,lt_min_leaves,topological,1,0,0,2,after_topology_validation
sample-igg-W-19::484,sample-igg-W-19,484,1,True,lt_min_leaves,topological,1,0,1,2,after_topology_validation
sample-igg-W-19::1918,sample-igg-W-19,1918,2,True,multi_root_no_usable_naive,,2,0,0,5,raw_families
sample-igg-W-19::1790,sample-igg-W-19,1790,2,True,lt_min_leaves,topological,1,0,1,2,after_topology_validation
sample-igg-W-19::1269,sample-igg-W-19,1269,1,True,lt_min_leaves,topological,1,0,1,2,after_topology_validation
sample-igg-W-19::1488,sample-igg-W-19,1488,4,True,multi_root_no_usable_naive,,3,0,0,7,raw_families
sample-igg-W-19::535,sample-igg-W-19,535,1,True,lt_min_leaves,topological,1,0,1,2,after_topology_validation
sample-igg-W-19::213,sample-igg-W-19,213,2,True,lt_min_leaves,topological,1,0,0,2,after_topology_validation
sample-igg-W-19::852,sample-igg-W-19,852,3,True,lt_min_leaves,topological,1,0,1,3,after_topology_validation
sample-igg-W-19::1147,sample-igg-W-19,1147,1,True,lt_min_leaves,topological,1,0,1,2,after_topology_validation
sample-igg-W-19::432,sample-igg-W-19,432,2,True,lt_min_leaves,topological,1,0,0,2,after_topology_validation
sample-igg-W-19::286,sample-igg-W-19,286,1,True,lt_min_leaves,topological,1,0,1,2,after_topology_validation
sample-igg-W-19::1056,sample-igg-W-19,1056,2,True,lt_min_leaves,topological,1,0,0,2,after_topology_validation
sample-igg-W-19::342,sample-igg-W-19,342,3,True,lt_min_leaves,topological,1,0,2,3,after_topology_validation
sample-igg-W-19::1545,sample-igg-W-19,1545,2,True,lt_min_leaves,topological,1,0,0,2,after_topology_validation
sample-igg-W-19::471,sample-igg-W-19,471,3,True,lt_min_leaves,topological,1,0,0,3,after_topology_validation
sample-igg-W-19::341,sample-igg-W-19,341,1,True,lt_min_leaves,topological,1,0,1,4,after_topology_validation
sample-igg-W-19::261,sample-igg-W-19,261,3,True,lt_min_leaves,topological,1,0,2,3,after_topology_validation
sample-igg-W-19::1663,sample-igg-W-19,1663,3,True,lt_min_leaves,topological,1,0,2,3,after_topology_validation
sample-igg-W-19::1176,sample-igg-W-19,1176,3,True,multi_root_no_usable_naive,,2,0,0,9,raw_families
sample-igg-W-19::443,sample-igg-W-19,443,1,True,lt_min_leaves,topological,1,0,1,2,after_topology_validation
sample-igg-W-19::1173,sample-igg-W-19,1173,1,True,lt_min_leaves,topological,1,0,1,2,after_topology_validation
sample-igg-W-19::1527,sample-igg-W-19,1527,4,True,lt_min_leaves,topological,1,0,0,3,after_topology_validation
sample-igg-W-19::1536,sample-igg-W-19,1536,2,True,lt_min_leaves,topological,1,0,0,2,after_topology_validation
sample-igg-W-19::431,sample-igg-W-19,431,4,True,lt_min_leaves,topological,1,0,2,3,after_topology_validation
sample-igg-W-19::925,sample-igg-W-19,925,1,True,lt_min_leaves,topological,1,0,0,2,after_topology_validation
sample-igg-W-19::1743,sample-igg-W-19,1743,14,True,multi_root_no_usable_naive,,2,0,0,7,raw_families
sample-igg-W-19::230,sample-igg-W-19,230,3,True,lt_min_leaves,topological,1,0,2,3,after_topology_validation
sample-igg-W-19::394,sample-igg-W-19,394,2,True,lt_min_leaves,topological,1,0,0,2,after_topology_validation
sample-igg-W-19::132,sample-igg-W-19,132,4,True,lt_min_leaves,topological,1,0,0,3,after_topology_validation
sample-igg-W-19::1769,sample-igg-W-19,1769,1,True,lt_min_leaves,topological,1,0,1,2,after_topology_validation
sample-igg-W-19::1819,sample-igg-W-19,1819,2,True,lt_min_leaves,topological,1,0,1,2,after_topology_validation
sample-igg-W-19::1521,sample-igg-W-19,1521,1,True,lt_min_leaves,topological,1,0,0,2,after_topology_validation
sample-igg-W-19::1863,sample-igg-W-19,1863,1,True,lt_min_leaves,topological,1,0,1,2,after_topology_validation
sample-igg-W-19::674,sample-igg-W-19,674,8,True,lt_min_leaves,topological,1,0,1,5,after_topology_validation
sample-igg-W-19::734,sample-igg-W-19,734,3,True,lt_min_leaves,topological,1,0,2,3,after_topology_validation
sample-igg-W-19::759,sample-igg-W-19,759,2,True,lt_min_leaves,topological,1,0,0,2,after_topology_validation
sample-igg-W-19::1249,sample-igg-W-19,1249,3,True,lt_min_leaves,topological,1,0,0,3,after_topology_validation
sample-igg-W-19::1326,sample-igg-W-19,1326,2,True,lt_min_leaves,topological,1,0,0,2,after_topology_validation
sample-igg-W-19::891,sample-igg-W-19,891,1,True,lt_min_leaves,topological,1,0,1,2,after_topology_validation
sample-igg-W-19::313,sample-igg-W-19,313,2,True,lt_min_leaves,topological,1,0,1,2,after_topology_validation
sample-igg-W-19::390,sample-igg-W-19,390,1,True,lt_min_leaves,topological,1,0,0,2,after_topology_validation
sample-igg-W-19::1007,sample-igg-W-19,1007,2,True,multi_root_no_usable_naive,,2,0,0,5,raw_families
sample-igg-W-19::115,sample-igg-W-19,115,1,True,lt_min_leaves,topological,1,0,0,2,after_topology_validation
sample-igg-W-19::836,sample-igg-W-19,836,1,True,lt_min_leaves,topological,1,0,1,2,after_topology_validation
sample-igg-W-19::1641,sample-igg-W-19,1641,2,True,multi_root_no_usable_naive,,2,0,0,3,raw_families
sample-igg-W-19::477,sample-igg-W-19,477,1,True,lt_min_leaves,topological,1,0,1,3,after_topology_validation
sample-igg-W-19::372,sample-igg-W-19,372,2,True,multi_root_no_usable_naive,,2,0,0,3,raw_families
sample-igg-W-19::979,sample-igg-W-19,979,2,True,lt_min_leaves,topological,1,0,0,2,after_topology_validation
sample-igg-W-19::1261,sample-igg-W-19,1261,1,True,lt_min_leaves,topological,1,0,1,2,after_topology_validation
sample-igg-W-19::1564,sample-igg-W-19,1564,1,True,lt_min_leaves,topological,1,0,1,2,after_topology_validation
sample-igg-W-19::1518,sample-igg-W-19,1518,2,True,multi_root_no_usable_naive,,2,0,0,13,raw_families
sample-igg-W-19::1352,sample-igg-W-19,1352,1,True,lt_min_leaves,topological,1,0,1,2,after_topology_validation
sample-igg-W-19::932,sample-igg-W-19,932,1,True,lt_min_leaves,topological,1,0,1,2,after_topology_validation
sample-igg-W-19::676,sample-igg-W-19,676,4,True,lt_min_leaves,topological,1,0,0,3,after_topology_validation
sample-igg-W-19::601,sample-igg-W-19,601,1,True,lt_min_leaves,topological,1,0,1,2,after_topology_validation
sample-igg-W-19::756,sample-igg-W-19,756,2,True,lt_min_leaves,topological,1,0,0,2,after_topology_validation
sample-igg-W-19::1255,sample-igg-W-19,1255,2,True,multi_root_no_usable_naive,,2,0,0,3,raw_families
sample-igg-W-19::718,sample-igg-W-19,718,2,True,lt_min_leaves,topological,1,0,0,2,after_topology_validation
sample-igg-W-19::1420,sample-igg-W-19,1420,4,True,lt_min_leaves,topological,1,0,1,3,after_topology_validation
sample-igg-W-19::170,sample-igg-W-19,170,1,True,lt_min_leaves,topological,1,0,1,2,after_topology_validation
sample-igg-W-19::252,sample-igg-W-19,252,4,True,lt_min_leaves,topological,1,0,2,3,after_topology_validation
sample-igg-W-19::143,sample-igg-W-19,143,5,True,lt_min_leaves,topological,1,0,2,4,after_topology_validation
sample-igg-W-19::1248,sample-igg-W-19,1248,1,True,lt_min_leaves,topological,1,0,1,2,after_topology_validation
sample-igg-W-19::1058,sample-igg-W-19,1058,3,True,lt_min_leaves,topological,1,0,2,3,after_topology_validation
sample-igg-W-19::41,sample-igg-W-19,41,3,True,lt_min_leaves,topological,1,0,1,3,after_topology_validation
sample-igg-W-19::17,sample-igg-W-19,17,1,True,lt_min_leaves,topological,1,0,1,2,after_topology_validation
sample-igg-W-19::42,sample-igg-W-19,42,3,True,lt_min_leaves,topological,1,0,1,3,after_topology_validation
sample-igg-W-19::20,sample-igg-W-19,20,7,True,lt_min_leaves,topological,1,0,1,4,after_topology_validation
sample-igg-SC-4::1333,sample-igg-SC-4,1333,1,True,lt_min_leaves,topological,1,0,1,2,after_topology_validation
sample-igg-SC-4::3050,sample-igg-SC-4,3050,2,True,lt_min_leaves,topological,1,0,2,2,after_topology_validation
sample-igg-SC-4::2376,sample-igg-SC-4,2376,2,True,lt_min_leaves,topological,1,0,2,2,after_topology_validation
sample-igg-SC-4::220,sample-igg-SC-4,220,1,True,lt_min_leaves,topological,1,0,1,2,after_topology_validation
sample-igg-SC-4::2549,sample-igg-SC-4,2549,2,True,lt_min_leaves,topological,1,0,1,2,after_topology_validation
sample-igg-SC-4::1182,sample-igg-SC-4,1182,1,True,lt_min_leaves,topological,1,0,1,2,after_topology_validation
sample-igg-SC-4::421,sample-igg-SC-4,421,2,True,lt_min_leaves,topological,1,0,1,2,after_topology_validation
sample-igg-SC-4::857,sample-igg-SC-4,857,1,True,lt_min_leaves,topological,1,0,0,2,after_topology_validation
sample-igg-SC-4::2613,sample-igg-SC-4,2613,1,True,lt_min_leaves,topological,1,0,1,2,after_topology_validation
sample-igg-SC-4::1568,sample-igg-SC-4,1568,2,True,lt_min_leaves,topological,1,0,2,2,after_topology_validation
sample-igg-SC-4::1162,sample-igg-SC-4,1162,4,True,lt_min_leaves,topological,1,0,2,3,after_topology_validation
sample-igg-SC-4::524,sample-igg-SC-4,524,2,True,lt_min_leaves,topological,1,0,1,2,after_topology_validation
sample-igg-SC-4::2009,sample-igg-SC-4,2009,2,True,lt_min_leaves,topological,1,0,2,2,after_topology_validation
sample-igg-SC-4::1385,sample-igg-SC-4,1385,4,True,lt_min_leaves,topological,1,0,2,3,after_topology_validation
sample-igg-SC-4::1172,sample-igg-SC-4,1172,2,True,lt_min_leaves,topological,1,0,2,2,after_topology_validation
sample-igg-SC-4::1343,sample-igg-SC-4,1343,1,True,lt_min_leaves,topological,1,0,1,2,after_topology_validation
sample-igg-SC-4::2968,sample-igg-SC-4,2968,2,True,lt_min_leaves,topological,1,0,1,2,after_topology_validation
sample-igg-SC-4::696,sample-igg-SC-4,696,2,True,lt_min_leaves,topological,1,0,2,2,after_topology_validation
sample-igg-SC-4::573,sample-igg-SC-4,573,2,True,lt_min_leaves,topological,1,0,2,2,after_topology_validation
sample-igg-SC-4::2971,sample-igg-SC-4,2971,1,True,lt_min_leaves,topological,1,0,1,2,after_topology_validation
sample-igg-SC-4::600,sample-igg-SC-4,600,2,True,lt_min_leaves,topological,1,0,2,2,after_topology_validation
sample-igg-SC-4::2839,sample-igg-SC-4,2839,1,True,lt_min_leaves,topological,1,0,1,2,after_topology_validation
sample-igg-SC-4::722,sample-igg-SC-4,722,2,True,lt_min_leaves,topological,1,0,1,2,after_topology_validation
sample-igg-SC-4::3077,sample-igg-SC-4,3077,3,True,lt_min_leaves,topological,1,0,2,3,after_topology_validation
sample-igg-SC-4::778,sample-igg-SC-4,778,2,True,lt_min_leaves,topological,1,0,1,2,after_topology_validation
sample-igg-SC-4::400,sample-igg-SC-4,400,1,True,lt_min_leaves,topological,1,0,0,2,after_topology_validation
sample-igg-SC-4::1845,sample-igg-SC-4,1845,1,True,lt_min_leaves,topological,1,0,1,2,after_topology_validation
sample-igg-SC-4::568,sample-igg-SC-4,568,1,True,lt_min_leaves,topological,1,0,0,2,after_topology_validation
sample-igg-SC-4::1077,sample-igg-SC-4,1077,2,True,lt_min_leaves,topological,1,0,1,2,after_topology_validation
sample-igg-SC-4::2010,sample-igg-SC-4,2010,2,True,lt_min_leaves,topological,1,0,1,2,after_topology_validation
sample-igg-SC-4::166,sample-igg-SC-4,166,2,True,lt_min_leaves,topological,1,0,1,2,after_topology_validation
sample-igg-SC-4::2956,sample-igg-SC-4,2956,2,True,lt_min_leaves,topological,1,0,1,2,after_topology_validation
sample-igg-SC-4::2918,sample-igg-SC-4,2918,1,True,lt_min_leaves,topological,1,0,1,2,after_topology_validation
sample-igg-SC-4::95,sample-igg-SC-4,95,2,True,lt_min_leaves,topological,1,0,0,2,after_topology_validation
sample-igg-SC-4::3067,sample-igg-SC-4,3067,2,True,lt_min_leaves,topological,1,0,1,2,after_topology_validation
sample-igg-SC-4::1870,sample-igg-SC-4,1870,2,True,lt_min_leaves,topological,1,0,2,2,after_topology_validation
sample-igg-SC-4::2952,sample-igg-SC-4,2952,2,True,lt_min_leaves,topological,1,0,1,2,after_topology_validation
sample-igg-SC-4::1405,sample-igg-SC-4,1405,1,True,lt_min_leaves,topological,1,0,1,2,after_topology_validation
sample-igg-SC-4::1458,sample-igg-SC-4,1458,1,True,lt_min_leaves,topological,1,0,1,2,after_topology_validation
sample-igg-SC-4::2265,sample-igg-SC-4,2265,1,True,lt_min_leaves,topological,1,0,1,2,after_topology_validation
sample-igg-SC-4::2625,sample-igg-SC-4,2625,1,True,lt_min_leaves,topological,1,0,1,2,after_topology_validation
sample-igg-SC-4::2365,sample-igg-SC-4,2365,2,True,lt_min_leaves,topological,1,0,0,2,after_topology_validation
sample-igg-SC-4::223,sample-igg-SC-4,223,2,True,lt_min_leaves,topological,1,0,1,2,after_topology_validation
sample-igg-SC-4::2572,sample-igg-SC-4,2572,2,True,lt_min_leaves,topological,1,0,1,2,after_topology_validation
sample-igg-SC-4::97,sample-igg-SC-4,97,1,True,lt_min_leaves,topological,1,0,1,2,after_topology_validation
sample-igg-SC-4::2831,sample-igg-SC-4,2831,2,True,lt_min_leaves,topological,1,0,1,2,after_topology_validation
sample-igg-SC-4::1733,sample-igg-SC-4,1733,2,True,lt_min_leaves,topological,1,0,1,2,after_topology_validation
sample-igg-SC-4::1456,sample-igg-SC-4,1456,2,True,lt_min_leaves,topological,1,0,1,2,after_topology_validation
sample-igg-SC-4::1993,sample-igg-SC-4,1993,1,True,lt_min_leaves,topological,1,0,1,2,after_topology_validation
sample-igg-SC-4::805,sample-igg-SC-4,805,1,True,lt_min_leaves,topological,1,0,0,2,after_topology_validation
sample-igg-SC-4::1758,sample-igg-SC-4,1758,2,True,lt_min_leaves,topological,1,0,1,2,after_topology_validation
sample-igg-SC-4::199,sample-igg-SC-4,199,1,True,lt_min_leaves,topological,1,0,1,2,after_topology_validation
sample-igg-SC-4::1470,sample-igg-SC-4,1470,2,True,lt_min_leaves,topological,1,0,2,2,after_topology_validation
sample-igg-SC-4::64,sample-igg-SC-4,64,1,True,lt_min_leaves,topological,1,0,1,2,after_topology_validation
sample-igg-SC-4::955,sample-igg-SC-4,955,2,True,lt_min_leaves,topological,1,0,1,2,after_topology_validation
sample-igg-SC-4::224,sample-igg-SC-4,224,2,True,lt_min_leaves,topological,1,0,2,2,after_topology_validation
sample-igg-SC-4::1165,sample-igg-SC-4,1165,1,True,lt_min_leaves,topological,1,0,1,2,after_topology_validation
sample-igg-SC-4::1930,sample-igg-SC-4,1930,2,True,lt_min_leaves,topological,1,0,2,2,after_topology_validation
sample-igg-SC-4::173,sample-igg-SC-4,173,3,True,lt_min_leaves,topological,1,0,2,3,after_topology_validation
sample-igg-SC-4::42,sample-igg-SC-4,42,2,True,lt_min_leaves,topological,1,0,1,2,after_topology_validation
sample-igg-SC-4::1537,sample-igg-SC-4,1537,3,True,multi_root_no_usable_naive,,2,0,0,3,raw_families
sample-igg-SC-4::688,sample-igg-SC-4,688,2,True,lt_min_leaves,topological,1,0,1,2,after_topology_validation
sample-igg-SC-4::2366,sample-igg-SC-4,2366,2,True,lt_min_leaves,topological,1,0,1,2,after_topology_validation
sample-igg-SC-4::1090,sample-igg-SC-4,1090,2,True,lt_min_leaves,topological,1,0,0,2,after_topology_validation
sample-igg-SC-4::2488,sample-igg-SC-4,2488,1,True,lt_min_leaves,topological,1,0,1,2,after_topology_validation
sample-igg-SC-4::2046,sample-igg-SC-4,2046,4,True,lt_min_leaves,topological,1,0,3,3,after_topology_validation
sample-igg-SC-4::325,sample-igg-SC-4,325,2,True,lt_min_leaves,topological,1,0,1,2,after_topology_validation
sample-igg-SC-4::961,sample-igg-SC-4,961,1,True,lt_min_leaves,topological,1,0,0,2,after_topology_validation
sample-igg-SC-4::1757,sample-igg-SC-4,1757,2,True,lt_min_leaves,topological,1,0,0,2,after_topology_validation
sample-igg-SC-4::2849,sample-igg-SC-4,2849,1,True,lt_min_leaves,topological,1,0,1,2,after_topology_validation
sample-igg-SC-4::1275,sample-igg-SC-4,1275,2,True,lt_min_leaves,topological,1,0,0,2,after_topology_validation
sample-igg-SC-4::1593,sample-igg-SC-4,1593,1,True,lt_min_leaves,topological,1,0,0,2,after_topology_validation
sample-igg-SC-4::332,sample-igg-SC-4,332,2,True,lt_min_leaves,topological,1,0,1,2,after_topology_validation
sample-igg-SC-4::1965,sample-igg-SC-4,1965,2,True,lt_min_leaves,topological,1,0,2,2,after_topology_validation
sample-igg-SC-4::817,sample-igg-SC-4,817,2,True,lt_min_leaves,topological,1,0,2,2,after_topology_validation
sample-igg-SC-4::237,sample-igg-SC-4,237,2,True,lt_min_leaves,topological,1,0,1,2,after_topology_validation
sample-igg-SC-4::182,sample-igg-SC-4,182,1,True,lt_min_leaves,topological,1,0,1,2,after_topology_validation
sample-igg-SC-4::45,sample-igg-SC-4,45,1,True,lt_min_leaves,topological,1,0,1,2,after_topology_validation
sample-igg-SC-4::1459,sample-igg-SC-4,1459,2,True,lt_min_leaves,topological,1,0,1,2,after_topology_validation
sample-igg-SC-4::836,sample-igg-SC-4,836,1,True,lt_min_leaves,topological,1,0,0,2,after_topology_validation
sample-igg-SC-4::594,sample-igg-SC-4,594,2,True,lt_min_leaves,topological,1,0,1,2,after_topology_validation
sample-igg-SC-4::271,sample-igg-SC-4,271,1,True,lt_min_leaves,topological,1,0,1,2,after_topology_validation
sample-igg-SC-4::1402,sample-igg-SC-4,1402,4,True,lt_min_leaves,topological,1,0,3,3,after_topology_validation
sample-igg-SC-4::1910,sample-igg-SC-4,1910,4,True,lt_min_leaves,topological,1,0,2,3,after_topology_validation
sample-igg-SC-4::3044,sample-igg-SC-4,3044,2,True,lt_min_leaves,topological,1,0,2,2,after_topology_validation
sample-igg-SC-4::510,sample-igg-SC-4,510,2,True,lt_min_leaves,topological,1,0,1,2,after_topology_validation
sample-igg-SC-4::1241,sample-igg-SC-4,1241,2,True,multi_root_no_usable_naive,,2,0,0,3,raw_families
sample-igg-SC-4::55,sample-igg-SC-4,55,4,True,lt_min_leaves,topological,1,0,3,3,after_topology_validation
sample-igg-SC-4::141,sample-igg-SC-4,141,2,True,lt_min_leaves,topological,1,0,2,2,after_topology_validation
sample-igg-SC-4::782,sample-igg-SC-4,782,1,True,lt_min_leaves,topological,1,0,0,2,after_topology_validation
sample-igg-SC-4::2180,sample-igg-SC-4,2180,2,True,lt_min_leaves,topological,1,0,2,2,after_topology_validation
sample-igg-SC-4::2420,sample-igg-SC-4,2420,1,True,lt_min_leaves,topological,1,0,1,2,after_topology_validation
sample-igg-SC-4::2372,sample-igg-SC-4,2372,2,True,lt_min_leaves,topological,1,0,1,2,after_topology_validation
sample-igg-SC-4::940,sample-igg-SC-4,940,2,True,lt_min_leaves,topological,1,0,1,2,after_topology_validation
sample-igg-SC-4::1764,sample-igg-SC-4,1764,1,True,lt_min_leaves,topological,1,0,1,2,after_topology_validation
sample-igg-SC-4::2110,sample-igg-SC-4,2110,2,True,lt_min_leaves,topological,1,0,1,2,after_topology_validation
sample-igg-SC-4::2161,sample-igg-SC-4,2161,1,True,lt_min_leaves,topological,1,0,1,2,after_topology_validation
sample-igg-SC-4::1101,sample-igg-SC-4,1101,2,True,lt_min_leaves,topological,1,0,2,2,after_topology_validation
sample-igg-SC-4::830,sample-igg-SC-4,830,1,True,lt_min_leaves,topological,1,0,1,2,after_topology_validation
sample-igg-SC-4::2262,sample-igg-SC-4,2262,2,True,lt_min_leaves,topological,1,0,2,2,after_topology_validation
sample-igg-SC-4::1958,sample-igg-SC-4,1958,2,True,lt_min_leaves,topological,1,0,2,2,after_topology_validation
sample-igg-SC-4::3059,sample-igg-SC-4,3059,2,True,lt_min_leaves,topological,1,0,1,2,after_topology_validation
sample-igg-SC-4::298,sample-igg-SC-4,298,1,True,lt_min_leaves,topological,1,0,1,2,after_topology_validation
sample-igg-SC-4::644,sample-igg-SC-4,644,2,True,lt_min_leaves,topological,1,0,2,2,after_topology_validation
sample-igg-SC-4::1448,sample-igg-SC-4,1448,1,True,lt_min_leaves,topological,1,0,0,2,after_topology_validation
sample-igg-SC-4::192,sample-igg-SC-4,192,4,True,lt_min_leaves,topological,1,0,3,3,after_topology_validation
sample-igg-SC-4::1880,sample-igg-SC-4,1880,2,True,lt_min_leaves,topological,1,0,1,2,after_topology_validation
sample-igg-SC-4::2717,sample-igg-SC-4,2717,2,True,lt_min_leaves,topological,1,0,2,2,after_topology_validation
sample-igg-SC-4::395,sample-igg-SC-4,395,1,True,lt_min_leaves,topological,1,0,0,2,after_topology_validation
sample-igg-SC-4::2606,sample-igg-SC-4,2606,1,True,lt_min_leaves,topological,1,0,1,2,after_topology_validation
sample-igg-SC-4::392,sample-igg-SC-4,392,1,True,lt_min_leaves,topological,1,0,1,2,after_topology_validation
sample-igg-SC-4::3118,sample-igg-SC-4,3118,1,True,lt_min_leaves,topological,1,0,1,2,after_topology_validation
sample-igg-SC-4::2433,sample-igg-SC-4,2433,2,True,lt_min_leaves,topological,1,0,1,2,after_topology_validation
sample-igg-SC-4::615,sample-igg-SC-4,615,4,True,lt_min_leaves,topological,1,0,2,3,after_topology_validation
sample-igg-SC-4::601,sample-igg-SC-4,601,2,True,lt_min_leaves,topological,1,0,1,2,after_topology_validation
sample-igg-SC-4::1067,sample-igg-SC-4,1067,2,True,lt_min_leaves,topological,1,0,1,2,after_topology_validation
sample-igg-SC-4::1741,sample-igg-SC-4,1741,2,True,lt_min_leaves,topological,1,0,1,2,after_topology_validation
sample-igg-SC-4::127,sample-igg-SC-4,127,4,True,lt_min_leaves,topological,1,0,3,3,after_topology_validation
sample-igg-SC-4::185,sample-igg-SC-4,185,2,True,lt_min_leaves,topological,1,0,1,2,after_topology_validation
sample-igg-SC-4::1686,sample-igg-SC-4,1686,1,True,lt_min_leaves,topological,1,0,1,2,after_topology_validation
sample-igg-SC-4::57,sample-igg-SC-4,57,2,True,lt_min_leaves,topological,1,0,1,2,after_topology_validation
sample-igg-SC-4::1430,sample-igg-SC-4,1430,1,True,lt_min_leaves,topological,1,0,1,2,after_topology_validation
sample-igg-SC-4::756,sample-igg-SC-4,756,2,True,lt_min_leaves,topological,1,0,1,2,after_topology_validation
sample-igg-SC-4::628,sample-igg-SC-4,628,2,True,lt_min_leaves,topological,1,0,2,2,after_topology_validation
sample-igg-SC-4::2007,sample-igg-SC-4,2007,1,True,lt_min_leaves,topological,1,0,1,2,after_topology_validation
sample-igg-SC-4::2090,sample-igg-SC-4,2090,1,True,lt_min_leaves,topological,1,0,1,2,after_topology_validation
sample-igg-SC-4::205,sample-igg-SC-4,205,3,True,lt_min_leaves,topological,1,0,1,3,after_topology_validation
sample-igg-SC-4::96,sample-igg-SC-4,96,1,True,lt_min_leaves,topological,1,0,1,2,after_topology_validation
sample-igg-SC-4::2523,sample-igg-SC-4,2523,1,True,lt_min_leaves,topological,1,0,1,2,after_topology_validation
sample-igg-SC-4::2483,sample-igg-SC-4,2483,1,True,lt_min_leaves,topological,1,0,1,2,after_topology_validation
sample-igg-SC-4::649,sample-igg-SC-4,649,2,True,lt_min_leaves,topological,1,0,2,2,after_topology_validation
sample-igg-SC-4::347,sample-igg-SC-4,347,2,True,lt_min_leaves,topological,1,0,2,2,after_topology_validation
sample-igg-SC-4::1135,sample-igg-SC-4,1135,1,True,lt_min_leaves,topological,1,0,0,2,after_topology_validation
sample-igg-SC-4::76,sample-igg-SC-4,76,1,True,lt_min_leaves,topological,1,0,1,2,after_topology_validation
sample-igg-SC-4::1308,sample-igg-SC-4,1308,2,True,lt_min_leaves,topological,1,0,0,2,after_topology_validation
sample-igg-SC-4::1326,sample-igg-SC-4,1326,1,True,lt_min_leaves,topological,1,0,1,2,after_topology_validation
sample-igg-SC-4::1009,sample-igg-SC-4,1009,1,True,lt_min_leaves,topological,1,0,1,2,after_topology_validation
sample-igg-SC-4::2410,sample-igg-SC-4,2410,2,True,lt_min_leaves,topological,1,0,1,2,after_topology_validation
sample-igg-SC-4::2910,sample-igg-SC-4,2910,1,True,lt_min_leaves,topological,1,0,1,2,after_topology_validation
sample-igg-SC-4::753,sample-igg-SC-4,753,2,True,lt_min_leaves,topological,1,0,2,2,after_topology_validation
sample-igg-SC-4::2170,sample-igg-SC-4,2170,2,True,lt_min_leaves,topological,1,0,1,2,after_topology_validation
sample-igg-SC-4::443,sample-igg-SC-4,443,1,True,lt_min_leaves,topological,1,0,1,2,after_topology_validation
sample-igg-SC-4::364,sample-igg-SC-4,364,2,True,lt_min_leaves,topological,1,0,0,2,after_topology_validation
sample-igg-SC-4::215,sample-igg-SC-4,215,2,True,lt_min_leaves,topological,1,0,1,2,after_topology_validation
sample-igg-SC-4::2619,sample-igg-SC-4,2619,1,True,lt_min_leaves,topological,1,0,1,2,after_topology_validation
sample-igg-SC-4::2989,sample-igg-SC-4,2989,1,True,lt_min_leaves,topological,1,0,1,2,after_topology_validation
sample-igg-SC-4::2174,sample-igg-SC-4,2174,2,True,lt_min_leaves,topological,1,0,0,2,after_topology_validation
sample-igg-SC-4::2323,sample-igg-SC-4,2323,2,True,lt_min_leaves,topological,1,0,1,2,after_topology_validation
sample-igg-SC-4::890,sample-igg-SC-4,890,2,True,lt_min_leaves,topological,1,0,1,2,after_topology_validation
sample-igg-SC-4::93,sample-igg-SC-4,93,2,True,lt_min_leaves,topological,1,0,2,2,after_topology_validation
sample-igg-SC-4::1297,sample-igg-SC-4,1297,4,True,lt_min_leaves,topological,1,0,3,3,after_topology_validation
sample-igg-SC-4::1857,sample-igg-SC-4,1857,2,True,lt_min_leaves,topological,1,0,2,2,after_topology_validation
sample-igg-SC-4::1695,sample-igg-SC-4,1695,1,True,lt_min_leaves,topological,1,0,1,2,after_topology_validation
sample-igg-SC-4::2049,sample-igg-SC-4,2049,2,True,lt_min_leaves,topological,1,0,1,2,after_topology_validation
sample-igg-SC-4::854,sample-igg-SC-4,854,2,True,lt_min_leaves,topological,1,0,2,2,after_topology_validation
sample-igg-SC-4::369,sample-igg-SC-4,369,4,True,lt_min_leaves,topological,1,0,2,3,after_topology_validation
sample-igg-SC-4::1454,sample-igg-SC-4,1454,1,True,lt_min_leaves,topological,1,0,1,2,after_topology_validation
sample-igg-SC-4::1724,sample-igg-SC-4,1724,1,True,lt_min_leaves,topological,1,0,1,2,after_topology_validation
sample-igg-SC-4::1084,sample-igg-SC-4,1084,2,True,lt_min_leaves,topological,1,0,1,2,after_topology_validation
sample-igg-SC-4::1210,sample-igg-SC-4,1210,1,True,lt_min_leaves,topological,1,0,1,2,after_topology_validation
sample-igg-SC-4::189,sample-igg-SC-4,189,4,True,lt_min_leaves,topological,1,0,2,3,after_topology_validation
sample-igg-SC-4::1421,sample-igg-SC-4,1421,1,True,lt_min_leaves,topological,1,0,1,2,after_topology_validation
sample-igg-SC-4::3085,sample-igg-SC-4,3085,1,True,lt_min_leaves,topological,1,0,0,2,after_topology_validation
sample-igg-SC-4::2048,sample-igg-SC-4,2048,3,True,lt_min_leaves,topological,1,0,2,3,after_topology_validation
sample-igg-SC-4::424,sample-igg-SC-4,424,2,True,lt_min_leaves,topological,1,0,2,2,after_topology_validation
sample-igg-SC-4::2751,sample-igg-SC-4,2751,1,True,lt_min_leaves,topological,1,0,1,2,after_topology_validation
sample-igg-SC-4::800,sample-igg-SC-4,800,2,True,lt_min_leaves,topological,1,0,1,2,after_topology_validation
sample-igg-SC-4::2338,sample-igg-SC-4,2338,1,True,lt_min_leaves,topological,1,0,1,2,after_topology_validation
sample-igg-SC-4::2554,sample-igg-SC-4,2554,4,True,lt_min_leaves,topological,1,0,0,3,after_topology_validation
sample-igg-SC-4::576,sample-igg-SC-4,576,3,True,lt_min_leaves,topological,1,0,1,3,after_topology_validation
sample-igg-SC-4::1247,sample-igg-SC-4,1247,2,True,lt_min_leaves,topological,1,0,0,2,after_topology_validation
sample-igg-SC-4::1740,sample-igg-SC-4,1740,1,True,lt_min_leaves,topological,1,0,0,2,after_topology_validation
sample-igg-SC-4::294,sample-igg-SC-4,294,7,True,lt_min_leaves,topological,1,0,2,4,after_topology_validation
sample-igg-SC-4::2470,sample-igg-SC-4,2470,2,True,lt_min_leaves,topological,1,0,0,2,after_topology_validation
sample-igg-SC-4::1048,sample-igg-SC-4,1048,1,True,lt_min_leaves,topological,1,0,0,2,after_topology_validation
sample-igg-SC-4::2064,sample-igg-SC-4,2064,2,True,lt_min_leaves,topological,1,0,1,3,after_topology_validation
sample-igg-SC-4::2008,sample-igg-SC-4,2008,1,True,lt_min_leaves,topological,1,0,0,2,after_topology_validation
sample-igg-SC-4::2029,sample-igg-SC-4,2029,14,True,lt_min_leaves,topological,1,0,0,6,after_topology_validation
sample-igg-SC-4::3013,sample-igg-SC-4,3013,7,True,multi_root_no_usable_naive,,2,0,0,5,raw_families
sample-igg-SC-4::2508,sample-igg-SC-4,2508,1,True,lt_min_leaves,topological,1,0,0,2,after_topology_validation
sample-igg-SC-4::1223,sample-igg-SC-4,1223,1,True,lt_min_leaves,topological,1,0,0,2,after_topology_validation
sample-igg-SC-4::346,sample-igg-SC-4,346,4,True,lt_min_leaves,topological,1,0,0,3,after_topology_validation
sample-igg-SC-4::38,sample-igg-SC-4,38,9,True,multi_root_no_usable_naive,,2,0,0,5,raw_families
sample-igg-SC-4::1783,sample-igg-SC-4,1783,2,True,lt_min_leaves,topological,1,0,0,2,after_topology_validation
sample-igg-SC-4::695,sample-igg-SC-4,695,3,True,multi_root_no_usable_naive,,2,0,0,4,raw_families
sample-igg-SC-4::679,sample-igg-SC-4,679,2,True,lt_min_leaves,topological,1,0,0,2,after_topology_validation
sample-igg-SC-4::297,sample-igg-SC-4,297,2,True,lt_min_leaves,topological,1,0,1,2,after_topology_validation
sample-igg-SC-4::1790,sample-igg-SC-4,1790,4,True,lt_min_leaves,topological,1,0,1,3,after_topology_validation
sample-igg-SC-4::2177,sample-igg-SC-4,2177,6,True,multi_root_no_usable_naive,,2,0,0,5,raw_families
sample-igg-SC-4::300,sample-igg-SC-4,300,4,True,multi_root_no_usable_naive,,2,0,0,4,raw_families
sample-igg-SC-4::2813,sample-igg-SC-4,2813,13,True,lt_min_leaves,topological,1,0,2,6,after_topology_validation
sample-igg-SC-4::10,sample-igg-SC-4,10,2,True,lt_min_leaves,topological,1,0,1,2,after_topology_validation
sample-igg-SC-4::1137,sample-igg-SC-4,1137,1,True,lt_min_leaves,topological,1,0,1,2,after_topology_validation
sample-igg-SC-4::655,sample-igg-SC-4,655,2,True,lt_min_leaves,topological,1,0,0,2,after_topology_validation
sample-igg-SC-4::762,sample-igg-SC-4,762,2,True,lt_min_leaves,topological,1,0,0,2,after_topology_validation
sample-igg-SC-4::2489,sample-igg-SC-4,2489,2,True,lt_min_leaves,topological,1,0,0,2,after_topology_validation
sample-igg-SC-4::1756,sample-igg-SC-4,1756,4,True,lt_min_leaves,topological,1,0,2,4,after_topology_validation
sample-igg-SC-4::134,sample-igg-SC-4,134,2,True,lt_min_leaves,topological,1,0,0,2,after_topology_validation
sample-igg-SC-4::2732,sample-igg-SC-4,2732,2,True,lt_min_leaves,topological,1,0,1,2,after_topology_validation
sample-igg-SC-4::1045,sample-igg-SC-4,1045,2,True,lt_min_leaves,topological,1,0,1,2,after_topology_validation
sample-igg-SC-4::193,sample-igg-SC-4,193,2,True,lt_min_leaves,topological,1,0,0,2,after_topology_validation
sample-igg-SC-4::15,sample-igg-SC-4,15,3,True,lt_min_leaves,topological,1,0,1,3,after_topology_validation
sample-igg-SC-4::2589,sample-igg-SC-4,2589,7,True,multi_root_no_usable_naive,,5,0,0,8,raw_families
sample-igg-SC-4::1190,sample-igg-SC-4,1190,1,True,lt_min_leaves,topological,1,0,1,2,after_topology_validation
sample-igg-SC-4::163,sample-igg-SC-4,163,2,True,lt_min_leaves,topological,1,0,1,2,after_topology_validation
sample-igg-SC-4::747,sample-igg-SC-4,747,1,True,lt_min_leaves,topological,1,0,0,2,after_topology_validation
sample-igg-SC-4::1447,sample-igg-SC-4,1447,7,True,multi_root_no_usable_naive,,2,0,0,4,raw_families
sample-igg-SC-4::1232,sample-igg-SC-4,1232,3,True,lt_min_leaves,topological,1,0,1,3,after_topology_validation
sample-igg-SC-4::552,sample-igg-SC-4,552,5,True,multi_root_no_usable_naive,,2,0,0,4,raw_families
sample-igg-SC-4::793,sample-igg-SC-4,793,2,True,lt_min_leaves,topological,1,0,0,2,after_topology_validation
sample-igg-SC-4::1465,sample-igg-SC-4,1465,4,True,lt_min_leaves,topological,1,0,0,3,after_topology_validation
sample-igg-SC-4::2557,sample-igg-SC-4,2557,17,True,lt_min_leaves,topological,1,0,2,7,after_topology_validation
sample-igg-SC-4::799,sample-igg-SC-4,799,2,True,lt_min_leaves,topological,1,0,0,2,after_topology_validation
sample-igg-SC-4::859,sample-igg-SC-4,859,1,True,lt_min_leaves,topological,1,0,1,2,after_topology_validation
sample-igg-SC-4::1230,sample-igg-SC-4,1230,6,True,multi_root_no_usable_naive,,2,0,0,5,raw_families
sample-igg-SC-4::1705,sample-igg-SC-4,1705,3,True,lt_min_leaves,topological,1,0,1,3,after_topology_validation
sample-igg-SC-4::1471,sample-igg-SC-4,1471,8,True,multi_root_no_usable_naive,,2,0,0,5,raw_families
sample-igg-SC-4::287,sample-igg-SC-4,287,2,True,lt_min_leaves,topological,1,0,0,2,after_topology_validation
sample-igg-SC-4::3010,sample-igg-SC-4,3010,2,True,lt_min_leaves,topological,1,0,0,2,after_topology_validation
sample-igg-SC-4::222,sample-igg-SC-4,222,3,True,lt_min_leaves,topological,1,0,1,3,after_topology_validation
sample-igg-SC-4::23,sample-igg-SC-4,23,3,True,lt_min_leaves,topological,1,0,0,3,after_topology_validation
sample-igg-SC-4::139,sample-igg-SC-4,139,2,True,lt_min_leaves,topological,1,0,0,2,after_topology_validation
sample-igg-SC-4::1019,sample-igg-SC-4,1019,1,True,lt_min_leaves,topological,1,0,1,2,after_topology_validation
sample-igg-SC-4::102,sample-igg-SC-4,102,4,True,lt_min_leaves,topological,1,0,1,3,after_topology_validation
sample-igg-SC-4::3096,sample-igg-SC-4,3096,2,True,lt_min_leaves,topological,1,0,0,2,after_topology_validation
sample-igg-SC-4::303,sample-igg-SC-4,303,1,True,lt_min_leaves,topological,1,0,0,2,after_topology_validation
sample-igg-SC-4::796,sample-igg-SC-4,796,4,True,lt_min_leaves,topological,1,0,1,3,after_topology_validation
sample-igg-SC-4::612,sample-igg-SC-4,612,4,True,multi_root_no_usable_naive,,2,0,0,4,raw_families
sample-igg-SC-4::1566,sample-igg-SC-4,1566,3,True,lt_min_leaves,topological,1,0,1,3,after_topology_validation
sample-igg-SC-4::2445,sample-igg-SC-4,2445,10,True,multi_root_no_usable_naive,,4,0,0,6,raw_families
sample-igg-SC-4::1962,sample-igg-SC-4,1962,2,True,lt_min_leaves,topological,1,0,0,2,after_topology_validation
sample-igg-SC-4::313,sample-igg-SC-4,313,10,True,lt_min_leaves,topological,1,0,1,5,after_topology_validation
sample-igg-SC-4::603,sample-igg-SC-4,603,2,True,lt_min_leaves,topological,1,0,0,2,after_topology_validation
sample-igg-SC-4::2713,sample-igg-SC-4,2713,2,True,lt_min_leaves,topological,1,0,0,2,after_topology_validation
sample-igg-SC-4::2417,sample-igg-SC-4,2417,3,True,multi_root_no_usable_naive,,2,0,0,5,raw_families
sample-igg-SC-4::1012,sample-igg-SC-4,1012,1,True,lt_min_leaves,topological,1,0,1,2,after_topology_validation
sample-igg-SC-4::1876,sample-igg-SC-4,1876,2,True,lt_min_leaves,topological,1,0,0,2,after_topology_validation
sample-igg-SC-4::592,sample-igg-SC-4,592,4,True,lt_min_leaves,topological,1,0,1,3,after_topology_validation
sample-igg-SC-4::3116,sample-igg-SC-4,3116,1,True,lt_min_leaves,topological,1,0,1,2,after_topology_validation
sample-igg-SC-4::575,sample-igg-SC-4,575,2,True,lt_min_leaves,topological,1,0,1,2,after_topology_validation
sample-igg-SC-4::1413,sample-igg-SC-4,1413,14,False,,topological,1,0,5,6,final_eligible
sample-igg-SC-4::2289,sample-igg-SC-4,2289,3,True,lt_min_leaves,topological,1,0,1,3,after_topology_validation
sample-igg-SC-4::1309,sample-igg-SC-4,1309,2,True,lt_min_leaves,topological,1,0,0,2,after_topology_validation
sample-igg-SC-4::1861,sample-igg-SC-4,1861,3,True,lt_min_leaves,topological,1,0,0,3,after_topology_validation
sample-igg-SC-4::1798,sample-igg-SC-4,1798,7,True,lt_min_leaves,topological,1,0,1,5,after_topology_validation
sample-igg-SC-4::167,sample-igg-SC-4,167,3,True,lt_min_leaves,topological,1,0,0,3,after_topology_validation
sample-igg-SC-4::2119,sample-igg-SC-4,2119,8,True,lt_min_leaves,topological,1,0,3,4,after_topology_validation
sample-igg-SC-4::1429,sample-igg-SC-4,1429,2,True,lt_min_leaves,topological,1,0,0,2,after_topology_validation
sample-igg-SC-4::523,sample-igg-SC-4,523,1,True,lt_min_leaves,topological,1,0,1,2,after_topology_validation
sample-igg-SC-4::2659,sample-igg-SC-4,2659,4,True,lt_min_leaves,topological,1,0,0,3,after_topology_validation
sample-igg-SC-4::1542,sample-igg-SC-4,1542,2,True,lt_min_leaves,topological,1,0,0,2,after_topology_validation
sample-igg-SC-4::422,sample-igg-SC-4,422,4,True,lt_min_leaves,topological,1,0,2,3,after_topology_validation
sample-igg-SC-4::2921,sample-igg-SC-4,2921,2,True,lt_min_leaves,topological,1,0,0,2,after_topology_validation
sample-igg-SC-4::247,sample-igg-SC-4,247,2,True,multi_root_no_usable_naive,,2,0,0,3,raw_families
sample-igg-SC-4::2356,sample-igg-SC-4,2356,1,True,lt_min_leaves,topological,1,0,1,2,after_topology_validation
sample-igg-SC-4::804,sample-igg-SC-4,804,4,True,lt_min_leaves,topological,1,0,1,3,after_topology_validation
sample-igg-SC-4::314,sample-igg-SC-4,314,4,True,lt_min_leaves,topological,1,0,0,3,after_topology_validation
sample-igg-SC-4::1630,sample-igg-SC-4,1630,2,True,lt_min_leaves,topological,1,0,0,2,after_topology_validation
sample-igg-SC-4::2066,sample-igg-SC-4,2066,5,True,lt_min_leaves,topological,1,0,2,4,after_topology_validation
sample-igg-SC-4::87,sample-igg-SC-4,87,2,True,lt_min_leaves,topological,1,0,0,2,after_topology_validation
sample-igg-SC-4::299,sample-igg-SC-4,299,5,True,lt_min_leaves,topological,1,0,1,3,after_topology_validation
sample-igg-SC-4::1071,sample-igg-SC-4,1071,2,True,lt_min_leaves,topological,1,0,1,2,after_topology_validation
sample-igg-SC-4::50,sample-igg-SC-4,50,4,True,lt_min_leaves,topological,1,0,1,3,after_topology_validation
sample-igg-SC-4::1008,sample-igg-SC-4,1008,1,True,lt_min_leaves,topological,1,0,1,2,after_topology_validation
sample-igg-SC-4::2799,sample-igg-SC-4,2799,2,True,lt_min_leaves,topological,1,0,1,2,after_topology_validation
sample-igg-SC-4::2030,sample-igg-SC-4,2030,4,True,lt_min_leaves,topological,1,0,1,3,after_topology_validation
sample-igg-SC-4::2535,sample-igg-SC-4,2535,2,True,lt_min_leaves,topological,1,0,0,2,after_topology_validation
sample-igg-SC-4::2607,sample-igg-SC-4,2607,1,True,lt_min_leaves,topological,1,0,1,2,after_topology_validation
sample-igg-SC-4::2374,sample-igg-SC-4,2374,1,True,lt_min_leaves,topological,1,0,1,2,after_topology_validation
sample-igg-SC-4::550,sample-igg-SC-4,550,2,True,lt_min_leaves,topological,1,0,0,2,after_topology_validation
sample-igg-SC-4::27,sample-igg-SC-4,27,3,True,lt_min_leaves,topological,1,0,1,3,after_topology_validation
sample-igg-SC-4::3107,sample-igg-SC-4,3107,2,True,lt_min_leaves,topological,1,0,0,2,after_topology_validation
sample-igg-SC-4::21,sample-igg-SC-4,21,3,True,lt_min_leaves,topological,1,0,1,3,after_topology_validation
sample-igg-SC-4::2400,sample-igg-SC-4,2400,2,True,lt_min_leaves,topological,1,0,0,2,after_topology_validation
sample-igg-SC-4::381,sample-igg-SC-4,381,2,True,lt_min_leaves,topological,1,0,0,2,after_topology_validation
sample-igg-SC-4::1396,sample-igg-SC-4,1396,2,True,lt_min_leaves,topological,1,0,0,2,after_topology_validation
sample-igg-SC-4::2947,sample-igg-SC-4,2947,2,True,lt_min_leaves,topological,1,0,0,2,after_topology_validation
sample-igg-SC-4::2069,sample-igg-SC-4,2069,4,True,lt_min_leaves,topological,1,0,2,3,after_topology_validation
sample-igg-SC-4::1434,sample-igg-SC-4,1434,4,True,lt_min_leaves,topological,1,0,2,3,after_topology_validation
sample-igg-SC-4::3046,sample-igg-SC-4,3046,2,True,lt_min_leaves,topological,1,0,1,2,after_topology_validation
sample-igg-SC-4::2807,sample-igg-SC-4,2807,20,True,multi_root_no_usable_naive,,3,0,0,12,raw_families
sample-igg-SC-4::1451,sample-igg-SC-4,1451,2,True,lt_min_leaves,topological,1,0,1,2,after_topology_validation
sample-igg-SC-4::589,sample-igg-SC-4,589,8,True,lt_min_leaves,topological,1,0,1,5,after_topology_validation
sample-igg-SC-4::1882,sample-igg-SC-4,1882,14,True,multi_root_no_usable_naive,,2,0,0,6,raw_families
sample-igg-SC-4::2081,sample-igg-SC-4,2081,3,True,lt_min_leaves,topological,1,0,1,3,after_topology_validation
sample-igg-SC-4::2415,sample-igg-SC-4,2415,2,True,lt_min_leaves,topological,1,0,1,2,after_topology_validation
sample-igg-SC-4::1742,sample-igg-SC-4,1742,3,True,lt_min_leaves,topological,1,0,1,3,after_topology_validation
sample-igg-SC-4::1946,sample-igg-SC-4,1946,2,True,lt_min_leaves,topological,1,0,1,2,after_topology_validation
sample-igg-SC-4::581,sample-igg-SC-4,581,2,True,lt_min_leaves,topological,1,0,0,2,after_topology_validation
sample-igg-SC-4::1209,sample-igg-SC-4,1209,2,True,multi_root_no_usable_naive,,2,0,0,3,raw_families
sample-igg-SC-4::277,sample-igg-SC-4,277,2,True,lt_min_leaves,topological,1,0,0,2,after_topology_validation
sample-igg-SC-4::501,sample-igg-SC-4,501,2,True,lt_min_leaves,topological,1,0,0,2,after_topology_validation
sample-igg-SC-4::2821,sample-igg-SC-4,2821,2,True,lt_min_leaves,topological,1,0,1,2,after_topology_validation
sample-igg-SC-4::1391,sample-igg-SC-4,1391,4,True,lt_min_leaves,topological,1,0,0,3,after_topology_validation
sample-igg-SC-4::1595,sample-igg-SC-4,1595,2,True,lt_min_leaves,topological,1,0,0,2,after_topology_validation
sample-igg-SC-4::493,sample-igg-SC-4,493,6,True,lt_min_leaves,topological,1,0,2,4,after_topology_validation
sample-igg-SC-4::315,sample-igg-SC-4,315,6,True,multi_root_no_usable_naive,,3,0,0,6,raw_families
sample-igg-SC-4::1890,sample-igg-SC-4,1890,4,True,lt_min_leaves,topological,1,0,1,3,after_topology_validation
sample-igg-SC-4::2039,sample-igg-SC-4,2039,2,True,lt_min_leaves,topological,1,0,0,2,after_topology_validation
sample-igg-SC-4::452,sample-igg-SC-4,452,1,True,lt_min_leaves,topological,1,0,1,2,after_topology_validation
sample-igg-SC-4::1453,sample-igg-SC-4,1453,2,True,multi_root_no_usable_naive,,2,0,0,3,raw_families
sample-igg-SC-4::2729,sample-igg-SC-4,2729,3,True,lt_min_leaves,topological,1,0,0,3,after_topology_validation
sample-igg-SC-4::19,sample-igg-SC-4,19,1,True,lt_min_leaves,topological,1,0,0,2,after_topology_validation
sample-igg-SC-4::761,sample-igg-SC-4,761,20,True,multi_root_no_usable_naive,,3,0,0,8,raw_families
sample-igg-SC-4::1032,sample-igg-SC-4,1032,2,True,lt_min_leaves,topological,1,0,0,2,after_topology_validation
sample-igg-SC-4::131,sample-igg-SC-4,131,2,True,lt_min_leaves,topological,1,0,1,2,after_topology_validation
sample-igg-SC-4::858,sample-igg-SC-4,858,4,True,lt_min_leaves,topological,1,0,1,3,after_topology_validation
sample-igg-SC-4::2537,sample-igg-SC-4,2537,2,True,lt_min_leaves,topological,1,0,0,2,after_topology_validation
sample-igg-SC-4::1461,sample-igg-SC-4,1461,4,True,lt_min_leaves,topological,1,0,0,3,after_topology_validation
sample-igg-SC-4::454,sample-igg-SC-4,454,2,True,lt_min_leaves,topological,1,0,0,2,after_topology_validation
sample-igg-SC-4::170,sample-igg-SC-4,170,9,True,lt_min_leaves,topological,1,0,2,4,after_topology_validation
sample-igg-SC-4::1556,sample-igg-SC-4,1556,1,True,lt_min_leaves,topological,1,0,1,2,after_topology_validation
sample-igg-SC-4::994,sample-igg-SC-4,994,2,True,lt_min_leaves,topological,1,0,1,2,after_topology_validation
sample-igg-SC-4::267,sample-igg-SC-4,267,2,True,lt_min_leaves,topological,1,0,0,2,after_topology_validation
sample-igg-SC-4::2680,sample-igg-SC-4,2680,3,True,lt_min_leaves,topological,1,0,1,3,after_topology_validation
sample-igg-SC-4::490,sample-igg-SC-4,490,1,True,lt_min_leaves,topological,1,0,0,2,after_topology_validation
sample-igg-SC-4::781,sample-igg-SC-4,781,2,True,lt_min_leaves,topological,1,0,0,2,after_topology_validation
sample-igg-SC-4::876,sample-igg-SC-4,876,2,True,lt_min_leaves,topological,1,0,0,2,after_topology_validation
sample-igg-SC-4::2337,sample-igg-SC-4,2337,2,True,lt_min_leaves,topological,1,0,1,2,after_topology_validation
sample-igg-SC-4::20,sample-igg-SC-4,20,6,True,lt_min_leaves,topological,1,0,1,4,after_topology_validation
sample-igg-SC-4::1407,sample-igg-SC-4,1407,1,True,lt_min_leaves,topological,1,0,1,2,after_topology_validation
sample-igg-SC-4::98,sample-igg-SC-4,98,2,True,lt_min_leaves,topological,1,0,1,2,after_topology_validation
sample-igg-SC-4::236,sample-igg-SC-4,236,4,True,lt_min_leaves,topological,1,0,1,3,after_topology_validation
sample-igg-SC-4::846,sample-igg-SC-4,846,2,True,lt_min_leaves,topological,1,0,1,2,after_topology_validation
sample-igg-W-61::86,sample-igg-W-61,86,2,True,lt_min_leaves,topological,1,0,1,2,after_topology_validation
sample-igg-W-61::346,sample-igg-W-61,346,2,True,lt_min_leaves,topological,1,0,1,2,after_topology_validation
sample-igg-W-61::167,sample-igg-W-61,167,2,True,lt_min_leaves,topological,1,0,1,2,after_topology_validation
sample-igg-W-61::79,sample-igg-W-61,79,2,True,lt_min_leaves,topological,1,0,1,2,after_topology_validation
sample-igg-W-61::227,sample-igg-W-61,227,2,True,lt_min_leaves,topological,1,0,2,2,after_topology_validation
sample-igg-W-61::108,sample-igg-W-61,108,1,True,lt_min_leaves,topological,1,0,1,2,after_topology_validation
sample-igg-W-61::312,sample-igg-W-61,312,2,True,lt_min_leaves,topological,1,0,1,2,after_topology_validation
sample-igg-W-61::160,sample-igg-W-61,160,3,True,lt_min_leaves,topological,1,0,1,3,after_topology_validation
sample-igg-W-61::33,sample-igg-W-61,33,2,True,lt_min_leaves,topological,1,0,2,2,after_topology_validation
sample-igg-W-61::15,sample-igg-W-61,15,2,True,lt_min_leaves,topological,1,0,2,2,after_topology_validation
sample-igg-W-61::275,sample-igg-W-61,275,2,True,lt_min_leaves,topological,1,0,2,2,after_topology_validation
sample-igg-W-61::644,sample-igg-W-61,644,1,True,lt_min_leaves,topological,1,0,1,2,after_topology_validation
sample-igg-W-61::575,sample-igg-W-61,575,4,True,lt_min_leaves,topological,1,0,2,3,after_topology_validation
sample-igg-W-61::412,sample-igg-W-61,412,4,True,lt_min_leaves,topological,1,0,2,3,after_topology_validation
sample-igg-W-61::340,sample-igg-W-61,340,1,True,lt_min_leaves,topological,1,0,1,2,after_topology_validation
sample-igg-W-61::194,sample-igg-W-61,194,2,True,lt_min_leaves,topological,1,0,2,2,after_topology_validation
sample-igg-W-61::84,sample-igg-W-61,84,2,True,lt_min_leaves,topological,1,0,2,2,after_topology_validation
sample-igg-W-61::42,sample-igg-W-61,42,2,True,lt_min_leaves,topological,1,0,1,2,after_topology_validation
sample-igg-W-61::646,sample-igg-W-61,646,2,True,lt_min_leaves,topological,1,0,1,2,after_topology_validation
sample-igg-W-61::628,sample-igg-W-61,628,1,True,lt_min_leaves,topological,1,0,1,2,after_topology_validation
sample-igg-W-61::301,sample-igg-W-61,301,2,True,lt_min_leaves,topological,1,0,1,2,after_topology_validation
sample-igg-W-61::405,sample-igg-W-61,405,1,True,lt_min_leaves,topological,1,0,1,2,after_topology_validation
sample-igg-W-61::599,sample-igg-W-61,599,1,True,lt_min_leaves,topological,1,0,1,2,after_topology_validation
sample-igg-W-61::224,sample-igg-W-61,224,4,True,lt_min_leaves,topological,1,0,3,3,after_topology_validation
sample-igg-W-61::265,sample-igg-W-61,265,2,True,lt_min_leaves,topological,1,0,2,2,after_topology_validation
sample-igg-W-61::251,sample-igg-W-61,251,1,True,lt_min_leaves,topological,1,0,1,2,after_topology_validation
sample-igg-W-61::343,sample-igg-W-61,343,2,True,lt_min_leaves,topological,1,0,2,2,after_topology_validation
sample-igg-W-61::231,sample-igg-W-61,231,1,True,lt_min_leaves,topological,1,0,1,2,after_topology_validation
sample-igg-W-61::450,sample-igg-W-61,450,2,True,lt_min_leaves,topological,1,0,1,2,after_topology_validation
sample-igg-W-61::94,sample-igg-W-61,94,1,True,lt_min_leaves,topological,1,0,1,2,after_topology_validation
sample-igg-W-61::456,sample-igg-W-61,456,2,True,lt_min_leaves,topological,1,0,2,2,after_topology_validation
sample-igg-W-61::427,sample-igg-W-61,427,1,True,lt_min_leaves,topological,1,0,1,2,after_topology_validation
sample-igg-W-61::101,sample-igg-W-61,101,4,True,lt_min_leaves,topological,1,0,2,3,after_topology_validation
sample-igg-W-61::26,sample-igg-W-61,26,2,True,lt_min_leaves,topological,1,0,0,2,after_topology_validation
sample-igg-W-61::497,sample-igg-W-61,497,3,True,lt_min_leaves,topological,1,0,2,3,after_topology_validation
sample-igg-W-61::582,sample-igg-W-61,582,1,True,lt_min_leaves,topological,1,0,1,2,after_topology_validation
sample-igg-W-61::324,sample-igg-W-61,324,1,True,lt_min_leaves,topological,1,0,1,2,after_topology_validation
sample-igg-W-61::492,sample-igg-W-61,492,2,True,lt_min_leaves,topological,1,0,2,2,after_topology_validation
sample-igg-W-61::233,sample-igg-W-61,233,10,True,multi_root_no_usable_naive,,2,0,0,5,raw_families
sample-igg-W-61::596,sample-igg-W-61,596,2,True,lt_min_leaves,topological,1,0,1,2,after_topology_validation
sample-igg-W-61::83,sample-igg-W-61,83,3,True,lt_min_leaves,topological,1,0,1,3,after_topology_validation
sample-igg-W-61::518,sample-igg-W-61,518,3,True,multi_root_no_usable_naive,,2,0,0,3,raw_families
sample-igg-W-61::205,sample-igg-W-61,205,3,True,multi_root_no_usable_naive,,3,0,0,7,raw_families
sample-igg-W-61::580,sample-igg-W-61,580,3,True,lt_min_leaves,topological,1,0,0,3,after_topology_validation
sample-igg-W-61::3,sample-igg-W-61,3,4,True,lt_min_leaves,topological,1,0,3,3,after_topology_validation
sample-igg-W-61::58,sample-igg-W-61,58,2,True,lt_min_leaves,topological,1,0,1,2,after_topology_validation
sample-igg-W-61::235,sample-igg-W-61,235,3,True,lt_min_leaves,topological,1,0,2,3,after_topology_validation
sample-igg-W-61::297,sample-igg-W-61,297,4,True,lt_min_leaves,topological,1,0,1,3,after_topology_validation
sample-igg-W-26::866,sample-igg-W-26,866,3,True,lt_min_leaves,topological,1,0,2,3,after_topology_validation
sample-igg-W-26::479,sample-igg-W-26,479,1,True,lt_min_leaves,topological,1,0,1,2,after_topology_validation
sample-igg-W-26::60,sample-igg-W-26,60,2,True,lt_min_leaves,topological,1,0,1,2,after_topology_validation
sample-igg-W-26::593,sample-igg-W-26,593,2,True,lt_min_leaves,topological,1,0,2,2,after_topology_validation
sample-igg-W-26::41,sample-igg-W-26,41,3,True,multi_root_no_usable_naive,,2,0,0,3,raw_families
sample-igg-W-26::1177,sample-igg-W-26,1177,2,True,lt_min_leaves,topological,1,0,1,2,after_topology_validation
sample-igg-W-26::1103,sample-igg-W-26,1103,2,True,lt_min_leaves,topological,1,0,2,2,after_topology_validation
sample-igg-W-26::893,sample-igg-W-26,893,2,True,multi_root_no_usable_naive,,2,0,0,3,raw_families
sample-igg-W-26::1213,sample-igg-W-26,1213,2,True,lt_min_leaves,topological,1,0,1,3,after_topology_validation
sample-igg-W-26::1003,sample-igg-W-26,1003,2,True,lt_min_leaves,topological,1,0,1,2,after_topology_validation
sample-igg-W-26::66,sample-igg-W-26,66,2,True,lt_min_leaves,topological,1,0,2,2,after_topology_validation
sample-igg-W-26::783,sample-igg-W-26,783,1,True,lt_min_leaves,topological,1,0,1,2,after_topology_validation
sample-igg-W-26::98,sample-igg-W-26,98,2,True,lt_min_leaves,topological,1,0,1,2,after_topology_validation
sample-igg-W-26::1038,sample-igg-W-26,1038,2,True,lt_min_leaves,topological,1,0,2,2,after_topology_validation
sample-igg-W-26::898,sample-igg-W-26,898,2,True,lt_min_leaves,topological,1,0,1,2,after_topology_validation
sample-igg-W-26::127,sample-igg-W-26,127,1,True,lt_min_leaves,topological,1,0,1,2,after_topology_validation
sample-igg-W-26::361,sample-igg-W-26,361,2,True,lt_min_leaves,topological,1,0,0,2,after_topology_validation
sample-igg-W-26::45,sample-igg-W-26,45,1,True,lt_min_leaves,topological,1,0,1,2,after_topology_validation
sample-igg-W-26::1019,sample-igg-W-26,1019,2,True,lt_min_leaves,topological,1,0,1,2,after_topology_validation
sample-igg-W-26::505,sample-igg-W-26,505,2,True,lt_min_leaves,topological,1,0,2,2,after_topology_validation
sample-igg-W-26::1341,sample-igg-W-26,1341,2,True,lt_min_leaves,topological,1,0,2,2,after_topology_validation
sample-igg-W-26::147,sample-igg-W-26,147,2,True,lt_min_leaves,topological,1,0,2,2,after_topology_validation
sample-igg-W-26::958,sample-igg-W-26,958,4,True,lt_min_leaves,topological,1,0,3,3,after_topology_validation
sample-igg-W-26::193,sample-igg-W-26,193,1,True,lt_min_leaves,topological,1,0,1,2,after_topology_validation
sample-igg-W-26::1211,sample-igg-W-26,1211,2,True,lt_min_leaves,topological,1,0,1,2,after_topology_validation
sample-igg-W-26::1329,sample-igg-W-26,1329,2,True,lt_min_leaves,topological,1,0,2,2,after_topology_validation
sample-igg-W-26::103,sample-igg-W-26,103,2,True,multi_root_no_usable_naive,,2,0,0,3,raw_families
sample-igg-W-26::1195,sample-igg-W-26,1195,1,True,lt_min_leaves,topological,1,0,1,2,after_topology_validation
sample-igg-W-26::814,sample-igg-W-26,814,1,True,lt_min_leaves,topological,1,0,1,2,after_topology_validation
sample-igg-W-26::292,sample-igg-W-26,292,1,True,lt_min_leaves,topological,1,0,1,2,after_topology_validation
sample-igg-W-26::1430,sample-igg-W-26,1430,2,True,lt_min_leaves,topological,1,0,1,2,after_topology_validation
sample-igg-W-26::731,sample-igg-W-26,731,4,True,lt_min_leaves,topological,1,0,3,3,after_topology_validation
sample-igg-W-26::224,sample-igg-W-26,224,2,True,lt_min_leaves,topological,1,0,1,2,after_topology_validation
sample-igg-W-26::1091,sample-igg-W-26,1091,2,True,lt_min_leaves,topological,1,0,2,2,after_topology_validation
sample-igg-W-26::761,sample-igg-W-26,761,2,True,lt_min_leaves,topological,1,0,2,2,after_topology_validation
sample-igg-W-26::1064,sample-igg-W-26,1064,2,True,lt_min_leaves,topological,1,0,2,2,after_topology_validation
sample-igg-W-26::885,sample-igg-W-26,885,2,True,lt_min_leaves,topological,1,0,1,2,after_topology_validation
sample-igg-W-26::753,sample-igg-W-26,753,2,True,lt_min_leaves,topological,1,0,0,2,after_topology_validation
sample-igg-W-26::455,sample-igg-W-26,455,1,True,lt_min_leaves,topological,1,0,1,2,after_topology_validation
sample-igg-W-26::1061,sample-igg-W-26,1061,2,True,lt_min_leaves,topological,1,0,1,2,after_topology_validation
sample-igg-W-26::456,sample-igg-W-26,456,1,True,lt_min_leaves,topological,1,0,1,2,after_topology_validation
sample-igg-W-26::35,sample-igg-W-26,35,2,True,lt_min_leaves,topological,1,0,1,2,after_topology_validation
sample-igg-W-26::915,sample-igg-W-26,915,1,True,lt_min_leaves,topological,1,0,1,2,after_topology_validation
sample-igg-W-26::603,sample-igg-W-26,603,2,True,lt_min_leaves,topological,1,0,1,2,after_topology_validation
sample-igg-W-26::55,sample-igg-W-26,55,2,True,lt_min_leaves,topological,1,0,1,2,after_topology_validation
sample-igg-W-26::927,sample-igg-W-26,927,2,True,lt_min_leaves,topological,1,0,1,2,after_topology_validation
sample-igg-W-26::141,sample-igg-W-26,141,4,True,lt_min_leaves,topological,1,0,1,3,after_topology_validation
sample-igg-W-26::175,sample-igg-W-26,175,2,True,lt_min_leaves,topological,1,0,1,2,after_topology_validation
sample-igg-W-26::421,sample-igg-W-26,421,2,True,lt_min_leaves,topological,1,0,2,2,after_topology_validation
sample-igg-W-26::546,sample-igg-W-26,546,1,True,lt_min_leaves,topological,1,0,1,2,after_topology_validation
sample-igg-W-26::1412,sample-igg-W-26,1412,1,True,lt_min_leaves,topological,1,0,0,2,after_topology_validation
sample-igg-W-26::1152,sample-igg-W-26,1152,2,True,lt_min_leaves,topological,1,0,1,2,after_topology_validation
sample-igg-W-26::730,sample-igg-W-26,730,1,True,lt_min_leaves,topological,1,0,0,2,after_topology_validation
sample-igg-W-26::787,sample-igg-W-26,787,2,True,lt_min_leaves,topological,1,0,1,2,after_topology_validation
sample-igg-W-26::114,sample-igg-W-26,114,2,True,lt_min_leaves,topological,1,0,2,2,after_topology_validation
sample-igg-W-26::1156,sample-igg-W-26,1156,2,True,lt_min_leaves,topological,1,0,2,2,after_topology_validation
sample-igg-W-26::888,sample-igg-W-26,888,2,True,lt_min_leaves,topological,1,0,2,2,after_topology_validation
sample-igg-W-26::399,sample-igg-W-26,399,2,True,lt_min_leaves,topological,1,0,0,2,after_topology_validation
sample-igg-W-26::241,sample-igg-W-26,241,1,True,lt_min_leaves,topological,1,0,1,2,after_topology_validation
sample-igg-W-26::475,sample-igg-W-26,475,2,True,lt_min_leaves,topological,1,0,2,2,after_topology_validation
sample-igg-W-26::323,sample-igg-W-26,323,1,True,lt_min_leaves,topological,1,0,0,2,after_topology_validation
sample-igg-W-26::484,sample-igg-W-26,484,2,True,lt_min_leaves,topological,1,0,2,2,after_topology_validation
sample-igg-W-26::830,sample-igg-W-26,830,2,True,lt_min_leaves,topological,1,0,1,2,after_topology_validation
sample-igg-W-26::876,sample-igg-W-26,876,2,True,lt_min_leaves,topological,1,0,2,2,after_topology_validation
sample-igg-W-26::937,sample-igg-W-26,937,2,True,lt_min_leaves,topological,1,0,1,2,after_topology_validation
sample-igg-W-26::582,sample-igg-W-26,582,2,True,lt_min_leaves,topological,1,0,2,2,after_topology_validation
sample-igg-W-26::606,sample-igg-W-26,606,2,True,lt_min_leaves,topological,1,0,2,2,after_topology_validation
sample-igg-W-26::272,sample-igg-W-26,272,2,True,lt_min_leaves,topological,1,0,0,2,after_topology_validation
sample-igg-W-26::884,sample-igg-W-26,884,1,True,lt_min_leaves,topological,1,0,1,2,after_topology_validation
sample-igg-W-26::1068,sample-igg-W-26,1068,4,True,lt_min_leaves,topological,1,0,2,3,after_topology_validation
sample-igg-W-26::341,sample-igg-W-26,341,1,True,lt_min_leaves,topological,1,0,1,2,after_topology_validation
sample-igg-W-26::809,sample-igg-W-26,809,2,True,lt_min_leaves,topological,1,0,1,2,after_topology_validation
sample-igg-W-26::74,sample-igg-W-26,74,2,True,lt_min_leaves,topological,1,0,2,2,after_topology_validation
sample-igg-W-26::140,sample-igg-W-26,140,2,True,lt_min_leaves,topological,1,0,1,2,after_topology_validation
sample-igg-W-26::1361,sample-igg-W-26,1361,1,True,lt_min_leaves,topological,1,0,1,2,after_topology_validation
sample-igg-W-26::94,sample-igg-W-26,94,2,True,lt_min_leaves,topological,1,0,2,2,after_topology_validation
sample-igg-W-26::1126,sample-igg-W-26,1126,2,True,lt_min_leaves,topological,1,0,1,2,after_topology_validation
sample-igg-W-26::8,sample-igg-W-26,8,2,True,lt_min_leaves,topological,1,0,2,2,after_topology_validation
sample-igg-W-26::1273,sample-igg-W-26,1273,2,True,lt_min_leaves,topological,1,0,2,2,after_topology_validation
sample-igg-W-26::568,sample-igg-W-26,568,3,True,lt_min_leaves,topological,1,0,1,3,after_topology_validation
sample-igg-W-26::210,sample-igg-W-26,210,1,True,lt_min_leaves,topological,1,0,1,2,after_topology_validation
sample-igg-W-26::1418,sample-igg-W-26,1418,2,True,lt_min_leaves,topological,1,0,1,2,after_topology_validation
sample-igg-W-26::1258,sample-igg-W-26,1258,2,True,lt_min_leaves,topological,1,0,1,2,after_topology_validation
sample-igg-W-26::545,sample-igg-W-26,545,1,True,lt_min_leaves,topological,1,0,1,2,after_topology_validation
sample-igg-W-26::626,sample-igg-W-26,626,2,True,lt_min_leaves,topological,1,0,2,2,after_topology_validation
sample-igg-W-26::394,sample-igg-W-26,394,2,True,lt_min_leaves,topological,1,0,2,2,after_topology_validation
sample-igg-W-26::727,sample-igg-W-26,727,2,True,lt_min_leaves,topological,1,0,0,2,after_topology_validation
sample-igg-W-26::530,sample-igg-W-26,530,2,True,lt_min_leaves,topological,1,0,2,2,after_topology_validation
sample-igg-W-26::837,sample-igg-W-26,837,1,True,lt_min_leaves,topological,1,0,1,2,after_topology_validation
sample-igg-W-26::863,sample-igg-W-26,863,4,True,lt_min_leaves,topological,1,0,2,3,after_topology_validation
sample-igg-W-26::31,sample-igg-W-26,31,3,True,lt_min_leaves,topological,1,0,1,3,after_topology_validation
sample-igg-W-26::10,sample-igg-W-26,10,2,True,lt_min_leaves,topological,1,0,2,2,after_topology_validation
sample-igg-W-26::536,sample-igg-W-26,536,1,True,lt_min_leaves,topological,1,0,1,2,after_topology_validation
sample-igg-W-26::1398,sample-igg-W-26,1398,2,True,lt_min_leaves,topological,1,0,1,2,after_topology_validation
sample-igg-W-26::265,sample-igg-W-26,265,1,True,lt_min_leaves,topological,1,0,1,2,after_topology_validation
sample-igg-W-26::919,sample-igg-W-26,919,1,True,lt_min_leaves,topological,1,0,1,2,after_topology_validation
sample-igg-W-26::1304,sample-igg-W-26,1304,2,True,lt_min_leaves,topological,1,0,1,2,after_topology_validation
sample-igg-W-26::1303,sample-igg-W-26,1303,2,True,lt_min_leaves,topological,1,0,1,2,after_topology_validation
sample-igg-W-26::635,sample-igg-W-26,635,2,True,lt_min_leaves,topological,1,0,1,2,after_topology_validation
sample-igg-W-26::865,sample-igg-W-26,865,1,True,lt_min_leaves,topological,1,0,1,2,after_topology_validation
sample-igg-W-26::419,sample-igg-W-26,419,2,True,lt_min_leaves,topological,1,0,1,2,after_topology_validation
sample-igg-W-26::88,sample-igg-W-26,88,2,True,lt_min_leaves,topological,1,0,1,2,after_topology_validation
sample-igg-W-26::1078,sample-igg-W-26,1078,1,True,lt_min_leaves,topological,1,0,1,2,after_topology_validation
sample-igg-W-26::302,sample-igg-W-26,302,2,True,lt_min_leaves,topological,1,0,2,2,after_topology_validation
sample-igg-W-26::716,sample-igg-W-26,716,1,True,lt_min_leaves,topological,1,0,1,2,after_topology_validation
sample-igg-W-26::757,sample-igg-W-26,757,2,True,lt_min_leaves,topological,1,0,2,2,after_topology_validation
sample-igg-W-26::25,sample-igg-W-26,25,2,True,lt_min_leaves,topological,1,0,2,2,after_topology_validation
sample-igg-W-26::558,sample-igg-W-26,558,2,True,lt_min_leaves,topological,1,0,0,2,after_topology_validation
sample-igg-W-26::1128,sample-igg-W-26,1128,1,True,lt_min_leaves,topological,1,0,1,2,after_topology_validation
sample-igg-W-26::308,sample-igg-W-26,308,2,True,lt_min_leaves,topological,1,0,1,2,after_topology_validation
sample-igg-W-26::434,sample-igg-W-26,434,1,True,lt_min_leaves,topological,1,0,1,2,after_topology_validation
sample-igg-W-26::135,sample-igg-W-26,135,1,True,lt_min_leaves,topological,1,0,1,2,after_topology_validation
sample-igg-W-26::609,sample-igg-W-26,609,4,True,multi_root_no_usable_naive,,2,0,0,5,raw_families
sample-igg-W-26::1277,sample-igg-W-26,1277,2,True,lt_min_leaves,topological,1,0,0,2,after_topology_validation
sample-igg-W-26::422,sample-igg-W-26,422,4,True,lt_min_leaves,topological,1,0,2,3,after_topology_validation
sample-igg-W-26::1223,sample-igg-W-26,1223,1,True,lt_min_leaves,topological,1,0,1,2,after_topology_validation
sample-igg-W-26::683,sample-igg-W-26,683,2,True,lt_min_leaves,topological,1,0,2,2,after_topology_validation
sample-igg-W-26::1318,sample-igg-W-26,1318,1,True,lt_min_leaves,topological,1,0,0,2,after_topology_validation
sample-igg-W-26::725,sample-igg-W-26,725,2,True,lt_min_leaves,topological,1,0,1,3,after_topology_validation
sample-igg-W-26::531,sample-igg-W-26,531,2,True,multi_root_no_usable_naive,,2,0,0,3,raw_families
sample-igg-W-26::1058,sample-igg-W-26,1058,2,True,lt_min_leaves,topological,1,0,1,2,after_topology_validation
sample-igg-W-26::380,sample-igg-W-26,380,6,True,lt_min_leaves,topological,1,0,2,4,after_topology_validation
sample-igg-W-26::489,sample-igg-W-26,489,1,True,lt_min_leaves,topological,1,0,0,2,after_topology_validation
sample-igg-W-26::838,sample-igg-W-26,838,1,True,lt_min_leaves,topological,1,0,0,2,after_topology_validation
sample-igg-W-26::269,sample-igg-W-26,269,6,True,lt_min_leaves,topological,1,0,2,5,after_topology_validation
sample-igg-W-26::117,sample-igg-W-26,117,2,True,lt_min_leaves,topological,1,0,0,2,after_topology_validation
sample-igg-W-26::786,sample-igg-W-26,786,2,True,lt_min_leaves,topological,1,0,0,2,after_topology_validation
sample-igg-W-26::65,sample-igg-W-26,65,2,True,lt_min_leaves,topological,1,0,1,2,after_topology_validation
sample-igg-W-26::555,sample-igg-W-26,555,3,True,lt_min_leaves,topological,1,0,1,3,after_topology_validation
sample-igg-W-26::1044,sample-igg-W-26,1044,2,True,lt_min_leaves,topological,1,0,1,2,after_topology_validation
sample-igg-W-26::212,sample-igg-W-26,212,3,True,lt_min_leaves,topological,1,0,1,3,after_topology_validation
sample-igg-W-26::769,sample-igg-W-26,769,2,True,multi_root_no_usable_naive,,2,0,0,3,raw_families
sample-igg-W-26::967,sample-igg-W-26,967,4,True,lt_min_leaves,topological,1,0,1,3,after_topology_validation
sample-igg-W-26::1333,sample-igg-W-26,1333,4,True,multi_root_no_usable_naive,,3,0,0,27,raw_families
sample-igg-W-26::1168,sample-igg-W-26,1168,1,True,lt_min_leaves,topological,1,0,1,2,after_topology_validation
sample-igg-W-26::1167,sample-igg-W-26,1167,6,True,lt_min_leaves,topological,1,0,3,4,after_topology_validation
sample-igg-W-26::747,sample-igg-W-26,747,2,True,multi_root_no_usable_naive,,2,0,0,3,raw_families
sample-igg-W-26::110,sample-igg-W-26,110,5,True,lt_min_leaves,topological,1,0,2,4,after_topology_validation
sample-igg-W-26::1397,sample-igg-W-26,1397,2,True,lt_min_leaves,topological,1,0,0,2,after_topology_validation
sample-igg-W-26::52,sample-igg-W-26,52,8,True,lt_min_leaves,topological,1,0,3,4,after_topology_validation
sample-igg-W-26::870,sample-igg-W-26,870,3,True,lt_min_leaves,topological,1,0,2,3,after_topology_validation
sample-igg-W-26::1307,sample-igg-W-26,1307,1,True,lt_min_leaves,topological,1,0,1,2,after_topology_validation
sample-igg-W-26::1000,sample-igg-W-26,1000,2,True,multi_root_no_usable_naive,,2,0,0,3,raw_families
sample-igg-W-26::56,sample-igg-W-26,56,5,True,multi_root_no_usable_naive,,2,0,0,4,raw_families
sample-igg-W-26::1037,sample-igg-W-26,1037,4,True,lt_min_leaves,topological,1,0,2,3,after_topology_validation
sample-igg-W-26::260,sample-igg-W-26,260,2,True,lt_min_leaves,topological,1,0,0,2,after_topology_validation
sample-igg-W-26::778,sample-igg-W-26,778,5,True,lt_min_leaves,topological,1,0,1,4,after_topology_validation
sample-igg-W-26::526,sample-igg-W-26,526,1,True,lt_min_leaves,topological,1,0,1,2,after_topology_validation
sample-igg-W-26::167,sample-igg-W-26,167,4,True,lt_min_leaves,topological,1,0,2,3,after_topology_validation
sample-igg-W-26::610,sample-igg-W-26,610,1,True,lt_min_leaves,topological,1,0,0,2,after_topology_validation
sample-igg-W-26::934,sample-igg-W-26,934,1,True,lt_min_leaves,topological,1,0,1,2,after_topology_validation
sample-igg-W-26::387,sample-igg-W-26,387,7,True,lt_min_leaves,topological,1,0,1,5,after_topology_validation
sample-igg-W-26::254,sample-igg-W-26,254,2,True,lt_min_leaves,topological,1,0,1,2,after_topology_validation
sample-igg-W-26::1047,sample-igg-W-26,1047,2,True,lt_min_leaves,topological,1,0,0,2,after_topology_validation
sample-igg-W-26::1162,sample-igg-W-26,1162,9,False,,topological,1,0,4,5,final_eligible
sample-igg-W-26::237,sample-igg-W-26,237,1,True,lt_min_leaves,topological,1,0,0,2,after_topology_validation
sample-igg-W-26::1496,sample-igg-W-26,1496,5,True,multi_root_no_usable_naive,,2,0,0,6,raw_families
sample-igg-W-26::99,sample-igg-W-26,99,1,True,lt_min_leaves,topological,1,0,0,2,after_topology_validation
sample-igg-W-26::834,sample-igg-W-26,834,1,True,lt_min_leaves,topological,1,0,0,2,after_topology_validation
sample-igg-W-26::579,sample-igg-W-26,579,2,True,lt_min_leaves,topological,1,0,1,2,after_topology_validation
sample-igg-W-26::271,sample-igg-W-26,271,2,True,lt_min_leaves,topological,1,0,1,2,after_topology_validation
sample-igg-W-26::1086,sample-igg-W-26,1086,1,True,lt_min_leaves,topological,1,0,1,2,after_topology_validation
sample-igg-W-26::164,sample-igg-W-26,164,1,True,lt_min_leaves,topological,1,0,1,2,after_topology_validation
sample-igg-W-26::703,sample-igg-W-26,703,4,True,lt_min_leaves,topological,1,0,2,3,after_topology_validation
sample-igg-W-26::1017,sample-igg-W-26,1017,2,True,lt_min_leaves,topological,1,0,1,2,after_topology_validation
sample-igg-W-26::1499,sample-igg-W-26,1499,1,True,lt_min_leaves,topological,1,0,1,2,after_topology_validation
sample-igg-W-26::376,sample-igg-W-26,376,5,True,multi_root_no_usable_naive,,2,0,0,5,raw_families
sample-igg-W-26::715,sample-igg-W-26,715,3,True,lt_min_leaves,topological,1,0,2,3,after_topology_validation
sample-igg-W-26::1024,sample-igg-W-26,1024,5,True,lt_min_leaves,topological,1,0,2,3,after_topology_validation
sample-igg-W-26::619,sample-igg-W-26,619,3,True,lt_min_leaves,topological,1,0,2,3,after_topology_validation
sample-igg-W-26::722,sample-igg-W-26,722,5,True,multi_root_no_usable_naive,,2,0,0,4,raw_families
sample-igg-W-26::406,sample-igg-W-26,406,2,True,lt_min_leaves,topological,1,0,0,2,after_topology_validation
sample-igg-W-26::400,sample-igg-W-26,400,2,True,lt_min_leaves,topological,1,0,0,2,after_topology_validation
sample-igg-W-26::1106,sample-igg-W-26,1106,1,True,lt_min_leaves,topological,1,0,1,2,after_topology_validation
sample-igg-W-26::596,sample-igg-W-26,596,3,True,lt_min_leaves,topological,1,0,1,3,after_topology_validation
sample-igg-W-26::1387,sample-igg-W-26,1387,1,True,lt_min_leaves,topological,1,0,1,2,after_topology_validation
sample-igg-W-26::782,sample-igg-W-26,782,2,True,lt_min_leaves,topological,1,0,0,2,after_topology_validation
sample-igg-W-26::440,sample-igg-W-26,440,2,True,lt_min_leaves,topological,1,0,1,2,after_topology_validation
sample-igg-W-26::1256,sample-igg-W-26,1256,3,True,multi_root_no_usable_naive,,2,0,0,4,raw_families
sample-igg-W-26::906,sample-igg-W-26,906,2,True,multi_root_no_usable_naive,,2,0,0,3,raw_families
sample-igg-W-26::1234,sample-igg-W-26,1234,3,True,multi_root_no_usable_naive,,2,0,0,9,raw_families
sample-igg-W-26::113,sample-igg-W-26,113,6,True,lt_min_leaves,topological,1,0,0,4,after_topology_validation
sample-igg-W-26::549,sample-igg-W-26,549,6,True,lt_min_leaves,topological,1,0,1,4,after_topology_validation
sample-igg-W-26::125,sample-igg-W-26,125,6,True,multi_root_no_usable_naive,,2,0,0,4,raw_families
sample-igg-W-26::984,sample-igg-W-26,984,2,True,lt_min_leaves,topological,1,0,1,3,after_topology_validation
sample-igg-W-26::1084,sample-igg-W-26,1084,2,True,lt_min_leaves,topological,1,0,0,2,after_topology_validation
sample-igg-W-26::959,sample-igg-W-26,959,1,True,lt_min_leaves,topological,1,0,1,2,after_topology_validation
sample-igg-W-26::262,sample-igg-W-26,262,6,True,lt_min_leaves,topological,1,0,1,3,after_topology_validation
sample-igg-W-26::1312,sample-igg-W-26,1312,1,True,lt_min_leaves,topological,1,0,1,2,after_topology_validation
sample-igg-W-26::989,sample-igg-W-26,989,2,True,lt_min_leaves,topological,1,0,0,2,after_topology_validation
sample-igg-W-26::670,sample-igg-W-26,670,2,True,multi_root_no_usable_naive,,2,0,0,3,raw_families
sample-igg-W-26::1266,sample-igg-W-26,1266,10,False,,topological,1,0,4,6,final_eligible
sample-igg-W-26::1314,sample-igg-W-26,1314,1,True,lt_min_leaves,topological,1,0,0,2,after_topology_validation
sample-igg-W-26::445,sample-igg-W-26,445,1,True,lt_min_leaves,topological,1,0,1,2,after_topology_validation
sample-igg-W-26::723,sample-igg-W-26,723,1,True,lt_min_leaves,topological,1,0,0,2,after_topology_validation
sample-igg-W-26::1076,sample-igg-W-26,1076,1,True,lt_min_leaves,topological,1,0,1,2,after_topology_validation
sample-igg-W-26::257,sample-igg-W-26,257,2,True,lt_min_leaves,topological,1,0,1,2,after_topology_validation
sample-igg-W-26::882,sample-igg-W-26,882,2,True,multi_root_no_usable_naive,,2,0,0,3,raw_families
sample-igg-W-26::243,sample-igg-W-26,243,2,True,lt_min_leaves,topological,1,0,0,2,after_topology_validation
sample-igg-W-26::111,sample-igg-W-26,111,2,True,lt_min_leaves,topological,1,0,1,2,after_topology_validation
sample-igg-W-26::316,sample-igg-W-26,316,2,True,lt_min_leaves,topological,1,0,0,2,after_topology_validation
sample-igg-W-26::29,sample-igg-W-26,29,1,True,lt_min_leaves,topological,1,0,1,2,after_topology_validation
sample-igg-W-26::1150,sample-igg-W-26,1150,2,True,lt_min_leaves,topological,1,0,2,2,after_topology_validation
sample-igg-W-23::186,sample-igg-W-23,186,2,True,lt_min_leaves,topological,1,0,2,2,after_topology_validation
sample-igg-W-23::369,sample-igg-W-23,369,1,True,lt_min_leaves,topological,1,0,1,2,after_topology_validation
sample-igg-W-23::1683,sample-igg-W-23,1683,2,True,lt_min_leaves,topological,1,0,1,2,after_topology_validation
sample-igg-W-23::1305,sample-igg-W-23,1305,4,True,lt_min_leaves,topological,1,0,2,3,after_topology_validation
sample-igg-W-23::1570,sample-igg-W-23,1570,2,True,lt_min_leaves,topological,1,0,2,2,after_topology_validation
sample-igg-W-23::1074,sample-igg-W-23,1074,2,True,lt_min_leaves,topological,1,0,1,2,after_topology_validation
sample-igg-W-23::1533,sample-igg-W-23,1533,2,True,lt_min_leaves,topological,1,0,1,2,after_topology_validation
sample-igg-W-23::1434,sample-igg-W-23,1434,2,True,lt_min_leaves,topological,1,0,1,2,after_topology_validation
sample-igg-W-23::1263,sample-igg-W-23,1263,2,True,lt_min_leaves,topological,1,0,2,2,after_topology_validation
sample-igg-W-23::223,sample-igg-W-23,223,7,False,,topological,1,0,4,5,final_eligible
sample-igg-W-23::743,sample-igg-W-23,743,1,True,lt_min_leaves,topological,1,0,1,2,after_topology_validation
sample-igg-W-23::1341,sample-igg-W-23,1341,2,True,lt_min_leaves,topological,1,0,1,2,after_topology_validation
sample-igg-W-23::1591,sample-igg-W-23,1591,2,True,lt_min_leaves,topological,1,0,1,2,after_topology_validation
sample-igg-W-23::190,sample-igg-W-23,190,2,True,lt_min_leaves,topological,1,0,1,2,after_topology_validation
sample-igg-W-23::972,sample-igg-W-23,972,1,True,lt_min_leaves,topological,1,0,1,2,after_topology_validation
sample-igg-W-23::313,sample-igg-W-23,313,2,True,lt_min_leaves,topological,1,0,1,2,after_topology_validation
sample-igg-W-23::153,sample-igg-W-23,153,2,True,lt_min_leaves,topological,1,0,1,2,after_topology_validation
sample-igg-W-23::339,sample-igg-W-23,339,4,True,lt_min_leaves,topological,1,0,2,3,after_topology_validation
sample-igg-W-23::212,sample-igg-W-23,212,1,True,lt_min_leaves,topological,1,0,0,2,after_topology_validation
sample-igg-W-23::1449,sample-igg-W-23,1449,2,True,lt_min_leaves,topological,1,0,0,2,after_topology_validation
sample-igg-W-23::161,sample-igg-W-23,161,4,True,lt_min_leaves,topological,1,0,1,3,after_topology_validation
sample-igg-W-23::1203,sample-igg-W-23,1203,5,True,lt_min_leaves,topological,1,0,2,4,after_topology_validation
sample-igg-W-23::564,sample-igg-W-23,564,2,True,lt_min_leaves,topological,1,0,2,2,after_topology_validation
sample-igg-W-23::513,sample-igg-W-23,513,2,True,lt_min_leaves,topological,1,0,0,2,after_topology_validation
sample-igg-W-23::312,sample-igg-W-23,312,2,True,lt_min_leaves,topological,1,0,1,2,after_topology_validation
sample-igg-W-23::1433,sample-igg-W-23,1433,2,True,lt_min_leaves,topological,1,0,0,2,after_topology_validation
sample-igg-W-23::1285,sample-igg-W-23,1285,4,True,lt_min_leaves,topological,1,0,3,3,after_topology_validation
sample-igg-W-23::1522,sample-igg-W-23,1522,2,True,lt_min_leaves,topological,1,0,0,2,after_topology_validation
sample-igg-W-23::1625,sample-igg-W-23,1625,3,True,lt_min_leaves,topological,1,0,2,3,after_topology_validation
sample-igg-W-23::656,sample-igg-W-23,656,1,True,lt_min_leaves,topological,1,0,1,2,after_topology_validation
sample-igg-W-23::1366,sample-igg-W-23,1366,1,True,lt_min_leaves,topological,1,0,1,2,after_topology_validation
sample-igg-W-23::862,sample-igg-W-23,862,2,True,lt_min_leaves,topological,1,0,2,2,after_topology_validation
sample-igg-W-23::997,sample-igg-W-23,997,2,True,lt_min_leaves,topological,1,0,1,2,after_topology_validation
sample-igg-W-23::1424,sample-igg-W-23,1424,4,True,lt_min_leaves,topological,1,0,3,3,after_topology_validation
sample-igg-W-23::1000,sample-igg-W-23,1000,2,True,lt_min_leaves,topological,1,0,2,2,after_topology_validation
sample-igg-W-23::501,sample-igg-W-23,501,1,True,lt_min_leaves,topological,1,0,1,2,after_topology_validation
sample-igg-W-23::1126,sample-igg-W-23,1126,2,True,lt_min_leaves,topological,1,0,1,2,after_topology_validation
sample-igg-W-23::1426,sample-igg-W-23,1426,1,True,lt_min_leaves,topological,1,0,1,2,after_topology_validation
sample-igg-W-23::1093,sample-igg-W-23,1093,1,True,lt_min_leaves,topological,1,0,1,2,after_topology_validation
sample-igg-W-23::1660,sample-igg-W-23,1660,1,True,lt_min_leaves,topological,1,0,0,2,after_topology_validation
sample-igg-W-23::1106,sample-igg-W-23,1106,1,True,lt_min_leaves,topological,1,0,1,2,after_topology_validation
sample-igg-W-23::375,sample-igg-W-23,375,1,True,lt_min_leaves,topological,1,0,0,2,after_topology_validation
sample-igg-W-23::650,sample-igg-W-23,650,2,True,lt_min_leaves,topological,1,0,0,2,after_topology_validation
sample-igg-W-23::949,sample-igg-W-23,949,1,True,lt_min_leaves,topological,1,0,1,2,after_topology_validation
sample-igg-W-23::243,sample-igg-W-23,243,1,True,lt_min_leaves,topological,1,0,1,2,after_topology_validation
sample-igg-W-23::276,sample-igg-W-23,276,1,True,lt_min_leaves,topological,1,0,1,2,after_topology_validation
sample-igg-W-23::1211,sample-igg-W-23,1211,1,True,lt_min_leaves,topological,1,0,1,2,after_topology_validation
sample-igg-W-23::1135,sample-igg-W-23,1135,2,True,lt_min_leaves,topological,1,0,1,2,after_topology_validation
sample-igg-W-23::292,sample-igg-W-23,292,3,True,lt_min_leaves,topological,1,0,1,3,after_topology_validation
sample-igg-W-23::1243,sample-igg-W-23,1243,2,True,lt_min_leaves,topological,1,0,1,2,after_topology_validation
sample-igg-W-23::716,sample-igg-W-23,716,4,True,lt_min_leaves,topological,1,0,3,3,after_topology_validation
sample-igg-W-23::185,sample-igg-W-23,185,2,True,lt_min_leaves,topological,1,0,0,2,after_topology_validation
sample-igg-W-23::1257,sample-igg-W-23,1257,2,True,lt_min_leaves,topological,1,0,2,2,after_topology_validation
sample-igg-W-23::400,sample-igg-W-23,400,3,True,lt_min_leaves,topological,1,0,2,3,after_topology_validation
sample-igg-W-23::1299,sample-igg-W-23,1299,1,True,lt_min_leaves,topological,1,0,1,2,after_topology_validation
sample-igg-W-23::713,sample-igg-W-23,713,2,True,lt_min_leaves,topological,1,0,0,3,after_topology_validation
sample-igg-W-23::144,sample-igg-W-23,144,2,True,lt_min_leaves,topological,1,0,1,2,after_topology_validation
sample-igg-W-23::1621,sample-igg-W-23,1621,2,True,lt_min_leaves,topological,1,0,1,2,after_topology_validation
sample-igg-W-23::1564,sample-igg-W-23,1564,1,True,lt_min_leaves,topological,1,0,1,2,after_topology_validation
sample-igg-W-23::103,sample-igg-W-23,103,3,True,lt_min_leaves,topological,1,0,2,3,after_topology_validation
sample-igg-W-23::202,sample-igg-W-23,202,2,True,lt_min_leaves,topological,1,0,0,2,after_topology_validation
sample-igg-W-23::1238,sample-igg-W-23,1238,2,True,lt_min_leaves,topological,1,0,2,2,after_topology_validation
sample-igg-W-23::943,sample-igg-W-23,943,1,True,lt_min_leaves,topological,1,0,0,2,after_topology_validation
sample-igg-W-23::1465,sample-igg-W-23,1465,1,True,lt_min_leaves,topological,1,0,1,2,after_topology_validation
sample-igg-W-23::1516,sample-igg-W-23,1516,2,True,lt_min_leaves,topological,1,0,1,2,after_topology_validation
sample-igg-W-23::175,sample-igg-W-23,175,2,True,lt_min_leaves,topological,1,0,2,2,after_topology_validation
sample-igg-W-23::1632,sample-igg-W-23,1632,2,True,lt_min_leaves,topological,1,0,0,2,after_topology_validation
sample-igg-W-23::487,sample-igg-W-23,487,1,True,lt_min_leaves,topological,1,0,1,2,after_topology_validation
sample-igg-W-23::1332,sample-igg-W-23,1332,1,True,lt_min_leaves,topological,1,0,1,2,after_topology_validation
sample-igg-W-23::597,sample-igg-W-23,597,2,True,lt_min_leaves,topological,1,0,1,2,after_topology_validation
sample-igg-W-23::267,sample-igg-W-23,267,3,True,lt_min_leaves,topological,1,0,2,3,after_topology_validation
sample-igg-W-23::280,sample-igg-W-23,280,2,True,lt_min_leaves,topological,1,0,2,2,after_topology_validation
sample-igg-W-23::354,sample-igg-W-23,354,1,True,lt_min_leaves,topological,1,0,1,2,after_topology_validation
sample-igg-W-23::296,sample-igg-W-23,296,2,True,lt_min_leaves,topological,1,0,1,2,after_topology_validation
sample-igg-W-23::275,sample-igg-W-23,275,2,True,multi_root_no_usable_naive,,2,0,0,3,raw_families
sample-igg-W-23::1183,sample-igg-W-23,1183,2,True,lt_min_leaves,topological,1,0,2,2,after_topology_validation
sample-igg-W-23::820,sample-igg-W-23,820,2,True,lt_min_leaves,topological,1,0,1,2,after_topology_validation
sample-igg-W-23::1614,sample-igg-W-23,1614,2,True,lt_min_leaves,topological,1,0,1,2,after_topology_validation
sample-igg-W-23::1010,sample-igg-W-23,1010,5,True,multi_root_no_usable_naive,,2,0,0,4,raw_families
sample-igg-W-23::255,sample-igg-W-23,255,2,True,lt_min_leaves,topological,1,0,2,2,after_topology_validation
sample-igg-W-23::730,sample-igg-W-23,730,4,True,lt_min_leaves,topological,1,0,2,3,after_topology_validation
sample-igg-W-23::234,sample-igg-W-23,234,1,True,lt_min_leaves,topological,1,0,1,2,after_topology_validation
sample-igg-W-23::988,sample-igg-W-23,988,1,True,lt_min_leaves,topological,1,0,1,2,after_topology_validation
sample-igg-W-23::1428,sample-igg-W-23,1428,2,True,lt_min_leaves,topological,1,0,1,2,after_topology_validation
sample-igg-W-23::1695,sample-igg-W-23,1695,1,True,lt_min_leaves,topological,1,0,1,2,after_topology_validation
sample-igg-W-23::115,sample-igg-W-23,115,2,True,lt_min_leaves,topological,1,0,2,2,after_topology_validation
sample-igg-W-23::209,sample-igg-W-23,209,4,True,lt_min_leaves,topological,1,0,2,3,after_topology_validation
sample-igg-W-23::302,sample-igg-W-23,302,2,True,lt_min_leaves,topological,1,0,0,2,after_topology_validation
sample-igg-W-23::550,sample-igg-W-23,550,3,True,lt_min_leaves,topological,1,0,1,3,after_topology_validation
sample-igg-W-23::1169,sample-igg-W-23,1169,4,True,lt_min_leaves,topological,1,0,2,3,after_topology_validation
sample-igg-W-23::1021,sample-igg-W-23,1021,2,True,lt_min_leaves,topological,1,0,1,2,after_topology_validation
sample-igg-W-23::53,sample-igg-W-23,53,2,True,lt_min_leaves,topological,1,0,2,2,after_topology_validation
sample-igg-W-23::233,sample-igg-W-23,233,2,True,lt_min_leaves,topological,1,0,1,2,after_topology_validation
sample-igg-W-23::6,sample-igg-W-23,6,2,True,lt_min_leaves,topological,1,0,1,3,after_topology_validation
sample-igg-W-23::189,sample-igg-W-23,189,2,True,lt_min_leaves,topological,1,0,1,2,after_topology_validation
sample-igg-W-23::571,sample-igg-W-23,571,4,True,lt_min_leaves,topological,1,0,2,3,after_topology_validation
sample-igg-W-23::919,sample-igg-W-23,919,2,True,lt_min_leaves,topological,1,0,0,2,after_topology_validation
sample-igg-W-23::1068,sample-igg-W-23,1068,2,True,lt_min_leaves,topological,1,0,2,2,after_topology_validation
sample-igg-W-23::1506,sample-igg-W-23,1506,2,True,lt_min_leaves,topological,1,0,1,2,after_topology_validation
sample-igg-W-23::1050,sample-igg-W-23,1050,1,True,lt_min_leaves,topological,1,0,1,2,after_topology_validation
sample-igg-W-23::1069,sample-igg-W-23,1069,2,True,lt_min_leaves,topological,1,0,1,2,after_topology_validation
sample-igg-W-23::1200,sample-igg-W-23,1200,2,True,lt_min_leaves,topological,1,0,1,2,after_topology_validation
sample-igg-W-23::1550,sample-igg-W-23,1550,1,True,lt_min_leaves,topological,1,0,1,2,after_topology_validation
sample-igg-W-23::906,sample-igg-W-23,906,2,True,lt_min_leaves,topological,1,0,1,2,after_topology_validation
sample-igg-W-23::1014,sample-igg-W-23,1014,1,True,lt_min_leaves,topological,1,0,1,2,after_topology_validation
sample-igg-W-23::742,sample-igg-W-23,742,1,True,lt_min_leaves,topological,1,0,0,2,after_topology_validation
sample-igg-W-23::1331,sample-igg-W-23,1331,2,True,lt_min_leaves,topological,1,0,2,2,after_topology_validation
sample-igg-W-23::695,sample-igg-W-23,695,1,True,lt_min_leaves,topological,1,0,1,2,after_topology_validation
sample-igg-W-23::827,sample-igg-W-23,827,2,True,lt_min_leaves,topological,1,0,2,2,after_topology_validation
sample-igg-W-23::43,sample-igg-W-23,43,2,True,lt_min_leaves,topological,1,0,1,2,after_topology_validation
sample-igg-W-23::890,sample-igg-W-23,890,2,True,lt_min_leaves,topological,1,0,0,2,after_topology_validation
sample-igg-W-23::297,sample-igg-W-23,297,2,True,lt_min_leaves,topological,1,0,0,2,after_topology_validation
sample-igg-W-23::956,sample-igg-W-23,956,2,True,lt_min_leaves,topological,1,0,1,2,after_topology_validation
sample-igg-W-23::1215,sample-igg-W-23,1215,1,True,lt_min_leaves,topological,1,0,1,2,after_topology_validation
sample-igg-W-23::76,sample-igg-W-23,76,2,True,lt_min_leaves,topological,1,0,2,2,after_topology_validation
sample-igg-W-23::642,sample-igg-W-23,642,2,True,lt_min_leaves,topological,1,0,2,2,after_topology_validation
sample-igg-W-23::909,sample-igg-W-23,909,2,True,lt_min_leaves,topological,1,0,2,2,after_topology_validation
sample-igg-W-23::1319,sample-igg-W-23,1319,1,True,lt_min_leaves,topological,1,0,1,2,after_topology_validation
sample-igg-W-23::1085,sample-igg-W-23,1085,1,True,lt_min_leaves,topological,1,0,1,2,after_topology_validation
sample-igg-W-23::712,sample-igg-W-23,712,2,True,lt_min_leaves,topological,1,0,0,2,after_topology_validation
sample-igg-W-23::1055,sample-igg-W-23,1055,1,True,lt_min_leaves,topological,1,0,0,2,after_topology_validation
sample-igg-W-23::1086,sample-igg-W-23,1086,2,True,lt_min_leaves,topological,1,0,2,2,after_topology_validation
sample-igg-W-23::734,sample-igg-W-23,734,2,True,lt_min_leaves,topological,1,0,1,2,after_topology_validation
sample-igg-W-23::1037,sample-igg-W-23,1037,4,True,lt_min_leaves,topological,1,0,2,3,after_topology_validation
sample-igg-W-23::539,sample-igg-W-23,539,2,True,lt_min_leaves,topological,1,0,1,2,after_topology_validation
sample-igg-W-23::586,sample-igg-W-23,586,2,True,lt_min_leaves,topological,1,0,1,2,after_topology_validation
sample-igg-W-23::1447,sample-igg-W-23,1447,2,True,lt_min_leaves,topological,1,0,1,2,after_topology_validation
sample-igg-W-23::430,sample-igg-W-23,430,1,True,lt_min_leaves,topological,1,0,1,2,after_topology_validation
sample-igg-W-23::1266,sample-igg-W-23,1266,1,True,lt_min_leaves,topological,1,0,1,2,after_topology_validation
sample-igg-W-23::116,sample-igg-W-23,116,1,True,lt_min_leaves,topological,1,0,1,2,after_topology_validation
sample-igg-W-23::740,sample-igg-W-23,740,1,True,lt_min_leaves,topological,1,0,0,2,after_topology_validation
sample-igg-W-23::454,sample-igg-W-23,454,2,True,lt_min_leaves,topological,1,0,2,2,after_topology_validation
sample-igg-W-23::1594,sample-igg-W-23,1594,2,True,lt_min_leaves,topological,1,0,2,2,after_topology_validation
sample-igg-W-23::916,sample-igg-W-23,916,1,True,lt_min_leaves,topological,1,0,1,2,after_topology_validation
sample-igg-W-23::763,sample-igg-W-23,763,2,True,lt_min_leaves,topological,1,0,0,2,after_topology_validation
sample-igg-W-23::1444,sample-igg-W-23,1444,1,True,lt_min_leaves,topological,1,0,1,2,after_topology_validation
sample-igg-W-23::1023,sample-igg-W-23,1023,2,True,lt_min_leaves,topological,1,0,1,2,after_topology_validation
sample-igg-W-23::1090,sample-igg-W-23,1090,2,True,lt_min_leaves,topological,1,0,1,2,after_topology_validation
sample-igg-W-23::1669,sample-igg-W-23,1669,2,True,lt_min_leaves,topological,1,0,1,2,after_topology_validation
sample-igg-W-23::169,sample-igg-W-23,169,2,True,lt_min_leaves,topological,1,0,2,2,after_topology_validation
sample-igg-W-23::1466,sample-igg-W-23,1466,2,True,lt_min_leaves,topological,1,0,2,2,after_topology_validation
sample-igg-W-23::1031,sample-igg-W-23,1031,3,True,lt_min_leaves,topological,1,0,1,3,after_topology_validation
sample-igg-W-23::253,sample-igg-W-23,253,2,True,multi_root_no_usable_naive,,2,0,0,3,raw_families
sample-igg-W-23::885,sample-igg-W-23,885,2,True,lt_min_leaves,topological,1,0,1,2,after_topology_validation
sample-igg-W-23::1596,sample-igg-W-23,1596,1,True,lt_min_leaves,topological,1,0,1,2,after_topology_validation
sample-igg-W-23::598,sample-igg-W-23,598,2,True,lt_min_leaves,topological,1,0,2,2,after_topology_validation
sample-igg-W-23::1408,sample-igg-W-23,1408,1,True,lt_min_leaves,topological,1,0,1,2,after_topology_validation
sample-igg-W-23::306,sample-igg-W-23,306,3,True,lt_min_leaves,topological,1,0,1,3,after_topology_validation
sample-igg-W-23::203,sample-igg-W-23,203,2,True,lt_min_leaves,topological,1,0,1,2,after_topology_validation
sample-igg-W-23::104,sample-igg-W-23,104,3,True,lt_min_leaves,topological,1,0,1,3,after_topology_validation
sample-igg-W-23::574,sample-igg-W-23,574,1,True,lt_min_leaves,topological,1,0,1,2,after_topology_validation
sample-igg-W-23::437,sample-igg-W-23,437,2,True,lt_min_leaves,topological,1,0,0,2,after_topology_validation
sample-igg-W-23::1394,sample-igg-W-23,1394,1,True,lt_min_leaves,topological,1,0,1,2,after_topology_validation
sample-igg-W-23::1377,sample-igg-W-23,1377,2,True,lt_min_leaves,topological,1,0,2,2,after_topology_validation
sample-igg-W-23::1539,sample-igg-W-23,1539,2,True,multi_root_no_usable_naive,,2,0,0,3,raw_families
sample-igg-W-23::225,sample-igg-W-23,225,2,True,lt_min_leaves,topological,1,0,0,2,after_topology_validation
sample-igg-W-23::548,sample-igg-W-23,548,1,True,lt_min_leaves,topological,1,0,0,2,after_topology_validation
sample-igg-W-23::567,sample-igg-W-23,567,3,True,lt_min_leaves,topological,1,0,1,3,after_topology_validation
sample-igg-W-23::1052,sample-igg-W-23,1052,3,True,lt_min_leaves,topological,1,0,1,3,after_topology_validation
sample-igg-W-23::1459,sample-igg-W-23,1459,2,True,lt_min_leaves,topological,1,0,0,2,after_topology_validation
sample-igg-W-23::192,sample-igg-W-23,192,2,True,lt_min_leaves,topological,1,0,1,2,after_topology_validation
sample-igg-W-23::365,sample-igg-W-23,365,2,True,lt_min_leaves,topological,1,0,1,2,after_topology_validation
sample-igg-W-23::294,sample-igg-W-23,294,2,True,lt_min_leaves,topological,1,0,1,2,after_topology_validation
sample-igg-W-23::1436,sample-igg-W-23,1436,2,True,lt_min_leaves,topological,1,0,1,2,after_topology_validation
sample-igg-W-23::904,sample-igg-W-23,904,2,True,lt_min_leaves,topological,1,0,1,2,after_topology_validation
sample-igg-W-23::1313,sample-igg-W-23,1313,1,True,lt_min_leaves,topological,1,0,1,2,after_topology_validation
sample-igg-W-23::82,sample-igg-W-23,82,11,True,multi_root_no_usable_naive,,2,0,0,6,raw_families
sample-igg-W-23::32,sample-igg-W-23,32,3,True,multi_root_no_usable_naive,,3,0,0,8,raw_families
sample-igg-W-23::1231,sample-igg-W-23,1231,4,True,lt_min_leaves,topological,1,0,0,3,after_topology_validation
sample-igg-W-23::1494,sample-igg-W-23,1494,8,True,lt_min_leaves,topological,1,0,3,4,after_topology_validation
sample-igg-W-23::325,sample-igg-W-23,325,6,True,lt_min_leaves,topological,1,0,1,4,after_topology_validation
sample-igg-W-23::263,sample-igg-W-23,263,1,True,lt_min_leaves,topological,1,0,0,2,after_topology_validation
sample-igg-W-23::1027,sample-igg-W-23,1027,7,True,multi_root_no_usable_naive,,2,0,0,4,raw_families
sample-igg-W-23::73,sample-igg-W-23,73,7,True,lt_min_leaves,topological,1,0,2,5,after_topology_validation
sample-igg-W-23::404,sample-igg-W-23,404,6,True,lt_min_leaves,topological,1,0,3,4,after_topology_validation
sample-igg-W-23::929,sample-igg-W-23,929,11,False,,topological,1,0,4,7,final_eligible
sample-igg-W-23::1613,sample-igg-W-23,1613,7,True,lt_min_leaves,topological,1,0,1,5,after_topology_validation
sample-igg-W-23::1437,sample-igg-W-23,1437,4,True,lt_min_leaves,topological,1,0,0,3,after_topology_validation
sample-igg-W-23::264,sample-igg-W-23,264,2,True,lt_min_leaves,topological,1,0,1,2,after_topology_validation
sample-igg-W-23::171,sample-igg-W-23,171,14,True,multi_root_no_usable_naive,,3,0,0,7,raw_families
sample-igg-W-23::99,sample-igg-W-23,99,4,True,lt_min_leaves,topological,1,0,0,3,after_topology_validation
sample-igg-W-23::1364,sample-igg-W-23,1364,14,True,multi_root_no_usable_naive,,3,0,0,8,raw_families
sample-igg-W-23::1041,sample-igg-W-23,1041,14,True,multi_root_no_usable_naive,,2,0,0,7,raw_families
sample-igg-W-23::806,sample-igg-W-23,806,2,True,lt_min_leaves,topological,1,0,0,2,after_topology_validation
sample-igg-W-23::206,sample-igg-W-23,206,6,True,lt_min_leaves,topological,1,0,0,4,after_topology_validation
sample-igg-W-23::1523,sample-igg-W-23,1523,1,True,lt_min_leaves,topological,1,0,1,2,after_topology_validation
sample-igg-W-23::1139,sample-igg-W-23,1139,4,True,lt_min_leaves,topological,1,0,1,3,after_topology_validation
sample-igg-W-23::194,sample-igg-W-23,194,4,True,lt_min_leaves,topological,1,0,2,4,after_topology_validation
sample-igg-W-23::262,sample-igg-W-23,262,52,True,multi_root_no_usable_naive,,2,0,0,9,raw_families
sample-igg-W-23::1610,sample-igg-W-23,1610,3,True,lt_min_leaves,topological,1,0,0,3,after_topology_validation
sample-igg-W-23::1218,sample-igg-W-23,1218,8,True,lt_min_leaves,topological,1,0,1,4,after_topology_validation
sample-igg-W-23::155,sample-igg-W-23,155,1,True,lt_min_leaves,topological,1,0,1,2,after_topology_validation
sample-igg-W-23::112,sample-igg-W-23,112,6,True,lt_min_leaves,topological,1,0,3,3,after_topology_validation
sample-igg-W-23::1425,sample-igg-W-23,1425,2,True,lt_min_leaves,topological,1,0,0,2,after_topology_validation
sample-igg-W-23::1457,sample-igg-W-23,1457,4,True,lt_min_leaves,topological,1,0,1,4,after_topology_validation
sample-igg-W-23::164,sample-igg-W-23,164,4,True,lt_min_leaves,topological,1,0,1,3,after_topology_validation
sample-igg-W-23::47,sample-igg-W-23,47,8,True,lt_min_leaves,topological,1,0,3,5,after_topology_validation
sample-igg-W-23::66,sample-igg-W-23,66,4,True,lt_min_leaves,topological,1,0,0,3,after_topology_validation
sample-igg-W-23::193,sample-igg-W-23,193,2,True,multi_root_no_usable_naive,,2,0,0,9,raw_families
sample-igg-W-23::811,sample-igg-W-23,811,2,True,lt_min_leaves,topological,1,0,0,2,after_topology_validation
sample-igg-W-23::81,sample-igg-W-23,81,10,True,lt_min_leaves,topological,1,0,2,5,after_topology_validation
sample-igg-W-23::479,sample-igg-W-23,479,12,True,multi_root_no_usable_naive,,2,0,0,6,raw_families
sample-igg-W-23::959,sample-igg-W-23,959,1,True,lt_min_leaves,topological,1,0,1,2,after_topology_validation
sample-igg-W-23::1657,sample-igg-W-23,1657,1,True,lt_min_leaves,topological,1,0,1,2,after_topology_validation
sample-igg-W-23::98,sample-igg-W-23,98,6,True,lt_min_leaves,topological,1,0,2,5,after_topology_validation
sample-igg-W-23::316,sample-igg-W-23,316,4,True,lt_min_leaves,topological,1,0,1,3,after_topology_validation
sample-igg-W-23::236,sample-igg-W-23,236,15,True,lt_min_leaves,topological,1,0,3,8,after_topology_validation
sample-igg-W-23::373,sample-igg-W-23,373,2,True,lt_min_leaves,topological,1,0,0,2,after_topology_validation
sample-igg-W-23::8,sample-igg-W-23,8,4,True,lt_min_leaves,topological,1,0,1,3,after_topology_validation
sample-igg-W-23::528,sample-igg-W-23,528,1,True,lt_min_leaves,topological,1,0,0,2,after_topology_validation
sample-igg-W-23::1414,sample-igg-W-23,1414,1,True,lt_min_leaves,topological,1,0,1,2,after_topology_validation
sample-igg-W-23::1007,sample-igg-W-23,1007,1,True,lt_min_leaves,topological,1,0,1,2,after_topology_validation
sample-igg-W-23::86,sample-igg-W-23,86,17,True,multi_root_no_usable_naive,,3,0,0,9,raw_families
sample-igg-W-23::1489,sample-igg-W-23,1489,8,True,lt_min_leaves,topological,1,0,2,5,after_topology_validation
sample-igg-W-23::722,sample-igg-W-23,722,1,True,lt_min_leaves,topological,1,0,0,2,after_topology_validation
sample-igg-W-23::1490,sample-igg-W-23,1490,2,True,lt_min_leaves,topological,1,0,0,2,after_topology_validation
sample-igg-W-23::285,sample-igg-W-23,285,6,True,lt_min_leaves,topological,1,0,2,4,after_topology_validation
sample-igg-W-23::791,sample-igg-W-23,791,2,True,lt_min_leaves,topological,1,0,1,2,after_topology_validation
sample-igg-W-23::824,sample-igg-W-23,824,2,True,lt_min_leaves,topological,1,0,0,2,after_topology_validation
sample-igg-W-23::770,sample-igg-W-23,770,13,True,multi_root_no_usable_naive,,2,0,0,7,raw_families
sample-igg-W-23::1443,sample-igg-W-23,1443,5,True,lt_min_leaves,topological,1,0,1,4,after_topology_validation
sample-igg-W-23::408,sample-igg-W-23,408,3,True,lt_min_leaves,topological,1,0,0,3,after_topology_validation
sample-igg-W-23::1039,sample-igg-W-23,1039,32,True,multi_root_no_usable_naive,,3,0,0,14,raw_families
sample-igg-W-23::1307,sample-igg-W-23,1307,2,True,lt_min_leaves,topological,1,0,0,2,after_topology_validation
sample-igg-W-23::588,sample-igg-W-23,588,4,True,lt_min_leaves,topological,1,0,1,3,after_topology_validation
sample-igg-W-23::252,sample-igg-W-23,252,6,True,lt_min_leaves,topological,1,0,1,4,after_topology_validation
sample-igg-W-23::1080,sample-igg-W-23,1080,6,True,multi_root_no_usable_naive,,2,0,0,5,raw_families
sample-igg-W-23::36,sample-igg-W-23,36,3,True,lt_min_leaves,topological,1,0,0,3,after_topology_validation
sample-igg-W-23::572,sample-igg-W-23,572,6,True,lt_min_leaves,topological,1,0,1,4,after_topology_validation
sample-igg-W-23::1071,sample-igg-W-23,1071,7,True,lt_min_leaves,topological,1,0,3,5,after_topology_validation
sample-igg-W-23::317,sample-igg-W-23,317,17,True,lt_min_leaves,topological,1,0,2,6,after_topology_validation
sample-igg-W-23::630,sample-igg-W-23,630,3,True,lt_min_leaves,topological,1,0,1,3,after_topology_validation
sample-igg-W-23::591,sample-igg-W-23,591,8,True,multi_root_no_usable_naive,,3,0,0,6,raw_families
sample-igg-W-23::368,sample-igg-W-23,368,3,True,multi_root_no_usable_naive,,2,0,0,4,raw_families
sample-igg-W-23::794,sample-igg-W-23,794,1,True,lt_min_leaves,topological,1,0,1,2,after_topology_validation
sample-igg-W-23::457,sample-igg-W-23,457,2,True,lt_min_leaves,topological,1,0,0,2,after_topology_validation
sample-igg-W-23::893,sample-igg-W-23,893,13,True,multi_root_no_usable_naive,,2,0,0,6,raw_families
sample-igg-W-23::1072,sample-igg-W-23,1072,9,True,lt_min_leaves,topological,1,0,2,6,after_topology_validation
sample-igg-W-23::822,sample-igg-W-23,822,2,True,lt_min_leaves,topological,1,0,1,3,after_topology_validation
sample-igg-W-23::46,sample-igg-W-23,46,8,True,lt_min_leaves,topological,1,0,1,5,after_topology_validation
sample-igg-W-23::936,sample-igg-W-23,936,1,True,lt_min_leaves,topological,1,0,1,2,after_topology_validation
sample-igg-W-23::183,sample-igg-W-23,183,31,True,multi_root_no_usable_naive,,10,0,0,33,raw_families
sample-igg-W-23::219,sample-igg-W-23,219,3,True,lt_min_leaves,topological,1,0,0,3,after_topology_validation
sample-igg-W-23::1333,sample-igg-W-23,1333,3,True,lt_min_leaves,topological,1,0,2,3,after_topology_validation
sample-igg-W-23::532,sample-igg-W-23,532,4,True,lt_min_leaves,topological,1,0,1,3,after_topology_validation
sample-igg-W-23::612,sample-igg-W-23,612,11,True,multi_root_no_usable_naive,,4,0,0,6,raw_families
sample-igg-W-23::1084,sample-igg-W-23,1084,5,True,multi_root_no_usable_naive,,2,0,0,5,raw_families
sample-igg-W-23::1032,sample-igg-W-23,1032,20,True,multi_root_no_usable_naive,,6,0,0,29,raw_families
sample-igg-W-23::196,sample-igg-W-23,196,4,True,lt_min_leaves,topological,1,0,1,3,after_topology_validation
sample-igg-W-23::300,sample-igg-W-23,300,7,True,multi_root_no_usable_naive,,2,0,0,5,raw_families
sample-igg-W-23::96,sample-igg-W-23,96,2,True,lt_min_leaves,topological,1,0,0,2,after_topology_validation
sample-igg-W-23::240,sample-igg-W-23,240,2,True,lt_min_leaves,topological,1,0,0,2,after_topology_validation
sample-igg-W-23::207,sample-igg-W-23,207,2,True,lt_min_leaves,topological,1,0,0,2,after_topology_validation
sample-igg-W-23::1192,sample-igg-W-23,1192,8,True,multi_root_no_usable_naive,,3,0,0,6,raw_families
sample-igg-W-23::663,sample-igg-W-23,663,1,True,lt_min_leaves,topological,1,0,0,2,after_topology_validation
sample-igg-W-23::51,sample-igg-W-23,51,12,True,multi_root_no_usable_naive,,2,0,0,5,raw_families
sample-igg-W-23::1194,sample-igg-W-23,1194,1,True,lt_min_leaves,topological,1,0,1,2,after_topology_validation
sample-igg-W-23::49,sample-igg-W-23,49,4,True,lt_min_leaves,topological,1,0,1,3,after_topology_validation
sample-igg-W-23::835,sample-igg-W-23,835,5,True,lt_min_leaves,topological,1,0,2,4,after_topology_validation
sample-igg-W-23::1180,sample-igg-W-23,1180,6,True,lt_min_leaves,topological,1,0,1,3,after_topology_validation
sample-igg-W-23::130,sample-igg-W-23,130,1,True,lt_min_leaves,topological,1,0,1,2,after_topology_validation
sample-igg-W-23::195,sample-igg-W-23,195,4,True,lt_min_leaves,topological,1,0,1,3,after_topology_validation
sample-igg-W-23::805,sample-igg-W-23,805,4,True,lt_min_leaves,topological,1,0,1,3,after_topology_validation
sample-igg-W-23::366,sample-igg-W-23,366,2,True,lt_min_leaves,topological,1,0,1,2,after_topology_validation
sample-igg-W-23::746,sample-igg-W-23,746,2,True,lt_min_leaves,topological,1,0,1,2,after_topology_validation
sample-igg-W-23::607,sample-igg-W-23,607,1,True,lt_min_leaves,topological,1,0,1,2,after_topology_validation
sample-igg-W-23::349,sample-igg-W-23,349,1,True,lt_min_leaves,topological,1,0,1,2,after_topology_validation
sample-igg-W-23::50,sample-igg-W-23,50,4,True,lt_min_leaves,topological,1,0,2,3,after_topology_validation
sample-igg-W-79::298,sample-igg-W-79,298,2,True,lt_min_leaves,topological,1,0,0,2,after_topology_validation
sample-igg-W-79::1875,sample-igg-W-79,1875,1,True,lt_min_leaves,topological,1,0,1,2,after_topology_validation
sample-igg-W-79::2039,sample-igg-W-79,2039,2,True,lt_min_leaves,topological,1,0,0,2,after_topology_validation
sample-igg-W-79::2082,sample-igg-W-79,2082,6,True,lt_min_leaves,topological,1,0,3,4,after_topology_validation
sample-igg-W-79::120,sample-igg-W-79,120,4,True,lt_min_leaves,topological,1,0,1,3,after_topology_validation
sample-igg-W-79::2033,sample-igg-W-79,2033,1,True,lt_min_leaves,topological,1,0,1,2,after_topology_validation
sample-igg-W-79::1557,sample-igg-W-79,1557,2,True,lt_min_leaves,topological,1,0,2,2,after_topology_validation
sample-igg-W-79::317,sample-igg-W-79,317,1,True,lt_min_leaves,topological,1,0,1,2,after_topology_validation
sample-igg-W-79::880,sample-igg-W-79,880,1,True,lt_min_leaves,topological,1,0,1,2,after_topology_validation
sample-igg-W-79::1550,sample-igg-W-79,1550,2,True,lt_min_leaves,topological,1,0,2,2,after_topology_validation
sample-igg-W-79::1012,sample-igg-W-79,1012,1,True,lt_min_leaves,topological,1,0,1,2,after_topology_validation
sample-igg-W-79::143,sample-igg-W-79,143,6,True,lt_min_leaves,topological,1,0,3,3,after_topology_validation
sample-igg-W-79::86,sample-igg-W-79,86,4,True,lt_min_leaves,topological,1,0,2,3,after_topology_validation
sample-igg-W-79::2162,sample-igg-W-79,2162,1,True,lt_min_leaves,topological,1,0,1,2,after_topology_validation
sample-igg-W-79::176,sample-igg-W-79,176,2,True,lt_min_leaves,topological,1,0,1,2,after_topology_validation
sample-igg-W-79::473,sample-igg-W-79,473,2,True,lt_min_leaves,topological,1,0,2,2,after_topology_validation
sample-igg-W-79::936,sample-igg-W-79,936,4,True,lt_min_leaves,topological,1,0,2,3,after_topology_validation
sample-igg-W-79::7,sample-igg-W-79,7,1,True,lt_min_leaves,topological,1,0,1,2,after_topology_validation
sample-igg-W-79::2457,sample-igg-W-79,2457,3,True,lt_min_leaves,topological,1,0,1,3,after_topology_validation
sample-igg-W-79::2363,sample-igg-W-79,2363,2,True,lt_min_leaves,topological,1,0,0,2,after_topology_validation
sample-igg-W-79::1783,sample-igg-W-79,1783,2,True,lt_min_leaves,topological,1,0,1,2,after_topology_validation
sample-igg-W-79::10,sample-igg-W-79,10,2,True,lt_min_leaves,topological,1,0,1,2,after_topology_validation
sample-igg-W-79::1984,sample-igg-W-79,1984,1,True,lt_min_leaves,topological,1,0,1,2,after_topology_validation
sample-igg-W-79::901,sample-igg-W-79,901,6,True,lt_min_leaves,topological,1,0,3,3,after_topology_validation
sample-igg-W-79::1683,sample-igg-W-79,1683,2,True,lt_min_leaves,topological,1,0,1,2,after_topology_validation
sample-igg-W-79::163,sample-igg-W-79,163,2,True,lt_min_leaves,topological,1,0,1,2,after_topology_validation
sample-igg-W-79::2044,sample-igg-W-79,2044,1,True,lt_min_leaves,topological,1,0,1,2,after_topology_validation
sample-igg-W-79::89,sample-igg-W-79,89,2,True,lt_min_leaves,topological,1,0,1,2,after_topology_validation
sample-igg-W-79::161,sample-igg-W-79,161,2,True,lt_min_leaves,topological,1,0,1,2,after_topology_validation
sample-igg-W-79::1444,sample-igg-W-79,1444,1,True,lt_min_leaves,topological,1,0,1,2,after_topology_validation
sample-igg-W-79::270,sample-igg-W-79,270,2,True,lt_min_leaves,topological,1,0,2,2,after_topology_validation
sample-igg-W-79::18,sample-igg-W-79,18,2,True,lt_min_leaves,topological,1,0,1,2,after_topology_validation
sample-igg-W-79::753,sample-igg-W-79,753,2,True,lt_min_leaves,topological,1,0,2,2,after_topology_validation
sample-igg-W-79::477,sample-igg-W-79,477,2,True,lt_min_leaves,topological,1,0,2,2,after_topology_validation
sample-igg-W-79::2141,sample-igg-W-79,2141,1,True,lt_min_leaves,topological,1,0,1,2,after_topology_validation
sample-igg-W-79::684,sample-igg-W-79,684,4,True,lt_min_leaves,topological,1,0,2,3,after_topology_validation
sample-igg-W-79::2424,sample-igg-W-79,2424,2,True,lt_min_leaves,topological,1,0,1,2,after_topology_validation
sample-igg-W-79::759,sample-igg-W-79,759,2,True,lt_min_leaves,topological,1,0,2,2,after_topology_validation
sample-igg-W-79::250,sample-igg-W-79,250,1,True,lt_min_leaves,topological,1,0,0,2,after_topology_validation
sample-igg-W-79::44,sample-igg-W-79,44,2,True,lt_min_leaves,topological,1,0,1,2,after_topology_validation
sample-igg-W-79::2151,sample-igg-W-79,2151,2,True,lt_min_leaves,topological,1,0,1,2,after_topology_validation
sample-igg-W-79::1945,sample-igg-W-79,1945,2,True,lt_min_leaves,topological,1,0,2,2,after_topology_validation
sample-igg-W-79::874,sample-igg-W-79,874,1,True,lt_min_leaves,topological,1,0,1,2,after_topology_validation
sample-igg-W-79::2126,sample-igg-W-79,2126,1,True,lt_min_leaves,topological,1,0,1,2,after_topology_validation
sample-igg-W-79::337,sample-igg-W-79,337,2,True,lt_min_leaves,topological,1,0,1,2,after_topology_validation
sample-igg-W-79::2094,sample-igg-W-79,2094,2,True,lt_min_leaves,topological,1,0,2,2,after_topology_validation
sample-igg-W-79::2242,sample-igg-W-79,2242,4,True,lt_min_leaves,topological,1,0,1,3,after_topology_validation
sample-igg-W-79::777,sample-igg-W-79,777,2,True,lt_min_leaves,topological,1,0,1,2,after_topology_validation
sample-igg-W-79::1702,sample-igg-W-79,1702,1,True,lt_min_leaves,topological,1,0,0,2,after_topology_validation
sample-igg-W-79::75,sample-igg-W-79,75,4,True,lt_min_leaves,topological,1,0,3,3,after_topology_validation
sample-igg-W-79::27,sample-igg-W-79,27,2,True,lt_min_leaves,topological,1,0,2,2,after_topology_validation
sample-igg-W-79::2009,sample-igg-W-79,2009,2,True,lt_min_leaves,topological,1,0,0,2,after_topology_validation
sample-igg-W-79::1194,sample-igg-W-79,1194,2,True,lt_min_leaves,topological,1,0,1,2,after_topology_validation
sample-igg-W-79::187,sample-igg-W-79,187,2,True,lt_min_leaves,topological,1,0,0,2,after_topology_validation
sample-igg-W-79::336,sample-igg-W-79,336,1,True,lt_min_leaves,topological,1,0,1,2,after_topology_validation
sample-igg-W-79::405,sample-igg-W-79,405,1,True,lt_min_leaves,topological,1,0,1,2,after_topology_validation
sample-igg-W-79::883,sample-igg-W-79,883,1,True,lt_min_leaves,topological,1,0,1,2,after_topology_validation
sample-igg-W-79::129,sample-igg-W-79,129,2,True,lt_min_leaves,topological,1,0,2,2,after_topology_validation
sample-igg-W-79::229,sample-igg-W-79,229,2,True,lt_min_leaves,topological,1,0,2,2,after_topology_validation
sample-igg-W-79::73,sample-igg-W-79,73,2,True,lt_min_leaves,topological,1,0,2,2,after_topology_validation
sample-igg-W-79::2379,sample-igg-W-79,2379,1,True,lt_min_leaves,topological,1,0,1,2,after_topology_validation
sample-igg-W-79::1285,sample-igg-W-79,1285,2,True,lt_min_leaves,topological,1,0,1,2,after_topology_validation
sample-igg-W-79::1514,sample-igg-W-79,1514,2,True,lt_min_leaves,topological,1,0,0,2,after_topology_validation
sample-igg-W-79::734,sample-igg-W-79,734,2,True,lt_min_leaves,topological,1,0,1,2,after_topology_validation
sample-igg-W-79::1934,sample-igg-W-79,1934,2,True,lt_min_leaves,topological,1,0,1,2,after_topology_validation
sample-igg-W-79::138,sample-igg-W-79,138,1,True,lt_min_leaves,topological,1,0,1,2,after_topology_validation
sample-igg-W-79::1790,sample-igg-W-79,1790,2,True,lt_min_leaves,topological,1,0,0,2,after_topology_validation
sample-igg-W-79::900,sample-igg-W-79,900,2,True,lt_min_leaves,topological,1,0,1,2,after_topology_validation
sample-igg-W-79::1311,sample-igg-W-79,1311,2,True,lt_min_leaves,topological,1,0,2,2,after_topology_validation
sample-igg-W-79::539,sample-igg-W-79,539,2,True,lt_min_leaves,topological,1,0,2,2,after_topology_validation
sample-igg-W-79::1920,sample-igg-W-79,1920,1,True,lt_min_leaves,topological,1,0,1,2,after_topology_validation
sample-igg-W-79::487,sample-igg-W-79,487,2,True,lt_min_leaves,topological,1,0,2,2,after_topology_validation
sample-igg-W-79::2343,sample-igg-W-79,2343,2,True,lt_min_leaves,topological,1,0,2,2,after_topology_validation
sample-igg-W-79::135,sample-igg-W-79,135,2,True,lt_min_leaves,topological,1,0,2,2,after_topology_validation
sample-igg-W-79::2078,sample-igg-W-79,2078,2,True,lt_min_leaves,topological,1,0,2,2,after_topology_validation
sample-igg-W-79::155,sample-igg-W-79,155,4,True,lt_min_leaves,topological,1,0,3,3,after_topology_validation
sample-igg-W-79::94,sample-igg-W-79,94,2,True,lt_min_leaves,topological,1,0,1,2,after_topology_validation
sample-igg-W-79::1871,sample-igg-W-79,1871,1,True,lt_min_leaves,topological,1,0,1,2,after_topology_validation
sample-igg-W-79::1644,sample-igg-W-79,1644,1,True,lt_min_leaves,topological,1,0,1,2,after_topology_validation
sample-igg-W-79::1565,sample-igg-W-79,1565,1,True,lt_min_leaves,topological,1,0,1,2,after_topology_validation
sample-igg-W-79::1544,sample-igg-W-79,1544,2,True,lt_min_leaves,topological,1,0,2,2,after_topology_validation
sample-igg-W-79::331,sample-igg-W-79,331,2,True,lt_min_leaves,topological,1,0,1,2,after_topology_validation
sample-igg-W-79::1792,sample-igg-W-79,1792,1,True,lt_min_leaves,topological,1,0,1,2,after_topology_validation
sample-igg-W-79::1368,sample-igg-W-79,1368,4,True,lt_min_leaves,topological,1,0,2,3,after_topology_validation
sample-igg-W-79::958,sample-igg-W-79,958,1,True,lt_min_leaves,topological,1,0,0,2,after_topology_validation
sample-igg-W-79::2079,sample-igg-W-79,2079,2,True,lt_min_leaves,topological,1,0,1,2,after_topology_validation
sample-igg-W-79::1464,sample-igg-W-79,1464,2,True,lt_min_leaves,topological,1,0,2,2,after_topology_validation
sample-igg-W-79::2357,sample-igg-W-79,2357,2,True,lt_min_leaves,topological,1,0,1,2,after_topology_validation
sample-igg-W-79::997,sample-igg-W-79,997,4,True,lt_min_leaves,topological,1,0,2,3,after_topology_validation
sample-igg-W-79::2142,sample-igg-W-79,2142,2,True,lt_min_leaves,topological,1,0,1,2,after_topology_validation
sample-igg-W-79::249,sample-igg-W-79,249,2,True,lt_min_leaves,topological,1,0,2,2,after_topology_validation
sample-igg-W-79::430,sample-igg-W-79,430,2,True,lt_min_leaves,topological,1,0,1,2,after_topology_validation
sample-igg-W-79::714,sample-igg-W-79,714,1,True,lt_min_leaves,topological,1,0,1,2,after_topology_validation
sample-igg-W-79::1674,sample-igg-W-79,1674,1,True,lt_min_leaves,topological,1,0,1,2,after_topology_validation
sample-igg-W-79::1588,sample-igg-W-79,1588,2,True,lt_min_leaves,topological,1,0,0,2,after_topology_validation
sample-igg-W-79::269,sample-igg-W-79,269,4,True,lt_min_leaves,topological,1,0,2,3,after_topology_validation
sample-igg-W-79::2336,sample-igg-W-79,2336,1,True,lt_min_leaves,topological,1,0,0,2,after_topology_validation
sample-igg-W-79::1939,sample-igg-W-79,1939,2,True,multi_root_no_usable_naive,,2,0,0,3,raw_families
sample-igg-W-79::313,sample-igg-W-79,313,1,True,lt_min_leaves,topological,1,0,1,2,after_topology_validation
sample-igg-W-79::1343,sample-igg-W-79,1343,2,True,lt_min_leaves,topological,1,0,1,2,after_topology_validation
sample-igg-W-79::956,sample-igg-W-79,956,2,True,lt_min_leaves,topological,1,0,0,2,after_topology_validation
sample-igg-W-79::423,sample-igg-W-79,423,2,True,lt_min_leaves,topological,1,0,1,2,after_topology_validation
sample-igg-W-79::1232,sample-igg-W-79,1232,2,True,lt_min_leaves,topological,1,0,2,2,after_topology_validation
sample-igg-W-79::528,sample-igg-W-79,528,2,True,lt_min_leaves,topological,1,0,1,2,after_topology_validation
sample-igg-W-79::1914,sample-igg-W-79,1914,2,True,lt_min_leaves,topological,1,0,1,2,after_topology_validation
sample-igg-W-79::426,sample-igg-W-79,426,4,True,lt_min_leaves,topological,1,0,2,3,after_topology_validation
sample-igg-W-79::2225,sample-igg-W-79,2225,6,True,lt_min_leaves,topological,1,0,3,4,after_topology_validation
sample-igg-W-79::741,sample-igg-W-79,741,2,True,lt_min_leaves,topological,1,0,0,2,after_topology_validation
sample-igg-W-79::475,sample-igg-W-79,475,4,True,lt_min_leaves,topological,1,0,2,3,after_topology_validation
sample-igg-W-79::1806,sample-igg-W-79,1806,3,True,lt_min_leaves,topological,1,0,1,3,after_topology_validation
sample-igg-W-79::1620,sample-igg-W-79,1620,2,True,lt_min_leaves,topological,1,0,1,2,after_topology_validation
sample-igg-W-79::30,sample-igg-W-79,30,2,True,lt_min_leaves,topological,1,0,2,2,after_topology_validation
sample-igg-W-79::610,sample-igg-W-79,610,1,True,lt_min_leaves,topological,1,0,1,2,after_topology_validation
sample-igg-W-79::1398,sample-igg-W-79,1398,3,True,lt_min_leaves,topological,1,0,1,3,after_topology_validation
sample-igg-W-79::34,sample-igg-W-79,34,2,True,lt_min_leaves,topological,1,0,1,2,after_topology_validation
sample-igg-W-79::1974,sample-igg-W-79,1974,2,True,lt_min_leaves,topological,1,0,2,2,after_topology_validation
sample-igg-W-79::903,sample-igg-W-79,903,2,True,lt_min_leaves,topological,1,0,2,2,after_topology_validation
sample-igg-W-79::46,sample-igg-W-79,46,2,True,lt_min_leaves,topological,1,0,2,2,after_topology_validation
sample-igg-W-79::2444,sample-igg-W-79,2444,2,True,lt_min_leaves,topological,1,0,1,2,after_topology_validation
sample-igg-W-79::2365,sample-igg-W-79,2365,2,True,lt_min_leaves,topological,1,0,1,2,after_topology_validation
sample-igg-W-79::656,sample-igg-W-79,656,3,True,lt_min_leaves,topological,1,0,2,3,after_topology_validation
sample-igg-W-79::471,sample-igg-W-79,471,2,True,lt_min_leaves,topological,1,0,2,2,after_topology_validation
sample-igg-W-79::485,sample-igg-W-79,485,2,True,lt_min_leaves,topological,1,0,2,2,after_topology_validation
sample-igg-W-79::1349,sample-igg-W-79,1349,2,True,lt_min_leaves,topological,1,0,1,2,after_topology_validation
sample-igg-W-79::2226,sample-igg-W-79,2226,2,True,lt_min_leaves,topological,1,0,1,2,after_topology_validation
sample-igg-W-79::81,sample-igg-W-79,81,2,True,lt_min_leaves,topological,1,0,1,2,after_topology_validation
sample-igg-W-79::1382,sample-igg-W-79,1382,4,True,lt_min_leaves,topological,1,0,2,3,after_topology_validation
sample-igg-W-79::1572,sample-igg-W-79,1572,1,True,lt_min_leaves,topological,1,0,1,2,after_topology_validation
sample-igg-W-79::1292,sample-igg-W-79,1292,4,True,lt_min_leaves,topological,1,0,3,3,after_topology_validation
sample-igg-W-79::1058,sample-igg-W-79,1058,2,True,lt_min_leaves,topological,1,0,0,2,after_topology_validation
sample-igg-W-79::1844,sample-igg-W-79,1844,1,True,lt_min_leaves,topological,1,0,1,2,after_topology_validation
sample-igg-W-79::234,sample-igg-W-79,234,2,True,lt_min_leaves,topological,1,0,2,2,after_topology_validation
sample-igg-W-79::498,sample-igg-W-79,498,2,True,lt_min_leaves,topological,1,0,1,2,after_topology_validation
sample-igg-W-79::2289,sample-igg-W-79,2289,4,True,lt_min_leaves,topological,1,0,2,3,after_topology_validation
sample-igg-W-79::1551,sample-igg-W-79,1551,6,False,,topological,1,0,4,3,final_eligible
sample-igg-W-79::1445,sample-igg-W-79,1445,1,True,lt_min_leaves,topological,1,0,1,2,after_topology_validation
sample-igg-W-79::2297,sample-igg-W-79,2297,2,True,lt_min_leaves,topological,1,0,1,2,after_topology_validation
sample-igg-W-79::1221,sample-igg-W-79,1221,2,True,lt_min_leaves,topological,1,0,2,2,after_topology_validation
sample-igg-W-79::827,sample-igg-W-79,827,2,True,lt_min_leaves,topological,1,0,1,2,after_topology_validation
sample-igg-W-79::1235,sample-igg-W-79,1235,2,True,lt_min_leaves,topological,1,0,1,2,after_topology_validation
sample-igg-W-79::283,sample-igg-W-79,283,2,True,lt_min_leaves,topological,1,0,1,2,after_topology_validation
sample-igg-W-79::1335,sample-igg-W-79,1335,2,True,lt_min_leaves,topological,1,0,1,2,after_topology_validation
sample-igg-W-79::2347,sample-igg-W-79,2347,2,True,lt_min_leaves,topological,1,0,0,2,after_topology_validation
sample-igg-W-79::2380,sample-igg-W-79,2380,1,True,lt_min_leaves,topological,1,0,1,2,after_topology_validation
sample-igg-W-79::181,sample-igg-W-79,181,2,True,lt_min_leaves,topological,1,0,1,2,after_topology_validation
sample-igg-W-79::165,sample-igg-W-79,165,3,True,lt_min_leaves,topological,1,0,2,3,after_topology_validation
sample-igg-W-79::1482,sample-igg-W-79,1482,2,True,lt_min_leaves,topological,1,0,1,2,after_topology_validation
sample-igg-W-79::1600,sample-igg-W-79,1600,4,True,lt_min_leaves,topological,1,0,2,3,after_topology_validation
sample-igg-W-79::1820,sample-igg-W-79,1820,2,True,lt_min_leaves,topological,1,0,2,2,after_topology_validation
sample-igg-W-79::1352,sample-igg-W-79,1352,1,True,lt_min_leaves,topological,1,0,1,2,after_topology_validation
sample-igg-W-79::1568,sample-igg-W-79,1568,2,True,lt_min_leaves,topological,1,0,1,2,after_topology_validation
sample-igg-W-79::1543,sample-igg-W-79,1543,2,True,lt_min_leaves,topological,1,0,2,2,after_topology_validation
sample-igg-W-79::1293,sample-igg-W-79,1293,2,True,lt_min_leaves,topological,1,0,1,2,after_topology_validation
sample-igg-W-79::2238,sample-igg-W-79,2238,1,True,lt_min_leaves,topological,1,0,1,2,after_topology_validation
sample-igg-W-79::1219,sample-igg-W-79,1219,2,True,lt_min_leaves,topological,1,0,1,2,after_topology_validation
sample-igg-W-79::1839,sample-igg-W-79,1839,3,True,lt_min_leaves,topological,1,0,2,3,after_topology_validation
sample-igg-W-79::210,sample-igg-W-79,210,2,True,lt_min_leaves,topological,1,0,1,2,after_topology_validation
sample-igg-W-79::1840,sample-igg-W-79,1840,1,True,lt_min_leaves,topological,1,0,1,2,after_topology_validation
sample-igg-W-79::1424,sample-igg-W-79,1424,2,True,lt_min_leaves,topological,1,0,1,2,after_topology_validation
sample-igg-W-79::480,sample-igg-W-79,480,4,True,lt_min_leaves,topological,1,0,1,3,after_topology_validation
sample-igg-W-79::646,sample-igg-W-79,646,4,True,lt_min_leaves,topological,1,0,0,3,after_topology_validation
sample-igg-W-79::325,sample-igg-W-79,325,6,True,lt_min_leaves,topological,1,0,3,4,after_topology_validation
sample-igg-W-79::59,sample-igg-W-79,59,9,True,lt_min_leaves,topological,1,0,2,4,after_topology_validation
sample-igg-W-79::633,sample-igg-W-79,633,4,True,lt_min_leaves,topological,1,0,1,3,after_topology_validation
sample-igg-W-79::2212,sample-igg-W-79,2212,9,True,lt_min_leaves,topological,1,0,3,5,after_topology_validation
sample-igg-W-79::186,sample-igg-W-79,186,5,True,lt_min_leaves,topological,1,0,1,3,after_topology_validation
sample-igg-W-79::13,sample-igg-W-79,13,3,True,lt_min_leaves,topological,1,0,1,3,after_topology_validation
sample-igg-W-79::174,sample-igg-W-79,174,1,True,lt_min_leaves,topological,1,0,1,2,after_topology_validation
sample-igg-W-79::198,sample-igg-W-79,198,7,True,multi_root_no_usable_naive,,4,0,0,9,raw_families
sample-igg-W-79::295,sample-igg-W-79,295,9,True,lt_min_leaves,topological,1,0,2,5,after_topology_validation
sample-igg-W-79::261,sample-igg-W-79,261,2,True,lt_min_leaves,topological,1,0,0,2,after_topology_validation
sample-igg-W-79::631,sample-igg-W-79,631,23,True,multi_root_no_usable_naive,,2,0,0,13,raw_families
sample-igg-W-79::1222,sample-igg-W-79,1222,9,True,lt_min_leaves,topological,1,0,2,5,after_topology_validation
sample-igg-W-79::233,sample-igg-W-79,233,2,True,lt_min_leaves,topological,1,0,0,2,after_topology_validation
sample-igg-W-79::112,sample-igg-W-79,112,5,True,lt_min_leaves,topological,1,0,3,4,after_topology_validation
sample-igg-W-79::630,sample-igg-W-79,630,2,True,multi_root_no_usable_naive,,2,0,0,3,raw_families
sample-igg-W-79::681,sample-igg-W-79,681,7,True,lt_min_leaves,topological,1,0,3,5,after_topology_validation
sample-igg-W-79::403,sample-igg-W-79,403,7,True,lt_min_leaves,topological,1,0,2,4,after_topology_validation
sample-igg-W-79::881,sample-igg-W-79,881,30,True,multi_root_no_usable_naive,,8,0,0,27,raw_families
sample-igg-W-79::256,sample-igg-W-79,256,5,True,lt_min_leaves,topological,1,0,2,3,after_topology_validation
sample-igg-W-79::1595,sample-igg-W-79,1595,6,True,lt_min_leaves,topological,1,0,2,4,after_topology_validation
sample-igg-W-79::1447,sample-igg-W-79,1447,4,True,lt_min_leaves,topological,1,0,0,3,after_topology_validation
sample-igg-W-79::1140,sample-igg-W-79,1140,3,True,lt_min_leaves,topological,1,0,0,3,after_topology_validation
sample-igg-W-79::1333,sample-igg-W-79,1333,4,True,multi_root_no_usable_naive,,2,0,0,7,raw_families
sample-igg-W-79::493,sample-igg-W-79,493,2,True,lt_min_leaves,topological,1,0,0,2,after_topology_validation
sample-igg-W-79::812,sample-igg-W-79,812,6,True,lt_min_leaves,topological,1,0,2,4,after_topology_validation
sample-igg-W-79::151,sample-igg-W-79,151,8,True,lt_min_leaves,topological,1,0,2,5,after_topology_validation
sample-igg-W-79::457,sample-igg-W-79,457,8,False,,topological,1,0,4,4,final_eligible
sample-igg-W-79::1373,sample-igg-W-79,1373,2,True,lt_min_leaves,topological,1,0,0,2,after_topology_validation
sample-igg-W-79::2364,sample-igg-W-79,2364,5,True,multi_root_no_usable_naive,,3,0,0,6,raw_families
sample-igg-W-79::1203,sample-igg-W-79,1203,4,True,lt_min_leaves,topological,1,0,0,3,after_topology_validation
sample-igg-W-79::1855,sample-igg-W-79,1855,4,True,lt_min_leaves,topological,1,0,0,3,after_topology_validation
sample-igg-W-79::92,sample-igg-W-79,92,2,True,lt_min_leaves,topological,1,0,0,2,after_topology_validation
sample-igg-W-79::2296,sample-igg-W-79,2296,10,True,lt_min_leaves,topological,1,0,3,4,after_topology_validation
sample-igg-W-79::1210,sample-igg-W-79,1210,1,True,lt_min_leaves,topological,1,0,1,2,after_topology_validation
sample-igg-W-79::891,sample-igg-W-79,891,4,True,multi_root_no_usable_naive,,2,0,0,3,raw_families
sample-igg-W-79::93,sample-igg-W-79,93,10,True,lt_min_leaves,topological,1,0,1,6,after_topology_validation
sample-igg-W-79::2302,sample-igg-W-79,2302,6,True,lt_min_leaves,topological,1,0,1,3,after_topology_validation
sample-igg-W-79::1190,sample-igg-W-79,1190,4,True,multi_root_no_usable_naive,,2,0,0,8,raw_families
sample-igg-W-79::1553,sample-igg-W-79,1553,3,True,lt_min_leaves,topological,1,0,2,3,after_topology_validation
sample-igg-W-79::1952,sample-igg-W-79,1952,2,True,lt_min_leaves,topological,1,0,1,2,after_topology_validation
sample-igg-W-79::236,sample-igg-W-79,236,7,True,lt_min_leaves,topological,1,0,0,4,after_topology_validation
sample-igg-W-79::1127,sample-igg-W-79,1127,4,True,lt_min_leaves,topological,1,0,1,3,after_topology_validation
sample-igg-W-79::1502,sample-igg-W-79,1502,4,True,lt_min_leaves,topological,1,0,1,3,after_topology_validation
sample-igg-W-79::1744,sample-igg-W-79,1744,7,True,lt_min_leaves,topological,1,0,1,4,after_topology_validation
sample-igg-W-79::251,sample-igg-W-79,251,7,True,multi_root_no_usable_naive,,2,0,0,6,raw_families
sample-igg-W-79::1768,sample-igg-W-79,1768,6,True,lt_min_leaves,topological,1,0,1,3,after_topology_validation
sample-igg-W-79::1526,sample-igg-W-79,1526,7,True,lt_min_leaves,topological,1,0,2,4,after_topology_validation
sample-igg-W-79::952,sample-igg-W-79,952,5,True,lt_min_leaves,topological,1,0,0,3,after_topology_validation
sample-igg-W-79::923,sample-igg-W-79,923,6,True,lt_min_leaves,topological,1,0,2,4,after_topology_validation
sample-igg-W-79::443,sample-igg-W-79,443,3,True,lt_min_leaves,topological,1,0,2,3,after_topology_validation
sample-igg-W-79::2384,sample-igg-W-79,2384,3,True,lt_min_leaves,topological,1,0,1,3,after_topology_validation
sample-igg-W-79::267,sample-igg-W-79,267,44,True,multi_root_no_usable_naive,,5,0,0,12,raw_families
sample-igg-W-79::878,sample-igg-W-79,878,7,True,multi_root_no_usable_naive,,2,0,0,5,raw_families
sample-igg-W-79::43,sample-igg-W-79,43,1,True,lt_min_leaves,topological,1,0,1,3,after_topology_validation
sample-igg-W-79::1737,sample-igg-W-79,1737,6,True,lt_min_leaves,topological,1,0,2,4,after_topology_validation
sample-igg-W-79::1589,sample-igg-W-79,1589,3,True,lt_min_leaves,topological,1,0,1,3,after_topology_validation
sample-igg-W-79::1465,sample-igg-W-79,1465,3,True,multi_root_no_usable_naive,,2,0,0,4,raw_families
sample-igg-W-79::1299,sample-igg-W-79,1299,4,True,lt_min_leaves,topological,1,0,1,3,after_topology_validation
sample-igg-W-79::1362,sample-igg-W-79,1362,2,True,multi_root_no_usable_naive,,2,0,0,3,raw_families
sample-igg-W-79::156,sample-igg-W-79,156,3,True,lt_min_leaves,topological,1,0,1,3,after_topology_validation
sample-igg-W-79::1412,sample-igg-W-79,1412,1,True,lt_min_leaves,topological,1,0,1,2,after_topology_validation
sample-igg-W-79::2362,sample-igg-W-79,2362,24,True,lt_min_leaves,topological,1,0,2,8,after_topology_validation
sample-igg-W-79::553,sample-igg-W-79,553,1,True,lt_min_leaves,topological,1,0,0,2,after_topology_validation
sample-igg-W-79::26,sample-igg-W-79,26,6,True,lt_min_leaves,topological,1,0,3,3,after_topology_validation
sample-igg-W-79::1868,sample-igg-W-79,1868,2,True,lt_min_leaves,topological,1,0,0,2,after_topology_validation
sample-igg-W-79::731,sample-igg-W-79,731,4,True,lt_min_leaves,topological,1,0,2,3,after_topology_validation
sample-igg-W-79::133,sample-igg-W-79,133,9,True,lt_min_leaves,topological,1,0,3,5,after_topology_validation
sample-igg-W-79::887,sample-igg-W-79,887,11,True,multi_root_no_usable_naive,,2,0,0,7,raw_families
sample-igg-W-79::82,sample-igg-W-79,82,4,True,lt_min_leaves,topological,1,0,1,3,after_topology_validation
sample-igg-W-79::1468,sample-igg-W-79,1468,6,True,lt_min_leaves,topological,1,0,2,4,after_topology_validation
sample-igg-W-79::1022,sample-igg-W-79,1022,1,True,lt_min_leaves,topological,1,0,0,2,after_topology_validation
sample-igg-W-79::1200,sample-igg-W-79,1200,6,True,lt_min_leaves,topological,1,0,1,3,after_topology_validation
sample-igg-W-79::597,sample-igg-W-79,597,3,True,lt_min_leaves,topological,1,0,0,3,after_topology_validation
sample-igg-W-79::1007,sample-igg-W-79,1007,8,True,lt_min_leaves,topological,1,0,2,4,after_topology_validation
sample-igg-W-79::875,sample-igg-W-79,875,3,True,lt_min_leaves,topological,1,0,1,3,after_topology_validation
sample-igg-W-79::347,sample-igg-W-79,347,4,True,lt_min_leaves,topological,1,0,0,3,after_topology_validation
sample-igg-W-79::1586,sample-igg-W-79,1586,2,True,lt_min_leaves,topological,1,0,0,2,after_topology_validation
sample-igg-W-79::2322,sample-igg-W-79,2322,6,True,lt_min_leaves,topological,1,0,2,4,after_topology_validation
sample-igg-W-79::1665,sample-igg-W-79,1665,4,True,lt_min_leaves,topological,1,0,1,3,after_topology_validation
sample-igg-W-79::1835,sample-igg-W-79,1835,4,True,lt_min_leaves,topological,1,0,1,3,after_topology_validation
sample-igg-W-79::543,sample-igg-W-79,543,3,True,lt_min_leaves,topological,1,0,1,3,after_topology_validation
sample-igg-W-79::717,sample-igg-W-79,717,7,True,multi_root_no_usable_naive,,2,0,0,7,raw_families
sample-igg-W-79::1848,sample-igg-W-79,1848,11,True,multi_root_no_usable_naive,,2,0,0,5,raw_families
sample-igg-W-79::1556,sample-igg-W-79,1556,7,True,lt_min_leaves,topological,1,0,2,5,after_topology_validation
sample-igg-W-79::507,sample-igg-W-79,507,9,True,lt_min_leaves,topological,1,0,2,5,after_topology_validation
sample-igg-W-79::2231,sample-igg-W-79,2231,3,True,lt_min_leaves,topological,1,0,0,3,after_topology_validation
sample-igg-W-79::17,sample-igg-W-79,17,2,True,lt_min_leaves,topological,1,0,1,2,after_topology_validation
sample-igg-W-79::913,sample-igg-W-79,913,2,True,lt_min_leaves,topological,1,0,1,2,after_topology_validation
sample-igg-W-79::701,sample-igg-W-79,701,5,True,lt_min_leaves,topological,1,0,1,3,after_topology_validation
sample-igg-W-79::1525,sample-igg-W-79,1525,6,True,lt_min_leaves,topological,1,0,1,4,after_topology_validation
sample-igg-W-79::109,sample-igg-W-79,109,2,True,lt_min_leaves,topological,1,0,1,3,after_topology_validation
sample-igg-W-79::297,sample-igg-W-79,297,2,True,lt_min_leaves,topological,1,0,0,2,after_topology_validation
sample-igg-W-79::481,sample-igg-W-79,481,4,True,lt_min_leaves,topological,1,0,0,3,after_topology_validation
sample-igg-W-79::1763,sample-igg-W-79,1763,4,True,lt_min_leaves,topological,1,0,1,3,after_topology_validation
sample-igg-W-79::148,sample-igg-W-79,148,1,True,lt_min_leaves,topological,1,0,1,3,after_topology_validation
sample-igg-W-79::1971,sample-igg-W-79,1971,2,True,lt_min_leaves,topological,1,0,0,2,after_topology_validation
sample-igg-W-79::1062,sample-igg-W-79,1062,3,True,lt_min_leaves,topological,1,0,1,3,after_topology_validation
sample-igg-W-79::303,sample-igg-W-79,303,4,True,lt_min_leaves,topological,1,0,1,3,after_topology_validation
sample-igg-W-79::886,sample-igg-W-79,886,2,True,lt_min_leaves,topological,1,0,1,2,after_topology_validation
sample-igg-W-79::275,sample-igg-W-79,275,2,True,lt_min_leaves,topological,1,0,1,2,after_topology_validation
sample-igg-W-79::1564,sample-igg-W-79,1564,5,True,multi_root_no_usable_naive,,2,0,0,6,raw_families
sample-igg-W-79::675,sample-igg-W-79,675,2,True,lt_min_leaves,topological,1,0,1,3,after_topology_validation
sample-igg-W-79::1943,sample-igg-W-79,1943,3,True,lt_min_leaves,topological,1,0,2,3,after_topology_validation
sample-igg-W-79::517,sample-igg-W-79,517,2,True,lt_min_leaves,topological,1,0,2,2,after_topology_validation
sample-igg-W-79::31,sample-igg-W-79,31,2,True,lt_min_leaves,topological,1,0,0,2,after_topology_validation
sample-igg-W-25::466,sample-igg-W-25,466,2,True,lt_min_leaves,topological,1,0,1,2,after_topology_validation
sample-igg-W-25::7,sample-igg-W-25,7,1,True,lt_min_leaves,topological,1,0,0,2,after_topology_validation
sample-igg-W-25::912,sample-igg-W-25,912,2,True,lt_min_leaves,topological,1,0,2,2,after_topology_validation
sample-igg-W-25::17,sample-igg-W-25,17,2,True,lt_min_leaves,topological,1,0,1,2,after_topology_validation
sample-igg-W-25::807,sample-igg-W-25,807,2,True,lt_min_leaves,topological,1,0,1,2,after_topology_validation
sample-igg-W-25::73,sample-igg-W-25,73,2,True,lt_min_leaves,topological,1,0,0,2,after_topology_validation
sample-igg-W-25::522,sample-igg-W-25,522,2,True,lt_min_leaves,topological,1,0,1,3,after_topology_validation
sample-igg-W-25::696,sample-igg-W-25,696,1,True,lt_min_leaves,topological,1,0,1,2,after_topology_validation
sample-igg-W-25::228,sample-igg-W-25,228,2,True,lt_min_leaves,topological,1,0,2,2,after_topology_validation
sample-igg-W-25::684,sample-igg-W-25,684,2,True,lt_min_leaves,topological,1,0,1,2,after_topology_validation
sample-igg-W-25::212,sample-igg-W-25,212,2,True,lt_min_leaves,topological,1,0,1,2,after_topology_validation
sample-igg-W-25::859,sample-igg-W-25,859,2,True,lt_min_leaves,topological,1,0,1,2,after_topology_validation
sample-igg-W-25::902,sample-igg-W-25,902,3,True,lt_min_leaves,topological,1,0,1,3,after_topology_validation
sample-igg-W-25::130,sample-igg-W-25,130,2,True,lt_min_leaves,topological,1,0,1,2,after_topology_validation
sample-igg-W-25::554,sample-igg-W-25,554,2,True,lt_min_leaves,topological,1,0,2,2,after_topology_validation
sample-igg-W-25::165,sample-igg-W-25,165,2,True,lt_min_leaves,topological,1,0,1,2,after_topology_validation
sample-igg-W-25::765,sample-igg-W-25,765,1,True,lt_min_leaves,topological,1,0,0,2,after_topology_validation
sample-igg-W-25::714,sample-igg-W-25,714,2,True,lt_min_leaves,topological,1,0,1,2,after_topology_validation
sample-igg-W-25::926,sample-igg-W-25,926,1,True,lt_min_leaves,topological,1,0,1,2,after_topology_validation
sample-igg-W-25::694,sample-igg-W-25,694,1,True,lt_min_leaves,topological,1,0,1,2,after_topology_validation
sample-igg-W-25::207,sample-igg-W-25,207,2,True,lt_min_leaves,topological,1,0,1,2,after_topology_validation
sample-igg-W-25::876,sample-igg-W-25,876,1,True,lt_min_leaves,topological,1,0,1,2,after_topology_validation
sample-igg-W-25::339,sample-igg-W-25,339,4,True,lt_min_leaves,topological,1,0,2,3,after_topology_validation
sample-igg-W-25::749,sample-igg-W-25,749,1,True,lt_min_leaves,topological,1,0,1,2,after_topology_validation
sample-igg-W-25::490,sample-igg-W-25,490,2,True,lt_min_leaves,topological,1,0,1,2,after_topology_validation
sample-igg-W-25::215,sample-igg-W-25,215,2,True,lt_min_leaves,topological,1,0,1,2,after_topology_validation
sample-igg-W-25::191,sample-igg-W-25,191,1,True,lt_min_leaves,topological,1,0,0,2,after_topology_validation
sample-igg-W-25::199,sample-igg-W-25,199,1,True,lt_min_leaves,topological,1,0,0,2,after_topology_validation
sample-igg-W-25::237,sample-igg-W-25,237,2,True,lt_min_leaves,topological,1,0,2,2,after_topology_validation
sample-igg-W-25::741,sample-igg-W-25,741,2,True,lt_min_leaves,topological,1,0,1,2,after_topology_validation
sample-igg-W-25::153,sample-igg-W-25,153,1,True,lt_min_leaves,topological,1,0,1,2,after_topology_validation
sample-igg-W-25::777,sample-igg-W-25,777,1,True,lt_min_leaves,topological,1,0,1,2,after_topology_validation
sample-igg-W-25::78,sample-igg-W-25,78,1,True,lt_min_leaves,topological,1,0,0,2,after_topology_validation
sample-igg-W-25::652,sample-igg-W-25,652,2,True,lt_min_leaves,topological,1,0,2,2,after_topology_validation
sample-igg-W-25::772,sample-igg-W-25,772,2,True,lt_min_leaves,topological,1,0,2,2,after_topology_validation
sample-igg-W-25::550,sample-igg-W-25,550,1,True,lt_min_leaves,topological,1,0,1,2,after_topology_validation
sample-igg-W-25::472,sample-igg-W-25,472,4,True,lt_min_leaves,topological,1,0,2,3,after_topology_validation
sample-igg-W-25::329,sample-igg-W-25,329,4,True,lt_min_leaves,topological,1,0,2,3,after_topology_validation
sample-igg-W-25::895,sample-igg-W-25,895,2,True,lt_min_leaves,topological,1,0,0,2,after_topology_validation
sample-igg-W-25::95,sample-igg-W-25,95,2,True,lt_min_leaves,topological,1,0,1,2,after_topology_validation
sample-igg-W-25::460,sample-igg-W-25,460,2,True,lt_min_leaves,topological,1,0,2,2,after_topology_validation
sample-igg-W-25::230,sample-igg-W-25,230,2,True,lt_min_leaves,topological,1,0,2,2,after_topology_validation
sample-igg-W-25::249,sample-igg-W-25,249,2,True,lt_min_leaves,topological,1,0,0,2,after_topology_validation
sample-igg-W-25::815,sample-igg-W-25,815,1,True,lt_min_leaves,topological,1,0,1,2,after_topology_validation
sample-igg-W-25::74,sample-igg-W-25,74,2,True,lt_min_leaves,topological,1,0,2,2,after_topology_validation
sample-igg-W-25::581,sample-igg-W-25,581,2,True,lt_min_leaves,topological,1,0,1,2,after_topology_validation
sample-igg-W-25::394,sample-igg-W-25,394,2,True,lt_min_leaves,topological,1,0,0,2,after_topology_validation
sample-igg-W-25::268,sample-igg-W-25,268,4,True,lt_min_leaves,topological,1,0,2,3,after_topology_validation
sample-igg-W-25::140,sample-igg-W-25,140,2,True,lt_min_leaves,topological,1,0,1,2,after_topology_validation
sample-igg-W-25::83,sample-igg-W-25,83,2,True,lt_min_leaves,topological,1,0,1,2,after_topology_validation
sample-igg-W-25::251,sample-igg-W-25,251,2,True,lt_min_leaves,topological,1,0,1,2,after_topology_validation
sample-igg-W-25::452,sample-igg-W-25,452,1,True,lt_min_leaves,topological,1,0,1,2,after_topology_validation
sample-igg-W-25::493,sample-igg-W-25,493,1,True,lt_min_leaves,topological,1,0,1,2,after_topology_validation
sample-igg-W-25::805,sample-igg-W-25,805,1,True,lt_min_leaves,topological,1,0,1,2,after_topology_validation
sample-igg-W-25::851,sample-igg-W-25,851,1,True,lt_min_leaves,topological,1,0,1,2,after_topology_validation
sample-igg-W-25::270,sample-igg-W-25,270,4,True,lt_min_leaves,topological,1,0,2,3,after_topology_validation
sample-igg-W-25::507,sample-igg-W-25,507,4,True,lt_min_leaves,topological,1,0,2,3,after_topology_validation
sample-igg-W-25::127,sample-igg-W-25,127,2,True,lt_min_leaves,topological,1,0,2,2,after_topology_validation
sample-igg-W-25::152,sample-igg-W-25,152,2,True,lt_min_leaves,topological,1,0,1,2,after_topology_validation
sample-igg-W-25::447,sample-igg-W-25,447,4,True,lt_min_leaves,topological,1,0,3,3,after_topology_validation
sample-igg-W-25::592,sample-igg-W-25,592,2,True,multi_root_no_usable_naive,,2,0,0,3,raw_families
sample-igg-W-25::40,sample-igg-W-25,40,2,True,lt_min_leaves,topological,1,0,1,2,after_topology_validation
sample-igg-W-25::437,sample-igg-W-25,437,2,True,lt_min_leaves,topological,1,0,1,2,after_topology_validation
sample-igg-W-25::867,sample-igg-W-25,867,2,True,lt_min_leaves,topological,1,0,2,2,after_topology_validation
sample-igg-W-25::621,sample-igg-W-25,621,2,True,lt_min_leaves,topological,1,0,0,2,after_topology_validation
sample-igg-W-25::70,sample-igg-W-25,70,2,True,lt_min_leaves,topological,1,0,1,2,after_topology_validation
sample-igg-W-25::535,sample-igg-W-25,535,2,True,lt_min_leaves,topological,1,0,2,2,after_topology_validation
sample-igg-W-25::732,sample-igg-W-25,732,3,True,lt_min_leaves,topological,1,0,1,3,after_topology_validation
sample-igg-W-25::243,sample-igg-W-25,243,2,True,lt_min_leaves,topological,1,0,0,2,after_topology_validation
sample-igg-W-25::448,sample-igg-W-25,448,2,True,lt_min_leaves,topological,1,0,1,2,after_topology_validation
sample-igg-W-25::302,sample-igg-W-25,302,1,True,lt_min_leaves,topological,1,0,1,2,after_topology_validation
sample-igg-W-25::722,sample-igg-W-25,722,4,True,lt_min_leaves,topological,1,0,3,3,after_topology_validation
sample-igg-W-25::533,sample-igg-W-25,533,1,True,lt_min_leaves,topological,1,0,1,2,after_topology_validation
sample-igg-W-25::517,sample-igg-W-25,517,2,True,lt_min_leaves,topological,1,0,1,2,after_topology_validation
sample-igg-W-25::751,sample-igg-W-25,751,2,True,lt_min_leaves,topological,1,0,1,2,after_topology_validation
sample-igg-W-25::461,sample-igg-W-25,461,1,True,lt_min_leaves,topological,1,0,1,2,after_topology_validation
sample-igg-W-25::90,sample-igg-W-25,90,2,True,lt_min_leaves,topological,1,0,1,2,after_topology_validation
sample-igg-W-25::693,sample-igg-W-25,693,1,True,lt_min_leaves,topological,1,0,1,2,after_topology_validation
sample-igg-W-25::702,sample-igg-W-25,702,2,True,lt_min_leaves,topological,1,0,1,2,after_topology_validation
sample-igg-W-25::690,sample-igg-W-25,690,1,True,lt_min_leaves,topological,1,0,1,2,after_topology_validation
sample-igg-W-25::441,sample-igg-W-25,441,1,True,lt_min_leaves,topological,1,0,0,2,after_topology_validation
sample-igg-W-25::723,sample-igg-W-25,723,1,True,lt_min_leaves,topological,1,0,1,2,after_topology_validation
sample-igg-W-25::100,sample-igg-W-25,100,2,True,lt_min_leaves,topological,1,0,1,2,after_topology_validation
sample-igg-W-25::429,sample-igg-W-25,429,6,True,lt_min_leaves,topological,1,0,2,4,after_topology_validation
sample-igg-W-25::860,sample-igg-W-25,860,2,True,lt_min_leaves,topological,1,0,0,2,after_topology_validation
sample-igg-W-25::177,sample-igg-W-25,177,4,True,lt_min_leaves,topological,1,0,0,3,after_topology_validation
sample-igg-W-25::510,sample-igg-W-25,510,11,True,multi_root_no_usable_naive,,2,0,0,5,raw_families
sample-igg-W-25::143,sample-igg-W-25,143,6,True,multi_root_no_usable_naive,,3,0,0,6,raw_families
sample-igg-W-25::768,sample-igg-W-25,768,2,True,lt_min_leaves,topological,1,0,0,2,after_topology_validation
sample-igg-W-25::543,sample-igg-W-25,543,1,True,lt_min_leaves,topological,1,0,1,2,after_topology_validation
sample-igg-W-25::415,sample-igg-W-25,415,8,True,lt_min_leaves,topological,1,0,1,4,after_topology_validation
sample-igg-W-25::219,sample-igg-W-25,219,6,True,multi_root_no_usable_naive,,2,0,0,4,raw_families
sample-igg-W-25::45,sample-igg-W-25,45,1,True,lt_min_leaves,topological,1,0,0,2,after_topology_validation
sample-igg-W-25::181,sample-igg-W-25,181,8,False,,topological,1,0,4,4,final_eligible
sample-igg-W-25::825,sample-igg-W-25,825,1,True,lt_min_leaves,topological,1,0,1,2,after_topology_validation
sample-igg-W-25::353,sample-igg-W-25,353,4,True,multi_root_no_usable_naive,,2,0,0,4,raw_families
sample-igg-W-25::560,sample-igg-W-25,560,1,True,lt_min_leaves,topological,1,0,1,2,after_topology_validation
sample-igg-W-25::141,sample-igg-W-25,141,2,True,lt_min_leaves,topological,1,0,1,2,after_topology_validation
sample-igg-W-25::318,sample-igg-W-25,318,8,True,lt_min_leaves,topological,1,0,3,4,after_topology_validation
sample-igg-W-25::345,sample-igg-W-25,345,9,True,lt_min_leaves,topological,1,0,1,5,after_topology_validation
sample-igg-W-25::885,sample-igg-W-25,885,2,True,lt_min_leaves,topological,1,0,0,3,after_topology_validation
sample-igg-W-25::313,sample-igg-W-25,313,8,True,lt_min_leaves,topological,1,0,0,4,after_topology_validation
sample-igg-W-25::157,sample-igg-W-25,157,1,True,lt_min_leaves,topological,1,0,1,2,after_topology_validation
sample-igg-W-25::261,sample-igg-W-25,261,4,True,lt_min_leaves,topological,1,0,0,3,after_topology_validation
sample-igg-W-25::89,sample-igg-W-25,89,7,True,multi_root_no_usable_naive,,2,0,0,5,raw_families
sample-igg-W-25::520,sample-igg-W-25,520,4,True,lt_min_leaves,topological,1,0,2,3,after_topology_validation
sample-igg-W-25::26,sample-igg-W-25,26,6,True,lt_min_leaves,topological,1,0,2,3,after_topology_validation
sample-igg-W-25::608,sample-igg-W-25,608,12,True,lt_min_leaves,topological,1,0,3,5,after_topology_validation
sample-igg-W-25::138,sample-igg-W-25,138,10,True,multi_root_no_usable_naive,,3,0,0,5,raw_families
sample-igg-W-25::117,sample-igg-W-25,117,2,True,lt_min_leaves,topological,1,0,0,2,after_topology_validation
sample-igg-W-25::600,sample-igg-W-25,600,1,True,lt_min_leaves,topological,1,0,1,2,after_topology_validation
sample-igg-W-25::361,sample-igg-W-25,361,1,True,lt_min_leaves,topological,1,0,0,2,after_topology_validation
sample-igg-W-25::628,sample-igg-W-25,628,8,True,multi_root_no_usable_naive,,2,0,0,6,raw_families
sample-igg-W-25::77,sample-igg-W-25,77,3,True,lt_min_leaves,topological,1,0,1,3,after_topology_validation
sample-igg-W-25::633,sample-igg-W-25,633,1,True,lt_min_leaves,topological,1,0,1,2,after_topology_validation
sample-igg-W-25::583,sample-igg-W-25,583,2,True,multi_root_no_usable_naive,,2,0,0,3,raw_families
sample-igg-W-25::344,sample-igg-W-25,344,10,True,lt_min_leaves,topological,1,0,2,4,after_topology_validation
sample-igg-W-25::92,sample-igg-W-25,92,2,True,lt_min_leaves,topological,1,0,0,2,after_topology_validation
sample-igg-W-25::692,sample-igg-W-25,692,4,True,lt_min_leaves,topological,1,0,1,3,after_topology_validation
sample-igg-W-25::548,sample-igg-W-25,548,1,True,lt_min_leaves,topological,1,0,0,2,after_topology_validation
sample-igg-W-25::75,sample-igg-W-25,75,10,False,,topological,1,0,4,4,final_eligible
sample-igg-W-25::699,sample-igg-W-25,699,9,True,lt_min_leaves,topological,1,0,1,5,after_topology_validation
sample-igg-W-25::515,sample-igg-W-25,515,6,True,lt_min_leaves,topological,1,0,2,3,after_topology_validation
sample-igg-W-25::360,sample-igg-W-25,360,2,True,lt_min_leaves,topological,1,0,1,2,after_topology_validation
sample-igg-W-25::22,sample-igg-W-25,22,3,True,lt_min_leaves,topological,1,0,1,3,after_topology_validation
sample-igg-W-25::368,sample-igg-W-25,368,2,True,lt_min_leaves,topological,1,0,0,2,after_topology_validation
sample-igg-W-25::454,sample-igg-W-25,454,2,True,lt_min_leaves,topological,1,0,0,2,after_topology_validation
sample-igg-W-25::41,sample-igg-W-25,41,3,True,lt_min_leaves,topological,1,0,1,3,after_topology_validation
sample-igg-W-25::426,sample-igg-W-25,426,1,True,lt_min_leaves,topological,1,0,1,4,after_topology_validation
sample-igg-W-25::349,sample-igg-W-25,349,3,True,lt_min_leaves,topological,1,0,1,3,after_topology_validation
sample-igg-W-25::4,sample-igg-W-25,4,4,True,lt_min_leaves,topological,1,0,1,3,after_topology_validation
sample-igg-W-25::164,sample-igg-W-25,164,2,True,lt_min_leaves,topological,1,0,0,2,after_topology_validation
sample-igg-W-25::158,sample-igg-W-25,158,2,True,lt_min_leaves,topological,1,0,0,2,after_topology_validation
sample-igg-W-25::129,sample-igg-W-25,129,3,True,lt_min_leaves,topological,1,0,2,3,after_topology_validation
sample-igg-W-25::323,sample-igg-W-25,323,2,True,lt_min_leaves,topological,1,0,1,2,after_topology_validation
sample-igg-W-25::3,sample-igg-W-25,3,1,True,lt_min_leaves,topological,1,0,1,2,after_topology_validation
sample-igg-W-25::827,sample-igg-W-25,827,1,True,lt_min_leaves,topological,1,0,1,2,after_topology_validation
sample-igg-W-32::501,sample-igg-W-32,501,4,True,lt_min_leaves,topological,1,0,2,3,after_topology_validation
sample-igg-W-32::639,sample-igg-W-32,639,1,True,lt_min_leaves,topological,1,0,1,2,after_topology_validation
sample-igg-W-32::343,sample-igg-W-32,343,1,True,lt_min_leaves,topological,1,0,1,2,after_topology_validation
sample-igg-W-32::223,sample-igg-W-32,223,3,True,lt_min_leaves,topological,1,0,1,3,after_topology_validation
sample-igg-W-32::699,sample-igg-W-32,699,1,True,lt_min_leaves,topological,1,0,1,2,after_topology_validation
sample-igg-W-32::31,sample-igg-W-32,31,2,True,lt_min_leaves,topological,1,0,1,2,after_topology_validation
sample-igg-W-32::62,sample-igg-W-32,62,1,True,lt_min_leaves,topological,1,0,0,2,after_topology_validation
sample-igg-W-32::247,sample-igg-W-32,247,2,True,lt_min_leaves,topological,1,0,1,2,after_topology_validation
sample-igg-W-32::101,sample-igg-W-32,101,4,True,lt_min_leaves,topological,1,0,3,3,after_topology_validation
sample-igg-W-32::417,sample-igg-W-32,417,1,True,lt_min_leaves,topological,1,0,0,2,after_topology_validation
sample-igg-W-32::604,sample-igg-W-32,604,2,True,lt_min_leaves,topological,1,0,1,2,after_topology_validation
sample-igg-W-32::239,sample-igg-W-32,239,1,True,lt_min_leaves,topological,1,0,1,2,after_topology_validation
sample-igg-W-32::648,sample-igg-W-32,648,1,True,lt_min_leaves,topological,1,0,1,2,after_topology_validation
sample-igg-W-32::566,sample-igg-W-32,566,1,True,lt_min_leaves,topological,1,0,1,2,after_topology_validation
sample-igg-W-32::615,sample-igg-W-32,615,1,True,lt_min_leaves,topological,1,0,0,2,after_topology_validation
sample-igg-W-32::351,sample-igg-W-32,351,1,True,lt_min_leaves,topological,1,0,1,2,after_topology_validation
sample-igg-W-32::402,sample-igg-W-32,402,2,True,lt_min_leaves,topological,1,0,2,2,after_topology_validation
sample-igg-W-32::382,sample-igg-W-32,382,2,True,lt_min_leaves,topological,1,0,2,2,after_topology_validation
sample-igg-W-32::230,sample-igg-W-32,230,2,True,lt_min_leaves,topological,1,0,1,2,after_topology_validation
sample-igg-W-32::616,sample-igg-W-32,616,1,True,lt_min_leaves,topological,1,0,1,3,after_topology_validation
sample-igg-W-32::507,sample-igg-W-32,507,2,True,lt_min_leaves,topological,1,0,1,3,after_topology_validation
sample-igg-W-32::535,sample-igg-W-32,535,1,True,lt_min_leaves,topological,1,0,1,2,after_topology_validation
sample-igg-W-32::47,sample-igg-W-32,47,4,True,lt_min_leaves,topological,1,0,2,3,after_topology_validation
sample-igg-W-32::27,sample-igg-W-32,27,1,True,lt_min_leaves,topological,1,0,0,2,after_topology_validation
sample-igg-W-32::670,sample-igg-W-32,670,4,True,lt_min_leaves,topological,1,0,2,3,after_topology_validation
sample-igg-W-32::548,sample-igg-W-32,548,1,True,lt_min_leaves,topological,1,0,1,2,after_topology_validation
sample-igg-W-32::7,sample-igg-W-32,7,2,True,lt_min_leaves,topological,1,0,2,2,after_topology_validation
sample-igg-W-32::370,sample-igg-W-32,370,2,True,lt_min_leaves,topological,1,0,1,2,after_topology_validation
sample-igg-W-32::555,sample-igg-W-32,555,2,True,lt_min_leaves,topological,1,0,1,2,after_topology_validation
sample-igg-W-32::37,sample-igg-W-32,37,2,True,lt_min_leaves,topological,1,0,1,2,after_topology_validation
sample-igg-W-32::143,sample-igg-W-32,143,2,True,lt_min_leaves,topological,1,0,2,2,after_topology_validation
sample-igg-W-32::657,sample-igg-W-32,657,2,True,lt_min_leaves,topological,1,0,0,2,after_topology_validation
sample-igg-W-32::449,sample-igg-W-32,449,2,True,lt_min_leaves,topological,1,0,0,2,after_topology_validation
sample-igg-W-32::11,sample-igg-W-32,11,3,True,lt_min_leaves,topological,1,0,2,3,after_topology_validation
sample-igg-W-32::367,sample-igg-W-32,367,2,True,lt_min_leaves,topological,1,0,1,2,after_topology_validation
sample-igg-W-32::146,sample-igg-W-32,146,6,True,lt_min_leaves,topological,1,0,0,3,after_topology_validation
sample-igg-W-32::72,sample-igg-W-32,72,5,True,lt_min_leaves,topological,1,0,2,3,after_topology_validation
sample-igg-W-32::193,sample-igg-W-32,193,1,True,lt_min_leaves,topological,1,0,1,2,after_topology_validation
sample-igg-W-32::73,sample-igg-W-32,73,9,True,lt_min_leaves,topological,1,0,1,6,after_topology_validation
sample-igg-W-32::754,sample-igg-W-32,754,11,False,,topological,1,0,5,5,final_eligible
sample-igg-W-32::752,sample-igg-W-32,752,7,True,lt_min_leaves,topological,1,0,2,5,after_topology_validation
sample-igg-W-32::57,sample-igg-W-32,57,3,True,lt_min_leaves,topological,1,0,2,3,after_topology_validation
sample-igg-W-32::286,sample-igg-W-32,286,5,True,lt_min_leaves,topological,1,0,1,4,after_topology_validation
sample-igg-W-32::98,sample-igg-W-32,98,4,True,lt_min_leaves,topological,1,0,1,3,after_topology_validation
sample-igg-W-32::106,sample-igg-W-32,106,2,True,lt_min_leaves,topological,1,0,2,2,after_topology_validation
sample-igg-W-32::93,sample-igg-W-32,93,2,True,lt_min_leaves,topological,1,0,0,2,after_topology_validation
sample-igg-SC-21::1484,sample-igg-SC-21,1484,4,True,lt_min_leaves,topological,1,0,2,3,after_topology_validation
sample-igg-SC-21::372,sample-igg-SC-21,372,1,True,lt_min_leaves,topological,1,0,1,2,after_topology_validation
sample-igg-SC-21::404,sample-igg-SC-21,404,1,True,lt_min_leaves,topological,1,0,1,2,after_topology_validation
sample-igg-SC-21::1387,sample-igg-SC-21,1387,2,True,lt_min_leaves,topological,1,0,2,2,after_topology_validation
sample-igg-SC-21::166,sample-igg-SC-21,166,2,True,lt_min_leaves,topological,1,0,1,2,after_topology_validation
sample-igg-SC-21::155,sample-igg-SC-21,155,2,True,lt_min_leaves,topological,1,0,0,2,after_topology_validation
sample-igg-SC-21::1142,sample-igg-SC-21,1142,2,True,lt_min_leaves,topological,1,0,2,2,after_topology_validation
sample-igg-SC-21::716,sample-igg-SC-21,716,2,True,lt_min_leaves,topological,1,0,1,2,after_topology_validation
sample-igg-SC-21::309,sample-igg-SC-21,309,1,True,lt_min_leaves,topological,1,0,1,2,after_topology_validation
sample-igg-SC-21::1537,sample-igg-SC-21,1537,1,True,lt_min_leaves,topological,1,0,1,2,after_topology_validation
sample-igg-SC-21::852,sample-igg-SC-21,852,1,True,lt_min_leaves,topological,1,0,1,2,after_topology_validation
sample-igg-SC-21::1544,sample-igg-SC-21,1544,1,True,lt_min_leaves,topological,1,0,1,2,after_topology_validation
sample-igg-SC-21::740,sample-igg-SC-21,740,2,True,lt_min_leaves,topological,1,0,2,2,after_topology_validation
sample-igg-SC-21::80,sample-igg-SC-21,80,2,True,lt_min_leaves,topological,1,0,2,2,after_topology_validation
sample-igg-SC-21::52,sample-igg-SC-21,52,2,True,lt_min_leaves,topological,1,0,1,2,after_topology_validation
sample-igg-SC-21::655,sample-igg-SC-21,655,2,True,lt_min_leaves,topological,1,0,0,2,after_topology_validation
sample-igg-SC-21::928,sample-igg-SC-21,928,1,True,lt_min_leaves,topological,1,0,1,2,after_topology_validation
sample-igg-SC-21::1584,sample-igg-SC-21,1584,2,True,lt_min_leaves,topological,1,0,1,2,after_topology_validation
sample-igg-SC-21::838,sample-igg-SC-21,838,1,True,lt_min_leaves,topological,1,0,1,2,after_topology_validation
sample-igg-SC-21::345,sample-igg-SC-21,345,2,True,lt_min_leaves,topological,1,0,1,2,after_topology_validation
sample-igg-SC-21::1129,sample-igg-SC-21,1129,4,True,lt_min_leaves,topological,1,0,2,3,after_topology_validation
sample-igg-SC-21::1334,sample-igg-SC-21,1334,2,True,lt_min_leaves,topological,1,0,2,2,after_topology_validation
sample-igg-SC-21::698,sample-igg-SC-21,698,3,True,lt_min_leaves,topological,1,0,0,3,after_topology_validation
sample-igg-SC-21::1260,sample-igg-SC-21,1260,3,True,lt_min_leaves,topological,1,0,2,3,after_topology_validation
sample-igg-SC-21::1616,sample-igg-SC-21,1616,1,True,lt_min_leaves,topological,1,0,1,2,after_topology_validation
sample-igg-SC-21::1134,sample-igg-SC-21,1134,2,True,lt_min_leaves,topological,1,0,1,2,after_topology_validation
sample-igg-SC-21::644,sample-igg-SC-21,644,2,True,lt_min_leaves,topological,1,0,2,2,after_topology_validation
sample-igg-SC-21::521,sample-igg-SC-21,521,1,True,lt_min_leaves,topological,1,0,1,2,after_topology_validation
sample-igg-SC-21::755,sample-igg-SC-21,755,1,True,lt_min_leaves,topological,1,0,1,2,after_topology_validation
sample-igg-SC-21::767,sample-igg-SC-21,767,2,True,lt_min_leaves,topological,1,0,2,2,after_topology_validation
sample-igg-SC-21::197,sample-igg-SC-21,197,1,True,lt_min_leaves,topological,1,0,1,2,after_topology_validation
sample-igg-SC-21::977,sample-igg-SC-21,977,2,True,lt_min_leaves,topological,1,0,2,2,after_topology_validation
sample-igg-SC-21::1008,sample-igg-SC-21,1008,3,True,lt_min_leaves,topological,1,0,2,3,after_topology_validation
sample-igg-SC-21::861,sample-igg-SC-21,861,2,True,lt_min_leaves,topological,1,0,2,2,after_topology_validation
sample-igg-SC-21::1330,sample-igg-SC-21,1330,2,True,lt_min_leaves,topological,1,0,2,2,after_topology_validation
sample-igg-SC-21::695,sample-igg-SC-21,695,2,True,lt_min_leaves,topological,1,0,2,2,after_topology_validation
sample-igg-SC-21::383,sample-igg-SC-21,383,2,True,lt_min_leaves,topological,1,0,1,2,after_topology_validation
sample-igg-SC-21::437,sample-igg-SC-21,437,2,True,lt_min_leaves,topological,1,0,1,2,after_topology_validation
sample-igg-SC-21::39,sample-igg-SC-21,39,2,True,lt_min_leaves,topological,1,0,2,2,after_topology_validation
sample-igg-SC-21::1339,sample-igg-SC-21,1339,2,True,lt_min_leaves,topological,1,0,1,2,after_topology_validation
sample-igg-SC-21::1346,sample-igg-SC-21,1346,2,True,lt_min_leaves,topological,1,0,1,2,after_topology_validation
sample-igg-SC-21::71,sample-igg-SC-21,71,2,True,lt_min_leaves,topological,1,0,2,2,after_topology_validation
sample-igg-SC-21::171,sample-igg-SC-21,171,2,True,lt_min_leaves,topological,1,0,1,2,after_topology_validation
sample-igg-SC-21::892,sample-igg-SC-21,892,1,True,lt_min_leaves,topological,1,0,1,2,after_topology_validation
sample-igg-SC-21::1247,sample-igg-SC-21,1247,2,True,lt_min_leaves,topological,1,0,2,2,after_topology_validation
sample-igg-SC-21::945,sample-igg-SC-21,945,4,True,multi_root_no_usable_naive,,2,0,0,4,raw_families
sample-igg-SC-21::1574,sample-igg-SC-21,1574,2,True,lt_min_leaves,topological,1,0,1,2,after_topology_validation
sample-igg-SC-21::1338,sample-igg-SC-21,1338,2,True,lt_min_leaves,topological,1,0,1,2,after_topology_validation
sample-igg-SC-21::786,sample-igg-SC-21,786,2,True,lt_min_leaves,topological,1,0,0,2,after_topology_validation
sample-igg-SC-21::582,sample-igg-SC-21,582,1,True,lt_min_leaves,topological,1,0,0,2,after_topology_validation
sample-igg-SC-21::853,sample-igg-SC-21,853,2,True,lt_min_leaves,topological,1,0,0,2,after_topology_validation
sample-igg-SC-21::474,sample-igg-SC-21,474,2,True,lt_min_leaves,topological,1,0,2,2,after_topology_validation
sample-igg-SC-21::1039,sample-igg-SC-21,1039,4,True,lt_min_leaves,topological,1,0,3,3,after_topology_validation
sample-igg-SC-21::418,sample-igg-SC-21,418,1,True,lt_min_leaves,topological,1,0,1,2,after_topology_validation
sample-igg-SC-21::560,sample-igg-SC-21,560,1,True,lt_min_leaves,topological,1,0,1,2,after_topology_validation
sample-igg-SC-21::781,sample-igg-SC-21,781,2,True,lt_min_leaves,topological,1,0,2,2,after_topology_validation
sample-igg-SC-21::1025,sample-igg-SC-21,1025,2,True,lt_min_leaves,topological,1,0,2,2,after_topology_validation
sample-igg-SC-21::1215,sample-igg-SC-21,1215,2,True,lt_min_leaves,topological,1,0,2,2,after_topology_validation
sample-igg-SC-21::1120,sample-igg-SC-21,1120,2,True,lt_min_leaves,topological,1,0,0,2,after_topology_validation
sample-igg-SC-21::22,sample-igg-SC-21,22,2,True,lt_min_leaves,topological,1,0,0,2,after_topology_validation
sample-igg-SC-21::312,sample-igg-SC-21,312,4,True,lt_min_leaves,topological,1,0,1,3,after_topology_validation
sample-igg-SC-21::1150,sample-igg-SC-21,1150,2,True,lt_min_leaves,topological,1,0,0,2,after_topology_validation
sample-igg-SC-21::85,sample-igg-SC-21,85,1,True,lt_min_leaves,topological,1,0,1,2,after_topology_validation
sample-igg-SC-21::908,sample-igg-SC-21,908,4,True,lt_min_leaves,topological,1,0,2,3,after_topology_validation
sample-igg-SC-21::1458,sample-igg-SC-21,1458,2,True,lt_min_leaves,topological,1,0,2,2,after_topology_validation
sample-igg-SC-21::1311,sample-igg-SC-21,1311,1,True,lt_min_leaves,topological,1,0,1,2,after_topology_validation
sample-igg-SC-21::403,sample-igg-SC-21,403,2,True,lt_min_leaves,topological,1,0,0,2,after_topology_validation
sample-igg-SC-21::132,sample-igg-SC-21,132,5,True,multi_root_no_usable_naive,,2,0,0,4,raw_families
sample-igg-SC-21::896,sample-igg-SC-21,896,3,True,lt_min_leaves,topological,1,0,1,3,after_topology_validation
sample-igg-SC-21::606,sample-igg-SC-21,606,1,True,lt_min_leaves,topological,1,0,1,2,after_topology_validation
sample-igg-SC-21::1234,sample-igg-SC-21,1234,1,True,lt_min_leaves,topological,1,0,0,2,after_topology_validation
sample-igg-SC-21::690,sample-igg-SC-21,690,2,True,lt_min_leaves,topological,1,0,1,2,after_topology_validation
sample-igg-SC-21::341,sample-igg-SC-21,341,2,True,lt_min_leaves,topological,1,0,1,2,after_topology_validation
sample-igg-SC-21::392,sample-igg-SC-21,392,2,True,lt_min_leaves,topological,1,0,1,2,after_topology_validation
sample-igg-SC-21::58,sample-igg-SC-21,58,2,True,lt_min_leaves,topological,1,0,1,2,after_topology_validation
sample-igg-SC-21::370,sample-igg-SC-21,370,2,True,lt_min_leaves,topological,1,0,1,2,after_topology_validation
sample-igg-SC-21::375,sample-igg-SC-21,375,2,True,lt_min_leaves,topological,1,0,1,2,after_topology_validation
sample-igg-SC-21::879,sample-igg-SC-21,879,2,True,lt_min_leaves,topological,1,0,1,2,after_topology_validation
sample-igg-SC-21::83,sample-igg-SC-21,83,1,True,lt_min_leaves,topological,1,0,1,2,after_topology_validation
sample-igg-SC-21::1456,sample-igg-SC-21,1456,2,True,lt_min_leaves,topological,1,0,1,2,after_topology_validation
sample-igg-SC-21::536,sample-igg-SC-21,536,2,True,lt_min_leaves,topological,1,0,1,2,after_topology_validation
sample-igg-SC-21::648,sample-igg-SC-21,648,1,True,lt_min_leaves,topological,1,0,1,2,after_topology_validation
sample-igg-SC-21::78,sample-igg-SC-21,78,2,True,lt_min_leaves,topological,1,0,0,2,after_topology_validation
sample-igg-SC-21::553,sample-igg-SC-21,553,2,True,lt_min_leaves,topological,1,0,2,2,after_topology_validation
sample-igg-SC-21::1500,sample-igg-SC-21,1500,1,True,lt_min_leaves,topological,1,0,0,2,after_topology_validation
sample-igg-SC-21::1084,sample-igg-SC-21,1084,2,True,lt_min_leaves,topological,1,0,2,2,after_topology_validation
sample-igg-SC-21::1240,sample-igg-SC-21,1240,1,True,lt_min_leaves,topological,1,0,1,2,after_topology_validation
sample-igg-SC-21::204,sample-igg-SC-21,204,2,True,lt_min_leaves,topological,1,0,2,2,after_topology_validation
sample-igg-SC-21::304,sample-igg-SC-21,304,2,True,lt_min_leaves,topological,1,0,2,2,after_topology_validation
sample-igg-SC-21::1370,sample-igg-SC-21,1370,2,True,lt_min_leaves,topological,1,0,1,2,after_topology_validation
sample-igg-SC-21::1344,sample-igg-SC-21,1344,2,True,lt_min_leaves,topological,1,0,2,2,after_topology_validation
sample-igg-SC-21::389,sample-igg-SC-21,389,1,True,lt_min_leaves,topological,1,0,1,2,after_topology_validation
sample-igg-SC-21::731,sample-igg-SC-21,731,1,True,lt_min_leaves,topological,1,0,1,2,after_topology_validation
sample-igg-SC-21::293,sample-igg-SC-21,293,1,True,lt_min_leaves,topological,1,0,1,2,after_topology_validation
sample-igg-SC-21::1528,sample-igg-SC-21,1528,1,True,lt_min_leaves,topological,1,0,1,2,after_topology_validation
sample-igg-SC-21::265,sample-igg-SC-21,265,2,True,lt_min_leaves,topological,1,0,1,2,after_topology_validation
sample-igg-SC-21::1019,sample-igg-SC-21,1019,2,True,lt_min_leaves,topological,1,0,1,2,after_topology_validation
sample-igg-SC-21::1051,sample-igg-SC-21,1051,1,True,lt_min_leaves,topological,1,0,0,2,after_topology_validation
sample-igg-SC-21::1336,sample-igg-SC-21,1336,2,True,lt_min_leaves,topological,1,0,1,2,after_topology_validation
sample-igg-SC-21::1158,sample-igg-SC-21,1158,3,True,lt_min_leaves,topological,1,0,2,3,after_topology_validation
sample-igg-SC-21::542,sample-igg-SC-21,542,2,True,lt_min_leaves,topological,1,0,1,2,after_topology_validation
sample-igg-SC-21::758,sample-igg-SC-21,758,2,True,lt_min_leaves,topological,1,0,1,2,after_topology_validation
sample-igg-SC-21::1343,sample-igg-SC-21,1343,1,True,lt_min_leaves,topological,1,0,1,2,after_topology_validation
sample-igg-SC-21::555,sample-igg-SC-21,555,2,True,lt_min_leaves,topological,1,0,1,2,after_topology_validation
sample-igg-SC-21::960,sample-igg-SC-21,960,1,True,lt_min_leaves,topological,1,0,1,2,after_topology_validation
sample-igg-SC-21::1419,sample-igg-SC-21,1419,2,True,lt_min_leaves,topological,1,0,0,2,after_topology_validation
sample-igg-SC-21::1224,sample-igg-SC-21,1224,2,True,lt_min_leaves,topological,1,0,1,2,after_topology_validation
sample-igg-SC-21::808,sample-igg-SC-21,808,2,True,lt_min_leaves,topological,1,0,1,2,after_topology_validation
sample-igg-SC-21::1244,sample-igg-SC-21,1244,1,True,lt_min_leaves,topological,1,0,0,2,after_topology_validation
sample-igg-SC-21::233,sample-igg-SC-21,233,2,True,lt_min_leaves,topological,1,0,0,2,after_topology_validation
sample-igg-SC-21::1349,sample-igg-SC-21,1349,2,True,lt_min_leaves,topological,1,0,2,2,after_topology_validation
sample-igg-SC-21::707,sample-igg-SC-21,707,2,True,lt_min_leaves,topological,1,0,0,2,after_topology_validation
sample-igg-SC-21::129,sample-igg-SC-21,129,4,True,lt_min_leaves,topological,1,0,3,3,after_topology_validation
sample-igg-SC-21::266,sample-igg-SC-21,266,1,True,lt_min_leaves,topological,1,0,1,2,after_topology_validation
sample-igg-SC-21::1666,sample-igg-SC-21,1666,2,True,lt_min_leaves,topological,1,0,0,2,after_topology_validation
sample-igg-SC-21::164,sample-igg-SC-21,164,2,True,lt_min_leaves,topological,1,0,1,2,after_topology_validation
sample-igg-SC-21::569,sample-igg-SC-21,569,2,True,lt_min_leaves,topological,1,0,1,2,after_topology_validation
sample-igg-SC-21::149,sample-igg-SC-21,149,2,True,lt_min_leaves,topological,1,0,2,2,after_topology_validation
sample-igg-SC-21::1172,sample-igg-SC-21,1172,1,True,lt_min_leaves,topological,1,0,1,2,after_topology_validation
sample-igg-SC-21::841,sample-igg-SC-21,841,2,True,lt_min_leaves,topological,1,0,2,2,after_topology_validation
sample-igg-SC-21::1068,sample-igg-SC-21,1068,2,True,lt_min_leaves,topological,1,0,0,2,after_topology_validation
sample-igg-SC-21::992,sample-igg-SC-21,992,1,True,lt_min_leaves,topological,1,0,1,2,after_topology_validation
sample-igg-SC-21::25,sample-igg-SC-21,25,2,True,lt_min_leaves,topological,1,0,1,2,after_topology_validation
sample-igg-SC-21::355,sample-igg-SC-21,355,2,True,lt_min_leaves,topological,1,0,1,2,after_topology_validation
sample-igg-SC-21::239,sample-igg-SC-21,239,2,True,lt_min_leaves,topological,1,0,1,2,after_topology_validation
sample-igg-SC-21::113,sample-igg-SC-21,113,4,True,lt_min_leaves,topological,1,0,2,3,after_topology_validation
sample-igg-SC-21::368,sample-igg-SC-21,368,1,True,lt_min_leaves,topological,1,0,1,2,after_topology_validation
sample-igg-SC-21::635,sample-igg-SC-21,635,2,True,lt_min_leaves,topological,1,0,1,2,after_topology_validation
sample-igg-SC-21::592,sample-igg-SC-21,592,1,True,lt_min_leaves,topological,1,0,1,2,after_topology_validation
sample-igg-SC-21::1403,sample-igg-SC-21,1403,1,True,lt_min_leaves,topological,1,0,1,2,after_topology_validation
sample-igg-SC-21::177,sample-igg-SC-21,177,2,True,lt_min_leaves,topological,1,0,0,2,after_topology_validation
sample-igg-SC-21::235,sample-igg-SC-21,235,6,True,lt_min_leaves,topological,1,0,2,4,after_topology_validation
sample-igg-SC-21::1508,sample-igg-SC-21,1508,8,True,lt_min_leaves,topological,1,0,2,5,after_topology_validation
sample-igg-SC-21::1078,sample-igg-SC-21,1078,20,False,,topological,1,0,7,7,final_eligible
sample-igg-SC-21::1365,sample-igg-SC-21,1365,9,False,,topological,1,0,5,4,final_eligible
sample-igg-SC-21::1029,sample-igg-SC-21,1029,5,True,multi_root_no_usable_naive,,3,0,0,10,raw_families
sample-igg-SC-21::907,sample-igg-SC-21,907,1,True,lt_min_leaves,topological,1,0,0,2,after_topology_validation
sample-igg-SC-21::693,sample-igg-SC-21,693,1,True,lt_min_leaves,topological,1,0,0,2,after_topology_validation
sample-igg-SC-21::298,sample-igg-SC-21,298,2,True,lt_min_leaves,topological,1,0,0,2,after_topology_validation
sample-igg-SC-21::1454,sample-igg-SC-21,1454,3,True,lt_min_leaves,topological,1,0,1,3,after_topology_validation
sample-igg-SC-21::1437,sample-igg-SC-21,1437,6,True,lt_min_leaves,topological,1,0,0,4,after_topology_validation
sample-igg-SC-21::99,sample-igg-SC-21,99,6,True,lt_min_leaves,topological,1,0,1,5,after_topology_validation
sample-igg-SC-21::1099,sample-igg-SC-21,1099,2,True,lt_min_leaves,topological,1,0,0,2,after_topology_validation
sample-igg-SC-21::937,sample-igg-SC-21,937,2,True,lt_min_leaves,topological,1,0,0,2,after_topology_validation
sample-igg-SC-21::1575,sample-igg-SC-21,1575,3,True,lt_min_leaves,topological,1,0,1,3,after_topology_validation
sample-igg-SC-21::170,sample-igg-SC-21,170,1,True,lt_min_leaves,topological,1,0,1,2,after_topology_validation
sample-igg-SC-21::109,sample-igg-SC-21,109,2,True,lt_min_leaves,topological,1,0,0,2,after_topology_validation
sample-igg-SC-21::927,sample-igg-SC-21,927,3,True,lt_min_leaves,topological,1,0,0,3,after_topology_validation
sample-igg-SC-21::382,sample-igg-SC-21,382,2,True,lt_min_leaves,topological,1,0,0,2,after_topology_validation
sample-igg-SC-21::367,sample-igg-SC-21,367,2,True,lt_min_leaves,topological,1,0,0,2,after_topology_validation
sample-igg-SC-21::1469,sample-igg-SC-21,1469,4,True,lt_min_leaves,topological,1,0,0,3,after_topology_validation
sample-igg-SC-21::1012,sample-igg-SC-21,1012,4,True,lt_min_leaves,topological,1,0,1,3,after_topology_validation
sample-igg-SC-21::1181,sample-igg-SC-21,1181,2,True,multi_root_no_usable_naive,,2,0,0,3,raw_families
sample-igg-SC-21::400,sample-igg-SC-21,400,14,False,,topological,1,0,4,7,final_eligible
sample-igg-SC-21::1363,sample-igg-SC-21,1363,2,True,lt_min_leaves,topological,1,0,0,2,after_topology_validation
sample-igg-SC-21::434,sample-igg-SC-21,434,2,True,lt_min_leaves,topological,1,0,1,2,after_topology_validation
sample-igg-SC-21::1217,sample-igg-SC-21,1217,9,True,lt_min_leaves,topological,1,0,3,5,after_topology_validation
sample-igg-SC-21::30,sample-igg-SC-21,30,3,True,multi_root_no_usable_naive,,2,0,0,3,raw_families
sample-igg-SC-21::562,sample-igg-SC-21,562,3,True,multi_root_no_usable_naive,,2,0,0,5,raw_families
sample-igg-SC-21::530,sample-igg-SC-21,530,14,True,lt_min_leaves,topological,1,0,3,6,after_topology_validation
sample-igg-SC-21::1047,sample-igg-SC-21,1047,6,True,multi_root_no_usable_naive,,2,0,0,6,raw_families
sample-igg-SC-21::669,sample-igg-SC-21,669,4,True,lt_min_leaves,topological,1,0,1,3,after_topology_validation
sample-igg-SC-21::806,sample-igg-SC-21,806,2,True,lt_min_leaves,topological,1,0,0,2,after_topology_validation
sample-igg-SC-21::1064,sample-igg-SC-21,1064,14,False,,topological,1,0,4,6,final_eligible
sample-igg-SC-21::252,sample-igg-SC-21,252,4,True,lt_min_leaves,topological,1,0,1,3,after_topology_validation
sample-igg-SC-21::721,sample-igg-SC-21,721,7,True,lt_min_leaves,topological,1,0,2,4,after_topology_validation
sample-igg-SC-21::79,sample-igg-SC-21,79,3,True,lt_min_leaves,topological,1,0,0,3,after_topology_validation
sample-igg-SC-21::921,sample-igg-SC-21,921,3,True,lt_min_leaves,topological,1,0,1,3,after_topology_validation
sample-igg-SC-21::812,sample-igg-SC-21,812,2,True,lt_min_leaves,topological,1,0,0,2,after_topology_validation
sample-igg-SC-21::55,sample-igg-SC-21,55,1,True,lt_min_leaves,topological,1,0,1,2,after_topology_validation
sample-igg-SC-21::909,sample-igg-SC-21,909,1,True,lt_min_leaves,topological,1,0,0,2,after_topology_validation
sample-igg-SC-21::353,sample-igg-SC-21,353,6,True,lt_min_leaves,topological,1,0,1,3,after_topology_validation
sample-igg-SC-21::579,sample-igg-SC-21,579,1,True,lt_min_leaves,topological,1,0,0,2,after_topology_validation
sample-igg-SC-21::741,sample-igg-SC-21,741,5,True,lt_min_leaves,topological,1,0,2,4,after_topology_validation
sample-igg-SC-21::1103,sample-igg-SC-21,1103,3,True,multi_root_no_usable_naive,,2,0,0,6,raw_families
sample-igg-SC-21::37,sample-igg-SC-21,37,3,True,lt_min_leaves,topological,1,0,0,3,after_topology_validation
sample-igg-SC-21::578,sample-igg-SC-21,578,6,True,multi_root_no_usable_naive,,2,0,0,5,raw_families
sample-igg-SC-21::1599,sample-igg-SC-21,1599,6,True,lt_min_leaves,topological,1,0,0,4,after_topology_validation
sample-igg-SC-21::1101,sample-igg-SC-21,1101,4,True,lt_min_leaves,topological,1,0,0,3,after_topology_validation
sample-igg-SC-21::188,sample-igg-SC-21,188,2,True,lt_min_leaves,topological,1,0,0,2,after_topology_validation
sample-igg-SC-21::148,sample-igg-SC-21,148,5,True,multi_root_no_usable_naive,,2,0,0,4,raw_families
sample-igg-SC-21::136,sample-igg-SC-21,136,7,True,lt_min_leaves,topological,1,0,3,4,after_topology_validation
sample-igg-SC-21::1121,sample-igg-SC-21,1121,2,True,multi_root_no_usable_naive,,2,0,0,3,raw_families
sample-igg-SC-21::1646,sample-igg-SC-21,1646,14,True,multi_root_no_usable_naive,,3,0,0,7,raw_families
sample-igg-SC-21::1045,sample-igg-SC-21,1045,7,True,multi_root_no_usable_naive,,2,0,0,4,raw_families
sample-igg-SC-21::1011,sample-igg-SC-21,1011,2,True,lt_min_leaves,topological,1,0,1,2,after_topology_validation
sample-igg-SC-21::119,sample-igg-SC-21,119,2,True,lt_min_leaves,topological,1,0,0,2,after_topology_validation
sample-igg-SC-21::23,sample-igg-SC-21,23,4,True,lt_min_leaves,topological,1,0,0,3,after_topology_validation
sample-igg-SC-21::125,sample-igg-SC-21,125,3,True,multi_root_no_usable_naive,,2,0,0,7,raw_families
sample-igg-SC-21::722,sample-igg-SC-21,722,6,True,lt_min_leaves,topological,1,0,1,3,after_topology_validation
sample-igg-SC-21::979,sample-igg-SC-21,979,7,True,lt_min_leaves,topological,1,0,1,5,after_topology_validation
sample-igg-SC-21::522,sample-igg-SC-21,522,2,True,lt_min_leaves,topological,1,0,0,2,after_topology_validation
sample-igg-SC-21::765,sample-igg-SC-21,765,9,True,multi_root_no_usable_naive,,3,0,0,6,raw_families
sample-igg-SC-21::1462,sample-igg-SC-21,1462,6,True,lt_min_leaves,topological,1,0,3,4,after_topology_validation
sample-igg-SC-21::94,sample-igg-SC-21,94,2,True,lt_min_leaves,topological,1,0,2,2,after_topology_validation
sample-igg-SC-21::11,sample-igg-SC-21,11,1,True,lt_min_leaves,topological,1,0,1,2,after_topology_validation
sample-igg-W-123::161,sample-igg-W-123,161,2,True,lt_min_leaves,topological,1,0,1,2,after_topology_validation
sample-igg-W-123::427,sample-igg-W-123,427,2,True,lt_min_leaves,topological,1,0,1,2,after_topology_validation
sample-igg-W-123::420,sample-igg-W-123,420,2,True,lt_min_leaves,topological,1,0,1,2,after_topology_validation
sample-igg-W-123::213,sample-igg-W-123,213,4,True,lt_min_leaves,topological,1,0,3,3,after_topology_validation
sample-igg-W-123::291,sample-igg-W-123,291,1,True,lt_min_leaves,topological,1,0,1,2,after_topology_validation
sample-igg-W-123::35,sample-igg-W-123,35,1,True,lt_min_leaves,topological,1,0,1,2,after_topology_validation
sample-igg-W-123::246,sample-igg-W-123,246,1,True,lt_min_leaves,topological,1,0,1,2,after_topology_validation
sample-igg-W-123::548,sample-igg-W-123,548,2,True,lt_min_leaves,topological,1,0,1,2,after_topology_validation
sample-igg-W-123::106,sample-igg-W-123,106,2,True,lt_min_leaves,topological,1,0,1,2,after_topology_validation
sample-igg-W-123::377,sample-igg-W-123,377,2,True,lt_min_leaves,topological,1,0,2,2,after_topology_validation
sample-igg-W-123::52,sample-igg-W-123,52,2,True,lt_min_leaves,topological,1,0,0,2,after_topology_validation
sample-igg-W-123::411,sample-igg-W-123,411,2,True,lt_min_leaves,topological,1,0,2,2,after_topology_validation
sample-igg-W-123::91,sample-igg-W-123,91,2,True,lt_min_leaves,topological,1,0,1,2,after_topology_validation
sample-igg-W-123::398,sample-igg-W-123,398,1,True,lt_min_leaves,topological,1,0,1,2,after_topology_validation
sample-igg-W-123::534,sample-igg-W-123,534,1,True,lt_min_leaves,topological,1,0,1,2,after_topology_validation
sample-igg-W-123::485,sample-igg-W-123,485,5,True,lt_min_leaves,topological,1,0,3,3,after_topology_validation
sample-igg-W-123::346,sample-igg-W-123,346,1,True,lt_min_leaves,topological,1,0,1,2,after_topology_validation
sample-igg-W-123::114,sample-igg-W-123,114,2,True,lt_min_leaves,topological,1,0,2,2,after_topology_validation
sample-igg-W-123::554,sample-igg-W-123,554,2,True,lt_min_leaves,topological,1,0,1,2,after_topology_validation
sample-igg-W-123::269,sample-igg-W-123,269,1,True,lt_min_leaves,topological,1,0,1,2,after_topology_validation
sample-igg-W-123::286,sample-igg-W-123,286,2,True,lt_min_leaves,topological,1,0,1,2,after_topology_validation
sample-igg-W-123::461,sample-igg-W-123,461,2,True,lt_min_leaves,topological,1,0,2,2,after_topology_validation
sample-igg-W-123::36,sample-igg-W-123,36,2,True,lt_min_leaves,topological,1,0,1,2,after_topology_validation
sample-igg-W-123::126,sample-igg-W-123,126,1,True,lt_min_leaves,topological,1,0,1,2,after_topology_validation
sample-igg-W-123::96,sample-igg-W-123,96,2,True,lt_min_leaves,topological,1,0,2,2,after_topology_validation
sample-igg-W-123::486,sample-igg-W-123,486,1,True,lt_min_leaves,topological,1,0,0,2,after_topology_validation
sample-igg-W-123::536,sample-igg-W-123,536,4,True,lt_min_leaves,topological,1,0,3,3,after_topology_validation
sample-igg-W-123::74,sample-igg-W-123,74,2,True,lt_min_leaves,topological,1,0,2,2,after_topology_validation
sample-igg-W-123::82,sample-igg-W-123,82,1,True,lt_min_leaves,topological,1,0,1,2,after_topology_validation
sample-igg-W-123::154,sample-igg-W-123,154,2,True,lt_min_leaves,topological,1,0,1,2,after_topology_validation
sample-igg-W-123::59,sample-igg-W-123,59,5,True,lt_min_leaves,topological,1,0,2,4,after_topology_validation
sample-igg-W-123::150,sample-igg-W-123,150,1,True,lt_min_leaves,topological,1,0,1,2,after_topology_validation
sample-igg-W-123::260,sample-igg-W-123,260,4,True,lt_min_leaves,topological,1,0,2,3,after_topology_validation
sample-igg-W-123::227,sample-igg-W-123,227,4,True,lt_min_leaves,topological,1,0,1,3,after_topology_validation
sample-igg-W-123::446,sample-igg-W-123,446,1,True,lt_min_leaves,topological,1,0,0,2,after_topology_validation
sample-igg-W-123::118,sample-igg-W-123,118,1,True,lt_min_leaves,topological,1,0,1,2,after_topology_validation
sample-igg-W-123::93,sample-igg-W-123,93,3,True,lt_min_leaves,topological,1,0,1,3,after_topology_validation
sample-igg-W-123::214,sample-igg-W-123,214,8,True,lt_min_leaves,topological,1,0,3,5,after_topology_validation
sample-igg-W-123::90,sample-igg-W-123,90,4,True,lt_min_leaves,topological,1,0,2,3,after_topology_validation
sample-igg-W-123::220,sample-igg-W-123,220,4,True,lt_min_leaves,topological,1,0,1,3,after_topology_validation
sample-igg-W-84::333,sample-igg-W-84,333,2,True,lt_min_leaves,topological,1,0,1,2,after_topology_validation
sample-igg-W-84::573,sample-igg-W-84,573,1,True,lt_min_leaves,topological,1,0,1,2,after_topology_validation
sample-igg-W-84::599,sample-igg-W-84,599,1,True,lt_min_leaves,topological,1,0,1,2,after_topology_validation
sample-igg-W-84::54,sample-igg-W-84,54,1,True,lt_min_leaves,topological,1,0,1,2,after_topology_validation
sample-igg-W-84::139,sample-igg-W-84,139,2,True,lt_min_leaves,topological,1,0,1,2,after_topology_validation
sample-igg-W-84::590,sample-igg-W-84,590,2,True,lt_min_leaves,topological,1,0,0,2,after_topology_validation
sample-igg-W-84::582,sample-igg-W-84,582,1,True,lt_min_leaves,topological,1,0,1,2,after_topology_validation
sample-igg-W-84::340,sample-igg-W-84,340,2,True,lt_min_leaves,topological,1,0,0,2,after_topology_validation
sample-igg-W-84::339,sample-igg-W-84,339,2,True,lt_min_leaves,topological,1,0,1,2,after_topology_validation
sample-igg-W-84::40,sample-igg-W-84,40,2,True,multi_root_no_usable_naive,,2,0,0,3,raw_families
sample-igg-W-84::618,sample-igg-W-84,618,1,True,lt_min_leaves,topological,1,0,1,2,after_topology_validation
sample-igg-W-84::501,sample-igg-W-84,501,2,True,lt_min_leaves,topological,1,0,2,2,after_topology_validation
sample-igg-W-84::622,sample-igg-W-84,622,2,True,lt_min_leaves,topological,1,0,1,2,after_topology_validation
sample-igg-W-84::435,sample-igg-W-84,435,1,True,lt_min_leaves,topological,1,0,1,2,after_topology_validation
sample-igg-W-84::288,sample-igg-W-84,288,1,True,lt_min_leaves,topological,1,0,0,2,after_topology_validation
sample-igg-W-84::545,sample-igg-W-84,545,1,True,lt_min_leaves,topological,1,0,1,2,after_topology_validation
sample-igg-W-84::539,sample-igg-W-84,539,1,True,lt_min_leaves,topological,1,0,0,2,after_topology_validation
sample-igg-W-84::456,sample-igg-W-84,456,1,True,lt_min_leaves,topological,1,0,1,2,after_topology_validation
sample-igg-W-84::329,sample-igg-W-84,329,2,True,lt_min_leaves,topological,1,0,2,2,after_topology_validation
sample-igg-W-84::242,sample-igg-W-84,242,2,True,lt_min_leaves,topological,1,0,1,2,after_topology_validation
sample-igg-W-84::173,sample-igg-W-84,173,1,True,lt_min_leaves,topological,1,0,1,2,after_topology_validation
sample-igg-W-84::627,sample-igg-W-84,627,3,True,lt_min_leaves,topological,1,0,2,3,after_topology_validation
sample-igg-W-84::245,sample-igg-W-84,245,1,True,lt_min_leaves,topological,1,0,1,2,after_topology_validation
sample-igg-W-84::601,sample-igg-W-84,601,1,True,lt_min_leaves,topological,1,0,1,2,after_topology_validation
sample-igg-W-84::191,sample-igg-W-84,191,2,True,lt_min_leaves,topological,1,0,1,2,after_topology_validation
sample-igg-W-84::665,sample-igg-W-84,665,2,True,lt_min_leaves,topological,1,0,1,2,after_topology_validation
sample-igg-W-84::236,sample-igg-W-84,236,2,True,lt_min_leaves,topological,1,0,2,2,after_topology_validation
sample-igg-W-84::312,sample-igg-W-84,312,1,True,lt_min_leaves,topological,1,0,1,2,after_topology_validation
sample-igg-W-84::442,sample-igg-W-84,442,2,True,lt_min_leaves,topological,1,0,1,2,after_topology_validation
sample-igg-W-84::448,sample-igg-W-84,448,1,True,lt_min_leaves,topological,1,0,0,2,after_topology_validation
sample-igg-W-84::229,sample-igg-W-84,229,2,True,lt_min_leaves,topological,1,0,1,2,after_topology_validation
sample-igg-W-84::552,sample-igg-W-84,552,1,True,lt_min_leaves,topological,1,0,1,2,after_topology_validation
sample-igg-W-84::104,sample-igg-W-84,104,1,True,lt_min_leaves,topological,1,0,1,2,after_topology_validation
sample-igg-W-84::410,sample-igg-W-84,410,2,True,lt_min_leaves,topological,1,0,2,2,after_topology_validation
sample-igg-W-84::372,sample-igg-W-84,372,2,True,lt_min_leaves,topological,1,0,1,2,after_topology_validation
sample-igg-W-84::346,sample-igg-W-84,346,1,True,lt_min_leaves,topological,1,0,1,2,after_topology_validation
sample-igg-W-84::396,sample-igg-W-84,396,3,True,lt_min_leaves,topological,1,0,2,3,after_topology_validation
sample-igg-W-84::635,sample-igg-W-84,635,2,True,lt_min_leaves,topological,1,0,0,2,after_topology_validation
sample-igg-W-84::557,sample-igg-W-84,557,1,True,lt_min_leaves,topological,1,0,1,5,after_topology_validation
sample-igg-W-84::65,sample-igg-W-84,65,1,True,lt_min_leaves,topological,1,0,1,6,after_topology_validation
sample-igg-W-84::96,sample-igg-W-84,96,2,True,lt_min_leaves,topological,1,0,0,2,after_topology_validation
sample-igg-W-84::538,sample-igg-W-84,538,3,True,lt_min_leaves,topological,1,0,1,3,after_topology_validation
sample-igg-W-84::587,sample-igg-W-84,587,1,True,lt_min_leaves,topological,1,0,0,2,after_topology_validation
sample-igg-W-84::90,sample-igg-W-84,90,2,True,lt_min_leaves,topological,1,0,0,2,after_topology_validation
sample-igg-W-84::413,sample-igg-W-84,413,3,True,lt_min_leaves,topological,1,0,1,3,after_topology_validation
sample-igg-W-84::402,sample-igg-W-84,402,3,True,lt_min_leaves,topological,1,0,1,3,after_topology_validation
sample-igg-W-84::570,sample-igg-W-84,570,2,True,multi_root_no_usable_naive,,2,0,0,3,raw_families
sample-igg-W-84::179,sample-igg-W-84,179,3,True,lt_min_leaves,topological,1,0,1,3,after_topology_validation
sample-igg-W-84::225,sample-igg-W-84,225,4,True,lt_min_leaves,topological,1,0,1,3,after_topology_validation
sample-igg-W-84::157,sample-igg-W-84,157,6,True,lt_min_leaves,topological,1,0,1,3,after_topology_validation
sample-igg-W-84::150,sample-igg-W-84,150,2,True,lt_min_leaves,topological,1,0,1,2,after_topology_validation
sample-igg-W-84::41,sample-igg-W-84,41,7,True,multi_root_no_usable_naive,,2,0,0,4,raw_families
sample-igg-W-84::318,sample-igg-W-84,318,2,True,lt_min_leaves,topological,1,0,0,2,after_topology_validation
sample-igg-W-84::21,sample-igg-W-84,21,1,True,lt_min_leaves,topological,1,0,1,2,after_topology_validation
sample-igg-W-84::28,sample-igg-W-84,28,8,True,lt_min_leaves,topological,1,0,2,5,after_topology_validation
sample-igg-W-84::393,sample-igg-W-84,393,1,True,lt_min_leaves,topological,1,0,0,2,after_topology_validation
sample-igg-W-84::488,sample-igg-W-84,488,6,True,lt_min_leaves,topological,1,0,1,4,after_topology_validation
sample-igg-W-84::489,sample-igg-W-84,489,2,True,multi_root_no_usable_naive,,2,0,0,3,raw_families
sample-igg-W-84::13,sample-igg-W-84,13,2,True,lt_min_leaves,topological,1,0,1,2,after_topology_validation
sample-igg-W-95::57,sample-igg-W-95,57,4,True,lt_min_leaves,topological,1,0,3,3,after_topology_validation
sample-igg-W-95::35,sample-igg-W-95,35,1,True,lt_min_leaves,topological,1,0,1,2,after_topology_validation
sample-igg-W-95::328,sample-igg-W-95,328,1,True,lt_min_leaves,topological,1,0,1,2,after_topology_validation
sample-igg-W-95::31,sample-igg-W-95,31,1,True,lt_min_leaves,topological,1,0,1,2,after_topology_validation
sample-igg-W-95::74,sample-igg-W-95,74,1,True,lt_min_leaves,topological,1,0,1,2,after_topology_validation
sample-igg-W-95::253,sample-igg-W-95,253,1,True,lt_min_leaves,topological,1,0,1,2,after_topology_validation
sample-igg-W-95::24,sample-igg-W-95,24,2,True,lt_min_leaves,topological,1,0,1,2,after_topology_validation
sample-igg-W-95::294,sample-igg-W-95,294,1,True,lt_min_leaves,topological,1,0,1,2,after_topology_validation
sample-igg-W-95::299,sample-igg-W-95,299,1,True,lt_min_leaves,topological,1,0,1,2,after_topology_validation
sample-igg-W-95::300,sample-igg-W-95,300,1,True,lt_min_leaves,topological,1,0,1,2,after_topology_validation
sample-igg-W-95::64,sample-igg-W-95,64,3,True,lt_min_leaves,topological,1,0,1,3,after_topology_validation
sample-igg-W-95::288,sample-igg-W-95,288,4,True,multi_root_no_usable_naive,,2,0,0,4,raw_families
sample-igg-W-95::2,sample-igg-W-95,2,2,True,lt_min_leaves,topological,1,0,2,2,after_topology_validation
sample-igg-W-86::279,sample-igg-W-86,279,1,True,lt_min_leaves,topological,1,0,1,3,after_topology_validation
sample-igg-W-86::111,sample-igg-W-86,111,3,True,lt_min_leaves,topological,1,0,2,3,after_topology_validation
sample-igg-W-86::48,sample-igg-W-86,48,2,True,lt_min_leaves,topological,1,0,2,2,after_topology_validation
sample-igg-W-86::106,sample-igg-W-86,106,1,True,lt_min_leaves,topological,1,0,1,2,after_topology_validation
sample-igg-W-86::91,sample-igg-W-86,91,1,True,lt_min_leaves,topological,1,0,1,2,after_topology_validation
sample-igg-W-86::29,sample-igg-W-86,29,2,True,lt_min_leaves,topological,1,0,2,2,after_topology_validation
sample-igg-W-86::238,sample-igg-W-86,238,1,True,lt_min_leaves,topological,1,0,1,2,after_topology_validation
sample-igg-W-86::37,sample-igg-W-86,37,1,True,lt_min_leaves,topological,1,0,0,2,after_topology_validation
sample-igg-W-86::79,sample-igg-W-86,79,2,True,lt_min_leaves,topological,1,0,2,2,after_topology_validation
sample-igg-W-86::26,sample-igg-W-86,26,2,True,lt_min_leaves,topological,1,0,2,2,after_topology_validation
sample-igg-W-86::43,sample-igg-W-86,43,2,True,lt_min_leaves,topological,1,0,0,2,after_topology_validation
sample-igg-SC-1::889,sample-igg-SC-1,889,1,True,lt_min_leaves,topological,1,0,1,2,after_topology_validation
sample-igg-SC-1::848,sample-igg-SC-1,848,2,True,lt_min_leaves,topological,1,0,2,2,after_topology_validation
sample-igg-SC-1::1042,sample-igg-SC-1,1042,2,True,lt_min_leaves,topological,1,0,1,2,after_topology_validation
sample-igg-SC-1::369,sample-igg-SC-1,369,2,True,lt_min_leaves,topological,1,0,2,2,after_topology_validation
sample-igg-SC-1::1177,sample-igg-SC-1,1177,2,True,lt_min_leaves,topological,1,0,2,2,after_topology_validation
sample-igg-SC-1::751,sample-igg-SC-1,751,4,True,lt_min_leaves,topological,1,0,2,3,after_topology_validation
sample-igg-SC-1::107,sample-igg-SC-1,107,4,True,lt_min_leaves,topological,1,0,3,3,after_topology_validation
sample-igg-SC-1::504,sample-igg-SC-1,504,1,True,lt_min_leaves,topological,1,0,1,2,after_topology_validation
sample-igg-SC-1::734,sample-igg-SC-1,734,2,True,lt_min_leaves,topological,1,0,2,2,after_topology_validation
sample-igg-SC-1::1105,sample-igg-SC-1,1105,2,True,lt_min_leaves,topological,1,0,1,2,after_topology_validation
sample-igg-SC-1::599,sample-igg-SC-1,599,2,True,lt_min_leaves,topological,1,0,1,2,after_topology_validation
sample-igg-SC-1::1085,sample-igg-SC-1,1085,3,True,lt_min_leaves,topological,1,0,1,3,after_topology_validation
sample-igg-SC-1::731,sample-igg-SC-1,731,2,True,lt_min_leaves,topological,1,0,2,2,after_topology_validation
sample-igg-SC-1::876,sample-igg-SC-1,876,2,True,lt_min_leaves,topological,1,0,1,2,after_topology_validation
sample-igg-SC-1::1103,sample-igg-SC-1,1103,2,True,lt_min_leaves,topological,1,0,1,2,after_topology_validation
sample-igg-SC-1::737,sample-igg-SC-1,737,2,True,lt_min_leaves,topological,1,0,1,2,after_topology_validation
sample-igg-SC-1::866,sample-igg-SC-1,866,2,True,lt_min_leaves,topological,1,0,1,2,after_topology_validation
sample-igg-SC-1::462,sample-igg-SC-1,462,1,True,lt_min_leaves,topological,1,0,1,2,after_topology_validation
sample-igg-SC-1::84,sample-igg-SC-1,84,2,True,lt_min_leaves,topological,1,0,1,2,after_topology_validation
sample-igg-SC-1::431,sample-igg-SC-1,431,2,True,lt_min_leaves,topological,1,0,2,2,after_topology_validation
sample-igg-SC-1::543,sample-igg-SC-1,543,1,True,lt_min_leaves,topological,1,0,1,2,after_topology_validation
sample-igg-SC-1::726,sample-igg-SC-1,726,2,True,lt_min_leaves,topological,1,0,1,2,after_topology_validation
sample-igg-SC-1::836,sample-igg-SC-1,836,1,True,lt_min_leaves,topological,1,0,1,2,after_topology_validation
sample-igg-SC-1::193,sample-igg-SC-1,193,1,True,lt_min_leaves,topological,1,0,0,2,after_topology_validation
sample-igg-SC-1::131,sample-igg-SC-1,131,4,True,lt_min_leaves,topological,1,0,2,3,after_topology_validation
sample-igg-SC-1::422,sample-igg-SC-1,422,2,True,lt_min_leaves,topological,1,0,2,2,after_topology_validation
sample-igg-SC-1::975,sample-igg-SC-1,975,2,True,lt_min_leaves,topological,1,0,1,2,after_topology_validation
sample-igg-SC-1::164,sample-igg-SC-1,164,2,True,lt_min_leaves,topological,1,0,1,2,after_topology_validation
sample-igg-SC-1::727,sample-igg-SC-1,727,4,True,lt_min_leaves,topological,1,0,3,3,after_topology_validation
sample-igg-SC-1::806,sample-igg-SC-1,806,1,True,lt_min_leaves,topological,1,0,1,2,after_topology_validation
sample-igg-SC-1::815,sample-igg-SC-1,815,2,True,lt_min_leaves,topological,1,0,2,2,after_topology_validation
sample-igg-SC-1::545,sample-igg-SC-1,545,2,True,lt_min_leaves,topological,1,0,2,2,after_topology_validation
sample-igg-SC-1::865,sample-igg-SC-1,865,1,True,lt_min_leaves,topological,1,0,1,2,after_topology_validation
sample-igg-SC-1::1145,sample-igg-SC-1,1145,1,True,lt_min_leaves,topological,1,0,1,2,after_topology_validation
sample-igg-SC-1::1019,sample-igg-SC-1,1019,2,True,lt_min_leaves,topological,1,0,2,2,after_topology_validation
sample-igg-SC-1::480,sample-igg-SC-1,480,2,True,lt_min_leaves,topological,1,0,2,2,after_topology_validation
sample-igg-SC-1::1195,sample-igg-SC-1,1195,2,True,lt_min_leaves,topological,1,0,1,2,after_topology_validation
sample-igg-SC-1::312,sample-igg-SC-1,312,2,True,lt_min_leaves,topological,1,0,2,2,after_topology_validation
sample-igg-SC-1::668,sample-igg-SC-1,668,2,True,lt_min_leaves,topological,1,0,1,2,after_topology_validation
sample-igg-SC-1::471,sample-igg-SC-1,471,2,True,lt_min_leaves,topological,1,0,2,2,after_topology_validation
sample-igg-SC-1::617,sample-igg-SC-1,617,1,True,lt_min_leaves,topological,1,0,1,2,after_topology_validation
sample-igg-SC-1::161,sample-igg-SC-1,161,2,True,lt_min_leaves,topological,1,0,1,2,after_topology_validation
sample-igg-SC-1::1114,sample-igg-SC-1,1114,1,True,lt_min_leaves,topological,1,0,1,2,after_topology_validation
sample-igg-SC-1::908,sample-igg-SC-1,908,2,True,lt_min_leaves,topological,1,0,2,2,after_topology_validation
sample-igg-SC-1::144,sample-igg-SC-1,144,2,True,lt_min_leaves,topological,1,0,2,2,after_topology_validation
sample-igg-SC-1::986,sample-igg-SC-1,986,1,True,lt_min_leaves,topological,1,0,1,2,after_topology_validation
sample-igg-SC-1::110,sample-igg-SC-1,110,2,True,lt_min_leaves,topological,1,0,1,2,after_topology_validation
sample-igg-SC-1::847,sample-igg-SC-1,847,3,True,lt_min_leaves,topological,1,0,1,3,after_topology_validation
sample-igg-SC-1::374,sample-igg-SC-1,374,2,True,lt_min_leaves,topological,1,0,2,2,after_topology_validation
sample-igg-SC-1::77,sample-igg-SC-1,77,2,True,multi_root_no_usable_naive,,2,0,0,3,raw_families
sample-igg-SC-1::530,sample-igg-SC-1,530,1,True,lt_min_leaves,topological,1,0,0,2,after_topology_validation
sample-igg-SC-1::559,sample-igg-SC-1,559,1,True,lt_min_leaves,topological,1,0,1,2,after_topology_validation
sample-igg-SC-1::217,sample-igg-SC-1,217,3,True,lt_min_leaves,topological,1,0,2,3,after_topology_validation
sample-igg-SC-1::74,sample-igg-SC-1,74,2,True,lt_min_leaves,topological,1,0,0,2,after_topology_validation
sample-igg-SC-1::353,sample-igg-SC-1,353,2,True,lt_min_leaves,topological,1,0,2,2,after_topology_validation
sample-igg-SC-1::243,sample-igg-SC-1,243,1,True,lt_min_leaves,topological,1,0,1,2,after_topology_validation
sample-igg-SC-1::1041,sample-igg-SC-1,1041,1,True,lt_min_leaves,topological,1,0,1,2,after_topology_validation
sample-igg-SC-1::468,sample-igg-SC-1,468,2,True,lt_min_leaves,topological,1,0,2,2,after_topology_validation
sample-igg-SC-1::594,sample-igg-SC-1,594,2,True,lt_min_leaves,topological,1,0,1,2,after_topology_validation
sample-igg-SC-1::548,sample-igg-SC-1,548,1,True,lt_min_leaves,topological,1,0,1,2,after_topology_validation
sample-igg-SC-1::561,sample-igg-SC-1,561,1,True,lt_min_leaves,topological,1,0,1,2,after_topology_validation
sample-igg-SC-1::1014,sample-igg-SC-1,1014,2,True,lt_min_leaves,topological,1,0,1,2,after_topology_validation
sample-igg-SC-1::121,sample-igg-SC-1,121,1,True,lt_min_leaves,topological,1,0,1,2,after_topology_validation
sample-igg-SC-1::142,sample-igg-SC-1,142,2,True,lt_min_leaves,topological,1,0,1,2,after_topology_validation
sample-igg-SC-1::7,sample-igg-SC-1,7,1,True,lt_min_leaves,topological,1,0,1,2,after_topology_validation
sample-igg-SC-1::57,sample-igg-SC-1,57,1,True,lt_min_leaves,topological,1,0,1,2,after_topology_validation
sample-igg-SC-1::1107,sample-igg-SC-1,1107,2,True,lt_min_leaves,topological,1,0,2,2,after_topology_validation
sample-igg-SC-1::820,sample-igg-SC-1,820,3,True,lt_min_leaves,topological,1,0,1,3,after_topology_validation
sample-igg-SC-1::696,sample-igg-SC-1,696,2,True,lt_min_leaves,topological,1,0,2,2,after_topology_validation
sample-igg-SC-1::299,sample-igg-SC-1,299,2,True,lt_min_leaves,topological,1,0,2,2,after_topology_validation
sample-igg-SC-1::855,sample-igg-SC-1,855,2,True,lt_min_leaves,topological,1,0,1,2,after_topology_validation
sample-igg-SC-1::938,sample-igg-SC-1,938,1,True,lt_min_leaves,topological,1,0,0,2,after_topology_validation
sample-igg-SC-1::502,sample-igg-SC-1,502,2,True,lt_min_leaves,topological,1,0,2,2,after_topology_validation
sample-igg-SC-1::25,sample-igg-SC-1,25,2,True,lt_min_leaves,topological,1,0,2,2,after_topology_validation
sample-igg-SC-1::386,sample-igg-SC-1,386,6,True,lt_min_leaves,topological,1,0,3,4,after_topology_validation
sample-igg-SC-1::22,sample-igg-SC-1,22,4,True,lt_min_leaves,topological,1,0,3,3,after_topology_validation
sample-igg-SC-1::155,sample-igg-SC-1,155,2,True,lt_min_leaves,topological,1,0,1,2,after_topology_validation
sample-igg-SC-1::189,sample-igg-SC-1,189,1,True,lt_min_leaves,topological,1,0,1,2,after_topology_validation
sample-igg-SC-1::936,sample-igg-SC-1,936,1,True,lt_min_leaves,topological,1,0,0,2,after_topology_validation
sample-igg-SC-1::781,sample-igg-SC-1,781,1,True,lt_min_leaves,topological,1,0,1,2,after_topology_validation
sample-igg-SC-1::616,sample-igg-SC-1,616,2,True,lt_min_leaves,topological,1,0,1,2,after_topology_validation
sample-igg-SC-1::1024,sample-igg-SC-1,1024,2,True,lt_min_leaves,topological,1,0,2,2,after_topology_validation
sample-igg-SC-1::463,sample-igg-SC-1,463,4,True,lt_min_leaves,topological,1,0,3,3,after_topology_validation
sample-igg-SC-1::793,sample-igg-SC-1,793,2,True,lt_min_leaves,topological,1,0,2,2,after_topology_validation
sample-igg-SC-1::483,sample-igg-SC-1,483,2,True,lt_min_leaves,topological,1,0,2,2,after_topology_validation
sample-igg-SC-1::630,sample-igg-SC-1,630,2,True,lt_min_leaves,topological,1,0,0,2,after_topology_validation
sample-igg-SC-1::1172,sample-igg-SC-1,1172,1,True,lt_min_leaves,topological,1,0,0,2,after_topology_validation
sample-igg-SC-1::976,sample-igg-SC-1,976,1,True,lt_min_leaves,topological,1,0,0,2,after_topology_validation
sample-igg-SC-1::1050,sample-igg-SC-1,1050,2,True,lt_min_leaves,topological,1,0,2,2,after_topology_validation
sample-igg-SC-1::402,sample-igg-SC-1,402,2,True,multi_root_no_usable_naive,,2,0,0,3,raw_families
sample-igg-SC-1::5,sample-igg-SC-1,5,4,True,lt_min_leaves,topological,1,0,2,3,after_topology_validation
sample-igg-SC-1::542,sample-igg-SC-1,542,2,True,lt_min_leaves,topological,1,0,2,2,after_topology_validation
sample-igg-SC-1::411,sample-igg-SC-1,411,2,True,lt_min_leaves,topological,1,0,0,2,after_topology_validation
sample-igg-SC-1::321,sample-igg-SC-1,321,14,True,multi_root_no_usable_naive,,2,0,0,6,raw_families
sample-igg-SC-1::511,sample-igg-SC-1,511,4,True,multi_root_no_usable_naive,,2,0,0,4,raw_families
sample-igg-SC-1::1142,sample-igg-SC-1,1142,4,True,lt_min_leaves,topological,1,0,1,3,after_topology_validation
sample-igg-SC-1::75,sample-igg-SC-1,75,3,True,lt_min_leaves,topological,1,0,1,3,after_topology_validation
sample-igg-SC-1::146,sample-igg-SC-1,146,5,True,lt_min_leaves,topological,1,0,2,4,after_topology_validation
sample-igg-SC-1::433,sample-igg-SC-1,433,3,True,lt_min_leaves,topological,1,0,0,3,after_topology_validation
sample-igg-SC-1::1187,sample-igg-SC-1,1187,9,True,multi_root_no_usable_naive,,2,0,0,5,raw_families
sample-igg-SC-1::140,sample-igg-SC-1,140,3,True,multi_root_no_usable_naive,,2,0,0,3,raw_families
sample-igg-SC-1::907,sample-igg-SC-1,907,7,True,lt_min_leaves,topological,1,0,2,4,after_topology_validation
sample-igg-SC-1::477,sample-igg-SC-1,477,4,True,lt_min_leaves,topological,1,0,2,3,after_topology_validation
sample-igg-SC-1::841,sample-igg-SC-1,841,6,True,lt_min_leaves,topological,1,0,3,4,after_topology_validation
sample-igg-SC-1::255,sample-igg-SC-1,255,2,True,lt_min_leaves,topological,1,0,0,2,after_topology_validation
sample-igg-SC-1::864,sample-igg-SC-1,864,4,True,lt_min_leaves,topological,1,0,2,3,after_topology_validation
sample-igg-SC-1::493,sample-igg-SC-1,493,4,True,multi_root_no_usable_naive,,2,0,0,4,raw_families
sample-igg-SC-1::40,sample-igg-SC-1,40,2,True,lt_min_leaves,topological,1,0,0,2,after_topology_validation
sample-igg-SC-1::1022,sample-igg-SC-1,1022,6,True,lt_min_leaves,topological,1,0,3,4,after_topology_validation
sample-igg-SC-1::447,sample-igg-SC-1,447,5,True,lt_min_leaves,topological,1,0,2,4,after_topology_validation
sample-igg-SC-1::1086,sample-igg-SC-1,1086,4,True,lt_min_leaves,topological,1,0,1,3,after_topology_validation
sample-igg-SC-1::954,sample-igg-SC-1,954,4,True,lt_min_leaves,topological,1,0,1,3,after_topology_validation
sample-igg-SC-1::338,sample-igg-SC-1,338,4,True,lt_min_leaves,topological,1,0,1,3,after_topology_validation
sample-igg-SC-1::48,sample-igg-SC-1,48,3,True,lt_min_leaves,topological,1,0,1,3,after_topology_validation
sample-igg-SC-1::945,sample-igg-SC-1,945,6,True,lt_min_leaves,topological,1,0,2,3,after_topology_validation
sample-igg-SC-1::441,sample-igg-SC-1,441,8,False,,topological,1,0,4,5,final_eligible
sample-igg-SC-1::1026,sample-igg-SC-1,1026,3,True,lt_min_leaves,topological,1,0,1,3,after_topology_validation
sample-igg-SC-1::92,sample-igg-SC-1,92,8,True,multi_root_no_usable_naive,,3,0,0,5,raw_families
sample-igg-SC-1::89,sample-igg-SC-1,89,1,True,lt_min_leaves,topological,1,0,1,2,after_topology_validation
sample-igg-SC-1::507,sample-igg-SC-1,507,2,True,lt_min_leaves,topological,1,0,1,3,after_topology_validation
sample-igg-SC-1::863,sample-igg-SC-1,863,6,True,lt_min_leaves,topological,1,0,2,3,after_topology_validation
sample-igg-SC-1::771,sample-igg-SC-1,771,1,True,lt_min_leaves,topological,1,0,1,2,after_topology_validation
sample-igg-SC-1::460,sample-igg-SC-1,460,3,True,lt_min_leaves,topological,1,0,2,3,after_topology_validation
sample-igg-SC-1::440,sample-igg-SC-1,440,2,True,lt_min_leaves,topological,1,0,1,2,after_topology_validation
sample-igg-SC-1::1127,sample-igg-SC-1,1127,3,True,lt_min_leaves,topological,1,0,2,3,after_topology_validation
sample-igg-SC-1::376,sample-igg-SC-1,376,3,True,lt_min_leaves,topological,1,0,1,3,after_topology_validation
sample-igg-SC-1::174,sample-igg-SC-1,174,2,True,multi_root_no_usable_naive,,2,0,0,3,raw_families
sample-igg-SC-1::232,sample-igg-SC-1,232,3,True,lt_min_leaves,topological,1,0,2,3,after_topology_validation
sample-igg-SC-1::9,sample-igg-SC-1,9,2,True,lt_min_leaves,topological,1,0,2,2,after_topology_validation
sample-igg-SC-1::461,sample-igg-SC-1,461,2,True,lt_min_leaves,topological,1,0,1,2,after_topology_validation
sample-igg-W-76::97,sample-igg-W-76,97,2,True,lt_min_leaves,topological,1,0,1,2,after_topology_validation
sample-igg-W-76::78,sample-igg-W-76,78,2,True,lt_min_leaves,topological,1,0,2,2,after_topology_validation
sample-igg-W-76::9,sample-igg-W-76,9,2,True,lt_min_leaves,topological,1,0,2,2,after_topology_validation
sample-igg-W-76::93,sample-igg-W-76,93,2,True,lt_min_leaves,topological,1,0,2,2,after_topology_validation
sample-igg-W-76::144,sample-igg-W-76,144,4,True,lt_min_leaves,topological,1,0,2,3,after_topology_validation
sample-igg-W-76::246,sample-igg-W-76,246,1,True,lt_min_leaves,topological,1,0,1,2,after_topology_validation
sample-igg-W-76::81,sample-igg-W-76,81,3,True,lt_min_leaves,topological,1,0,2,3,after_topology_validation
sample-igg-W-76::140,sample-igg-W-76,140,1,True,lt_min_leaves,topological,1,0,1,4,after_topology_validation
sample-igg-W-76::63,sample-igg-W-76,63,2,True,lt_min_leaves,topological,1,0,2,2,after_topology_validation
sample-igg-W-76::264,sample-igg-W-76,264,2,True,lt_min_leaves,topological,1,0,1,2,after_topology_validation
sample-igg-W-76::38,sample-igg-W-76,38,2,True,lt_min_leaves,topological,1,0,2,2,after_topology_validation
sample-igg-W-76::259,sample-igg-W-76,259,2,True,lt_min_leaves,topological,1,0,1,2,after_topology_validation
sample-igg-W-76::233,sample-igg-W-76,233,6,False,,topological,1,0,4,3,final_eligible
sample-igg-W-76::35,sample-igg-W-76,35,2,True,lt_min_leaves,topological,1,0,2,2,after_topology_validation
sample-igg-W-76::284,sample-igg-W-76,284,1,True,lt_min_leaves,topological,1,0,1,2,after_topology_validation
sample-igg-W-76::40,sample-igg-W-76,40,2,True,lt_min_leaves,topological,1,0,2,2,after_topology_validation
sample-igg-W-76::244,sample-igg-W-76,244,1,True,lt_min_leaves,topological,1,0,0,2,after_topology_validation
sample-igg-W-76::57,sample-igg-W-76,57,1,True,lt_min_leaves,topological,1,0,1,5,after_topology_validation
sample-igg-W-76::89,sample-igg-W-76,89,2,True,lt_min_leaves,topological,1,0,1,2,after_topology_validation
sample-igg-W-76::255,sample-igg-W-76,255,4,True,lt_min_leaves,topological,1,0,1,3,after_topology_validation
sample-igg-W-76::225,sample-igg-W-76,225,3,True,lt_min_leaves,topological,1,0,0,3,after_topology_validation
sample-igg-W-76::169,sample-igg-W-76,169,2,True,lt_min_leaves,topological,1,0,1,2,after_topology_validation
sample-igg-SC-27::521,sample-igg-SC-27,521,2,True,lt_min_leaves,topological,1,0,1,2,after_topology_validation
sample-igg-SC-27::163,sample-igg-SC-27,163,1,True,lt_min_leaves,topological,1,0,1,2,after_topology_validation
sample-igg-SC-27::126,sample-igg-SC-27,126,1,True,lt_min_leaves,topological,1,0,1,2,after_topology_validation
sample-igg-SC-27::86,sample-igg-SC-27,86,1,True,lt_min_leaves,topological,1,0,1,2,after_topology_validation
sample-igg-SC-27::558,sample-igg-SC-27,558,1,True,lt_min_leaves,topological,1,0,1,2,after_topology_validation
sample-igg-SC-27::878,sample-igg-SC-27,878,3,True,lt_min_leaves,topological,1,0,1,3,after_topology_validation
sample-igg-SC-27::437,sample-igg-SC-27,437,1,True,lt_min_leaves,topological,1,0,1,2,after_topology_validation
sample-igg-SC-27::976,sample-igg-SC-27,976,1,True,lt_min_leaves,topological,1,0,1,3,after_topology_validation
sample-igg-SC-27::310,sample-igg-SC-27,310,1,True,lt_min_leaves,topological,1,0,1,2,after_topology_validation
sample-igg-SC-27::624,sample-igg-SC-27,624,1,True,lt_min_leaves,topological,1,0,0,2,after_topology_validation
sample-igg-SC-27::924,sample-igg-SC-27,924,1,True,lt_min_leaves,topological,1,0,1,2,after_topology_validation
sample-igg-SC-27::994,sample-igg-SC-27,994,1,True,lt_min_leaves,topological,1,0,1,2,after_topology_validation
sample-igg-SC-27::8,sample-igg-SC-27,8,2,True,lt_min_leaves,topological,1,0,2,2,after_topology_validation
sample-igg-SC-27::652,sample-igg-SC-27,652,1,True,lt_min_leaves,topological,1,0,1,2,after_topology_validation
sample-igg-SC-27::60,sample-igg-SC-27,60,3,True,lt_min_leaves,topological,1,0,2,3,after_topology_validation
sample-igg-SC-27::580,sample-igg-SC-27,580,2,True,lt_min_leaves,topological,1,0,1,2,after_topology_validation
sample-igg-SC-27::218,sample-igg-SC-27,218,1,True,lt_min_leaves,topological,1,0,1,2,after_topology_validation
sample-igg-SC-27::348,sample-igg-SC-27,348,2,True,lt_min_leaves,topological,1,0,1,2,after_topology_validation
sample-igg-SC-27::985,sample-igg-SC-27,985,1,True,lt_min_leaves,topological,1,0,1,2,after_topology_validation
sample-igg-SC-27::885,sample-igg-SC-27,885,2,True,lt_min_leaves,topological,1,0,0,2,after_topology_validation
sample-igg-SC-27::1030,sample-igg-SC-27,1030,1,True,lt_min_leaves,topological,1,0,1,2,after_topology_validation
sample-igg-SC-27::64,sample-igg-SC-27,64,1,True,lt_min_leaves,topological,1,0,1,2,after_topology_validation
sample-igg-SC-27::741,sample-igg-SC-27,741,1,True,lt_min_leaves,topological,1,0,1,2,after_topology_validation
sample-igg-SC-27::385,sample-igg-SC-27,385,2,True,lt_min_leaves,topological,1,0,0,2,after_topology_validation
sample-igg-SC-27::55,sample-igg-SC-27,55,3,True,lt_min_leaves,topological,1,0,2,3,after_topology_validation
sample-igg-SC-27::961,sample-igg-SC-27,961,2,True,lt_min_leaves,topological,1,0,2,2,after_topology_validation
sample-igg-SC-27::87,sample-igg-SC-27,87,1,True,lt_min_leaves,topological,1,0,1,2,after_topology_validation
sample-igg-SC-27::303,sample-igg-SC-27,303,2,True,lt_min_leaves,topological,1,0,1,2,after_topology_validation
sample-igg-SC-27::247,sample-igg-SC-27,247,2,True,lt_min_leaves,topological,1,0,1,2,after_topology_validation
sample-igg-SC-27::566,sample-igg-SC-27,566,2,True,lt_min_leaves,topological,1,0,0,2,after_topology_validation
sample-igg-SC-27::523,sample-igg-SC-27,523,1,True,lt_min_leaves,topological,1,0,0,2,after_topology_validation
sample-igg-SC-27::979,sample-igg-SC-27,979,1,True,lt_min_leaves,topological,1,0,1,2,after_topology_validation
sample-igg-SC-27::1027,sample-igg-SC-27,1027,1,True,lt_min_leaves,topological,1,0,1,2,after_topology_validation
sample-igg-SC-27::397,sample-igg-SC-27,397,2,True,lt_min_leaves,topological,1,0,1,2,after_topology_validation
sample-igg-SC-27::365,sample-igg-SC-27,365,1,True,lt_min_leaves,topological,1,0,1,2,after_topology_validation
sample-igg-SC-27::719,sample-igg-SC-27,719,4,True,lt_min_leaves,topological,1,0,3,3,after_topology_validation
sample-igg-SC-27::542,sample-igg-SC-27,542,2,True,lt_min_leaves,topological,1,0,2,2,after_topology_validation
sample-igg-SC-27::16,sample-igg-SC-27,16,2,True,lt_min_leaves,topological,1,0,0,2,after_topology_validation
sample-igg-SC-27::926,sample-igg-SC-27,926,1,True,lt_min_leaves,topological,1,0,1,2,after_topology_validation
sample-igg-SC-27::522,sample-igg-SC-27,522,2,True,lt_min_leaves,topological,1,0,1,2,after_topology_validation
sample-igg-SC-27::611,sample-igg-SC-27,611,1,True,lt_min_leaves,topological,1,0,1,2,after_topology_validation
sample-igg-SC-27::962,sample-igg-SC-27,962,1,True,lt_min_leaves,topological,1,0,1,2,after_topology_validation
sample-igg-SC-27::796,sample-igg-SC-27,796,2,True,lt_min_leaves,topological,1,0,1,2,after_topology_validation
sample-igg-SC-27::526,sample-igg-SC-27,526,2,True,lt_min_leaves,topological,1,0,0,2,after_topology_validation
sample-igg-SC-27::1068,sample-igg-SC-27,1068,1,True,lt_min_leaves,topological,1,0,1,2,after_topology_validation
sample-igg-SC-27::227,sample-igg-SC-27,227,1,True,lt_min_leaves,topological,1,0,1,2,after_topology_validation
sample-igg-SC-27::280,sample-igg-SC-27,280,3,True,lt_min_leaves,topological,1,0,2,3,after_topology_validation
sample-igg-SC-27::207,sample-igg-SC-27,207,2,True,lt_min_leaves,topological,1,0,1,2,after_topology_validation
sample-igg-SC-27::278,sample-igg-SC-27,278,2,True,lt_min_leaves,topological,1,0,1,2,after_topology_validation
sample-igg-SC-27::350,sample-igg-SC-27,350,1,True,lt_min_leaves,topological,1,0,1,2,after_topology_validation
sample-igg-SC-27::669,sample-igg-SC-27,669,1,True,lt_min_leaves,topological,1,0,0,2,after_topology_validation
sample-igg-SC-27::326,sample-igg-SC-27,326,1,True,lt_min_leaves,topological,1,0,1,2,after_topology_validation
sample-igg-SC-27::842,sample-igg-SC-27,842,1,True,lt_min_leaves,topological,1,0,1,2,after_topology_validation
sample-igg-SC-27::1053,sample-igg-SC-27,1053,1,True,lt_min_leaves,topological,1,0,1,2,after_topology_validation
sample-igg-SC-27::282,sample-igg-SC-27,282,6,True,lt_min_leaves,topological,1,0,1,5,after_topology_validation
sample-igg-SC-27::982,sample-igg-SC-27,982,6,True,lt_min_leaves,topological,1,0,0,4,after_topology_validation
sample-igg-SC-27::61,sample-igg-SC-27,61,13,True,lt_min_leaves,topological,1,0,1,6,after_topology_validation
sample-igg-SC-27::894,sample-igg-SC-27,894,5,True,multi_root_no_usable_naive,,2,0,0,4,raw_families
sample-igg-SC-27::267,sample-igg-SC-27,267,1,True,lt_min_leaves,topological,1,0,0,2,after_topology_validation
sample-igg-SC-27::703,sample-igg-SC-27,703,2,True,lt_min_leaves,topological,1,0,0,2,after_topology_validation
sample-igg-SC-27::461,sample-igg-SC-27,461,1,True,lt_min_leaves,topological,1,0,1,2,after_topology_validation
sample-igg-SC-27::1060,sample-igg-SC-27,1060,1,True,lt_min_leaves,topological,1,0,1,2,after_topology_validation
sample-igg-SC-27::504,sample-igg-SC-27,504,1,True,lt_min_leaves,topological,1,0,1,2,after_topology_validation
sample-igg-SC-27::119,sample-igg-SC-27,119,1,True,lt_min_leaves,topological,1,0,1,2,after_topology_validation
sample-igg-SC-27::10,sample-igg-SC-27,10,4,True,lt_min_leaves,topological,1,0,0,3,after_topology_validation
sample-igg-SC-27::30,sample-igg-SC-27,30,4,True,lt_min_leaves,topological,1,0,2,3,after_topology_validation
sample-igg-SC-27::296,sample-igg-SC-27,296,8,True,multi_root_no_usable_naive,,2,0,0,5,raw_families
sample-igg-SC-27::827,sample-igg-SC-27,827,1,True,lt_min_leaves,topological,1,0,1,2,after_topology_validation
sample-igg-SC-27::891,sample-igg-SC-27,891,5,True,lt_min_leaves,topological,1,0,1,4,after_topology_validation
sample-igg-SC-27::983,sample-igg-SC-27,983,3,True,lt_min_leaves,topological,1,0,0,3,after_topology_validation
sample-igg-SC-27::4,sample-igg-SC-27,4,1,True,lt_min_leaves,topological,1,0,1,2,after_topology_validation
sample-igg-SC-27::922,sample-igg-SC-27,922,1,True,lt_min_leaves,topological,1,0,1,2,after_topology_validation
sample-igg-SC-27::83,sample-igg-SC-27,83,2,True,lt_min_leaves,topological,1,0,0,2,after_topology_validation
sample-igg-SC-27::415,sample-igg-SC-27,415,1,True,lt_min_leaves,topological,1,0,1,2,after_topology_validation
sample-igg-SC-27::6,sample-igg-SC-27,6,9,True,lt_min_leaves,topological,1,0,1,5,after_topology_validation
sample-igg-SC-27::76,sample-igg-SC-27,76,2,True,lt_min_leaves,topological,1,0,0,2,after_topology_validation
sample-igg-SC-27::429,sample-igg-SC-27,429,4,True,multi_root_no_usable_naive,,2,0,0,4,raw_families
sample-igg-SC-27::704,sample-igg-SC-27,704,6,True,multi_root_no_usable_naive,,2,0,0,4,raw_families
sample-igg-SC-27::928,sample-igg-SC-27,928,5,True,lt_min_leaves,topological,1,0,0,3,after_topology_validation
sample-igg-SC-27::9,sample-igg-SC-27,9,3,True,lt_min_leaves,topological,1,0,0,3,after_topology_validation
sample-igg-SC-27::318,sample-igg-SC-27,318,1,True,lt_min_leaves,topological,1,0,1,2,after_topology_validation
sample-igg-SC-27::767,sample-igg-SC-27,767,2,True,lt_min_leaves,topological,1,0,1,2,after_topology_validation
sample-igg-SC-27::855,sample-igg-SC-27,855,3,True,lt_min_leaves,topological,1,0,1,3,after_topology_validation
sample-igg-SC-27::304,sample-igg-SC-27,304,1,True,lt_min_leaves,topological,1,0,0,2,after_topology_validation
sample-igg-SC-27::567,sample-igg-SC-27,567,7,True,multi_root_no_usable_naive,,2,0,0,6,raw_families
sample-igg-SC-27::132,sample-igg-SC-27,132,2,True,lt_min_leaves,topological,1,0,1,2,after_topology_validation
sample-igg-SC-27::133,sample-igg-SC-27,133,3,True,lt_min_leaves,topological,1,0,2,3,after_topology_validation
sample-igg-SC-27::325,sample-igg-SC-27,325,1,True,lt_min_leaves,topological,1,0,1,2,after_topology_validation
sample-igg-SC-27::122,sample-igg-SC-27,122,4,True,lt_min_leaves,topological,1,0,1,4,after_topology_validation
sample-igg-SC-27::989,sample-igg-SC-27,989,2,True,lt_min_leaves,topological,1,0,1,2,after_topology_validation
sample-igg-SC-27::538,sample-igg-SC-27,538,1,True,lt_min_leaves,topological,1,0,0,2,after_topology_validation
sample-igg-SC-27::176,sample-igg-SC-27,176,1,True,lt_min_leaves,topological,1,0,1,2,after_topology_validation
sample-igg-SC-27::832,sample-igg-SC-27,832,2,True,lt_min_leaves,topological,1,0,0,2,after_topology_validation
sample-igg-SC-27::18,sample-igg-SC-27,18,2,True,lt_min_leaves,topological,1,0,0,2,after_topology_validation
sample-igg-SC-27::706,sample-igg-SC-27,706,2,True,lt_min_leaves,topological,1,0,0,2,after_topology_validation
sample-igg-SC-27::92,sample-igg-SC-27,92,2,True,lt_min_leaves,topological,1,0,0,2,after_topology_validation
sample-igg-SC-27::792,sample-igg-SC-27,792,2,True,lt_min_leaves,topological,1,0,0,2,after_topology_validation
sample-igg-SC-27::290,sample-igg-SC-27,290,2,True,lt_min_leaves,topological,1,0,0,2,after_topology_validation
sample-igg-SC-27::430,sample-igg-SC-27,430,2,True,lt_min_leaves,topological,1,0,0,2,after_topology_validation
sample-igg-SC-27::21,sample-igg-SC-27,21,2,True,lt_min_leaves,topological,1,0,0,2,after_topology_validation
sample-igg-SC-27::342,sample-igg-SC-27,342,2,True,lt_min_leaves,topological,1,0,0,2,after_topology_validation
sample-igg-SC-27::686,sample-igg-SC-27,686,1,True,lt_min_leaves,topological,1,0,1,2,after_topology_validation
sample-igg-SC-27::214,sample-igg-SC-27,214,7,True,multi_root_no_usable_naive,,3,0,0,5,raw_families
sample-igg-SC-27::362,sample-igg-SC-27,362,2,True,lt_min_leaves,topological,1,0,0,2,after_topology_validation
sample-igg-SC-27::375,sample-igg-SC-27,375,1,True,lt_min_leaves,topological,1,0,1,2,after_topology_validation
sample-igg-SC-27::609,sample-igg-SC-27,609,1,True,lt_min_leaves,topological,1,0,1,2,after_topology_validation
sample-igg-SC-27::324,sample-igg-SC-27,324,1,True,lt_min_leaves,topological,1,0,0,2,after_topology_validation
sample-igg-SC-27::198,sample-igg-SC-27,198,2,True,lt_min_leaves,topological,1,0,0,2,after_topology_validation
sample-igg-SC-27::1018,sample-igg-SC-27,1018,3,True,lt_min_leaves,topological,1,0,1,3,after_topology_validation
sample-igg-SC-27::182,sample-igg-SC-27,182,3,True,lt_min_leaves,topological,1,0,0,3,after_topology_validation
sample-igg-SC-27::636,sample-igg-SC-27,636,4,True,lt_min_leaves,topological,1,0,2,3,after_topology_validation
sample-igg-SC-27::181,sample-igg-SC-27,181,3,True,lt_min_leaves,topological,1,0,0,3,after_topology_validation
sample-igg-SC-27::283,sample-igg-SC-27,283,5,True,multi_root_no_usable_naive,,2,0,0,5,raw_families
sample-igg-SC-18::181,sample-igg-SC-18,181,1,True,lt_min_leaves,topological,1,0,1,2,after_topology_validation
sample-igg-SC-18::570,sample-igg-SC-18,570,1,True,lt_min_leaves,topological,1,0,1,2,after_topology_validation
sample-igg-SC-18::207,sample-igg-SC-18,207,2,True,lt_min_leaves,topological,1,0,1,2,after_topology_validation
sample-igg-SC-18::528,sample-igg-SC-18,528,2,True,lt_min_leaves,topological,1,0,1,2,after_topology_validation
sample-igg-SC-18::173,sample-igg-SC-18,173,2,True,lt_min_leaves,topological,1,0,1,2,after_topology_validation
sample-igg-SC-18::116,sample-igg-SC-18,116,5,True,lt_min_leaves,topological,1,0,2,3,after_topology_validation
sample-igg-SC-18::474,sample-igg-SC-18,474,1,True,lt_min_leaves,topological,1,0,0,2,after_topology_validation
sample-igg-SC-18::326,sample-igg-SC-18,326,2,True,lt_min_leaves,topological,1,0,2,2,after_topology_validation
sample-igg-SC-18::596,sample-igg-SC-18,596,1,True,lt_min_leaves,topological,1,0,0,2,after_topology_validation
sample-igg-SC-18::338,sample-igg-SC-18,338,1,True,lt_min_leaves,topological,1,0,1,2,after_topology_validation
sample-igg-SC-18::667,sample-igg-SC-18,667,1,True,lt_min_leaves,topological,1,0,1,2,after_topology_validation
sample-igg-SC-18::250,sample-igg-SC-18,250,2,True,lt_min_leaves,topological,1,0,1,2,after_topology_validation
sample-igg-SC-18::525,sample-igg-SC-18,525,2,True,lt_min_leaves,topological,1,0,2,2,after_topology_validation
sample-igg-SC-18::132,sample-igg-SC-18,132,2,True,lt_min_leaves,topological,1,0,1,2,after_topology_validation
sample-igg-SC-18::125,sample-igg-SC-18,125,2,True,lt_min_leaves,topological,1,0,2,2,after_topology_validation
sample-igg-SC-18::488,sample-igg-SC-18,488,2,True,lt_min_leaves,topological,1,0,1,2,after_topology_validation
sample-igg-SC-18::494,sample-igg-SC-18,494,5,True,lt_min_leaves,topological,1,0,2,4,after_topology_validation
sample-igg-SC-18::66,sample-igg-SC-18,66,1,True,lt_min_leaves,topological,1,0,1,2,after_topology_validation
sample-igg-SC-18::640,sample-igg-SC-18,640,4,True,lt_min_leaves,topological,1,0,3,3,after_topology_validation
sample-igg-SC-18::57,sample-igg-SC-18,57,2,True,lt_min_leaves,topological,1,0,2,2,after_topology_validation
sample-igg-SC-18::115,sample-igg-SC-18,115,2,True,lt_min_leaves,topological,1,0,2,2,after_topology_validation
sample-igg-SC-18::549,sample-igg-SC-18,549,1,True,lt_min_leaves,topological,1,0,0,2,after_topology_validation
sample-igg-SC-18::619,sample-igg-SC-18,619,1,True,lt_min_leaves,topological,1,0,0,2,after_topology_validation
sample-igg-SC-18::426,sample-igg-SC-18,426,2,True,lt_min_leaves,topological,1,0,1,2,after_topology_validation
sample-igg-SC-18::508,sample-igg-SC-18,508,2,True,lt_min_leaves,topological,1,0,1,3,after_topology_validation
sample-igg-SC-18::183,sample-igg-SC-18,183,1,True,lt_min_leaves,topological,1,0,1,2,after_topology_validation
sample-igg-SC-18::411,sample-igg-SC-18,411,1,True,lt_min_leaves,topological,1,0,0,2,after_topology_validation
sample-igg-SC-18::175,sample-igg-SC-18,175,1,True,lt_min_leaves,topological,1,0,1,2,after_topology_validation
sample-igg-SC-18::327,sample-igg-SC-18,327,1,True,lt_min_leaves,topological,1,0,1,2,after_topology_validation
sample-igg-SC-18::440,sample-igg-SC-18,440,2,True,lt_min_leaves,topological,1,0,1,2,after_topology_validation
sample-igg-SC-18::539,sample-igg-SC-18,539,2,True,lt_min_leaves,topological,1,0,2,2,after_topology_validation
sample-igg-SC-18::330,sample-igg-SC-18,330,2,True,lt_min_leaves,topological,1,0,1,2,after_topology_validation
sample-igg-SC-18::165,sample-igg-SC-18,165,3,True,multi_root_no_usable_naive,,2,0,0,7,raw_families
sample-igg-SC-18::265,sample-igg-SC-18,265,1,True,lt_min_leaves,topological,1,0,0,2,after_topology_validation
sample-igg-SC-18::274,sample-igg-SC-18,274,2,True,lt_min_leaves,topological,1,0,1,2,after_topology_validation
sample-igg-SC-11::427,sample-igg-SC-11,427,1,True,lt_min_leaves,topological,1,0,1,2,after_topology_validation
sample-igg-SC-11::191,sample-igg-SC-11,191,1,True,lt_min_leaves,topological,1,0,1,2,after_topology_validation
sample-igg-SC-11::79,sample-igg-SC-11,79,2,True,lt_min_leaves,topological,1,0,1,2,after_topology_validation
sample-igg-SC-11::364,sample-igg-SC-11,364,1,True,lt_min_leaves,topological,1,0,1,2,after_topology_validation
sample-igg-SC-11::138,sample-igg-SC-11,138,1,True,lt_min_leaves,topological,1,0,1,2,after_topology_validation
sample-igg-SC-11::268,sample-igg-SC-11,268,2,True,lt_min_leaves,topological,1,0,2,2,after_topology_validation
sample-igg-SC-11::20,sample-igg-SC-11,20,2,True,lt_min_leaves,topological,1,0,0,2,after_topology_validation
sample-igg-SC-11::279,sample-igg-SC-11,279,2,True,lt_min_leaves,topological,1,0,0,2,after_topology_validation
sample-igg-SC-11::760,sample-igg-SC-11,760,2,True,lt_min_leaves,topological,1,0,2,2,after_topology_validation
sample-igg-SC-11::97,sample-igg-SC-11,97,2,True,lt_min_leaves,topological,1,0,1,2,after_topology_validation
sample-igg-SC-11::33,sample-igg-SC-11,33,2,True,lt_min_leaves,topological,1,0,2,2,after_topology_validation
sample-igg-SC-11::728,sample-igg-SC-11,728,2,True,lt_min_leaves,topological,1,0,2,2,after_topology_validation
sample-igg-SC-11::425,sample-igg-SC-11,425,2,True,lt_min_leaves,topological,1,0,1,2,after_topology_validation
sample-igg-SC-11::243,sample-igg-SC-11,243,2,True,lt_min_leaves,topological,1,0,0,2,after_topology_validation
sample-igg-SC-11::126,sample-igg-SC-11,126,1,True,lt_min_leaves,topological,1,0,1,2,after_topology_validation
sample-igg-SC-11::748,sample-igg-SC-11,748,1,True,lt_min_leaves,topological,1,0,1,3,after_topology_validation
sample-igg-SC-11::85,sample-igg-SC-11,85,2,True,lt_min_leaves,topological,1,0,2,2,after_topology_validation
sample-igg-SC-11::614,sample-igg-SC-11,614,2,True,lt_min_leaves,topological,1,0,2,2,after_topology_validation
sample-igg-SC-11::473,sample-igg-SC-11,473,1,True,lt_min_leaves,topological,1,0,0,2,after_topology_validation
sample-igg-SC-11::738,sample-igg-SC-11,738,2,True,lt_min_leaves,topological,1,0,2,2,after_topology_validation
sample-igg-SC-11::209,sample-igg-SC-11,209,1,True,lt_min_leaves,topological,1,0,1,2,after_topology_validation
sample-igg-SC-11::497,sample-igg-SC-11,497,2,True,lt_min_leaves,topological,1,0,2,2,after_topology_validation
sample-igg-SC-11::273,sample-igg-SC-11,273,4,True,lt_min_leaves,topological,1,0,2,3,after_topology_validation
sample-igg-SC-11::722,sample-igg-SC-11,722,1,True,lt_min_leaves,topological,1,0,1,2,after_topology_validation
sample-igg-SC-11::63,sample-igg-SC-11,63,1,True,lt_min_leaves,topological,1,0,0,2,after_topology_validation
sample-igg-SC-11::148,sample-igg-SC-11,148,1,True,lt_min_leaves,topological,1,0,1,2,after_topology_validation
sample-igg-SC-11::110,sample-igg-SC-11,110,2,True,lt_min_leaves,topological,1,0,2,2,after_topology_validation
sample-igg-SC-11::319,sample-igg-SC-11,319,1,True,lt_min_leaves,topological,1,0,1,2,after_topology_validation
sample-igg-SC-11::511,sample-igg-SC-11,511,2,True,lt_min_leaves,topological,1,0,1,2,after_topology_validation
sample-igg-SC-11::34,sample-igg-SC-11,34,2,True,lt_min_leaves,topological,1,0,1,2,after_topology_validation
sample-igg-SC-11::291,sample-igg-SC-11,291,2,True,lt_min_leaves,topological,1,0,2,2,after_topology_validation
sample-igg-SC-11::678,sample-igg-SC-11,678,1,True,lt_min_leaves,topological,1,0,0,2,after_topology_validation
sample-igg-SC-11::496,sample-igg-SC-11,496,2,True,lt_min_leaves,topological,1,0,1,2,after_topology_validation
sample-igg-SC-11::54,sample-igg-SC-11,54,2,True,lt_min_leaves,topological,1,0,2,2,after_topology_validation
sample-igg-SC-11::347,sample-igg-SC-11,347,7,False,,topological,1,0,4,4,final_eligible
sample-igg-SC-11::38,sample-igg-SC-11,38,1,True,lt_min_leaves,topological,1,0,1,2,after_topology_validation
sample-igg-SC-11::436,sample-igg-SC-11,436,1,True,lt_min_leaves,topological,1,0,1,2,after_topology_validation
sample-igg-SC-11::194,sample-igg-SC-11,194,4,True,lt_min_leaves,topological,1,0,3,3,after_topology_validation
sample-igg-SC-11::190,sample-igg-SC-11,190,1,True,lt_min_leaves,topological,1,0,1,2,after_topology_validation
sample-igg-SC-11::170,sample-igg-SC-11,170,2,True,lt_min_leaves,topological,1,0,1,2,after_topology_validation
sample-igg-SC-11::90,sample-igg-SC-11,90,2,True,lt_min_leaves,topological,1,0,0,2,after_topology_validation
sample-igg-SC-11::13,sample-igg-SC-11,13,5,True,lt_min_leaves,topological,1,0,3,4,after_topology_validation
sample-igg-SC-11::32,sample-igg-SC-11,32,9,True,lt_min_leaves,topological,1,0,3,4,after_topology_validation
sample-igg-SC-11::149,sample-igg-SC-11,149,8,True,lt_min_leaves,topological,1,0,2,4,after_topology_validation
sample-igg-SC-11::16,sample-igg-SC-11,16,2,True,lt_min_leaves,topological,1,0,1,2,after_topology_validation
sample-igg-SC-11::78,sample-igg-SC-11,78,4,True,lt_min_leaves,topological,1,0,2,4,after_topology_validation
sample-igg-SC-11::137,sample-igg-SC-11,137,5,True,multi_root_no_usable_naive,,2,0,0,4,raw_families
sample-igg-SC-11::52,sample-igg-SC-11,52,13,False,,topological,1,0,6,7,final_eligible
sample-igg-SC-11::399,sample-igg-SC-11,399,2,True,lt_min_leaves,topological,1,0,1,2,after_topology_validation
sample-igg-SC-11::4,sample-igg-SC-11,4,4,True,lt_min_leaves,topological,1,0,2,3,after_topology_validation
sample-igg-SC-11::296,sample-igg-SC-11,296,5,True,multi_root_no_usable_naive,,2,0,0,5,raw_families
sample-igg-SC-11::145,sample-igg-SC-11,145,6,True,lt_min_leaves,topological,1,0,1,4,after_topology_validation
sample-igg-SC-11::620,sample-igg-SC-11,620,1,True,lt_min_leaves,topological,1,0,0,2,after_topology_validation
sample-igg-SC-11::218,sample-igg-SC-11,218,4,True,lt_min_leaves,topological,1,0,0,3,after_topology_validation
sample-igg-SC-11::12,sample-igg-SC-11,12,1,True,lt_min_leaves,topological,1,0,0,2,after_topology_validation
sample-igg-W-55::79,sample-igg-W-55,79,2,True,lt_min_leaves,topological,1,0,2,2,after_topology_validation
sample-igg-W-55::164,sample-igg-W-55,164,1,True,lt_min_leaves,topological,1,0,1,2,after_topology_validation
sample-igg-W-55::393,sample-igg-W-55,393,2,True,lt_min_leaves,topological,1,0,2,2,after_topology_validation
sample-igg-W-55::719,sample-igg-W-55,719,2,True,lt_min_leaves,topological,1,0,2,2,after_topology_validation
sample-igg-W-55::183,sample-igg-W-55,183,1,True,lt_min_leaves,topological,1,0,1,2,after_topology_validation
sample-igg-W-55::667,sample-igg-W-55,667,1,True,lt_min_leaves,topological,1,0,1,2,after_topology_validation
sample-igg-W-55::74,sample-igg-W-55,74,1,True,lt_min_leaves,topological,1,0,1,2,after_topology_validation
sample-igg-W-55::629,sample-igg-W-55,629,2,True,lt_min_leaves,topological,1,0,1,2,after_topology_validation
sample-igg-W-55::111,sample-igg-W-55,111,2,True,lt_min_leaves,topological,1,0,1,2,after_topology_validation
sample-igg-W-55::698,sample-igg-W-55,698,1,True,lt_min_leaves,topological,1,0,1,2,after_topology_validation
sample-igg-W-55::889,sample-igg-W-55,889,3,True,lt_min_leaves,topological,1,0,2,3,after_topology_validation
sample-igg-W-55::343,sample-igg-W-55,343,2,True,lt_min_leaves,topological,1,0,2,2,after_topology_validation
sample-igg-W-55::546,sample-igg-W-55,546,2,True,lt_min_leaves,topological,1,0,2,2,after_topology_validation
sample-igg-W-55::634,sample-igg-W-55,634,1,True,lt_min_leaves,topological,1,0,1,2,after_topology_validation
sample-igg-W-55::605,sample-igg-W-55,605,2,True,lt_min_leaves,topological,1,0,2,2,after_topology_validation
sample-igg-W-55::349,sample-igg-W-55,349,2,True,lt_min_leaves,topological,1,0,2,2,after_topology_validation
sample-igg-W-55::299,sample-igg-W-55,299,2,True,lt_min_leaves,topological,1,0,2,2,after_topology_validation
sample-igg-W-55::695,sample-igg-W-55,695,1,True,lt_min_leaves,topological,1,0,1,2,after_topology_validation
sample-igg-W-55::369,sample-igg-W-55,369,3,True,lt_min_leaves,topological,1,0,2,3,after_topology_validation
sample-igg-W-55::113,sample-igg-W-55,113,4,True,lt_min_leaves,topological,1,0,1,3,after_topology_validation
sample-igg-W-55::22,sample-igg-W-55,22,1,True,lt_min_leaves,topological,1,0,0,2,after_topology_validation
sample-igg-W-55::885,sample-igg-W-55,885,2,True,lt_min_leaves,topological,1,0,1,2,after_topology_validation
sample-igg-W-55::447,sample-igg-W-55,447,2,True,lt_min_leaves,topological,1,0,2,2,after_topology_validation
sample-igg-W-55::608,sample-igg-W-55,608,1,True,lt_min_leaves,topological,1,0,1,2,after_topology_validation
sample-igg-W-55::701,sample-igg-W-55,701,4,True,lt_min_leaves,topological,1,0,2,3,after_topology_validation
sample-igg-W-55::858,sample-igg-W-55,858,6,True,lt_min_leaves,topological,1,0,3,4,after_topology_validation
sample-igg-W-55::95,sample-igg-W-55,95,1,True,lt_min_leaves,topological,1,0,1,2,after_topology_validation
sample-igg-W-55::706,sample-igg-W-55,706,2,True,lt_min_leaves,topological,1,0,0,2,after_topology_validation
sample-igg-W-55::186,sample-igg-W-55,186,1,True,lt_min_leaves,topological,1,0,1,2,after_topology_validation
sample-igg-W-55::684,sample-igg-W-55,684,1,True,lt_min_leaves,topological,1,0,0,2,after_topology_validation
sample-igg-W-55::354,sample-igg-W-55,354,2,True,multi_root_no_usable_naive,,2,0,0,3,raw_families
sample-igg-W-55::157,sample-igg-W-55,157,1,True,lt_min_leaves,topological,1,0,1,3,after_topology_validation
sample-igg-W-55::619,sample-igg-W-55,619,2,True,lt_min_leaves,topological,1,0,1,2,after_topology_validation
sample-igg-W-55::392,sample-igg-W-55,392,2,True,lt_min_leaves,topological,1,0,2,2,after_topology_validation
sample-igg-W-55::530,sample-igg-W-55,530,5,True,multi_root_no_usable_naive,,2,0,0,3,raw_families
sample-igg-W-55::293,sample-igg-W-55,293,4,True,lt_min_leaves,topological,1,0,2,3,after_topology_validation
sample-igg-W-55::472,sample-igg-W-55,472,2,True,lt_min_leaves,topological,1,0,1,2,after_topology_validation
sample-igg-W-55::180,sample-igg-W-55,180,4,True,lt_min_leaves,topological,1,0,3,3,after_topology_validation
sample-igg-W-55::613,sample-igg-W-55,613,4,True,lt_min_leaves,topological,1,0,3,3,after_topology_validation
sample-igg-W-55::76,sample-igg-W-55,76,2,True,lt_min_leaves,topological,1,0,2,2,after_topology_validation
sample-igg-W-55::645,sample-igg-W-55,645,1,True,lt_min_leaves,topological,1,0,0,2,after_topology_validation
sample-igg-W-55::832,sample-igg-W-55,832,1,True,lt_min_leaves,topological,1,0,1,2,after_topology_validation
sample-igg-W-55::355,sample-igg-W-55,355,4,True,lt_min_leaves,topological,1,0,2,3,after_topology_validation
sample-igg-W-55::479,sample-igg-W-55,479,2,True,lt_min_leaves,topological,1,0,2,2,after_topology_validation
sample-igg-W-55::126,sample-igg-W-55,126,2,True,lt_min_leaves,topological,1,0,1,2,after_topology_validation
sample-igg-W-55::112,sample-igg-W-55,112,2,True,lt_min_leaves,topological,1,0,2,2,after_topology_validation
sample-igg-W-55::229,sample-igg-W-55,229,1,True,lt_min_leaves,topological,1,0,1,2,after_topology_validation
sample-igg-W-55::53,sample-igg-W-55,53,2,True,lt_min_leaves,topological,1,0,1,3,after_topology_validation
sample-igg-W-55::666,sample-igg-W-55,666,1,True,lt_min_leaves,topological,1,0,1,2,after_topology_validation
sample-igg-W-55::736,sample-igg-W-55,736,2,True,lt_min_leaves,topological,1,0,1,2,after_topology_validation
sample-igg-W-55::502,sample-igg-W-55,502,2,True,lt_min_leaves,topological,1,0,2,2,after_topology_validation
sample-igg-W-55::662,sample-igg-W-55,662,1,True,lt_min_leaves,topological,1,0,1,2,after_topology_validation
sample-igg-W-55::158,sample-igg-W-55,158,2,True,lt_min_leaves,topological,1,0,1,2,after_topology_validation
sample-igg-W-55::525,sample-igg-W-55,525,1,True,lt_min_leaves,topological,1,0,0,2,after_topology_validation
sample-igg-W-55::357,sample-igg-W-55,357,1,True,lt_min_leaves,topological,1,0,1,2,after_topology_validation
sample-igg-W-55::138,sample-igg-W-55,138,2,True,lt_min_leaves,topological,1,0,1,2,after_topology_validation
sample-igg-W-55::316,sample-igg-W-55,316,2,True,lt_min_leaves,topological,1,0,2,2,after_topology_validation
sample-igg-W-55::762,sample-igg-W-55,762,2,True,lt_min_leaves,topological,1,0,0,2,after_topology_validation
sample-igg-W-55::396,sample-igg-W-55,396,2,True,lt_min_leaves,topological,1,0,2,2,after_topology_validation
sample-igg-W-55::214,sample-igg-W-55,214,6,True,multi_root_no_usable_naive,,3,0,0,4,raw_families
sample-igg-W-55::119,sample-igg-W-55,119,2,True,lt_min_leaves,topological,1,0,1,2,after_topology_validation
sample-igg-W-55::758,sample-igg-W-55,758,3,True,multi_root_no_usable_naive,,2,0,0,4,raw_families
sample-igg-W-55::346,sample-igg-W-55,346,6,True,lt_min_leaves,topological,1,0,2,3,after_topology_validation
sample-igg-W-55::879,sample-igg-W-55,879,4,True,lt_min_leaves,topological,1,0,1,3,after_topology_validation
sample-igg-W-55::60,sample-igg-W-55,60,2,True,lt_min_leaves,topological,1,0,1,2,after_topology_validation
sample-igg-W-55::155,sample-igg-W-55,155,9,True,lt_min_leaves,topological,1,0,1,8,after_topology_validation
sample-igg-W-55::121,sample-igg-W-55,121,13,True,multi_root_no_usable_naive,,3,0,0,7,raw_families
sample-igg-W-55::334,sample-igg-W-55,334,2,True,multi_root_no_usable_naive,,2,0,0,4,raw_families
sample-igg-W-55::105,sample-igg-W-55,105,3,True,lt_min_leaves,topological,1,0,1,3,after_topology_validation
sample-igg-W-55::380,sample-igg-W-55,380,10,False,,topological,1,0,4,5,final_eligible
sample-igg-W-55::238,sample-igg-W-55,238,4,True,lt_min_leaves,topological,1,0,1,4,after_topology_validation
sample-igg-W-55::253,sample-igg-W-55,253,3,True,lt_min_leaves,topological,1,0,1,3,after_topology_validation
sample-igg-W-55::489,sample-igg-W-55,489,8,True,lt_min_leaves,topological,1,0,1,4,after_topology_validation
sample-igg-W-55::377,sample-igg-W-55,377,4,True,lt_min_leaves,topological,1,0,0,3,after_topology_validation
sample-igg-W-55::18,sample-igg-W-55,18,3,True,lt_min_leaves,topological,1,0,0,3,after_topology_validation
sample-igg-W-55::59,sample-igg-W-55,59,2,True,lt_min_leaves,topological,1,0,1,2,after_topology_validation
sample-igg-W-55::206,sample-igg-W-55,206,3,True,lt_min_leaves,topological,1,0,1,3,after_topology_validation
sample-igg-SC-15::602,sample-igg-SC-15,602,1,True,lt_min_leaves,topological,1,0,1,2,after_topology_validation
sample-igg-SC-15::465,sample-igg-SC-15,465,1,True,lt_min_leaves,topological,1,0,1,2,after_topology_validation
sample-igg-SC-15::20,sample-igg-SC-15,20,3,True,lt_min_leaves,topological,1,0,1,3,after_topology_validation
sample-igg-SC-15::83,sample-igg-SC-15,83,1,True,lt_min_leaves,topological,1,0,1,2,after_topology_validation
sample-igg-SC-15::574,sample-igg-SC-15,574,1,True,lt_min_leaves,topological,1,0,1,2,after_topology_validation
sample-igg-SC-15::607,sample-igg-SC-15,607,1,True,lt_min_leaves,topological,1,0,1,2,after_topology_validation
sample-igg-SC-15::435,sample-igg-SC-15,435,2,True,lt_min_leaves,topological,1,0,1,2,after_topology_validation
sample-igg-SC-15::686,sample-igg-SC-15,686,2,True,lt_min_leaves,topological,1,0,1,2,after_topology_validation
sample-igg-SC-15::290,sample-igg-SC-15,290,2,True,lt_min_leaves,topological,1,0,1,2,after_topology_validation
sample-igg-SC-15::51,sample-igg-SC-15,51,2,True,lt_min_leaves,topological,1,0,1,2,after_topology_validation
sample-igg-SC-15::504,sample-igg-SC-15,504,2,True,lt_min_leaves,topological,1,0,1,3,after_topology_validation
sample-igg-SC-15::90,sample-igg-SC-15,90,1,True,lt_min_leaves,topological,1,0,1,2,after_topology_validation
sample-igg-SC-15::860,sample-igg-SC-15,860,1,True,lt_min_leaves,topological,1,0,1,2,after_topology_validation
sample-igg-SC-15::236,sample-igg-SC-15,236,2,True,lt_min_leaves,topological,1,0,2,2,after_topology_validation
sample-igg-SC-15::353,sample-igg-SC-15,353,4,True,lt_min_leaves,topological,1,0,1,3,after_topology_validation
sample-igg-SC-15::606,sample-igg-SC-15,606,1,True,lt_min_leaves,topological,1,0,1,2,after_topology_validation
sample-igg-SC-15::575,sample-igg-SC-15,575,1,True,lt_min_leaves,topological,1,0,1,2,after_topology_validation
sample-igg-SC-15::269,sample-igg-SC-15,269,1,True,lt_min_leaves,topological,1,0,1,2,after_topology_validation
sample-igg-SC-15::455,sample-igg-SC-15,455,1,True,lt_min_leaves,topological,1,0,1,2,after_topology_validation
sample-igg-SC-15::328,sample-igg-SC-15,328,1,True,lt_min_leaves,topological,1,0,0,2,after_topology_validation
sample-igg-SC-15::95,sample-igg-SC-15,95,1,True,lt_min_leaves,topological,1,0,1,2,after_topology_validation
sample-igg-SC-15::172,sample-igg-SC-15,172,1,True,lt_min_leaves,topological,1,0,0,2,after_topology_validation
sample-igg-SC-15::227,sample-igg-SC-15,227,2,True,lt_min_leaves,topological,1,0,2,2,after_topology_validation
sample-igg-SC-15::666,sample-igg-SC-15,666,2,True,lt_min_leaves,topological,1,0,1,2,after_topology_validation
sample-igg-SC-15::29,sample-igg-SC-15,29,2,True,lt_min_leaves,topological,1,0,1,2,after_topology_validation
sample-igg-SC-15::71,sample-igg-SC-15,71,2,True,lt_min_leaves,topological,1,0,2,2,after_topology_validation
sample-igg-SC-15::171,sample-igg-SC-15,171,1,True,lt_min_leaves,topological,1,0,0,2,after_topology_validation
sample-igg-SC-15::721,sample-igg-SC-15,721,2,True,lt_min_leaves,topological,1,0,1,2,after_topology_validation
sample-igg-SC-15::379,sample-igg-SC-15,379,2,True,lt_min_leaves,topological,1,0,0,2,after_topology_validation
sample-igg-SC-15::398,sample-igg-SC-15,398,2,True,lt_min_leaves,topological,1,0,0,2,after_topology_validation
sample-igg-SC-15::351,sample-igg-SC-15,351,1,True,lt_min_leaves,topological,1,0,1,2,after_topology_validation
sample-igg-SC-15::652,sample-igg-SC-15,652,1,True,lt_min_leaves,topological,1,0,0,2,after_topology_validation
sample-igg-SC-15::883,sample-igg-SC-15,883,1,True,lt_min_leaves,topological,1,0,1,2,after_topology_validation
sample-igg-SC-15::407,sample-igg-SC-15,407,1,True,lt_min_leaves,topological,1,0,1,2,after_topology_validation
sample-igg-SC-15::81,sample-igg-SC-15,81,4,True,lt_min_leaves,topological,1,0,1,3,after_topology_validation
sample-igg-SC-15::274,sample-igg-SC-15,274,2,True,lt_min_leaves,topological,1,0,1,2,after_topology_validation
sample-igg-SC-15::223,sample-igg-SC-15,223,2,True,lt_min_leaves,topological,1,0,1,2,after_topology_validation
sample-igg-SC-15::925,sample-igg-SC-15,925,4,True,lt_min_leaves,topological,1,0,1,3,after_topology_validation
sample-igg-SC-15::550,sample-igg-SC-15,550,1,True,lt_min_leaves,topological,1,0,1,2,after_topology_validation
sample-igg-SC-15::462,sample-igg-SC-15,462,1,True,lt_min_leaves,topological,1,0,1,2,after_topology_validation
sample-igg-SC-15::858,sample-igg-SC-15,858,1,True,lt_min_leaves,topological,1,0,0,2,after_topology_validation
sample-igg-SC-15::497,sample-igg-SC-15,497,1,True,lt_min_leaves,topological,1,0,1,2,after_topology_validation
sample-igg-SC-15::630,sample-igg-SC-15,630,2,True,lt_min_leaves,topological,1,0,1,2,after_topology_validation
sample-igg-SC-15::440,sample-igg-SC-15,440,2,True,lt_min_leaves,topological,1,0,0,2,after_topology_validation
sample-igg-SC-15::167,sample-igg-SC-15,167,1,True,lt_min_leaves,topological,1,0,1,2,after_topology_validation
sample-igg-SC-15::62,sample-igg-SC-15,62,2,True,lt_min_leaves,topological,1,0,0,2,after_topology_validation
sample-igg-SC-15::151,sample-igg-SC-15,151,4,True,lt_min_leaves,topological,1,0,3,3,after_topology_validation
sample-igg-SC-15::793,sample-igg-SC-15,793,1,True,lt_min_leaves,topological,1,0,1,2,after_topology_validation
sample-igg-SC-15::124,sample-igg-SC-15,124,2,True,lt_min_leaves,topological,1,0,2,2,after_topology_validation
sample-igg-SC-15::84,sample-igg-SC-15,84,1,True,lt_min_leaves,topological,1,0,1,2,after_topology_validation
sample-igg-SC-15::704,sample-igg-SC-15,704,2,True,lt_min_leaves,topological,1,0,2,2,after_topology_validation
sample-igg-SC-15::726,sample-igg-SC-15,726,1,True,lt_min_leaves,topological,1,0,1,2,after_topology_validation
sample-igg-SC-15::359,sample-igg-SC-15,359,2,True,lt_min_leaves,topological,1,0,1,2,after_topology_validation
sample-igg-SC-15::762,sample-igg-SC-15,762,2,True,lt_min_leaves,topological,1,0,1,2,after_topology_validation
sample-igg-SC-15::123,sample-igg-SC-15,123,2,True,lt_min_leaves,topological,1,0,2,2,after_topology_validation
sample-igg-SC-15::551,sample-igg-SC-15,551,2,True,lt_min_leaves,topological,1,0,1,2,after_topology_validation
sample-igg-SC-15::542,sample-igg-SC-15,542,2,True,lt_min_leaves,topological,1,0,2,2,after_topology_validation
sample-igg-SC-15::63,sample-igg-SC-15,63,6,False,,topological,1,0,4,4,final_eligible
sample-igg-SC-15::754,sample-igg-SC-15,754,4,True,lt_min_leaves,topological,1,0,3,3,after_topology_validation
sample-igg-SC-15::316,sample-igg-SC-15,316,1,True,lt_min_leaves,topological,1,0,1,2,after_topology_validation
sample-igg-SC-15::254,sample-igg-SC-15,254,6,True,lt_min_leaves,topological,1,0,3,4,after_topology_validation
sample-igg-SC-15::332,sample-igg-SC-15,332,1,True,lt_min_leaves,topological,1,0,0,2,after_topology_validation
sample-igg-SC-15::169,sample-igg-SC-15,169,8,True,lt_min_leaves,topological,1,0,3,4,after_topology_validation
sample-igg-SC-15::170,sample-igg-SC-15,170,6,True,multi_root_no_usable_naive,,2,0,0,4,raw_families
sample-igg-SC-15::105,sample-igg-SC-15,105,2,True,lt_min_leaves,topological,1,0,0,2,after_topology_validation
sample-igg-SC-15::184,sample-igg-SC-15,184,4,True,lt_min_leaves,topological,1,0,0,3,after_topology_validation
sample-igg-SC-15::237,sample-igg-SC-15,237,2,True,lt_min_leaves,topological,1,0,0,3,after_topology_validation
sample-igg-SC-15::856,sample-igg-SC-15,856,6,True,lt_min_leaves,topological,1,0,2,4,after_topology_validation
sample-igg-SC-15::857,sample-igg-SC-15,857,4,True,lt_min_leaves,topological,1,0,0,3,after_topology_validation
sample-igg-SC-15::862,sample-igg-SC-15,862,5,True,multi_root_no_usable_naive,,2,0,0,4,raw_families
sample-igg-SC-15::844,sample-igg-SC-15,844,1,True,lt_min_leaves,topological,1,0,0,2,after_topology_validation
sample-igg-SC-15::764,sample-igg-SC-15,764,7,True,multi_root_no_usable_naive,,3,0,0,6,raw_families
sample-igg-SC-15::709,sample-igg-SC-15,709,1,True,lt_min_leaves,topological,1,0,0,2,after_topology_validation
sample-igg-SC-15::422,sample-igg-SC-15,422,6,True,lt_min_leaves,topological,1,0,1,3,after_topology_validation
sample-igg-W-82::69,sample-igg-W-82,69,1,True,lt_min_leaves,topological,1,0,1,2,after_topology_validation
sample-igg-W-82::34,sample-igg-W-82,34,1,True,lt_min_leaves,topological,1,0,1,2,after_topology_validation
sample-igg-W-82::150,sample-igg-W-82,150,1,True,lt_min_leaves,topological,1,0,1,2,after_topology_validation
sample-igg-W-82::29,sample-igg-W-82,29,2,True,lt_min_leaves,topological,1,0,2,2,after_topology_validation
sample-igg-W-82::63,sample-igg-W-82,63,1,True,lt_min_leaves,topological,1,0,1,2,after_topology_validation
sample-igg-W-75::301,sample-igg-W-75,301,2,True,lt_min_leaves,topological,1,0,1,2,after_topology_validation
sample-igg-W-75::163,sample-igg-W-75,163,1,True,lt_min_leaves,topological,1,0,1,2,after_topology_validation
sample-igg-W-75::305,sample-igg-W-75,305,1,True,lt_min_leaves,topological,1,0,1,2,after_topology_validation
sample-igg-W-75::133,sample-igg-W-75,133,1,True,lt_min_leaves,topological,1,0,1,2,after_topology_validation
sample-igg-W-75::220,sample-igg-W-75,220,3,True,multi_root_no_usable_naive,,2,0,0,3,raw_families
sample-igg-W-75::15,sample-igg-W-75,15,2,True,lt_min_leaves,topological,1,0,2,2,after_topology_validation
sample-igg-W-75::81,sample-igg-W-75,81,1,True,lt_min_leaves,topological,1,0,1,2,after_topology_validation
sample-igg-W-75::217,sample-igg-W-75,217,2,True,lt_min_leaves,topological,1,0,1,2,after_topology_validation
sample-igg-W-75::229,sample-igg-W-75,229,1,True,lt_min_leaves,topological,1,0,1,2,after_topology_validation
sample-igg-W-75::128,sample-igg-W-75,128,1,True,lt_min_leaves,topological,1,0,1,2,after_topology_validation
sample-igg-W-75::87,sample-igg-W-75,87,4,True,lt_min_leaves,topological,1,0,2,3,after_topology_validation
sample-igg-W-75::94,sample-igg-W-75,94,2,True,lt_min_leaves,topological,1,0,1,3,after_topology_validation
sample-igg-W-75::254,sample-igg-W-75,254,2,True,lt_min_leaves,topological,1,0,0,2,after_topology_validation
sample-igg-W-75::40,sample-igg-W-75,40,2,True,lt_min_leaves,topological,1,0,0,2,after_topology_validation
sample-igg-W-92::13,sample-igg-W-92,13,2,True,lt_min_leaves,topological,1,0,2,2,after_topology_validation
sample-igg-W-92::62,sample-igg-W-92,62,1,True,lt_min_leaves,topological,1,0,1,2,after_topology_validation
sample-igg-W-92::29,sample-igg-W-92,29,2,True,lt_min_leaves,topological,1,0,1,2,after_topology_validation
sample-igg-W-92::7,sample-igg-W-92,7,2,True,lt_min_leaves,topological,1,0,2,2,after_topology_validation
sample-igg-W-92::82,sample-igg-W-92,82,1,True,lt_min_leaves,topological,1,0,0,2,after_topology_validation
sample-igg-W-92::148,sample-igg-W-92,148,1,True,lt_min_leaves,topological,1,0,1,2,after_topology_validation
sample-igg-W-92::144,sample-igg-W-92,144,2,True,lt_min_leaves,topological,1,0,0,2,after_topology_validation
sample-igg-W-92::51,sample-igg-W-92,51,2,True,lt_min_leaves,topological,1,0,0,2,after_topology_validation
sample-igg-W-1::61,sample-igg-W-1,61,2,True,lt_min_leaves,topological,1,0,2,2,after_topology_validation
sample-igg-W-1::128,sample-igg-W-1,128,2,True,lt_min_leaves,topological,1,0,1,2,after_topology_validation
sample-igg-W-1::76,sample-igg-W-1,76,2,True,lt_min_leaves,topological,1,0,1,2,after_topology_validation
sample-igg-W-1::45,sample-igg-W-1,45,2,True,lt_min_leaves,topological,1,0,1,2,after_topology_validation
sample-igg-W-1::186,sample-igg-W-1,186,2,True,lt_min_leaves,topological,1,0,2,2,after_topology_validation
sample-igg-W-109::116,sample-igg-W-109,116,1,True,lt_min_leaves,topological,1,0,1,2,after_topology_validation
sample-igg-W-109::62,sample-igg-W-109,62,1,True,lt_min_leaves,topological,1,0,1,2,after_topology_validation
sample-igg-W-109::10,sample-igg-W-109,10,2,True,lt_min_leaves,topological,1,0,1,3,after_topology_validation
sample-igg-W-117::10,sample-igg-W-117,10,1,True,lt_min_leaves,topological,1,0,1,2,after_topology_validation
sample-igg-W-117::44,sample-igg-W-117,44,1,True,lt_min_leaves,topological,1,0,1,2,after_topology_validation
