tip_id,hamming_to_gamma_consensus,identity_to_gamma_consensus,hamming_to_gamma_tip_MZ397166,identity_to_gamma_tip,hamming_to_closest_obs_gamma_triad,closest_obs_gamma_triad_tip,hamming_rbd_to_gamma_consensus,identity_rbd_to_gamma_consensus,hamming_to_wt,n_muts_vs_wt,n_rbd_scored,evescape_sum,evescape_mean,evescape_sum_gamma_rbd_triad,evescape_mean_gamma_rbd_triad,evescape_sum_high90,evescape_mean_high90,n_high90,high90_muts,gamma_core_hits,n_gamma_core,gamma_sig_hits,n_gamma_sig,pmc_hits,n_pmc,scored_muts,all_muts_vs_wt,rank_evescape_sum,rank_evescape_mean,rank_evescape_sum_gamma_rbd_triad,rank_evescape_mean_high90,rank_hamming_to_gamma_consensus,rank_hamming_rbd_to_gamma_consensus
root_child_0_child_0_child_1_child_1_child_1_child_1_child_0_child_1|leaf,289,0.772977,289,0.772977,288,MZ477792.1,47,0.766169,287,287,46,-107.32862579095556,-2.3332309954555557,-1.4350399149338156,-1.4350399149338156,-4.260905856143966,-1.0652264640359914,4,R346T;Q493G;K458N;T470I,N501Y,1,D138Y;N501Y;D614G;H655Y,4,D614G;N501Y,2,L335V:-1.9854;E340A:-1.3088;R346T:-0.7574;S349R:-1.9652;N354S:-1.8142;R357A:-1.8201;V362D:-2.7345;A363Y:-3.3175;S366A:-1.9824;V367Y:-2.6067;N370S:-1.9965;S375F:-2.1605;K378Y:-2.2888;D389Y:-3.0997;C391D:-3.9020;T393A:-2.5498;Y396I:-2.9330;A397I:-2.8788;D398N:-3.4436;I402N:-2.2419;D420Y:-2.0724;K424P:-2.3116;L425T:-3.2848;D427F:-1.9055;C432A:-4.2640;N440S:-1.2506;L441V:-1.5410;Y449L:-1.5400;K458N:-1.1730;F464T:-2.2843;S469I:-1.7468;T470I:-1.2259;C480F:-1.6586;F490L:-1.3377;L492S:-1.7157;Q493G:-1.1046;Q498N:-1.3375;N501Y:-1.4350;G504Y:-2.0876;L517H:-3.1793;L518P:-3.2451;P521V:-3.6426;T523C:-3.7458;V524G:-4.1764;P527L:-3.2639;S530N:-3.0123,L5A;T33V;F43V;L48T;P57S;R78V;L84D;N87I;G89S;T95S;K97I;I101W;W104K;I105T;V120A;D138Y;L141H;G142Y;M153N;E154F;S162N;N164C;N165T;P174G;E180F;R190K;N196D;F201S;I203L;Y204F;P209A;N211R;R214L;G232V;I235S;T236Q;R237A;F238L;H245S;G252S;S256A;T259A;Y265G;Y266Q;G268L;Q271P;F275N;T284D;D287V;C291E;A292D;P295H;T307I;V308G;Q321E;L335V;E340A;R346T;S349R;N354S;R357A;V362D;A363Y;S366A;V367Y;N370S;S375F;K378Y;D389Y;C391D;T393A;Y396I;A397I;D398N;I402N;D420Y;K424P;L425T;D427F;C432A;N440S;L441V;Y449L;K458N;F464T;S469I;T470I;C480F;F490L;L492S;Q493G;Q498N;N501Y;G504Y;L517H;L518P;P521V;T523C;V524G;P527L;S530N;V539K;N542T;T549S;V551T;L552E;T553N;E554F;N556L;K557F;F559I;P561I;I569D;D574P;R577P;Q580E;L582I;D586S;I587S;G601A;N606V;V610Y;Y612Q;Q613T;D614G;T618A;Q628W;L629P;T638N;V642Q;Q644R;G648L;A653S;H655Y;E661D;D663P;Q675S;N679A;P681A;R683G;I693T;Y695G;T696A;A701Y;N703A;S704C;Y707N;N709I;N717L;V722T;T723P;I726P;L727S;P728V;T734M;M740L;D745E;S746L;C749L;L753Y;T761L;L763R;N764A;D775T;Q784K;I788L;T791K;I794D;N801Q;F802D;L806P;S810P;S813F;K814S;S816M;N824V;D830F;G832K;I844A;A845R;R847A;K854V;L858P;T866E;D867S;E868Q;I870A;Y873A;T874L;L878G;T883G;S884A;G885A;I896Q;A903V;F906N;I909Y;N914L;K921A;F927S;G932I;S939L;A942K;L945V;V952Q;S967A;S968G;I973S;S974N;V976I;L977D;E988L;A989V;E990L;I993R;D994L;R995G;L996D;G999L;T1009A;L1012E;I1013N;R1014A;I1018S;L1024A;E1031G;C1032Q;Q1036D;S1051Q;P1053S;Q1054F;T1066V;I1081D;G1085K;F1089V;P1090S;R1091G;E1092H;V1094T;G1099T;F1103Q;T1105R;Q1106N;F1109T;P1112I;D1118T;N1119T;T1120V;F1121G;I1130V;G1131N;L1141P;Q1142D;E1144L;D1146K;F1148C;K1154F;Y1155K;N1158S;D1163L;G1167I;I1169N;V1176I;N1178Q;I1179N;E1188S;I1198L;D1199G;E1207Q;Q1208P;P1213Y;L1218I;G1219A;A1222V;L1224I;M1229L;T1231C;I1232C;M1233C;G1246K;F1256S;E1258S;S1261H;L1265G;K1266V;G1267V;L1270T,31.0,99.0,1.0,136.0,1.0,35.0
root_child_1_child_0_child_1_child_1_child_1_child_0_child_1_child_0_child_0|leaf,292,0.770621,292,0.770621,292,MZ397166.1,44,0.781095,293,293,43,-95.50527642873087,-2.2210529402030437,-1.4350399149338156,-1.4350399149338156,-4.142537860847682,-1.0356344652119205,4,L455R;R346Y;V445Y;Q493P,N501Y,1,L18F;D138Y;N501Y;D614G;H655Y;V1176F,6,D614G;N501Y,2,F338N:-3.1942;G339E:-1.4812;A344R:-1.7712;R346Y:-1.0460;F347V:-2.4887;R355Y:-2.6915;A372S:-1.2799;F374C:-2.8283;T376G:-2.8501;C379S:-4.1288;G381S:-3.6522;K386F:-3.0381;N388V:-2.8414;L390T:-3.1993;V401G:-2.4730;G404E:-1.8275;R408I:-1.6834;G413T:-2.5829;Q414Y:-2.3327;A419P:-2.7325;D420N:-2.1024;Y421K:-2.1591;L425D:-2.9019;P426V:-3.2716;S438D:-1.5362;V445Y:-1.1474;Y449S:-1.7609;N450W:-1.6111;L455R:-0.7754;R457P:-1.7140;C480F:-1.6586;G485Y:-1.5747;F486Y:-1.3874;N487R:-1.6056;Q493P:-1.1737;N501Y:-1.4350;G504P:-1.9402;Q506F:-2.2348;P507L:-2.1116;L513P:-3.6085;F515L:-3.1924;A520G:-3.1867;K529T:-1.2935,L18F;T20L;S45L;T51L;Q52F;S71R;T76N;K77F;V83F;D88F;F92T;T95S;E96I;S98I;T109D;K113S;S116V;V126C;F135S;C136L;D138Y;F140D;W152S;E156G;F157R;Y160S;S162C;A163F;N165V;V171P;Q173M;M177L;E180S;Q183Y;G184F;L189E;D198Y;Y200I;F201I;K202Y;K206G;H207L;V213D;L229I;P230G;I235R;R237L;F238Q;L244R;D253W;W258Y;G268D;L270P;Q271P;K278Y;Y279I;I285D;T286A;C291S;L293S;S297T;K300T;C301F;T302G;I312F;R319S;P322V;S325F;I326R;R328I;F338N;G339E;A344R;R346Y;F347V;R355Y;A372S;F374C;T376G;C379S;G381S;K386F;N388V;L390T;V401G;G404E;R408I;G413T;Q414Y;A419P;D420N;Y421K;L425D;P426V;S438D;V445Y;Y449S;N450W;L455R;R457P;C480F;G485Y;F486Y;N487R;Q493P;N501Y;G504P;Q506F;P507L;L513P;F515L;A520G;K529T;V534T;K535N;N536F;N544G;T549Q;F559D;L582I;C590G;S591V;G593T;T602Q;A609V;D614G;A626P;L629Y;W633Y;S637G;Q644R;T645E;G648I;L650T;I651V;A653V;E654Y;H655Y;N658V;S659I;Y660G;C662A;D663Y;I666Y;S686I;Q690L;I693A;G700E;A701P;N703Y;N709S;N710I;A713T;V722I;I726T;M731K;T732M;S735L;C738G;D745T;C749N;N751L;L752S;S758L;N764A;R765I;G769Q;I770V;V772D;Q779K;K786Y;P793N;K795F;G799Q;F802P;Q804S;L806P;P807S;P809Y;P812F;K814L;N824V;V826A;G832Q;I834Y;K835Y;C840L;G842R;I844L;R847I;L849K;C851Q;L858P;P862A;P863T;M869Q;Y873G;T883G;A893Q;F898R;M902L;R905V;F906Q;N907I;Y917Q;N919A;K921A;I923Q;A924S;F927N;N928L;G932Q;T941L;V951L;N953A;Q957T;L959T;V963Q;S967F;N969K;F970A;S975I;V976L;N978K;I993P;D994I;R995T;I1018L;N1023A;L1024A;A1025T;K1028Q;E1031V;L1034R;V1040Y;G1044M;M1050A;P1053A;V1060L;L1063T;V1068K;P1069T;E1072N;N1074P;K1086P;A1087V;H1088V;R1091T;E1092S;F1095N;T1100F;W1102V;Q1106I;R1107P;F1109E;I1115G;T1117C;T1120S;F1121T;G1124V;C1126G;G1131D;N1134P;V1137D;F1148L;K1149L;H1159L;T1160L;D1163V;V1164N;S1175I;V1176F;L1186E;E1195L;K1205T;E1207I;Q1208K;Y1209K;W1212Y;I1216V;F1220A;I1221G;M1229L;I1232L;L1234C;C1236Y;M1237S;C1240G;C1247S;C1253K;D1257L;D1259G;G1267H,7.0,9.0,1.0,100.0,2.0,19.0
root_child_1_child_1_child_0_child_1_child_0_child_0_child_1_child_1_child_1|leaf,293,0.769835,293,0.769835,292,MZ477792.1,42,0.791045,289,289,41,-95.32271333785188,-2.3249442277524848,-1.4350399149338156,-1.4350399149338156,-2.4234016743289075,-1.2117008371644538,2,F456S;I472Q,N501Y,1,D138Y;N501Y;V1176F,3,N501Y,1,N334F:-2.2519;L335V:-1.9854;T345W:-1.9163;W353R:-2.7154;R355T:-2.6817;D364Y:-2.7447;Y369N:-2.9995;N370T:-2.6435;S373N:-2.2359;F377S:-3.0024;S383N:-3.5369;D389C:-2.9995;T393S:-2.3504;N394S:-2.2569;V395S:-3.7400;R403Q:-1.6178;V407P:-2.9003;R408I:-1.6834;G413D:-1.9963;N422L:-3.1081;L425D:-2.9019;D428A:-1.9453;C432I:-4.1433;V433S:-3.2694;N437S:-2.2393;S438K:-1.4481;N440D:-1.3369;D442V:-2.1816;N448Y:-2.3452;Y449S:-1.7609;F456S:-1.2075;K462I:-1.4277;P463I:-2.6545;F464R:-1.6660;I472Q:-1.2159;G476P:-1.3326;N487Y:-1.7183;L492F:-2.2180;N501Y:-1.4350;G504P:-1.9402;V512S:-3.5688,V6F;T19R;R21S;L48Q;T51L;F55S;L56F;G89Y;E96S;I100K;R102G;W104I;F106D;G107T;K113S;T114I;Q134C;D138Y;L141V;K150S;T167S;S172M;D178G;L179F;G181Q;G184F;I197G;D198N;F201Y;H207V;I210G;F220D;P230G;G232N;N234F;I235S;T236E;R237L;F238A;L244R;Y248T;G257A;A260E;A263Y;L276Y;K278I;N282D;T286A;A288C;C291S;C301K;K304F;E309I;K310S;I312T;R319E;E324P;N334F;L335V;T345W;W353R;R355T;D364Y;Y369N;N370T;S373N;F377S;S383N;D389C;T393S;N394S;V395S;R403Q;V407P;R408I;G413D;N422L;L425D;D428A;C432I;V433S;N437S;S438K;N440D;D442V;N448Y;Y449S;F456S;K462I;P463I;F464R;I472Q;G476P;N487Y;L492F;N501Y;G504P;V512S;V534K;K537G;N540F;F541K;T549Q;T553L;F559D;F562I;Q563F;A570T;D571V;Q580E;L582I;L585C;D586T;C590T;T599P;P600T;N603A;V610N;Y612G;D614R;N616P;E619D;V620A;Q628P;L629P;T632S;T638S;V642L;T645E;G648I;I651A;E654V;H655E;V656N;C662I;D663Q;P665G;C671S;R682V;A688M;I692A;A694S;Y695G;M697L;A701E;V705I;A706N;Y707S;S708N;N710I;T716S;T724K;L727S;S730T;K733S;T734D;L754F;Q755S;C760Q;V772D;E773V;N777V;Q784Y;V785I;D796N;N801P;I805P;K811E;S816I;L822T;K825T;V826I;L828D;G838I;C840D;G842A;D843L;A846Q;R847A;C851T;Q853T;L858P;V860P;M869Q;I870A;Y873S;T874A;L878S;A879G;G880I;T883G;S884A;F888A;A890V;G891L;A892Q;Q895P;I896A;P897T;F898N;M900F;M902N;F906Q;N914L;L916I;E918Q;N919L;N928L;Q935L;D936S;S937A;Q954T;Q957V;L959T;V963F;K964S;S968V;F970A;G971I;V976D;V991G;Q992D;I997G;Y1007F;I1013C;A1016S;I1018L;S1021A;A1022L;L1024S;A1025S;M1029L;V1033R;F1042G;G1046S;H1048S;M1050A;P1053A;H1058V;V1068A;N1074T;P1079G;E1092S;G1099W;H1101F;V1104Q;N1108Q;E1111P;T1117N;V1122G;G1124V;C1126G;D1127V;V1129Y;I1130V;G1131V;N1134P;P1140Q;L1141P;P1143D;L1145S;K1149L;Y1155K;N1158S;V1164L;S1175I;V1176F;K1181A;L1186V;N1192L;N1194D;D1199I;E1207I;W1212Y;L1218I;F1220A;I1221G;V1228I;L1234S;C1235M;C1236Y;S1239C;S1249G;C1253K;K1255S;D1260E;P1263K;K1266H;V1268H,6.0,88.0,1.0,237.0,3.0,3.0
root_child_0_child_0_child_0_child_0_child_1_child_0_child_1_child_1|leaf,295,0.768264,295,0.768264,294,MZ477792.1,43,0.78607,291,291,41,-95.94339508055761,-2.340082806842868,,,-5.574487793614473,-1.1148975587228946,5,N501V;E340K;E471Y;N481V;K458R,,0,D138Y;D614G;H655Y,3,D614G,1,I332L:-2.4919;P337N:-2.2448;E340K:-1.0697;T345Y:-2.0228;S349R:-1.9652;V350A:-3.2598;W353R:-2.7154;V367A:-2.0755;K378G:-2.1692;L390V:-3.7422;C391Y:-4.4373;T393D:-2.3590;V401R:-1.5520;I402G:-2.5120;V407I:-2.8289;G413T:-2.5829;Q414A:-2.1073;P426D:-2.2753;T430S:-2.8356;A435N:-3.1173;N437S:-2.2393;N448Y:-2.3452;F456L:-1.4342;K458R:-1.2139;L461I:-1.5827;E471Y:-1.0738;G476V:-1.4574;C480F:-1.6586;N481V:-1.1660;N487F:-1.4264;C488S:-2.1537;P491Q:-1.4963;N501V:-1.0510;G502C:-1.7430;P507L:-2.1116;F515L:-3.1924;P521G:-3.6874;V524S:-3.9754;C525S:-4.2948;P527L:-3.2639;S530N:-3.0123,Y28S;F43S;L56I;A67V;V70T;T76N;R78N;V83Y;L84D;G89F;V90T;T95S;W104F;I105G;S112T;V130F;D138Y;F140H;L141H;K147S;M153R;F157Y;V159N;Y160V;A163N;N165E;C166V;Y170P;P174I;F175M;E180N;N185E;F186E;F194N;D198K;H207I;P225I;L226V;P230F;G232I;I235S;T236L;H245S;R246G;L249P;P251S;G252S;S256A;W258Q;T259A;A260Y;A263Y;G268F;Y269L;E281W;G283I;T286P;C291L;D294L;P295S;L296C;S297K;T302F;L303T;K310T;F318T;S325V;V327P;F329L;I332L;P337N;E340K;T345Y;S349R;V350A;W353R;V367A;K378G;L390V;C391Y;T393D;V401R;I402G;V407I;G413T;Q414A;P426D;T430S;A435N;N437S;N448Y;F456L;K458R;L461I;E471Y;G476V;C480F;N481V;N487F;C488S;P491Q;N501V;G502C;P507L;F515L;P521G;V524S;C525S;P527L;S530N;V534K;F541L;T549E;G550S;K558G;F559G;Q563F;G566D;I569P;D574P;R577L;P579I;Q580E;D586F;S591V;F592G;G594T;N603Q;T604A;V608L;V610Q;L611Q;Q613T;D614G;T618E;D627L;L629T;T630G;T632S;G639A;S640F;T645Q;G648A;L650G;H655Y;N657F;N658Y;D663V;A668S;G669Q;C671K;S673T;Y674K;Q675T;R682A;A684S;Q690I;M697L;A701N;Y707I;N709I;I720T;L727D;C738G;M740I;Y741C;D745S;S746C;E748S;L753S;F759T;C760L;Q762N;L763T;I770V;N777T;E780I;K786T;T791K;I794D;N801Q;I805P;P807K;S810I;R815E;I818D;E819L;D820V;V826A;K835L;Q836L;Y837I;C840D;D843Q;L849F;A852G;L858T;T859I;T866E;D867Q;Y873A;L878T;T883F;F888A;P897M;A899Y;R905N;F906Q;N907I;G908Q;N914Q;V915N;L916R;K921Q;N925S;Q926S;G932L;A942K;L945K;L948N;A958Q;Q965G;G971C;I973S;N978I;D985E;R995G;L996D;I997S;T998S;Q1002L;L1004T;V1008Q;T1009Q;A1016T;I1018A;S1021N;L1024A;A1026K;M1029E;S1030L;Y1047L;H1064N;V1068E;E1072P;T1077K;P1079A;D1084K;K1086R;P1090R;E1092F;V1094F;F1095S;T1105R;Q1106P;E1111I;T1117S;N1119F;T1120S;N1125C;C1126N;D1127P;I1130V;G1131N;I1132N;N1134P;N1135V;P1143E;L1152K;F1156T;H1159D;D1163L;D1165N;G1167I;V1176I;I1179E;Q1180E;I1183K;D1184N;E1188S;V1189N;I1198L;A1222V;I1225V;C1253K;S1261K;K1266V;G1267S;K1269H;L1270T;Y1272T,8.0,107.0,221.0,195.0,4.0,8.0
root_child_1_child_1_child_0_child_1_child_0_child_0_child_0_child_0|leaf,295,0.768264,295,0.768264,294,MZ477792.1,47,0.766169,291,291,46,-104.61105651709826,-2.2741534025456143,-1.4350399149338156,-1.4350399149338156,-4.4276915212632115,-1.1069228803158029,4,L441K;K458N;F456S;I472Q,N501Y,1,D138Y;N501Y;V1176F,3,N501Y,1,N334F:-2.2519;L335V:-1.9854;T345W:-1.9163;W353T:-3.3173;R355I:-2.5772;D364Y:-2.7447;Y369N:-2.9995;S373A:-1.9861;F377S:-3.0024;S383N:-3.5369;D389C:-2.9995;C391T:-4.3715;F392S:-3.6929;T393S:-2.3504;N394S:-2.2569;V395S:-3.7400;R403Q:-1.6178;R408I:-1.6834;G413D:-1.9963;G416I:-2.7015;N422L:-3.1081;L425D:-2.9019;D428A:-1.9453;V433S:-3.2694;S438K:-1.4481;L441K:-0.8313;Y449S:-1.7609;R454F:-1.7941;F456S:-1.2075;R457N:-1.9868;K458N:-1.1730;K462I:-1.4277;P463S:-2.5121;F464A:-2.4228;I472Q:-1.2159;G476P:-1.3326;C480G:-1.4492;F486C:-1.4666;N487Y:-1.7183;Y489F:-1.5181;L492F:-2.2180;N501Y:-1.4350;G504P:-1.9402;R509S:-2.3844;V512S:-3.5688;E516L:-2.8470,V6F;P9S;T19R;R21S;Y38K;P39V;L48Q;T51L;F55S;L56F;V62F;P85I;F92I;K97G;I100G;W104I;G107T;K113S;T114I;N122V;D138Y;L141V;H146N;K150E;S162F;S172M;L179F;G181Q;G184F;I197G;D198Y;F201Y;I203P;H207V;I210G;F220D;P230T;G232N;N234F;I235S;T236F;R237L;F238A;L244R;G257A;A260V;A263Y;L270R;P272T;L276Y;K278Y;N282D;T284D;T286A;A288C;C291I;P295E;T299C;C301K;K304G;K310H;R319P;E324P;N334F;L335V;T345W;W353T;R355I;D364Y;Y369N;S373A;F377S;S383N;D389C;C391T;F392S;T393S;N394S;V395S;R403Q;R408I;G413D;G416I;N422L;L425D;D428A;V433S;S438K;L441K;Y449S;R454F;F456S;R457N;K458N;K462I;P463S;F464A;I472Q;G476P;C480G;F486C;N487Y;Y489F;L492F;N501Y;G504P;R509S;V512S;E516L;V534C;K535V;N540F;F541K;F543G;T549Q;T553L;F559D;P561I;F562I;Q563F;R567M;D571I;R577P;Q580E;L582I;D586T;C590T;T599S;P600T;Y612V;D614R;N616P;V620L;H625T;A626L;T638S;V642L;T645E;G648I;L650V;E654V;H655E;D663Q;P665G;A688M;I692A;I693S;Y695L;M697L;A701E;S704N;V705I;Y707I;S708I;N709I;N710I;I712N;T716S;T724K;I726S;L727S;S730T;K733S;D737S;T739D;M740I;Y741S;T747L;L752Q;L754F;V772T;E773V;N777V;E780Q;Q784K;V785I;Y789F;Q804S;I805P;P812K;D820V;K825T;I834Q;K835I;D839I;C840D;G842A;D843L;R847A;C851T;A852N;Q853T;L858V;V860P;M869Q;Y873S;T874A;A879G;T883G;F888G;A890V;A892P;Q895P;I896A;M902P;A903N;R905P;F906Q;N914L;L916I;E918A;N919L;N928L;D936N;S937A;S943K;Q949A;Q954T;A958L;L962G;V963F;S968G;F970V;G971I;S982L;V991R;Q992D;L1004Q;I1013C;A1016S;I1018L;S1021A;L1024A;A1025S;M1029L;V1033R;S1037C;G1046S;H1048S;M1050A;S1051M;P1053A;Q1054P;Q1071K;N1074T;T1077C;G1085H;E1092S;H1101F;Q1106F;N1108Q;C1126G;D1127V;I1130N;G1131V;V1133Y;N1134P;V1137P;P1140Q;L1141P;P1143D;E1144D;L1145S;S1147D;K1149L;V1164L;I1169S;S1175I;V1176F;K1181A;V1189L;E1195I;I1198G;D1199I;E1207I;L1218I;F1220A;I1221G;A1226S;V1228I;L1234S;C1236Y;S1239C;S1249G;C1253K;K1255S;D1260E;P1263K;L1265R;K1266H;V1268H,23.0,43.0,1.0,190.0,4.0,35.0
root_child_0_child_0_child_1_child_0_child_0_child_1_child_0_child_0_child_0|leaf,295,0.768264,295,0.768264,294,MZ477792.1,59,0.706468,289,289,59,-142.94020758363305,-2.422715382773442,-1.4350399149338156,-1.4350399149338156,-7.150319793197469,-1.021474256171067,7,R346T;E484I;K444V;Q498Y;E471Q;K458R;Q493T,N501Y,1,N501Y;D614G,2,D614G;N501Y,2,T333P:-2.1624;F342N:-2.7584;T345Y:-2.0228;R346T:-0.7574;S349R:-1.9652;V350A:-3.2598;W353S:-3.2987;K356I:-1.4903;S359Y:-3.0222;V362Y:-3.1662;V367Y:-2.6067;Y369G:-3.1677;N370T:-2.6435;S373F:-1.5128;S375K:-2.2648;C379N:-4.0385;L390Y:-3.5850;C391Y:-4.4373;A397K:-3.0270;A419L:-3.0512;N422K:-2.9844;D427C:-2.4535;C432S:-4.3219;I434S:-2.6017;N437S:-2.2393;D442V:-2.1816;K444V:-0.8405;G446Y:-1.4345;Y449L:-1.5400;F456L:-1.4342;K458R:-1.2139;L461P:-2.1355;K462L:-1.4119;E471Q:-1.1641;I472G:-1.4000;Y473G:-1.6051;G476T:-1.4965;C480F:-1.6586;E484I:-0.8313;L492S:-1.7157;Q493T:-1.2362;F497Y:-2.6347;Q498Y:-1.1069;T500Y:-1.3583;N501Y:-1.4350;G504V:-1.9909;Y505P:-2.0928;Q506F:-2.2348;R509D:-2.3542;V512L:-3.8192;S514A:-3.5195;L517T:-3.4471;L518S:-3.1729;P521V:-3.6426;V524G:-4.1764;C525L:-4.1255;G526K:-3.4148;P527L:-3.2639;S530N:-3.0123,L24S;F43V;H66S;A67G;G72N;G75T;R78V;D80P;S98I;W104F;I105T;F106T;I119V;V120N;V127K;F135L;L141H;Y144S;E156S;V159N;Y160V;P174L;L176V;L179K;N196H;K202H;I203S;H207L;D228P;P230G;G232I;I235S;F238N;H245P;R246P;Y248D;G252S;S256A;T259A;A260Y;T274Y;G283I;T286A;D290A;C291S;P295S;V308G;E309Q;S316Y;Q321V;V327P;R328I;T333P;F342N;T345Y;R346T;S349R;V350A;W353S;K356I;S359Y;V362Y;V367Y;Y369G;N370T;S373F;S375K;C379N;L390Y;C391Y;A397K;A419L;N422K;D427C;C432S;I434S;N437S;D442V;K444V;G446Y;Y449L;F456L;K458R;L461P;K462L;E471Q;I472G;Y473G;G476T;C480F;E484I;L492S;Q493T;F497Y;Q498Y;T500Y;N501Y;G504V;Y505P;Q506F;R509D;V512L;S514A;L517T;L518S;P521V;V524G;C525L;G526K;P527L;S530N;L533N;N540T;N544T;T549F;E554L;K558F;F559A;G566D;I569L;D574V;V576L;R577L;T581P;D586S;T588S;V597G;S605A;Y612Q;D614G;N616E;E619I;V622Q;T632S;G639V;S640R;G648I;L650S;I651A;V656S;N658Y;G667Q;A668S;I670S;Y674Q;Q675K;T676A;A684S;R685A;S686A;V687T;I693S;S698G;V705N;Y707N;N709I;A713S;V722P;T724I;E725S;P728T;S730V;T734M;V736C;D737I;C738M;T739K;M740D;Y741C;D745S;S746L;C749L;S750L;L753S;C760R;T761K;N764A;L767A;T768I;T778E;Q787Y;T791F;P792K;I794D;G799F;N801Q;I805P;F817K;D820N;L821A;K825L;D830F;K835G;I844A;G857V;L858P;L864T;T866E;D867Q;M869A;Y873A;L878T;T883G;G885W;F888I;Q895P;P897M;F906N;N907Y;I909Y;N914Q;N919L;F927I;N928K;D936L;A942K;Q949N;V952Q;V963S;N969A;I973S;D979S;E988L;V991G;Q992D;D994Q;R995G;L996D;Y1007L;L1012E;L1024A;A1026L;M1029G;S1037D;G1044Y;G1046L;L1049T;M1050Q;H1058F;G1059L;V1060F;F1062H;L1063T;T1066P;A1070E;H1083E;D1084A;H1088V;E1092V;G1093T;V1094F;F1095S;T1100F;T1105R;Q1106P;P1112N;T1120N;V1122G;S1123N;G1124D;N1125I;D1127I;I1130V;G1131N;N1134V;N1135Y;L1141P;D1146K;S1161V;G1167I;D1168S;I1169G;S1175K;V1176I;V1177Q;N1178K;I1179N;E1188K;V1189N;L1193Q;E1195L;Y1206E;Y1209K;M1229I;T1231C;C1248G;C1250S;C1253K;F1256E,226.0,191.0,1.0,75.0,4.0,208.0
root_child_1_child_0_child_1_child_1_child_1_child_0_child_1_child_0_child_1|leaf,296,0.767478,296,0.767478,295,MZ477792.1,46,0.771144,297,297,45,-101.28831073283848,-2.2508513496186326,-1.4350399149338156,-1.4350399149338156,-1.9491661335208268,-0.9745830667604134,2,L455R;Q493P,N501Y,1,L18F;D138Y;N501Y;D614G;H655Y;V1176F,6,D614G;N501Y,2,I332H:-2.4642;G339V:-2.1347;A344R:-1.7712;F347V:-2.4887;V350N:-2.9890;R355S:-2.7188;A372S:-1.2799;T376G:-2.8501;C379S:-4.1288;G381S:-3.6522;K386F:-3.0381;N388F:-2.6581;L390T:-3.1993;V401G:-2.4730;G404E:-1.8275;R408I:-1.6834;G413T:-2.5829;Q414Y:-2.3327;A419P:-2.7325;Y421L:-2.4822;L425D:-2.9019;P426V:-3.2716;D428A:-1.9453;I434A:-2.7602;S438D:-1.5362;L441G:-1.5347;V445G:-1.2643;N448S:-2.2166;Y449S:-1.7609;N450W:-1.6111;L455R:-0.7754;R457P:-1.7140;I472G:-1.4000;C480F:-1.6586;G485Y:-1.5747;F486Y:-1.3874;N487R:-1.6056;Q493P:-1.1737;N501Y:-1.4350;G504P:-1.9402;Q506F:-2.2348;P507L:-2.1116;L513P:-3.6085;F515L:-3.1924;A520G:-3.1867,L18F;P26I;S45L;T51L;Q52F;H69D;T76F;K77F;V83F;D88F;F92T;T95S;S98I;W104T;K113S;S116V;V126C;F135S;C136L;D138Y;F140D;N149Y;W152S;E156G;F157Y;Y160S;S162C;A163F;N165V;V171F;Q173M;E180S;G181Q;Q183G;G184F;L189E;D198Y;Y200I;K202Y;K206G;H207L;V213D;D215Q;L229I;G232R;I235R;R237L;F238Q;L244R;D253S;W258Y;G268D;L270P;Q271P;K278Y;Y279I;N282D;T286A;C291S;L293P;S297T;K300F;C301L;T302G;I312F;F318Q;R319S;P322V;S325R;I326R;R328I;F329I;I332H;G339V;A344R;F347V;V350N;R355S;A372S;T376G;C379S;G381S;K386F;N388F;L390T;V401G;G404E;R408I;G413T;Q414Y;A419P;Y421L;L425D;P426V;D428A;I434A;S438D;L441G;V445G;N448S;Y449S;N450W;L455R;R457P;I472G;C480F;G485Y;F486Y;N487R;Q493P;N501Y;G504P;Q506F;P507L;L513P;F515L;A520G;V534T;N536F;N544L;T549Q;F559D;G566R;Q580H;L582I;C590G;G593T;T602V;A609V;D614G;V615E;A626P;L629Y;V635S;Q644R;T645E;G648I;L650G;I651V;A653V;H655Y;N658V;S659I;Y660G;C662A;D663Y;I666Y;S686I;Q690I;I693A;G700E;A701P;N703A;S708I;N710I;V722I;M731K;T732M;S735L;C738Y;T739D;C749N;N751L;L752S;S758L;N764A;R765I;G769Q;I770V;V772D;Q779K;P793N;K795F;G799Q;F802Q;Q804S;L806P;P807S;P809Y;P812F;K814L;L821K;N824V;V826A;G832Q;I834Y;K835Y;C840L;G842R;I844L;R847I;L849K;C851Q;L858P;P862L;P863T;T866M;Y873G;L877S;T883G;F898R;A899Q;M902L;Y904S;R905V;F906Q;N907T;Y917Q;N919A;K921I;A924S;F927N;N928L;A930Q;G932Q;T941L;V951L;N953A;Q957T;L959T;V963Q;K964S;S967F;N969K;F970A;S975I;V976L;N978K;K986A;I993P;D994I;R995S;I1018L;N1023A;L1024A;A1025T;K1028Q;E1031V;L1034R;V1040Y;G1044M;M1050A;P1053A;Q1054S;V1060L;L1063T;V1068K;P1069T;E1072N;K1086P;A1087V;H1088V;R1091T;E1092S;F1095N;T1100Q;W1102V;Q1106I;R1107P;N1108S;F1109E;I1115G;T1116G;T1117C;F1121T;G1124V;C1126G;G1131D;V1133F;N1134P;V1137D;K1149L;K1157D;H1159L;T1160L;D1163V;V1164N;G1167I;S1175I;V1176F;E1195L;K1205T;E1207I;Q1208K;W1212Y;I1216V;F1220A;I1221G;I1232L;L1234C;C1236Y;C1240G;C1247S;C1253K;D1257L;D1259G;G1267H,17.0,28.0,1.0,35.0,7.0,26.0
root_child_0_child_0_child_1_child_1_child_1_child_1_child_1_child_0_child_0|leaf,297,0.766693,297,0.766693,296,MZ477792.1,48,0.761194,295,295,47,-109.57559086230944,-2.331395550261903,-1.4350399149338156,-1.4350399149338156,-3.075945386708125,-1.0253151289027083,3,R346T;Q493G;K458R,N501Y,1,D138Y;N501Y;D614G;H655Y,4,D614G;N501Y,2,L335V:-1.9854;T345Y:-2.0228;R346T:-0.7574;S349R:-1.9652;A352N:-1.7645;W353I:-3.3421;R357A:-1.8201;A363Y:-3.3175;Y365N:-3.4376;S366C:-2.5609;N370S:-1.9965;A372C:-1.5642;F377K:-2.5934;C391D:-3.9020;T393G:-2.4375;A397S:-3.4311;D398N:-3.4436;I402N:-2.2419;G404D:-1.9441;D405G:-1.3426;E406I:-1.6642;Q409I:-2.6391;Q414V:-1.8143;D420Y:-2.0724;Y423D:-3.1262;L425D:-2.9019;D427F:-1.9055;C432A:-4.2640;N440S:-1.2506;L441V:-1.5410;Y449L:-1.5400;N450R:-1.2972;K458R:-1.2139;S459L:-1.5423;S469I:-1.7468;C480F:-1.6586;L492S:-1.7157;Q493G:-1.1046;Q498N:-1.3375;N501Y:-1.4350;Y508L:-2.3545;P521V:-3.6426;T523C:-3.7458;V524G:-4.1764;C525K:-3.7391;P527L:-3.2639;S530N:-3.0123,F43V;L48T;P57N;N61W;R78V;F79P;N87V;T95S;K97N;S98I;W104F;I105T;V120A;D138Y;L141H;G142D;M153N;A163N;N164C;P174G;E180F;R190K;F194N;G199I;F201S;I203L;Y204F;N211R;R214L;G232I;I235S;T236Q;R237A;F238L;H245S;G252S;S256A;T259A;A262G;Y265G;Y266V;L270R;L277N;N282I;T284C;V289A;C291S;A292D;P295S;S305V;V308G;P322R;S325T;R328T;L335V;T345Y;R346T;S349R;A352N;W353I;R357A;A363Y;Y365N;S366C;N370S;A372C;F377K;C391D;T393G;A397S;D398N;I402N;G404D;D405G;E406I;Q409I;Q414V;D420Y;Y423D;L425D;D427F;C432A;N440S;L441V;Y449L;N450R;K458R;S459L;S469I;C480F;L492S;Q493G;Q498N;N501Y;Y508L;P521V;T523C;V524G;C525K;P527L;S530N;V539K;N540L;T549F;V551T;L552E;N556L;F559I;P561I;D568V;I569L;T573A;D574P;R577L;L582I;D586S;I587S;S591V;F592G;G594S;G601V;N606V;Y612Q;Q613T;D614G;T618A;H625D;Q628W;L629P;T638N;Q644R;G648L;E654V;H655Y;E661D;D663G;P665Y;A668S;Q675S;T678V;P681A;R683S;I692T;T696A;G700V;A701Y;N703A;S704C;Y707N;N709I;I714V;N717I;F718A;S721T;V722T;T723P;I726T;L727S;T732I;T734M;M740G;Y741T;I742T;D745C;S746L;S750Y;L753Y;T761Q;Q762N;L763R;N764A;R765A;Q784K;T791K;P792F;I794D;N801L;F802D;L806P;P807K;K814S;S816M;I818D;F823T;N824V;T827K;L828D;D830F;G832D;I834D;Y837H;C840A;I844A;R847A;L849K;Q853L;K854V;L858P;T866E;D867Q;E868Q;M869S;I870A;Y873A;T874L;L878G;T883G;S884A;I896Q;A899M;F906N;I909Y;V911Y;T912V;N914Q;K921A;G932I;K947Q;L948H;T961L;S967A;I973S;S974N;V976N;L977D;E988L;A989V;E990L;I993R;D994L;R995G;L996D;T1009A;L1012E;I1013N;R1014E;I1018S;L1024M;K1028S;C1032Q;D1041Y;K1045G;P1053S;Q1054F;C1082D;D1084A;G1085R;F1089V;R1091G;E1092F;V1094T;G1099V;F1103Q;T1105R;Q1106P;N1108Y;F1109T;P1112I;N1119T;T1120V;F1121G;V1129Y;I1130V;G1131N;I1132Y;N1134V;L1141P;Q1142D;D1146K;F1148C;Y1155K;S1161L;D1163L;G1167I;I1169N;N1173Q;V1176I;N1178E;I1179N;E1188S;V1189N;I1198H;E1202S;Y1206Q;Q1208P;P1213G;A1222V;L1224I;M1229L;T1231C;M1233C;M1237S;S1261H;K1266V;L1270T,47.0,98.0,1.0,81.0,8.0,50.0
root_child_0_child_0_child_1_child_0_child_0_child_1_child_0_child_0_child_1_child_1|leaf,297,0.766693,297,0.766693,296,MZ477792.1,62,0.691542,293,293,62,-147.4098433465789,-2.377578118493208,-1.4350399149338156,-1.4350399149338156,-6.992275541940473,-0.9988965059914962,7,R346T;E484I;K444V;G446N;Q498Y;E471Q;K458R,N501Y,1,D138Y;N501Y;D614G,3,D614G;N501Y,2,N331T:-2.4198;T333P:-2.1624;F342A:-2.9436;T345Y:-2.0228;R346T:-0.7574;S349R:-1.9652;V350A:-3.2598;W353S:-3.2987;N354R:-1.2966;S359D:-2.9092;V362Y:-3.1662;A363S:-3.7040;Y369G:-3.1677;N370T:-2.6435;S375K:-2.2648;C379N:-4.0385;L390V:-3.7422;C391Y:-4.4373;Y396A:-3.3783;A397K:-3.0270;S399V:-2.2558;G404Q:-2.1394;D405I:-1.6062;T415N:-2.4418;A419K:-2.5527;N422K:-2.9844;D427C:-2.4535;D428A:-1.9453;I434N:-2.4944;N437S:-2.2393;D442V:-2.1816;K444V:-0.8405;G446N:-1.0781;N448Y:-2.3452;Y449L:-1.5400;F456L:-1.4342;K458R:-1.2139;L461R:-1.3486;K462L:-1.4119;E471Q:-1.1641;I472G:-1.4000;Y473G:-1.6051;G476T:-1.4965;C480P:-1.9088;E484I:-0.8313;Y489L:-1.9101;L492S:-1.7157;Q498Y:-1.1069;T500Y:-1.3583;N501Y:-1.4350;G504V:-1.9909;Q506F:-2.2348;R509D:-2.3542;V512A:-3.3615;L517T:-3.4471;L518S:-3.1729;P521V:-3.6426;V524G:-4.1764;C525S:-4.2948;G526K:-3.4148;P527L:-3.2639;S530N:-3.0123,L24S;V36D;F43V;S45I;L54T;H66S;G75T;R78V;D80P;S94N;T95R;S98I;I100R;W104F;I105T;F106T;I119T;V127K;C131F;F135L;D138Y;L141H;Y144S;E156S;V159S;Y160V;Q173D;P174G;L176V;L179N;N196H;K202H;I203S;Y204F;H207L;D228P;P230G;G232I;I235S;F238N;H245P;Y248D;P251G;G252S;S256A;T259A;A260Y;G261Y;V267R;K278T;T286A;C291S;P295S;C301F;V308G;T315F;S316Q;N317F;Q321V;V327P;R328I;N331T;T333P;F342A;T345Y;R346T;S349R;V350A;W353S;N354R;S359D;V362Y;A363S;Y369G;N370T;S375K;C379N;L390V;C391Y;Y396A;A397K;S399V;G404Q;D405I;T415N;A419K;N422K;D427C;D428A;I434N;N437S;D442V;K444V;G446N;N448Y;Y449L;F456L;K458R;L461R;K462L;E471Q;I472G;Y473G;G476T;C480P;E484I;Y489L;L492S;Q498Y;T500Y;N501Y;G504V;Q506F;R509D;V512A;L517T;L518S;P521V;V524G;C525S;G526K;P527L;S530N;N540T;N544L;G545V;G548K;T549V;L552P;E554L;K558F;F559A;G566T;I569L;D574P;A575G;V576L;R577L;T581P;D586S;V597G;S605A;Y612Q;D614G;E619I;V622Q;T632S;V635N;G639V;S640R;G648I;L650S;I651A;V656S;Y660C;A668S;I670S;Q675K;T676A;R685A;S698G;A701L;V705N;Y707N;N709I;A713S;V722P;T724I;E725S;S730V;T734M;V736C;D737I;C738M;T739K;M740D;Y741C;D745S;S746E;S750Q;L753S;C760R;N764A;L767E;A771K;T778E;T791F;P792K;I794D;G799F;N801Q;F817K;L821A;K825L;D830F;F833D;I834L;Y837D;L841Q;I844A;R847L;L849A;K854G;G857V;L858P;T866E;D867Y;M869A;I870T;A871Q;Y873A;L877A;L878T;T883G;F888I;P897M;F906N;N907Y;I909Y;N914Q;A924K;N928K;D936L;A942K;Q949N;V952Q;Q957T;T961K;V963S;K964F;N969A;I973S;D979F;K986E;E988L;Q992D;D994Q;R995G;L996D;L1012E;R1019A;L1024A;A1026L;M1029G;K1045M;G1046L;L1049T;M1050Q;H1058F;G1059L;V1060E;F1062H;T1066P;P1069E;A1070E;H1088V;E1092V;G1093T;V1094F;T1100F;T1105I;Q1106P;T1120N;V1122G;S1123N;G1124D;N1125I;D1127I;I1130V;G1131N;N1134V;N1135Y;L1141P;D1146K;N1158S;G1167I;D1168S;I1172A;V1176I;V1177E;N1178K;E1188K;V1189N;E1195L;Y1206E;Y1209K;W1212I;Y1215A;M1229I;C1250S;C1253K;F1256E;V1268L,238.0,146.0,1.0,52.0,8.0,237.0
root_child_0_child_1_child_1_child_0_child_0_child_0|leaf,298,0.765907,298,0.765907,297,MZ477792.1,50,0.751244,297,297,49,-121.49836993021587,-2.4795585700044045,-1.4350399149338156,-1.4350399149338156,-2.906980980670232,-0.9689936602234107,3,V503R;G476K;E471P,N501Y,1,D138Y;N501Y;D614G;V1176F,4,D614G;N501Y,2,I332L:-2.4919;N334P:-1.9699;F338T:-3.3167;E340N:-1.7671;R357E:-1.8837;I358D:-3.1976;A363Y:-3.3175;D364Y:-2.7447;A372S:-1.2799;F377Y:-3.1132;K378Y:-2.2888;C379V:-4.0862;G381S:-3.6522;L387D:-3.4025;L390V:-3.7422;F392V:-3.9394;A397F:-3.4911;D398V:-3.2640;F400D:-3.0072;I402S:-2.3664;G413Y:-2.6433;N422L:-3.1081;D427F:-1.9055;V433N:-3.2052;W436L:-2.7359;N437R:-2.1435;G446L:-1.3465;N448Y:-2.3452;Y449L:-1.5400;N450Q:-1.4572;P463R:-2.0892;E465I:-1.7659;R466T:-1.7115;D467Y:-1.5799;E471P:-1.0322;G476K:-0.9661;C480F:-1.6586;G485F:-1.4615;C488G:-1.6206;T500G:-1.6884;N501Y:-1.4350;V503R:-0.9088;V510S:-3.1028;V512A:-3.3615;L517A:-3.5374;H519V:-1.7956;A520G:-3.1867;A522V:-3.6673;V524G:-4.1764,R34Y;G35Y;K41R;S50D;L54F;W64A;H69N;R78N;D80T;L84F;F106D;T108L;Q115V;S116N;I119T;A123N;I128V;C131F;F133W;D138Y;K147N;K150L;E154V;E156S;F157S;V159S;Y160A;F168Q;F175D;L176R;Q183N;N185R;L189F;R190F;K195I;I197G;S205N;H207V;I210L;D215Q;E224I;I235Q;L244Y;T250G;S256A;A264Q;Y269S;Q271R;T274L;I285D;T286A;D287A;C291S;A292P;P295E;F306G;Q314N;S316R;R319P;Q321I;I332L;N334P;F338T;E340N;R357E;I358D;A363Y;D364Y;A372S;F377Y;K378Y;C379V;G381S;L387D;L390V;F392V;A397F;D398V;F400D;I402S;G413Y;N422L;D427F;V433N;W436L;N437R;G446L;N448Y;Y449L;N450Q;P463R;E465I;R466T;D467Y;E471P;G476K;C480F;G485F;C488G;T500G;N501Y;V503R;V510S;V512A;L517A;H519V;A520G;A522V;V524G;C538G;V539N;N544L;G550T;N556L;K558P;F559A;L560F;P561Q;R567A;I569T;R577L;T581I;E583L;I584V;L585T;C590S;T599G;Q607V;V608L;D614G;V620A;H625T;T630N;R634S;V635T;G639H;Q644A;T645C;G648E;A653S;H655C;V656S;P665I;I670T;S673Y;N679A;R683S;A684S;V687I;S691A;E702N;N703L;Y707A;S708I;P715T;S721P;T723E;P728M;T732D;V736D;T739Y;M740Y;I742D;C743D;D745E;C749Q;L752C;L753S;S758C;R765T;A766E;G769D;V772D;K776G;N777F;E780T;P793N;G798Y;G799N;Q804L;P812F;D830K;I834G;C840I;L841R;G842I;A845L;Q853N;F855N;G857T;L861T;P863A;L864T;E868A;M869A;Q872L;L877G;G880S;I882A;T883G;F888A;G889A;G891A;Q895P;P897M;M900G;F906Q;V911Y;V915E;E918Q;Q920F;K921I;Q926G;A930D;I931K;Q935S;D936S;A942K;L962F;Q965G;I973N;S975F;L977D;N978Q;V987R;T998Q;G999Q;V1008I;I1013E;A1016E;E1017S;I1018Y;L1024S;A1025T;A1026C;T1027S;L1034Q;K1045P;F1052A;Q1054G;S1055P;H1064T;T1066Q;F1075A;C1082D;H1083K;D1084P;A1087V;H1088R;E1092F;G1093V;H1101F;P1112I;Q1113N;I1114T;N1119V;V1129N;G1131N;N1134Q;V1137Q;P1140D;L1141P;Q1142E;L1145S;D1146L;F1148E;E1151M;K1154F;Y1155K;H1159L;D1165I;D1168N;G1171V;I1172Q;A1174Q;V1176F;I1183A;L1186V;E1188L;N1194S;S1196Q;E1207W;Q1208E;W1212G;L1218F;G1219F;F1220A;A1222I;M1229I;C1235Y;S1242K;G1251C;C1253K;D1259S;P1263L;V1264Y;G1267H,129.0,213.0,1.0,27.0,10.0,74.0
root_child_0_child_0_child_1_child_0_child_0_child_1_child_0_child_1_child_0|leaf,298,0.765907,298,0.765907,297,MZ477792.1,58,0.711443,295,295,58,-137.49135012659536,-2.370540519424059,-1.4350399149338156,-1.4350399149338156,-5.073679798883873,-1.0147359597767747,5,R346T;E484I;Q498Y;E471Q;K458R,N501Y,1,D138Y;N501Y;D614G,3,D614G;N501Y,2,T333P:-2.1624;L335Q:-2.0655;F342V:-3.3415;T345Y:-2.0228;R346T:-0.7574;S349R:-1.9652;V350A:-3.2598;W353S:-3.2987;N354R:-1.2966;K356L:-1.4859;S359D:-2.9092;V362Y:-3.1662;Y369G:-3.1677;N370P:-2.6581;L390Y:-3.5850;C391Y:-4.4373;N394Y:-2.7453;Y396D:-2.9504;A397K:-3.0270;I410Y:-2.8255;A411Q:-2.3726;G416N:-2.5530;D420Y:-2.0724;N422K:-2.9844;Y423G:-3.5716;D427C:-2.4535;I434N:-2.4944;A435N:-3.1173;N437S:-2.2393;D442Y:-2.0449;G446Y:-1.4345;Y449L:-1.5400;F456L:-1.4342;K458R:-1.2139;S459F:-1.6356;L461R:-1.3486;K462L:-1.4119;E471Q:-1.1641;A475N:-1.2433;G476T:-1.4965;C480F:-1.6586;E484I:-0.8313;P491S:-1.7214;L492S:-1.7157;F497Y:-2.6347;Q498Y:-1.1069;T500H:-1.4926;N501Y:-1.4350;Q506F:-2.2348;V512A:-3.3615;L517T:-3.4471;L518A:-2.7709;H519D:-1.7370;P521V:-3.6426;V524G:-4.1764;C525S:-4.2948;P527L:-3.2639;S530N:-3.0123,L24S;F32G;V36D;F43V;P57S;H66S;H69S;S71C;G72N;R78V;D80P;L84D;P85N;S94N;K97N;S98I;W104F;I105T;F106T;I119V;T124K;N125V;V127E;F135L;D138Y;L141H;Y144S;E156S;V159S;Y160V;N165Y;C166V;P174G;L176K;L179K;N196H;K202H;I203S;Y204F;H207L;V213L;Q218D;P230G;G232I;I235S;F238N;H245Y;Y248D;G252S;D253I;S254G;G257T;T259A;A260Y;T286A;C291S;P295S;E298C;K300S;S305T;V308G;K310T;I312V;Q321V;V327P;R328I;T333P;L335Q;F342V;T345Y;R346T;S349R;V350A;W353S;N354R;K356L;S359D;V362Y;Y369G;N370P;L390Y;C391Y;N394Y;Y396D;A397K;I410Y;A411Q;G416N;D420Y;N422K;Y423G;D427C;I434N;A435N;N437S;D442Y;G446Y;Y449L;F456L;K458R;S459F;L461R;K462L;E471Q;A475N;G476T;C480F;E484I;P491S;L492S;F497Y;Q498Y;T500H;N501Y;Q506F;V512A;L517T;L518A;H519D;P521V;V524G;C525S;P527L;S530N;N540T;T549F;T553N;E554L;K558F;F559A;G566S;I569D;D574P;V576I;R577L;T581E;D586S;V597T;G601S;S605Q;Y612Q;D614G;V622Q;T632S;W633Y;R634S;G639V;F643T;G648I;C649I;L650S;I651A;H655D;V656S;E661T;A668S;I670S;C671T;Q675K;T676R;R685A;S704H;V705N;Y707N;N709I;A713S;F718I;T719S;S721I;V722P;E725L;P728T;S730V;T734M;D737Y;C738M;T739K;M740D;Y741C;D745E;S746L;S750L;N751S;L753S;L754G;C760R;N764A;L767V;E780F;K786G;T791F;P792K;I794D;D796N;G799F;N801Q;K811I;F817K;L821A;A829L;D830F;A831F;I844A;L849A;T866G;D867Q;M869A;Y873A;L878T;T883G;T887G;F888I;F906N;N907Y;I909Y;N914Q;N925A;F927G;D936L;A942L;Q949N;V952Q;V963S;N969A;I973S;D979F;E988L;Q992D;I993P;D994Q;R995G;L996D;T998R;Q1005I;L1012E;L1024M;A1026L;M1029G;S1037D;G1046L;L1049T;M1050Q;H1058F;G1059V;F1062H;T1066P;A1070Q;F1075T;T1076I;T1077P;H1083E;H1088V;E1092F;G1093N;V1094T;S1097H;G1099V;T1100F;T1105R;Q1106P;T1116D;T1117V;T1120N;S1123N;G1124D;D1127I;V1128N;I1130V;G1131N;N1134V;N1135Y;L1141P;D1146K;N1158T;G1167I;D1168N;S1170N;N1173K;V1176I;V1177Q;N1178K;K1181N;E1188K;V1189N;E1195D;Y1206E;Y1209K;W1214I;F1220L;M1229I;S1249K;C1250S;S1252H;C1253K;V1264Y,215.0,136.0,1.0,63.0,10.0,200.0
root_child_0_child_0_child_0_child_0_child_1_child_1_child_0_child_1_child_1|leaf,299,0.765122,299,0.765122,298,MZ477792.1,47,0.766169,295,295,45,-110.06045598142744,-2.445787910698387,,,-4.500694686861143,-1.1251736717152858,4,N501V;E340K;N481V;K458R,,0,D138Y;D614G;H655Y,3,D614G,1,N331L:-2.4671;P337N:-2.2448;F338E:-3.0041;E340K:-1.0697;V341N:-2.6586;N343A:-1.9376;T345Y:-2.0228;S349R:-1.9652;V350N:-2.9890;W353S:-3.2987;V367Y:-2.6067;N370T:-2.6435;S373A:-1.9861;T376G:-2.8501;K378G:-2.1692;T385L:-2.5021;D389G:-2.5211;L390V:-3.7422;C391Y:-4.4373;T393D:-2.3590;A397F:-3.4911;V401R:-1.5520;I402G:-2.5120;G413A:-2.0425;K424C:-2.2872;P426D:-2.2753;D428T:-2.0746;N437S:-2.2393;Y449L:-1.5400;K458R:-1.2139;E465I:-1.7659;Y473A:-1.4869;G476V:-1.4574;C480F:-1.6586;N481V:-1.1660;C488S:-2.1537;P491Q:-1.4963;N501V:-1.0510;F515T:-3.5647;P521G:-3.6874;A522S:-3.4505;V524S:-3.9754;C525S:-4.2948;P527L:-3.2639;T531L:-2.8851,C15A;Y28S;F43S;H49D;Q52F;L56I;F65M;A67V;S71E;R78N;V83L;L84F;G89T;V90T;K97R;W104F;I105G;F135L;D138Y;F140H;L141H;K147S;M153R;Y160V;C166F;T167F;Y170P;P174I;E180N;G184L;N185E;K195Y;D198K;K202Y;H207P;G219E;L226V;G232I;I233T;I235S;H245S;R246G;L249P;P251S;G252S;S255Y;S256A;W258Q;T259A;A263G;Y269L;L277N;N280I;E281T;T284A;T286P;C291S;L293I;D294T;P295S;L296C;S297K;K310T;T315V;S325V;V327P;R328N;F329N;N331L;P337N;F338E;E340K;V341N;N343A;T345Y;S349R;V350N;W353S;V367Y;N370T;S373A;T376G;K378G;T385L;D389G;L390V;C391Y;T393D;A397F;V401R;I402G;G413A;K424C;P426D;D428T;N437S;Y449L;K458R;E465I;Y473A;G476V;C480F;N481V;C488S;P491Q;N501V;F515T;P521G;A522S;V524S;C525S;P527L;T531L;V534K;K537V;V551N;L552S;F559I;Q563F;Q564G;G566D;I569P;D574P;R577P;D586S;G594T;G601V;N603Q;V608L;V610Y;L611N;Q613T;D614G;T618P;P621A;V622D;A626Q;L629T;T630G;T632V;W633T;R634F;S640G;T645Q;G648A;L650G;H655Y;N657Y;A668S;G669T;I670T;C671K;S673T;Y674K;Q675T;Q677S;R682A;A684S;R685S;V687I;Q690I;Y695T;M697E;N709I;I720T;C738G;M740I;D745S;E748S;L753S;F759R;C760L;Q762N;L763T;N764A;A766T;I770V;E780I;V781A;K786T;T791F;I794D;D796N;N801Q;P807K;S813I;R815E;I818D;E819L;D820T;V826A;A831D;K835L;Q836L;C840D;D843T;I844A;K854C;F855L;L858T;T859I;T866E;D867Q;L878T;T883G;W886G;F888I;P897M;A899Y;M900F;R905N;F906Q;G908Q;N914Q;V915N;Q920N;K921Q;Q926S;G932L;A942K;S943L;L945K;V951A;N955Q;A956N;Q957L;A958Q;N960S;I973S;N978S;R983E;I993G;R995G;L996D;T998S;T1006L;V1008Q;T1009Q;Q1010L;I1013R;I1018R;S1021N;L1024A;A1026K;M1029E;S1030L;E1031L;C1032S;D1041Y;G1044Y;K1045H;Y1047P;Q1054P;F1062V;H1064E;V1068E;E1072A;T1077P;I1081C;C1082H;H1088G;R1091S;E1092F;V1094F;F1095S;T1105R;Q1106P;N1119F;T1120S;V1122N;S1123I;D1127P;I1130V;G1131N;N1134P;N1135V;P1143E;L1152K;D1153N;D1163L;D1165N;G1167I;V1176I;V1189N;K1205W;E1207P;W1212L;A1222V;I1232C;M1233F;M1237C;C1253K;C1254F;G1267R;K1269H,50.0,201.0,221.0,205.0,12.0,35.0
root_child_1_child_1_child_0_child_0_child_1_child_1_child_0_child_1|leaf,300,0.764336,300,0.764336,299,MZ477792.1,43,0.78607,296,296,42,-98.93043308811545,-2.3554865020979867,-1.4350399149338156,-1.4350399149338156,-1.2158723269906768,-1.2158723269906768,1,I472Q,N501Y,1,D138Y;N501Y;H655Y,3,N501Y,1,L335V:-1.9854;F338E:-3.0041;V341N:-2.6586;T345W:-1.9163;F347N:-2.5404;N354V:-1.5952;K356C:-1.8656;A363N:-3.6745;D364Y:-2.7447;L368N:-2.8684;C391T:-4.3715;T393D:-2.3590;V395S:-3.7400;V401G:-2.4730;D405A:-1.5484;V407Q:-2.4021;R408I:-1.6834;Q409A:-2.7239;G413D:-1.9963;N422L:-3.1081;L425D:-2.9019;D427F:-1.9055;T430I:-2.3659;V433Y:-3.4118;L441V:-1.5410;Y449S:-1.7609;R457N:-1.9868;L461P:-2.1355;F464T:-2.2843;I472Q:-1.2159;Y473Q:-1.3706;N481Q:-1.6016;G485P:-1.4617;N487Y:-1.7183;L492G:-2.1931;S494G:-1.3122;N501Y:-1.4350;G504P:-1.9402;V511Y:-3.2162;V512S:-3.5688;A522S:-3.4505;S530L:-2.8938,R21S;T22N;L24A;P39V;L48Q;T51L;P57S;V62F;F65S;T73R;K77I;N81F;L84V;N87S;G89Y;W104I;G107T;K113S;C136T;D138Y;F140K;W152V;L176D;G181Q;G184F;V193K;I197G;Y200K;F201I;K206I;H207V;T208I;I210V;V213P;G219S;F220D;A222L;L223P;E224F;P225G;L229G;P230G;I233N;I235S;T236F;P251S;A263F;T274N;L276Y;K278I;Y279D;N280I;T286A;A288L;C291L;D294L;P295S;K310S;R328T;L335V;F338E;V341N;T345W;F347N;N354V;K356C;A363N;D364Y;L368N;C391T;T393D;V395S;V401G;D405A;V407Q;R408I;Q409A;G413D;N422L;L425D;D427F;T430I;V433Y;L441V;Y449S;R457N;L461P;F464T;I472Q;Y473Q;N481Q;G485P;N487Y;L492G;S494G;N501Y;G504P;V511Y;V512S;A522S;S530L;V534K;N540G;F543G;T549Q;L552K;T553S;F559P;L560F;F562I;R567I;D574V;D578H;P579E;L582T;E583L;L585T;D586T;C590F;I598P;Q607S;D614Y;N616T;P631G;W633D;Y636V;T645E;R646G;A647L;G648I;L650G;A653S;H655Y;D663Q;I664P;T678V;A688M;S691I;I692S;I693S;S698G;E702S;Y707I;N710P;I712F;A713N;P715S;D745T;T747L;L752S;L754F;T761N;E773N;V781Q;P793K;K795F;F797I;F802S;S803I;Q804P;I805P;S810R;K811F;P812F;R815L;E819L;D820L;G832I;F833D;I834D;G838L;C840I;G842A;R847T;D848C;I850A;Q853T;L858P;V860D;P863T;L864T;L865M;M869Q;Y873S;S875L;G880S;T883G;S884G;W886I;T887G;F888G;A890L;A892F;L894A;Q895P;I896A;M900Q;M902P;F906Q;G908V;I909V;T912Q;L916Q;E918I;N925K;N928L;A930G;I934D;T941S;A942S;L945N;K947T;L948V;L962S;V963F;F970A;G971I;I973S;S974I;V976N;L977R;N978R;V987E;E990A;Q992D;I993R;R995L;S1003Y;Q1005I;Q1011A;R1014A;I1018S;A1020N;L1024A;A1025S;K1038D;D1041L;G1046H;H1048S;M1050A;P1053A;H1058T;G1059V;V1060S;V1061Y;L1063V;H1064P;V1068F;P1069N;A1070E;Q1071N;H1083F;A1087V;E1092S;N1098Q;H1101F;N1108Y;F1109I;I1115G;T1116F;T1117V;C1126G;D1127V;G1131N;V1133D;N1134P;V1137P;Y1138E;K1149L;Y1155F;F1156N;P1162V;V1164L;S1175I;V1176I;I1183R;N1187K;E1188I;N1194D;S1196I;L1197Y;I1198D;E1207I;L1218I;F1220A;V1228I;C1235L;C1236Y;T1238L;C1247S;S1249D;C1253K;E1262G;P1263Q;G1267T;V1268Y,13.0,122.0,1.0,240.0,13.0,8.0
root_child_0_child_0_child_1_child_1_child_1_child_1_child_1_child_0_child_1|leaf,300,0.764336,300,0.764336,299,MZ477792.1,48,0.761194,298,298,47,-109.31095296537758,-2.3257649567101613,-1.4350399149338156,-1.4350399149338156,-3.2990985705691083,-1.099699523523036,3,R346A;Q493G;K458R,N501Y,1,D138Y;N501Y;D614G;H655Y,4,D614G;N501Y,2,L335V:-1.9854;T345Y:-2.0228;R346A:-0.9806;S349R:-1.9652;A352N:-1.7645;W353A:-3.4506;R357A:-1.8201;A363Y:-3.3175;Y365N:-3.4376;S366C:-2.5609;N370S:-1.9965;F377K:-2.5934;C391D:-3.9020;T393G:-2.4375;A397S:-3.4311;D398N:-3.4436;V401N:-2.2797;I402N:-2.2419;D405G:-1.3426;E406I:-1.6642;V407I:-2.8289;Q414V:-1.8143;I418D:-2.5883;D420Y:-2.0724;L425T:-3.2848;D427F:-1.9055;C432A:-4.2640;N440S:-1.2506;L441V:-1.5410;Y449L:-1.5400;N450R:-1.2972;K458R:-1.2139;S459L:-1.5423;S469I:-1.7468;C480F:-1.6586;L492S:-1.7157;Q493G:-1.1046;Q498N:-1.3375;N501Y:-1.4350;V503T:-1.4154;F515P:-3.4412;H519A:-1.8343;P521V:-3.6426;T523C:-3.7458;V524G:-4.1764;P527L:-3.2639;S530N:-3.0123,L5A;G35P;F43V;L48T;P57N;N61W;R78V;F79P;N87I;T95S;K97N;S98G;W104F;I105T;S116I;I119T;V120A;D138Y;L141H;G142D;M153N;S161N;A163N;N164C;P174G;E180F;R190K;F194N;K195I;G199I;F201S;I203L;Y204F;N211R;R214L;G232I;N234R;T236Q;R237A;F238L;H245S;G252S;S256A;W258A;T259A;A262G;Y265G;Y266V;L270R;L277N;T284C;V289A;C291S;A292D;P295S;V308G;I312N;P322S;R328T;P330L;L335V;T345Y;R346A;S349R;A352N;W353A;R357A;A363Y;Y365N;S366C;N370S;F377K;C391D;T393G;A397S;D398N;V401N;I402N;D405G;E406I;V407I;Q414V;I418D;D420Y;L425T;D427F;C432A;N440S;L441V;Y449L;N450R;K458R;S459L;S469I;C480F;L492S;Q493G;Q498N;N501Y;V503T;F515P;H519A;P521V;T523C;V524G;P527L;S530N;V539K;N540L;T549F;V551T;L552E;N556L;F559I;P561I;I569L;T573A;D574P;R577L;L582I;D586S;I587S;S591V;F592S;G594P;G601V;N603L;T604A;N606A;Y612Q;Q613T;D614G;T618A;H625D;Q628W;L629P;W633V;T638N;Q644R;G648L;E654N;H655Y;E661D;D663G;A668S;A672Y;Q675S;P681A;R683G;I692T;T696A;G700A;A701Y;N703A;S704Y;Y707N;N709P;N717I;I720V;S721T;V722T;T723P;L727S;T734M;M740G;I742T;D745N;S746L;S750Y;L753Y;L754Y;T761Q;L763R;N764A;Q784K;T791K;I794D;F797I;N801Q;F802D;L806P;P807K;K814S;S816M;N824V;T827K;L828D;D830F;G832D;Y837H;C840A;I844A;R847A;L849R;Q853L;K854V;L858P;T866E;D867Q;E868Y;M869S;I870A;Y873A;T874L;L878G;T883G;S884A;I896Q;A899M;F906N;I909Y;V911Y;T912V;N914Q;K921A;F927D;G932Q;K947Q;L948N;T961V;S967A;I973S;S974N;V976N;L977D;E988L;A989V;E990L;I993R;D994L;R995G;L996D;Q1005S;T1009A;L1012E;I1013N;R1014E;I1018S;N1023V;L1024M;K1028S;C1032Q;D1041Y;M1050V;P1053S;Q1054F;D1084A;G1085R;F1089V;R1091G;E1092F;V1094T;G1099V;F1103Q;T1105R;Q1106P;F1109T;Y1110I;P1112I;N1119T;T1120V;F1121G;V1129P;I1130V;G1131N;N1134V;L1141P;Q1142D;D1146K;F1148C;Y1155K;S1161L;D1163L;G1167I;I1169N;V1176I;N1178E;I1179N;E1188L;V1189N;I1198L;E1202G;Y1206Q;Q1208P;P1213Y;A1222V;L1224V;M1229L;T1231C;M1233C;L1234C;C1236T;M1237S;T1238G;S1252C;S1261H;K1266V;L1270T,45.0,89.0,1.0,187.0,13.0,50.0
root_child_0_child_0_child_1_child_0_child_0_child_1_child_0_child_1_child_1_child_1|leaf,300,0.764336,300,0.764336,299,MZ477792.1,50,0.751244,295,295,50,-113.78805852462993,-2.275761170492598,-1.4350399149338156,-1.4350399149338156,-6.20628134413324,-1.0343802240222066,6,R346T;E484I;Q498Y;G485N;E471Q;K458R,N501Y,1,N501Y;D614G,2,D614G;N501Y,2,T333P:-2.1624;F342N:-2.7584;T345Y:-2.0228;R346T:-0.7574;S349R:-1.9652;V350A:-3.2598;W353E:-2.9474;N354R:-1.2966;S359D:-2.9092;V362Y:-3.1662;Y369G:-3.1677;T376K:-2.4331;L390Y:-3.5850;C391Y:-4.4373;A397K:-3.0270;A411Q:-2.3726;N422K:-2.9844;D427C:-2.4535;I434N:-2.4944;N437S:-2.2393;S438L:-1.5900;L441S:-1.3553;G446Y:-1.4345;Y449L:-1.5400;F456L:-1.4342;K458R:-1.2139;L461R:-1.3486;K462L:-1.4119;E471Q:-1.1641;Y473G:-1.6051;G476T:-1.4965;C480F:-1.6586;E484I:-0.8313;G485N:-1.1326;C488F:-1.9176;L492S:-1.7157;S494G:-1.3122;F497Y:-2.6347;Q498Y:-1.1069;T500Y:-1.3583;N501Y:-1.4350;Q506F:-2.2348;V512A:-3.3615;L517T:-3.4471;L518S:-3.1729;P521G:-3.6874;V524G:-4.1764;C525S:-4.2948;P527L:-3.2639;S530N:-3.0123,L24S;A27N;V36P;V42S;F43V;S45L;H66S;G72D;K77P;R78V;L84D;S94N;S98I;W104F;I105T;F106T;I119V;V127K;F133D;F135L;D138L;L141H;Y144S;E156S;V159S;Y160V;P174G;L176D;L179K;N196H;F201I;K202H;I203S;Y204F;H207L;D228P;P230G;G232I;N234R;I235S;F238N;T240A;L244S;H245P;Y248D;G252S;S255L;S256A;T259A;A260Y;R273T;T274N;T286A;C291S;P295S;L296E;T299K;K300P;C301I;V308G;Q321V;P322R;V327P;R328I;T333P;F342N;T345Y;R346T;S349R;V350A;W353E;N354R;S359D;V362Y;Y369G;T376K;L390Y;C391Y;A397K;A411Q;N422K;D427C;I434N;N437S;S438L;L441S;G446Y;Y449L;F456L;K458R;L461R;K462L;E471Q;Y473G;G476T;C480F;E484I;G485N;C488F;L492S;S494G;F497Y;Q498Y;T500Y;N501Y;Q506F;V512A;L517T;L518S;P521G;V524G;C525S;P527L;S530N;V539F;N540T;T549F;E554L;K557L;K558F;F559A;G566A;I569L;D574P;R577L;D586S;F592I;V597P;T604V;S605Q;Y612Q;D614G;V622Q;H625T;L629T;T632S;R634T;G639V;G648I;L650S;I651A;E654N;V656S;G667A;I670S;C671T;Q675K;N679R;R685A;M697I;V705N;Y707N;N709I;N710I;A713S;N717I;V722P;E725S;S730V;T734M;D737I;C738M;T739K;M740D;Y741C;D745T;S746L;S750L;L753T;G757F;C760R;T761L;N764A;L767V;Q779F;T791F;P792K;I794D;G799F;N801Q;K811I;F817K;L821A;D830F;A831D;D843L;I844A;L849C;L858P;T866E;D867Q;M869A;Q872S;Y873A;S875L;L878T;T883G;S884A;F888I;F898G;A903N;F906N;N907Y;I909Y;N914Q;A924S;S929G;D936L;A942K;A944D;Q949N;V952Q;A956K;V963S;N969A;I973S;D979F;E988G;Q992D;D994Q;R995G;L996D;I997L;T998R;T1006Q;V1008I;L1012E;I1018A;N1023S;L1024A;A1026L;M1029G;G1046L;L1049T;M1050Q;P1053T;H1058F;F1062H;T1066P;A1070E;F1075T;T1076A;T1077P;A1080C;C1082D;H1083K;H1088V;E1092F;G1093T;V1094T;V1096G;S1097H;G1099H;T1100F;W1102V;T1105R;Q1106P;N1108Q;Q1113P;T1120N;S1123E;G1124V;D1127N;I1130V;G1131T;N1135Y;T1136S;L1141P;D1146K;G1167I;V1176I;V1177Q;N1178K;E1188K;V1189N;K1191N;N1194E;E1195L;L1197Q;Y1206E;E1207I;Q1208K;Y1209K;P1213Y;G1219V;M1229I;M1237C;T1238F;K1245G;C1250S;C1253K;C1254D;D1259E;V1264Y;L1265T,68.0,44.0,1.0,98.0,13.0,74.0
root_child_1_child_1_child_0_child_1_child_0_child_1_child_0_child_0_child_1|leaf,301,0.763551,301,0.763551,300,MZ477792.1,47,0.766169,297,297,46,-105.62875473885084,-2.296277276931539,-1.4350399149338156,-1.4350399149338156,-2.260284190160246,-1.130142095080123,2,N460R;Q493Y,N501Y,1,D138Y;N501Y;V1176F,3,N501Y,1,N334F:-2.2519;L335V:-1.9854;V341A:-3.0576;T345W:-1.9163;R355S:-2.7188;D364Y:-2.7447;V367C:-2.5996;Y369N:-2.9995;S383N:-3.5369;C391T:-4.3715;T393F:-2.4546;N394S:-2.2569;V395I:-3.2946;R403D:-1.4625;R408I:-1.6834;A411G:-3.1893;G413D:-1.9963;A419K:-2.5527;N422L:-3.1081;L425D:-2.9019;D428A:-1.9453;V433S:-3.2694;W436N:-2.6391;S438K:-1.4481;Y449S:-1.7609;N450R:-1.2972;R454N:-1.6636;R457N:-1.9868;N460R:-1.0455;K462I:-1.4277;P463S:-2.5121;F464A:-2.4228;Y473A:-1.4869;Q474C:-1.2525;G476P:-1.3326;V483G:-1.6543;N487Y:-1.7183;P491L:-1.7774;L492F:-2.2180;Q493Y:-1.2148;Y495V:-2.4647;N501Y:-1.4350;G504P:-1.9402;V512S:-3.5688;F515L:-3.1924;G526T:-3.8718,T19R;R21S;L24S;S46H;L48Q;T51L;F65E;H66Y;V83L;P85I;N87S;V90T;F92S;R102W;W104I;G107T;K113S;T114I;S116I;I119T;F135N;D138Y;L141V;K150M;S162T;E180K;G181Q;G184F;F192I;F194G;K195Y;F201Y;H207V;I210G;Q218F;F220D;V227L;L229G;P230G;I231R;N234I;I235A;T236F;R237L;F238L;T240L;L244P;P251S;D253F;G257A;A260Y;G261A;A262Y;A263Y;L270R;L276Y;E281T;N282T;I285C;T286A;A288C;C291S;P295E;T299K;K300F;C301K;L303V;E309T;K310S;I312N;T315N;F318I;R319P;Q321T;E324F;I326N;P330I;N334F;L335V;V341A;T345W;R355S;D364Y;V367C;Y369N;S383N;C391T;T393F;N394S;V395I;R403D;R408I;A411G;G413D;A419K;N422L;L425D;D428A;V433S;W436N;S438K;Y449S;N450R;R454N;R457N;N460R;K462I;P463S;F464A;Y473A;Q474C;G476P;V483G;N487Y;P491L;L492F;Q493Y;Y495V;N501Y;G504P;V512S;F515L;G526T;N532K;V534K;N540F;F541K;T549Q;E554F;F559D;F562I;Q563F;D578I;Q580E;L582I;D586T;C590T;S596T;T599P;P600T;N603S;N606G;Y612V;Q613N;D614R;N616P;V620L;H625Q;T638S;G639V;V642R;T645A;G648I;C649E;H655E;D663Q;P665I;I666Y;G669Q;Q677R;S680A;R685A;A688M;S689I;Y695G;M697L;Y707I;N709I;N710I;T716F;I720V;S721T;V722L;T724K;I726S;S730T;K733S;C738S;M740T;L752Q;L754F;C760Q;V772D;E773V;N777V;Q784K;V785I;G799Q;Q804S;I805P;F817E;E819L;K825T;T827G;C840L;G842A;D843L;R847A;D848Q;A852G;Q853T;L858P;V860P;D867Q;M869Q;Y873S;T874A;A879G;T883G;F888G;A890V;A892L;Q895P;I896A;A899Q;M902P;R905G;F906G;G908V;L916N;E918A;N919L;Q926S;N928L;S937A;Q954T;N955A;Q957N;V963F;L966G;S968V;F970A;G971I;N978K;V991G;Q992D;L1004V;I1018L;R1019A;S1021A;L1024A;A1025S;K1038G;G1046S;H1048S;M1050A;P1053A;Q1054P;G1059Y;N1074T;T1076G;A1080K;H1083G;E1092H;H1101F;T1105I;Q1106P;N1108Q;N1125G;C1126G;D1127V;G1131V;N1134P;N1135S;P1140Q;L1141P;P1143D;L1145S;K1149L;H1159V;D1163L;V1164L;I1169A;I1172A;S1175I;V1176F;K1181A;N1194D;Q1201L;E1207I;Q1208P;L1218I;F1220A;V1228I;M1229I;L1234S;C1236Y;S1239C;C1240S;S1249G;C1253K;K1255S;D1259E;D1260E;P1263K;K1266H;V1268H,26.0,57.0,1.0,208.0,16.0,35.0
root_child_0_child_0_child_1_child_0_child_1_child_0_child_0_child_1|leaf,301,0.763551,301,0.763551,300,MZ477792.1,52,0.741294,297,297,51,-114.5830200839348,-2.2467258839987214,-1.4350399149338156,-1.4350399149338156,-5.746454592442161,-0.9577424320736935,6,K444G;R346T;G476K;E471G;Q498V;K458R,N501Y,1,P26S;N501Y;D614G,3,D614G;N501Y,2,N331C:-2.6574;T333D:-1.7415;N334F:-2.2519;G339T:-1.9415;T345D:-1.6311;R346T:-0.7574;S349R:-1.9652;D364Y:-2.7447;F374G:-2.9048;S383T:-3.3231;C391Y:-4.4373;Y396S:-2.9446;A397I:-2.8788;D405G:-1.3426;R408T:-1.8521;Q414A:-2.1073;D420L:-1.5687;N422F:-3.0747;L425D:-2.9019;D427C:-2.4535;D428V:-2.2825;F429W:-3.6467;C432N:-4.1202;N437L:-2.3843;K444G:-0.7259;G446Y:-1.4345;Y449L:-1.5400;R457S:-1.7278;K458R:-1.2139;S459L:-1.5423;F464D:-1.7218;R466I:-1.8387;E471G:-0.9933;I472Y:-1.3320;G476K:-0.9661;C480G:-1.4492;Y489Q:-1.9119;P491Q:-1.4963;L492S:-1.7157;Q498V:-1.0898;T500H:-1.4926;N501Y:-1.4350;V512A:-3.3615;F515L:-3.1924;L517A:-3.5374;H519P:-1.9232;P521V:-3.6426;V524G:-4.1764;P527N:-3.5103;K528L:-2.6864;S530N:-3.0123,T19R;L24S;P26S;D40F;F43V;L56F;P57S;T63A;W64M;F65T;G72K;T73S;R78D;D80P;V83D;L84D;Y91A;I101G;G103I;W104T;I105T;T108L;D138L;L141H;F157S;N165S;C166V;T167E;F168Q;E169S;P174G;L176M;M177D;Q183R;K202H;I203T;Y204K;N211V;R214D;L223P;V227D;G232N;I235S;F238L;H245P;Y248D;G252S;S256W;G257A;W258A;T259A;A260Y;G261A;A263G;V267T;L276H;E281G;N282I;I285E;T286V;A288V;C291H;P295S;K300L;C301V;T302E;T307I;V308G;I312N;N317P;P322S;T323S;V327P;N331C;T333D;N334F;G339T;T345D;R346T;S349R;D364Y;F374G;S383T;C391Y;Y396S;A397I;D405G;R408T;Q414A;D420L;N422F;L425D;D427C;D428V;F429W;C432N;N437L;K444G;G446Y;Y449L;R457S;K458R;S459L;F464D;R466I;E471G;I472Y;G476K;C480G;Y489Q;P491Q;L492S;Q498V;T500H;N501Y;V512A;F515L;L517A;H519P;P521V;V524G;P527N;K528L;S530N;C538F;N540L;L546G;T549F;V551N;K557V;F559A;L560G;Q563V;I569D;D571V;D574P;R577L;L582I;D586T;S596T;T599L;P600T;G601T;Y612Q;D614G;V620A;D627K;S637T;R646G;G648V;C649V;I651E;V656S;Y660I;P665G;G667A;A668G;G669Q;R685A;S689A;Q690S;I693L;L699V;N703Y;V705Y;Y707N;N709I;P715S;V722P;T724L;P728I;T734M;D737I;M740I;D745E;S746L;L752G;L753S;F759N;N764A;L767I;I770T;V772Q;D775V;N777A;Q784K;Y789E;T791F;I794D;K795G;G799D;N801Q;L806P;P807K;L821V;F823T;A829Q;D830F;K835L;Y837D;L841D;I844A;Q853S;F855G;G857P;L858P;P862E;P863M;L864D;T866E;D867Y;A871T;Y873A;L878T;T883G;S884G;W886G;M902G;F906N;G908V;I909Q;V911L;N914Q;Y917N;K933Q;A942K;V951Q;N953A;N960S;V963S;Q965G;S968G;I973S;S974L;S975N;N978R;D979F;E988Q;V991L;Q992D;D994L;R995G;L996S;I997L;L1004T;L1012E;R1014I;I1018L;L1024A;K1028S;S1037L;V1040K;G1046L;S1051G;S1055P;P1057G;H1058F;F1062H;V1068N;N1074T;A1080C;C1082K;D1084K;E1092F;G1093H;V1094F;S1097T;T1105R;Q1106P;R1107Y;E1111I;T1120M;D1127I;I1130N;G1131N;N1134V;Y1138L;P1140L;L1141P;D1146K;Y1155S;F1156H;K1157P;H1159V;G1167I;S1175K;V1176I;V1177Q;N1178K;I1179E;I1183E;L1186V;E1188R;W1212Y;S1239L;C1250S;C1253K,75.0,26.0,1.0,18.0,16.0,99.0
root_child_0_child_0_child_1_child_0_child_0_child_0_child_0_child_0|leaf,301,0.763551,301,0.763551,300,MZ477792.1,53,0.736318,294,294,52,-125.86318686591363,-2.42044590126757,-1.4350399149338156,-1.4350399149338156,-6.357708429169703,-1.059618071528284,6,R346T;E340R;G485E;Q498Y;F456S;K458R,N501Y,1,N501Y;D614G,2,D614G;N501Y,2,N334P:-1.9699;L335P:-2.2661;E340R:-1.0232;T345Y:-2.0228;R346T:-0.7574;F347R:-2.1584;S349R:-1.9652;V350A:-3.2598;A352R:-1.8724;W353K:-2.7975;N354C:-1.7987;V362Y:-3.1662;Y369G:-3.1677;N370T:-2.6435;F374G:-2.9048;K386L:-3.0918;L387Y:-3.8634;L390Y:-3.5850;C391Y:-4.4373;V395R:-3.2027;A411N:-2.9595;Q414A:-2.1073;T415K:-2.0732;D427C:-2.4535;V433N:-3.2052;N437S:-2.2393;D442V:-2.1816;G446Y:-1.4345;F456S:-1.2075;R457L:-1.8119;K458R:-1.2139;L461F:-1.9409;K462L:-1.4119;S477Y:-1.2601;C480F:-1.6586;G485E:-1.0488;C488Q:-1.9524;P491G:-1.7822;L492S:-1.7157;Q498Y:-1.1069;N501Y:-1.4350;G504P:-1.9402;R509S:-2.3844;V512A:-3.3615;L517T:-3.4471;P521V:-3.6426;T523K:-3.3015;V524G:-4.1764;C525S:-4.2948;P527L:-3.2639;S530N:-3.0123;T531L:-2.8851,T19R;L24S;F43V;A67G;K77F;R78V;D80P;L84N;N87G;S98I;I101F;W104F;I105L;K129Q;C131N;E132Q;L141H;M153E;F157R;N164T;N165F;P174Y;L176G;F194N;N196H;I197G;Y200K;K202H;I203L;Y204F;E224P;D228P;G232I;I235S;R237A;F238L;Q239A;H245D;Y248D;G252S;S254P;S256A;T259A;A260Y;L277I;G283D;T286A;C291S;P295S;S305V;V308G;G311F;I312S;F318V;R319V;T323R;V327P;R328P;N334P;L335P;E340R;T345Y;R346T;F347R;S349R;V350A;A352R;W353K;N354C;V362Y;Y369G;N370T;F374G;K386L;L387Y;L390Y;C391Y;V395R;A411N;Q414A;T415K;D427C;V433N;N437S;D442V;G446Y;F456S;R457L;K458R;L461F;K462L;S477Y;C480F;G485E;C488Q;P491G;L492S;Q498Y;N501Y;G504P;R509S;V512A;L517T;P521V;T523K;V524G;C525S;P527L;S530N;T531L;C538F;T549F;F559A;L560F;P561Q;I569L;D574P;V576P;R577L;T581I;L582T;D586S;F592I;V595I;N603A;S605Q;N606V;Q607N;V610N;Y612Q;D614G;C617T;V622Q;D627P;R634T;Y636T;T638Q;R646C;G648I;A653V;V656S;N658I;I666F;A668S;C671T;A672Q;T676K;T678S;R682A;A684Q;I692S;Y695V;V705N;Y707N;N709I;S711T;V722P;T734M;D737C;T739Y;M740C;Y741W;D745E;S746L;T747N;E748L;L753S;Y756F;C760T;Q762N;L763A;N764A;T768E;Q779K;A783K;I788Y;T791F;P792K;K795G;G799N;N801Q;F802K;F817K;L822A;N824I;D830K;I844A;D848I;L858P;T866E;D867M;E868I;Q872T;Y873A;S875G;L878T;T883G;F888I;G891Q;Q895F;I896A;F906N;N907V;I909Y;N914Q;I923S;N925K;D936L;T941A;A942K;K947N;V952Q;N953Q;V963S;K964S;I973S;L977I;D979F;V987I;E988L;V991R;Q992D;I993T;D994G;R995G;L996D;V1008Q;Q1010A;L1012E;I1013N;L1024A;A1026L;M1029C;G1035R;V1040F;G1046L;L1049T;M1050Q;Q1054P;G1059H;F1062H;Y1067N;Q1071C;K1073T;F1075T;T1076P;P1079I;A1080H;K1086P;A1087F;E1092F;G1093F;V1094F;S1097T;T1105R;Q1106P;R1107Y;T1117F;T1120N;N1125I;V1128G;I1130E;G1131N;N1134V;N1135Y;L1141P;Q1142S;E1144S;D1146K;T1160P;L1166N;G1167I;I1172Q;V1176I;V1177Q;N1178K;I1183K;E1188K;V1189A;N1192E;E1195L;L1197E;Q1201G;G1204E;Y1209K;I1210G;I1225V;T1238F;C1250K;C1253K;C1254K;D1260Y;L1265G;K1266V,162.0,188.0,1.0,132.0,16.0,122.0
root_child_0_child_0_child_0_child_0_child_0_child_0_child_1_child_0_child_0|leaf,301,0.763551,301,0.763551,300,MZ477792.1,58,0.711443,298,298,56,-131.7630828904241,-2.3529121944718585,,,-6.26722313463779,-1.0445371891062984,6,V445E;K458F;N501V;N481V;F490T;F456S,,0,D138Y;D614G;H655Y,3,D614G,1,N331C:-2.6574;I332L:-2.4919;F338E:-3.0041;S349R:-1.9652;V350A:-3.2598;W353S:-3.2987;N354R:-1.2966;C361D:-3.7131;Y365L:-2.8881;S366A:-1.9824;V367Y:-2.6067;N370K:-2.3801;K378Y:-2.2888;L390V:-3.7422;C391Y:-4.4373;F392S:-3.6929;T393D:-2.3590;I402G:-2.5120;E406R:-1.3158;I410G:-2.7830;Q414G:-2.0889;G416P:-2.8574;P426D:-2.2753;D427C:-2.4535;I434N:-2.4944;W436N:-2.6391;N437S:-2.2393;S438L:-1.5900;N440L:-1.4022;S443V:-1.3660;V445E:-0.8044;G447D:-1.5357;N448S:-2.2166;Y449L:-1.5400;F456S:-1.2075;K458F:-0.8573;N460P:-1.4502;R466Y:-1.8177;G476V:-1.4574;C480A:-1.9600;N481V:-1.1660;C488S:-2.1537;F490T:-1.1809;P491S:-1.7214;F497H:-2.2586;N501V:-1.0510;R509V:-2.2683;V512L:-3.8192;E516H:-2.8405;H519P:-1.9232;P521G:-3.6874;C525S:-4.2948;P527L:-3.2639;K528E:-2.9950;S530N:-3.0123;T531V:-3.1985,Y28S;N30T;D40F;F43S;L56I;A67V;G75F;F79N;V83L;L84D;V90T;R102G;K129C;D138Y;P139D;F140D;L141H;H146T;N148M;K150S;W152S;S155R;V159I;Y160V;S161K;N165F;E169P;Y170P;P174M;E180N;N185E;G199F;V213D;R214P;L226V;D228P;G232I;I235S;R237A;R246G;L249H;P251S;G252S;S256A;T259A;G261V;A263Y;A264Y;V267P;Y279I;E281W;C291S;D294C;P295S;L296C;F306G;K310T;F318V;Q321T;S325V;F329N;N331C;I332L;F338E;S349R;V350A;W353S;N354R;C361D;Y365L;S366A;V367Y;N370K;K378Y;L390V;C391Y;F392S;T393D;I402G;E406R;I410G;Q414G;G416P;P426D;D427C;I434N;W436N;N437S;S438L;N440L;S443V;V445E;G447D;N448S;Y449L;F456S;K458F;N460P;R466Y;G476V;C480A;N481V;C488S;F490T;P491S;F497H;N501V;R509V;V512L;E516H;H519P;P521G;C525S;P527L;K528E;S530N;T531V;V534N;F541N;S555K;N556F;F559I;L560Q;Q563F;Q564G;R567D;I569P;T572R;T573D;D574P;R577L;P579L;D586S;S591V;F592I;G593S;I598P;G601V;N603Q;D614G;C617V;T618E;A623Q;L629T;T630V;P631Y;T632R;A647G;G648V;E654C;H655Y;E661D;D663P;G667A;A668S;Y674K;Q675T;R682A;A684I;S691I;M697E;S704A;N709I;F718I;V722P;T732L;T739G;M740I;I742S;D745E;L753S;Y756S;L763G;N764A;L767G;K776Y;T778E;Q779F;A783V;K790I;T791F;I794D;N801Q;I805P;P807K;K814S;R815I;S816V;D830I;Y837G;G838A;D843C;L858T;L861N;P863A;T866E;D867Q;M869A;L877A;L878T;T883G;W886A;T887G;F888A;G891A;Q895M;P897M;A899Y;Q901I;R905N;F906Q;G908Q;I909F;T912Y;Q913V;N914Q;V915N;L922F;I923S;A930D;G932L;A942K;N955A;Q957A;A958K;G971I;I973S;L977S;N978I;I980L;S982V;R995G;L996G;G999R;T1009Q;Q1010I;A1015S;I1018N;R1019L;N1023K;L1024A;A1026K;T1027G;S1030V;E1031Q;C1032D;L1034V;S1037F;M1050A;E1072A;C1082P;D1084H;F1089R;P1090V;E1092F;V1094S;F1095S;N1098V;T1105R;Q1106P;R1107S;I1115D;N1119F;T1120S;S1123C;C1126P;D1127P;I1130V;G1131N;I1132N;N1134P;N1135V;V1137D;D1146F;D1153F;Y1155D;K1157H;P1162L;D1163L;D1165N;G1167I;D1168S;V1176I;V1177I;N1187K;A1190N;L1200Y;K1205E;Y1206P;E1207Y;G1219A;A1222V;M1233C;C1236S;C1253K;D1259L;G1267S;T1273S,191.0,119.0,221.0,108.0,16.0,200.0
root_child_1_child_1_child_0_child_1_child_0_child_1_child_0_child_0_child_0|leaf,302,0.762765,302,0.762765,301,MZ477792.1,43,0.78607,298,298,42,-98.75299792744407,-2.351261855415335,-1.4350399149338156,-1.4350399149338156,,,0,,N501Y,1,D138Y;N501Y;V1176F,3,N501Y,1,N334F:-2.2519;L335V:-1.9854;V341A:-3.0576;T345W:-1.9163;N354K:-1.4390;R355S:-2.7188;N360S:-2.5694;D364Y:-2.7447;Y369N:-2.9995;S383N:-3.5369;L387D:-3.4025;C391T:-4.3715;T393D:-2.3590;N394S:-2.2569;V395I:-3.2946;R403D:-1.4625;R408I:-1.6834;A411G:-3.1893;G413D:-1.9963;N422L:-3.1081;L425D:-2.9019;D428A:-1.9453;V433S:-3.2694;W436N:-2.6391;S438K:-1.4481;Y449S:-1.7609;N450R:-1.2972;R454N:-1.6636;R457F:-1.8245;K462I:-1.4277;P463S:-2.5121;F464A:-2.4228;I472A:-1.4999;G476P:-1.3326;N487Y:-1.7183;P491L:-1.7774;L492F:-2.2180;N501Y:-1.4350;G502V:-1.9348;G504P:-1.9402;V512S:-3.5688;G526T:-3.8718,V6F;T19R;R21S;S46H;T51L;V83L;P85I;N87S;V90T;F92S;R102W;W104I;G107T;K113S;T114I;I119T;N122T;N125V;D138Y;L141V;K150M;S162T;S172E;E180K;G181Q;Q183N;G184F;F192I;K195Y;I197G;F201Y;H207V;I210D;Q218F;F220D;P230G;N234I;I235A;T236F;R237L;F238L;T240L;L244P;P251S;D253F;S256T;G257A;G261A;A262Y;A263Y;G268Y;L270R;L276Y;N282D;I285C;T286A;D287A;A288C;C291S;T299K;C301F;L303V;E309T;K310S;I312N;T315V;R319P;Q321T;E324F;I326N;P330I;N334F;L335V;V341A;T345W;N354K;R355S;N360S;D364Y;Y369N;S383N;L387D;C391T;T393D;N394S;V395I;R403D;R408I;A411G;G413D;N422L;L425D;D428A;V433S;W436N;S438K;Y449S;N450R;R454N;R457F;K462I;P463S;F464A;I472A;G476P;N487Y;P491L;L492F;N501Y;G502V;G504P;V512S;G526T;N532V;V534K;N540F;F541K;T549Q;G550T;V551N;E554F;F559I;F562Q;Q563F;D578I;Q580E;T581D;L582I;D586T;C590T;S596T;T599P;P600T;G601T;T604V;N606G;Y612V;Q613N;D614R;N616P;V620L;H625Q;T638S;V642R;T645A;G648I;C649E;H655S;Y660D;D663Q;P665I;I666Y;G669Q;A688M;S689I;Y695G;M697L;Y707I;N709I;N710T;A713T;T716F;I720V;S721T;V722L;T724K;I726S;S730T;K733S;C738S;M740T;C743I;N751T;L752Q;L754F;V772D;E773V;Q774T;N777V;Q784K;V785I;Y789F;P792F;K795S;G799I;F800D;Q804S;I805P;F817E;E819L;K825T;T827G;Y837S;C840L;G842A;D843L;R847A;A852V;Q853T;L858P;V860P;P862I;D867Q;M869Q;Y873S;T874A;A876L;A879G;T883G;F888G;A890V;A892L;Q895P;I896A;P897A;A899Y;M902P;F906G;L916N;E918A;N919L;Q926S;N928L;S937A;S940A;Q954T;A956L;V963F;S968V;F970A;G971S;I973D;N978K;V991G;Q992D;L1004V;I1018L;R1019A;S1021A;L1024A;A1025S;M1029V;G1046L;H1048S;L1049P;M1050A;P1053A;N1074T;A1080K;H1083G;G1085F;A1087K;E1092S;F1095T;H1101F;Q1106P;N1108Q;C1126G;D1127V;I1130V;G1131V;N1134P;N1135S;L1141P;P1143D;L1145D;K1149L;H1159V;S1161D;D1163L;V1164L;I1169A;I1172A;S1175I;V1176F;K1181A;N1192E;N1194D;Q1201L;E1207I;Q1208P;L1218I;F1220A;V1228L;M1233C;L1234S;C1236Y;T1238C;S1239C;C1240S;S1249G;C1253K;K1255S;F1256E;D1260E;P1263H;K1266H;V1268H,12.0,118.0,1.0,250.0,20.0,8.0
root_child_1_child_1_child_0_child_1_child_0_child_0_child_1_child_1_child_0|leaf,302,0.762765,302,0.762765,301,MZ477792.1,46,0.771144,297,297,44,-101.07761700730401,-2.2972185683478177,,,-4.530998756004021,-1.1327496890010051,4,N501V;Q474K;F456S;I472Q,,0,D138Y;V1176F,2,,0,N334F:-2.2519;L335V:-1.9854;N343A:-1.9376;T345W:-1.9163;R355T:-2.6817;N360A:-2.6835;D364Y:-2.7447;Y369N:-2.9995;S373N:-2.2359;F377S:-3.0024;S383N:-3.5369;D389C:-2.9995;C391T:-4.3715;T393S:-2.3504;N394S:-2.2569;V395S:-3.7400;F400I:-3.4071;R403Q:-1.6178;R408I:-1.6834;G413D:-1.9963;N422L:-3.1081;L425D:-2.9019;D428A:-1.9453;V433S:-3.2694;N437S:-2.2393;S438K:-1.4481;N440D:-1.3369;D442K:-2.0312;N448Y:-2.3452;Y449S:-1.7609;F456S:-1.2075;K462I:-1.4277;P463S:-2.5121;F464A:-2.4228;I472Q:-1.2159;Q474K:-1.0566;G476P:-1.3326;N487Y:-1.7183;L492F:-2.2180;N501V:-1.0510;G502V:-1.9348;G504P:-1.9402;V512S:-3.5688;K528L:-2.6864,V6F;T19R;R21S;P39V;L48Q;T51L;F55S;L56F;N87V;G89Y;W104I;F106Q;G107T;K113S;T114I;Q134C;D138Y;L141V;K150S;F157V;S162F;T167V;S172M;D178G;L179F;G181Q;G184F;K195I;I197G;D198N;F201Y;K202I;H207V;I210G;F220D;P230G;N234F;I235S;T236E;R237L;F238A;T240H;L244R;Y248T;G257A;A260E;A263Y;L276Y;K278I;N282D;T286A;A288C;C291S;C301K;K304G;E309I;K310S;I312T;R319P;E324P;N334F;L335V;N343A;T345W;R355T;N360A;D364Y;Y369N;S373N;F377S;S383N;D389C;C391T;T393S;N394S;V395S;F400I;R403Q;R408I;G413D;N422L;L425D;D428A;V433S;N437S;S438K;N440D;D442K;N448Y;Y449S;F456S;K462I;P463S;F464A;I472Q;Q474K;G476P;N487Y;L492F;N501V;G502V;G504P;V512S;K528L;N532V;V534K;K537G;N540F;F541K;T549Q;T553L;E554N;F559D;F562I;Q563F;A570T;D571V;Q580E;L582I;L585C;D586T;I587F;T588G;C590T;P600T;N603A;V610N;Y612G;D614R;N616P;V620L;H625D;Q628P;L629P;T632S;T638S;V642L;Q644I;T645E;G648I;I651A;E654V;H655E;V656N;D663Q;P665G;C671S;A688M;S689I;I692A;Y695G;M697L;A701E;V705I;A706N;Y707I;N709I;N710I;T716S;T724K;I726S;L727S;S730T;K733S;T734D;M740T;L752G;L754F;R765C;T768E;V772D;E773V;Q774V;N777V;E780F;Q784K;V785I;I788T;I805D;S810I;K811E;K825T;V826I;G838I;C840D;G842A;D843L;R847A;C851T;Q853T;L858P;V860P;L864T;M869Q;I870A;Y873S;T874A;A879G;G880I;T883G;W886G;F888G;A890V;G891L;A892L;Q895P;I896A;F898N;M900A;M902P;F906Q;N914L;L916I;E918A;N919L;N928L;D936S;S937A;Q954T;L959T;V963F;K964S;S968V;F970A;G971I;V976D;R983D;V991G;Q992D;I1013C;A1016S;I1018L;S1021A;A1022L;N1023T;L1024A;A1025S;M1029L;F1042G;G1046S;H1048S;M1050A;P1053A;L1063P;N1074T;F1075A;I1081A;E1092S;H1101F;T1105R;Q1106P;N1108Q;V1122G;C1126G;D1127V;V1129Y;I1130V;G1131V;N1134P;Y1138D;P1140Q;L1141P;P1143D;L1145S;D1146F;K1149L;N1158S;V1164L;I1169S;S1175N;V1176F;K1181A;N1192Q;N1194D;L1197Q;I1198D;D1199I;E1207I;L1218I;F1220A;I1221G;V1228I;L1234S;C1235S;C1236Y;T1238L;S1239C;G1246S;S1249G;C1253K;K1255S;E1258R;D1259V;D1260E;P1263K;K1266H;V1268H,15.0,58.0,221.0,209.0,20.0,26.0
root_child_1_child_0_child_1_child_1_child_1_child_0_child_0_child_1_child_0|leaf,302,0.762765,302,0.762765,301,MZ477792.1,45,0.776119,302,302,44,-102.9018018254927,-2.3386773142157433,-1.4350399149338156,-1.4350399149338156,-4.0638242910718505,-1.0159560727679626,4,L455R;L441R;N481V;Q493P,N501Y,1,L18F;D138Y;N501Y;D614G;H655Y;V1176F,6,D614G;N501Y,2,I332C:-2.8302;L335I:-2.2087;F338N:-3.1942;F347V:-2.4887;A352N:-1.7645;R355Y:-2.6915;Y365V:-3.4816;S366P:-2.6175;A372S:-1.2799;T376S:-2.4656;C379S:-4.1288;K386F:-3.0381;N388T:-3.0398;L390T:-3.1993;I402G:-2.5120;G404E:-1.8275;R408I:-1.6834;G413T:-2.5829;A419L:-3.0512;D420E:-2.5811;Y421K:-2.1591;N422E:-3.1460;L425G:-3.3954;P426V:-3.2716;T430S:-2.8356;L441R:-0.9486;Y449S:-1.7609;L455R:-0.7754;R457P:-1.7140;P463I:-2.6545;G476V:-1.4574;N481V:-1.1660;G485Y:-1.5747;N487Y:-1.7183;Q493P:-1.1737;P499Y:-1.5950;N501Y:-1.4350;V503Y:-1.6807;G504P:-1.9402;Q506A:-2.2885;P507V:-2.2527;R509F:-2.2861;V512L:-3.8192;A520G:-3.1867,L18F;R21S;L24S;P25Y;N30T;S45L;H49Y;T51L;Q52F;W64S;S71R;T76F;K77F;L84F;D88Y;F92T;T95S;K97F;S98I;N99I;I101G;T109D;S112A;K113S;Q115T;S116V;V126C;K129C;F135S;C136D;D138Y;F140L;Y145K;W152S;E156G;F157V;Y160N;S162C;A163F;T167E;V171P;S172F;Q173M;M177E;E180S;G184L;L189E;H207L;V213G;R214L;Q218A;L229I;I235R;R237L;F238T;L244R;R246P;S247Y;G252S;W258Y;G268D;L270P;Q271P;T286A;D287A;A288P;V289A;C291S;L293T;L296T;S297I;K300F;C301F;I312V;T315F;R319S;P322N;S325F;I326R;R328I;I332C;L335I;F338N;F347V;A352N;R355Y;Y365V;S366P;A372S;T376S;C379S;K386F;N388T;L390T;I402G;G404E;R408I;G413T;A419L;D420E;Y421K;N422E;L425G;P426V;T430S;L441R;Y449S;L455R;R457P;P463I;G476V;N481V;G485Y;N487Y;Q493P;P499Y;N501Y;V503Y;G504P;Q506A;P507V;R509F;V512L;A520G;L533C;V534T;K537N;G545T;T549Q;E554M;S555L;K557P;F559D;L560R;F565A;L582I;L585P;D586T;C590G;G593P;V595I;G601Q;T602V;A609V;D614G;T630Q;T638G;T645E;G648I;L650T;G652Y;H655Y;Y660P;C662A;D663Y;I666Y;G669A;A694S;T696V;G700E;A701S;N703A;N710I;S711N;P715N;V722S;T732M;S735L;C738G;D745S;C749S;S750Q;N751L;L752S;N764A;I770V;V772D;Q779K;T791G;P793N;I794S;K795F;F797G;F802Q;Q804I;I805D;L806S;P807S;P812F;K814L;N824V;V826A;T827A;G832Q;C840L;G842R;R847L;L849K;I850F;L858P;M869Q;Y873A;T883G;Q895A;F898A;A899Y;M902L;R905G;F906Q;N907T;Y917Q;N919L;K921L;N925F;Q926S;F927N;N928L;G932Q;T941L;A942L;N953A;Q957T;L959T;N960L;L962V;V963Q;S967F;N969K;F970A;G971I;S974D;S975I;N978K;I993D;D994I;R995T;Q1002V;T1009E;E1017S;I1018L;N1023A;A1025T;K1028Q;E1031V;C1032Q;L1034R;V1040F;G1046S;M1050A;P1053A;V1060L;F1062V;L1063T;V1068K;Q1071T;E1072H;A1078P;A1087V;H1088V;E1092N;W1102V;T1105Q;Q1106I;N1108V;F1109E;T1117C;F1121T;C1126G;D1127G;G1131D;N1134P;D1139Q;F1148E;K1149L;Y1155V;H1159L;T1160L;P1162V;D1163V;S1175I;V1176F;I1179E;R1185V;N1187L;E1195L;Y1206Q;E1207K;W1212I;I1216V;L1218F;F1220A;I1221G;L1234M;C1236Y;C1240G;S1242C;C1253K;D1257L;D1259G;L1265T;G1267H;L1270Y,20.0,104.0,1.0,65.0,20.0,22.0
root_child_1_child_0_child_0_child_1_child_1_child_1_child_0_child_1|leaf,302,0.762765,302,0.762765,301,MZ477792.1,55,0.726368,301,301,54,-120.14726699282429,-2.2249493887560052,-1.4350399149338156,-1.4350399149338156,-5.038955387950634,-1.0077910775901269,5,K529L;V503R;L455K;F490Q;Q498Y,N501Y,1,L18F;D138Y;N501Y;D614G;H655Y,5,D614G;N501Y,2,N331T:-2.4198;N334C:-2.3489;G339I:-2.0586;F342Y:-3.1632;N343F:-2.1041;A344F:-2.1999;V350K:-2.7241;Y351K:-2.2797;R357A:-1.8201;I358Y:-3.5910;S371F:-1.9489;A372C:-1.5642;F374T:-2.2571;K378S:-1.9727;G381L:-3.6288;V382T:-3.4542;P384N:-2.8211;K386F:-3.0381;C391F:-4.2145;A397S:-3.4311;S399D:-2.3761;F400R:-2.7613;I402G:-2.5120;R403Q:-1.6178;G404V:-2.2315;D405N:-1.7898;E406S:-1.8637;R408I:-1.6834;G413D:-1.9963;I418F:-2.5984;A419L:-3.0512;D420L:-1.5687;L425D:-2.9019;P426L:-3.2000;A435S:-2.7871;W436S:-2.5340;G446V:-1.2706;Y449L:-1.5400;N450L:-1.5236;L455K:-1.0570;R457L:-1.8119;D467T:-1.8071;G476C:-1.5519;N481A:-1.3424;N487Y:-1.7183;F490Q:-1.0699;Q498Y:-1.1069;N501Y:-1.4350;V503R:-0.9088;G504P:-1.9402;H519A:-1.8343;A520V:-3.5556;G526P:-3.2643;K529L:-0.8964,L18F;R21S;A27N;Y38K;V42S;V47S;T51L;F55L;K77F;L84V;P85L;F86D;D88Y;S94N;N99R;W104G;K113S;T114S;N122V;A123Q;V126D;F133D;D138Y;F140L;H146E;N148M;E156N;Y160N;S162T;M177I;E180V;G184F;F186N;L189F;V213Y;F220P;L229I;G232D;I235S;T236Q;H245Y;G252S;S254A;G257D;Y265V;V267G;Q271R;T274E;Y279E;E281A;T286A;C291S;D294P;K300S;I312T;Q314N;R319P;N331T;N334C;G339I;F342Y;N343F;A344F;V350K;Y351K;R357A;I358Y;S371F;A372C;F374T;K378S;G381L;V382T;P384N;K386F;C391F;A397S;S399D;F400R;I402G;R403Q;G404V;D405N;E406S;R408I;G413D;I418F;A419L;D420L;L425D;P426L;A435S;W436S;G446V;Y449L;N450L;L455K;R457L;D467T;G476C;N481A;N487Y;F490Q;Q498Y;N501Y;V503R;G504P;H519A;A520V;G526P;K529L;V539T;T549Q;N556F;K557F;F559D;Q564R;F565R;D568E;D574L;V576D;R577T;T581C;L582I;I584T;S596I;V597T;I598Y;T602L;V608R;V610N;D614G;C617V;I624A;A626D;T630Y;Y636V;T638F;T645E;G648I;C649Y;A653H;E654Y;H655Y;Y660G;C662A;D663A;I666G;G669I;C671Q;Q677N;A684Q;A688Q;S691A;E702Y;S704A;N710I;N717T;T724V;M731T;C738G;T739M;Y741G;C749L;N751L;L753Q;Q755S;G757R;T761L;L763G;N764A;A771E;K776F;T778E;Q779K;E780A;V785I;K786T;G798S;F802Q;Q804S;P812D;R815L;V826A;I834C;G838D;C840L;G842A;C851A;L858P;T859L;T866E;E868Q;M869Q;A871Y;T874L;L878T;G880I;T881S;I882G;T883G;W886G;T887G;G889L;A892P;A899Q;M900F;R905G;F906Q;V911N;V915F;Y917Q;Q926N;N928L;S929G;I931D;G932Q;I934G;G946K;L959T;V963Q;S967F;N969G;F970A;G971V;I973V;S974V;V976N;N978K;L981R;I993D;D994I;R995T;Y1007L;R1014A;I1018L;S1021N;L1024A;A1025V;A1026K;K1028S;M1029Q;S1030C;E1031V;C1032P;L1034R;S1037V;V1040C;D1041Y;Y1047L;M1050A;P1053A;H1058G;V1061Y;F1062A;H1064T;T1066P;Y1067A;N1074A;T1077P;P1079S;C1082H;H1088V;E1092S;V1096N;R1107S;I1114N;C1126I;G1131D;V1133T;N1134P;E1144S;K1149L;Y1155D;K1157H;H1159L;V1164G;D1165G;S1175I;V1176N;V1177Q;S1196I;I1198Q;L1203Q;K1205E;E1207I;W1212Y;P1213L;I1216G;L1218F;F1220A;I1221L;L1234C;T1238L;C1240S;L1244C;S1249K;C1253K;F1256E;S1261P;V1264L,116.0,15.0,1.0,57.0,20.0,158.0
root_child_1_child_1_child_0_child_0_child_1_child_1_child_1_child_1|leaf,303,0.76198,303,0.76198,302,MZ477792.1,39,0.80597,301,301,40,-95.01157375692694,-2.3752893439231735,-2.542305632478062,-1.271152816239031,-2.3231380445349235,-1.1615690222674617,2,K417T;I472Q,K417T;N501Y,2,D138Y;K417T;N501Y;H655Y,4,N501Y;K417T,2,L335V:-1.9854;F338S:-3.3176;V341N:-2.6586;T345A:-1.8664;W353S:-3.2987;N354V:-1.5952;K356C:-1.8656;A363N:-3.6745;D364Y:-2.7447;L368N:-2.8684;C391T:-4.3715;T393D:-2.3590;V395S:-3.7400;V401E:-2.0501;I402D:-2.0407;D405A:-1.5484;V407Q:-2.4021;R408A:-1.7172;Q409A:-2.7239;G413D:-1.9963;K417T:-1.1073;N422L:-3.1081;L425D:-2.9019;T430I:-2.3659;G431C:-4.0019;V433Y:-3.4118;L441V:-1.5410;D442Y:-2.0449;Y449S:-1.7609;R457N:-1.9868;L461P:-2.1355;F464T:-2.2843;I472Q:-1.2159;Y473Q:-1.3706;N481Q:-1.6016;N487Y:-1.7183;N501Y:-1.4350;G504P:-1.9402;V512A:-3.3615;S530L:-2.8938,T22N;L24A;L48Q;T51L;F55P;F65R;T73R;K77V;L84V;N87S;K97N;W104I;I105H;G107T;K113S;T114I;Q115L;N122V;C136T;D138Y;F140K;W152V;Y160S;G181Q;G184F;I197G;Y200K;F201I;H207V;T208I;P209L;I210V;V213P;G219S;F220D;A222L;L223P;E224F;P225G;P230G;I235S;T236F;T240S;P251S;S254G;A263F;V267Y;T274N;L276Y;Y279D;N280I;T286A;A288V;C291L;D294S;P295S;F306V;E309I;K310S;G311Y;Q321V;R328T;L335V;F338S;V341N;T345A;W353S;N354V;K356C;A363N;D364Y;L368N;C391T;T393D;V395S;V401E;I402D;D405A;V407Q;R408A;Q409A;G413D;K417T;N422L;L425D;T430I;G431C;V433Y;L441V;D442Y;Y449S;R457N;L461P;F464T;I472Q;Y473Q;N481Q;N487Y;N501Y;G504P;V512A;S530L;V534K;F543G;T549Q;L552K;F559D;L560F;F562I;R567I;D574V;D578H;P579E;L582T;E583I;L585T;D586T;C590F;G594S;I598P;S605L;Q607S;V610L;L611N;D614Y;N616T;E619P;P631G;W633D;Y636V;S640T;T645E;A647L;G648I;A653G;H655Y;N658C;D663Q;I664A;T678V;R682S;A684E;A688M;S691I;I693S;A694G;S698G;E702S;Y707I;N710I;P715S;T723I;D745T;T747L;L754F;T761N;E773V;N777V;Q784T;P793K;K795F;G798Q;F802S;S803I;Q804S;I805P;L806S;K811F;R815T;D820V;L821V;A829G;G832I;I834D;G838L;C840I;G842A;D843L;R847T;D848C;I850K;Q853T;L858P;V860D;P863T;L864T;L865M;M869Q;Q872L;Y873S;S875L;G880S;T883G;S884G;W886G;F888G;A890L;A892F;Q895P;I896A;M900Q;M902G;F906Q;I909V;T912Q;L916Q;E918S;N925K;F927A;N928L;A930G;I934D;Q935L;T941S;A942S;G946V;K947N;L948V;L962S;V963F;F970A;V976N;L977R;N978R;E990A;Q992D;I993R;R995L;S1003Y;Q1005A;T1009N;Q1011A;I1018S;L1024A;A1025S;K1038D;G1046H;H1048S;M1050A;P1053A;A1056V;P1057G;H1058T;G1059V;V1060S;V1061Y;H1064P;V1065P;V1068F;A1070E;F1075P;H1083F;A1087V;H1088V;R1091F;E1092S;V1094T;N1098Q;H1101F;N1108Y;F1109I;I1115D;T1116F;C1126G;D1127V;V1129G;G1131N;N1134P;V1137Q;K1149L;Y1155F;F1156N;P1162V;V1164L;G1167I;S1175I;V1176I;I1183R;L1186A;N1194S;I1198D;E1207I;W1212L;L1218I;F1220A;I1221A;I1227T;V1228I;C1235L;C1236Y;T1238L;S1239K;C1247S;S1249D;C1253K;S1261H;E1262G;P1263Q;V1264K;L1265T;V1268T,5.0,142.0,220.0,226.0,24.0,1.0
root_child_1_child_1_child_0_child_1_child_0_child_1_child_1_child_1_child_1|leaf,303,0.76198,303,0.76198,302,MZ477792.1,54,0.731343,300,300,53,-122.36643154484725,-2.3088005951857973,-1.4350399149338156,-1.4350399149338156,-4.598758451018854,-1.1496896127547136,4,Q474K;F486T;N481V;I472Q,N501Y,1,D138Y;N501Y;V1176F,3,N501Y,1,N334F:-2.2519;L335V:-1.9854;V341R:-2.3635;T345W:-1.9163;R355T:-2.6817;D364Y:-2.7447;Y369N:-2.9995;N370T:-2.6435;S371K:-2.0027;F374S:-2.5796;S383N:-3.5369;D389L:-2.9151;C391T:-4.3715;T393S:-2.3504;N394S:-2.2569;V395D:-3.3706;R408I:-1.6834;A411G:-3.1893;G413D:-1.9963;T415I:-2.3373;G416Y:-2.8096;N422L:-3.1081;Y423F:-3.4819;L425D:-2.9019;D428A:-1.9453;V433S:-3.2694;W436N:-2.6391;S438K:-1.4481;N440L:-1.4022;N448L:-2.1336;Y449S:-1.7609;N450Y:-1.3610;R454N:-1.6636;R457N:-1.9868;K462I:-1.4277;P463S:-2.5121;F464A:-2.4228;I472Q:-1.2159;Y473G:-1.6051;Q474K:-1.0566;G476P:-1.3326;P479G:-1.5441;N481V:-1.1660;F486T:-1.1603;N487Y:-1.7183;L492F:-2.2180;T500V:-1.4177;N501Y:-1.4350;G504P:-1.9402;V511A:-3.0209;V512S:-3.5688;L513F:-3.8349;G526N:-3.6815,V6F;T19R;R21S;L24S;L48Q;T51L;K77P;P85I;N87S;F92I;E96N;W104T;G107T;K113S;T114I;S116I;L117N;L118V;I128F;D138Y;L141V;S162T;S172E;G181Q;G184F;R190I;K195Y;I197G;D198Y;F201S;K202I;Y204S;H207V;I210G;Q218F;P230G;N234F;I235S;T236F;R237L;F238A;T240H;L244R;P251K;D253F;G257A;A262Y;A263Y;Y265V;L270R;L276Y;L277K;Y279T;N282D;T286A;A288C;C291S;T302N;K310S;I312N;T315V;R319P;Q321T;E324F;N334F;L335V;V341R;T345W;R355T;D364Y;Y369N;N370T;S371K;F374S;S383N;D389L;C391T;T393S;N394S;V395D;R408I;A411G;G413D;T415I;G416Y;N422L;Y423F;L425D;D428A;V433S;W436N;S438K;N440L;N448L;Y449S;N450Y;R454N;R457N;K462I;P463S;F464A;I472Q;Y473G;Q474K;G476P;P479G;N481V;F486T;N487Y;L492F;T500V;N501Y;G504P;V511A;V512S;L513F;G526N;N532K;V534K;N540F;F541K;T549Q;F559D;P561F;F562R;Q563F;D571I;T573Q;D574L;D578E;Q580E;L582I;E583I;D586T;C590T;S591I;T599P;P600T;Y612V;Q613N;D614R;N616P;V620L;H625Q;P631Y;T638S;G639V;V642R;T645A;G648I;L650G;H655E;D663Q;P665I;I670S;Y674K;V687Q;A688M;S689I;Q690I;I692T;Y695G;M697L;L699E;Y707I;N709I;N710I;T716S;S721T;V722L;T724K;I726S;S730T;K733S;M740T;C743S;G744T;L752Q;L754F;Y756F;N764V;V772D;E773V;N777E;T778A;Q784Y;V785I;T791I;K795F;Q804S;I805P;R815F;K825T;I834D;C840L;G842A;D843L;R847A;Q853V;L858P;V860P;M869Q;T874A;A879G;T883G;W886A;F888G;G889A;A890V;A892L;Q895P;I896A;M902P;F906V;L916I;E918Q;N919L;Q920F;Q926S;N928L;I931S;D936S;S937A;G946V;Q954N;V963K;K964F;S968V;F970A;G971I;V991G;Q992D;L996I;L1001Q;L1004V;I1018L;R1019A;S1021A;L1024A;A1025S;G1046S;H1048S;M1050A;P1053A;Q1054V;T1066P;N1074T;A1078I;A1080K;G1085P;K1086F;H1088V;E1092S;G1099R;H1101F;N1108Q;I1115N;T1120G;C1126G;D1127V;G1131V;N1134P;N1135Y;P1140Q;L1141P;P1143D;L1145S;K1149L;L1152Y;D1153I;Y1155S;H1159V;V1164L;I1169A;I1172A;S1175I;V1176F;K1181A;E1188L;N1194D;S1196Q;Q1201L;K1205E;E1207I;Q1208P;Y1215L;L1218I;F1220A;A1226V;V1228I;L1234S;C1236Y;S1239C;S1249G;C1253K;K1255S;D1260E;P1263K;K1266H;V1268H,136.0,72.0,1.0,222.0,24.0,141.0
root_child_0_child_0_child_1_child_1_child_1_child_1_child_1_child_1|leaf,304,0.761194,304,0.761194,303,MZ477792.1,47,0.766169,300,300,46,-107.54721475480748,-2.337982929452337,-1.4350399149338156,-1.4350399149338156,-2.9052770740289926,-0.9684256913429975,3,R346T;K458E;Q493G,N501Y,1,N501Y;D614G;H655Y,3,D614G;N501Y,2,I332L:-2.4919;L335V:-1.9854;C336D:-3.6440;V341N:-2.6586;T345V:-1.5633;R346T:-0.7574;S349R:-1.9652;V350A:-3.2598;R357A:-1.8201;S359V:-3.1119;A363Y:-3.3175;S366C:-2.5609;N370S:-1.9965;F377K:-2.5934;L390F:-3.7098;C391D:-3.9020;A397S:-3.4311;D398N:-3.4436;I402N:-2.2419;D405G:-1.3426;E406I:-1.6642;D420Y:-2.0724;L425T:-3.2848;D427F:-1.9055;C432A:-4.2640;A435D:-2.8872;L441V:-1.5410;K444H:-1.3145;Y449L:-1.5400;K458E:-1.0432;S459K:-1.3663;D467I:-1.7135;S469I:-1.7468;Y473G:-1.6051;C480F:-1.6586;Y489P:-1.7629;L492S:-1.7157;Q493G:-1.1046;Q498N:-1.3375;N501Y:-1.4350;R509F:-2.2861;H519C:-1.9243;P521V:-3.6426;T523C:-3.7458;V524G:-4.1764;S530N:-3.0123,L5A;Y38P;F43V;S46H;L48T;T73R;R78V;L84D;F86D;T95S;K97N;I100F;W104F;I105T;V120A;P139L;L141H;G142D;M153N;E156S;R158Y;A163N;N164C;C166L;P174G;E180F;R190K;G199I;F201S;I203L;Y204F;I210L;N211R;R214L;G232I;I235S;T236Q;R237A;F238L;H245S;G252S;S256A;T259A;A262G;Y265V;Y266P;L270R;Q271N;L277N;T284C;V289A;C291S;A292S;P295S;V308G;S325P;R328I;I332L;L335V;C336D;V341N;T345V;R346T;S349R;V350A;R357A;S359V;A363Y;S366C;N370S;F377K;L390F;C391D;A397S;D398N;I402N;D405G;E406I;D420Y;L425T;D427F;C432A;A435D;L441V;K444H;Y449L;K458E;S459K;D467I;S469I;Y473G;C480F;Y489P;L492S;Q493G;Q498N;N501Y;R509F;H519C;P521V;T523C;V524G;S530N;K537V;V539G;F543L;T549F;V551T;L552E;T553P;N556L;F559I;P561I;R567T;I569L;D571V;D574P;R577L;D586S;I587S;S591V;G594I;S596T;G601A;S605L;N606V;Y612Q;Q613T;D614G;T618A;P621A;H625D;Q628W;L629P;T638N;Q644R;G648L;E654N;H655Y;E661D;D663P;A668S;Q675S;P681A;R683G;Q690I;T696A;A701Y;N703A;S704C;Y707I;S708N;N709I;S711A;I712T;N717I;S721T;V722T;T723P;T724I;L727S;K733C;T734Y;M740L;G744T;D745E;S746L;E748L;L752G;L753Y;T761L;N764A;Q784K;Q787K;T791K;I794D;G798F;N801S;F802D;I805D;L806P;P807K;K811I;S813F;K814S;S816M;D820A;N824V;V826D;T827K;D830F;G832D;C840A;I844A;A845R;R847A;Q853L;K854V;L858P;T866E;D867Q;E868Q;M869S;I870A;A871M;Y873I;T874L;L877A;L878G;T883G;S884A;A890L;I896A;F906N;I909Y;V911Y;N914Q;K921A;G932I;S940A;K947Q;S967A;F970A;I973S;S974N;V976N;L977D;E988L;A989I;E990L;I993R;D994L;L996D;L1004Q;T1009A;Q1010A;L1012E;I1013N;R1014A;I1018S;L1024A;K1028S;E1031V;C1032Q;C1043F;P1053S;Q1054F;T1077I;F1089V;R1091G;E1092F;G1093F;V1094T;G1099T;W1102R;F1103Q;T1105R;Q1106P;F1109T;E1111Q;P1112I;N1119T;T1120V;F1121G;I1130V;G1131N;N1134V;L1141P;Q1142D;L1145K;D1146K;F1148D;Y1155K;F1156K;S1161L;D1163L;G1167I;I1169N;V1176I;N1178K;E1188S;V1189E;N1194S;I1198L;E1202S;E1207Q;Q1208Y;P1213Y;I1216L;W1217F;A1222V;L1224A;M1229L;T1231L;M1233C;M1237S;G1246S;G1251D;K1266V;L1270T,32.0,103.0,1.0,21.0,26.0,35.0
root_child_0_child_1_child_1_child_1_child_0_child_1_child_0|leaf,304,0.761194,304,0.761194,303,MZ477792.1,45,0.776119,301,301,44,-108.20842592152152,-2.4592824073073074,-1.4350399149338156,-1.4350399149338156,-5.102401100680075,-1.020480220136015,5,L441K;G476K;E471P;L455K;I472Q,N501Y,1,D138Y;N501Y;D614G;H655Y,4,D614G;N501Y,2,N331T:-2.4198;I332L:-2.4919;C336V:-4.0691;P337E:-2.3435;E340N:-1.7671;A348N:-1.7057;I358C:-3.5746;N360Y:-2.7482;S366N:-2.3981;K378Y:-2.2888;Y380T:-3.3458;L387D:-3.4025;G404E:-1.8275;E406Q:-1.9887;A411Y:-3.1315;G416I:-2.7015;I418N:-2.8422;D420P:-2.1140;T430A:-2.7765;C432A:-4.2640;V433S:-3.2694;L441K:-0.8313;Y449L:-1.5400;N450R:-1.2972;L452I:-1.5860;L455K:-1.0570;P463A:-2.8607;E471P:-1.0322;I472Q:-1.2159;G476K:-0.9661;C480F:-1.6586;G485Y:-1.5747;N501Y:-1.4350;P507R:-1.9179;Y508F:-2.3209;R509V:-2.2683;V510S:-3.1028;E516T:-2.7448;L517A:-3.5374;H519C:-1.9243;A520C:-3.7635;A522V:-3.6673;V524G:-4.1764;C525P:-4.2599,Y28F;K41R;H69N;K77D;N87G;S94N;G103F;W104S;F106T;K113S;S116N;L117N;V120A;I128S;C131Q;E132Q;N137G;D138Y;L141V;W152S;E156S;V159S;Y160A;S161C;S162A;C166V;F168Y;E169L;V171P;F175L;L176R;M177L;Q183N;K187F;L189F;D198Y;I210D;D215Q;P217A;Q218F;E224V;V227L;I235Q;R237N;T250G;G252D;S254T;S255T;S256A;Q271R;K278T;E281D;G283V;I285D;C291S;S297T;K304F;F306G;K310I;Q314N;N317E;R319K;Q321I;S325N;V327N;N331T;I332L;C336V;P337E;E340N;A348N;I358C;N360Y;S366N;K378Y;Y380T;L387D;G404E;E406Q;A411Y;G416I;I418N;D420P;T430A;C432A;V433S;L441K;Y449L;N450R;L452I;L455K;P463A;E471P;I472Q;G476K;C480F;G485Y;N501Y;P507R;Y508F;R509V;V510S;E516T;L517A;H519C;A520C;A522V;V524G;C525P;N536V;V539N;G548V;G550N;N556F;K558P;L560F;I569D;V576T;R577L;E583L;I587V;S591I;G593V;S596I;T599G;N603A;Q607Y;V608Y;A609G;L611Y;Q613V;D614G;I624A;L629V;R634S;Y636F;G639H;F643T;G648I;A653S;H655Y;V656S;N658I;Y660A;A668S;Y674Q;N679A;P681V;R683S;S686I;V687S;Q690A;S691A;I692A;A694T;E702V;Y707P;N709F;S721T;T723E;T732S;T739Y;M740Y;D745E;E748L;C749Q;L752C;L753T;L763V;R765T;A766E;I770V;V772D;Q774K;N777F;Q779K;Q787P;Y789I;P793N;D796Y;G799I;Q804L;I805P;K811S;S813I;E819L;V826I;Q836A;D839Q;C840D;G842I;K854N;F855V;L858P;L865D;M869A;Q872L;A876L;L877A;L878G;A879T;T883G;F888G;G891N;Q895P;P897A;M900H;Y904I;F906Q;G910T;V911Y;E918I;Q920I;L922A;Q926I;I931K;I934S;Q935T;D936L;S939A;A942K;L945K;N960S;K964S;Q965I;I973N;S975F;N978K;V987A;A989E;E990D;V991G;D994R;G999S;T1006V;Y1007H;I1018S;A1022K;L1024A;A1025T;A1026C;V1033G;L1034V;F1042G;K1045P;L1049F;F1052P;Q1054A;S1055P;F1062Y;H1064Q;Y1067A;C1082D;H1083K;A1087G;E1092F;G1093V;T1100W;F1103E;T1105I;R1107F;N1119V;V1129N;G1131N;N1134P;V1137Q;L1145K;D1146L;L1152H;K1157T;H1159L;D1165G;I1169S;G1171A;I1172Q;V1176K;I1179R;I1183A;L1186V;N1187D;E1188S;N1192E;S1196I;G1204K;Y1206Q;Q1208E;W1212G;G1219I;G1223M;I1227L;I1232M;C1236S;M1237C;S1242K;C1250F;G1251C;S1252G;C1253K;E1262L;P1263L;G1267K,39.0,208.0,1.0,74.0,26.0,22.0
root_child_0_child_0_child_1_child_0_child_0_child_1_child_0_child_1_child_1_child_0|leaf,304,0.761194,304,0.761194,303,MZ477792.1,51,0.746269,300,300,51,-117.77348616838084,-2.309284042517271,-1.4350399149338156,-1.4350399149338156,-6.238286997049997,-1.0397144995083327,6,R346T;E484F;Q498Y;G485N;E471Q;K458R,N501Y,1,D138Y;N501Y;D614G,3,D614G;N501Y,2,T333P:-2.1624;F342N:-2.7584;T345Y:-2.0228;R346T:-0.7574;S349R:-1.9652;V350A:-3.2598;W353S:-3.2987;N354R:-1.2966;S359D:-2.9092;V362Y:-3.1662;Y369G:-3.1677;T376K:-2.4331;L390Y:-3.5850;C391Y:-4.4373;A397K:-3.0270;R403C:-1.4746;A411Q:-2.3726;N422K:-2.9844;D427C:-2.4535;V433A:-3.4829;I434N:-2.4944;N437S:-2.2393;S438L:-1.5900;G446Y:-1.4345;Y449L:-1.5400;F456L:-1.4342;K458R:-1.2139;L461R:-1.3486;K462L:-1.4119;E471Q:-1.1641;Y473G:-1.6051;G476T:-1.4965;C480F:-1.6586;E484F:-0.8633;G485N:-1.1326;C488F:-1.9176;L492S:-1.7157;S494G:-1.3122;F497Y:-2.6347;Q498Y:-1.1069;T500Y:-1.3583;N501Y:-1.4350;Q506F:-2.2348;V512A:-3.3615;L517T:-3.4471;L518S:-3.1729;P521G:-3.6874;V524G:-4.1764;C525S:-4.2948;P527L:-3.2639;S530N:-3.0123,L24S;A27N;V36D;V42S;F43V;S45L;H66S;G72D;K77P;R78V;L84D;S94N;E96D;S98I;W104F;I105T;F106T;T114S;I119V;V127K;F135L;D138Y;L141H;Y144S;E156S;V159S;Y160V;P174G;L176D;L179K;V193D;N196H;Y200S;F201I;K202H;I203S;Y204F;H207L;D228P;P230G;G232I;N234R;I235F;F238N;T240A;H245P;Y248D;G252S;S254G;S255L;S256A;T259A;A260Y;R273T;T274N;T286A;C291S;P295S;L296E;K300P;V308G;N317R;Q321V;P322R;V327P;R328I;T333P;F342N;T345Y;R346T;S349R;V350A;W353S;N354R;S359D;V362Y;Y369G;T376K;L390Y;C391Y;A397K;R403C;A411Q;N422K;D427C;V433A;I434N;N437S;S438L;G446Y;Y449L;F456L;K458R;L461R;K462L;E471Q;Y473G;G476T;C480F;E484F;G485N;C488F;L492S;S494G;F497Y;Q498Y;T500Y;N501Y;Q506F;V512A;L517T;L518S;P521G;V524G;C525S;P527L;S530N;N540T;L546V;T549S;E554L;K557L;K558F;F559A;G566A;I569M;D574P;R577L;D586S;V597P;I598D;T602Q;T604V;S605Q;Y612Q;D614G;T618P;V622Q;L629T;T632S;R634G;G639V;N641A;G648I;L650S;I651A;E654N;V656S;N658E;G669Y;I670S;C671T;Q675K;N679R;R685A;M697I;V705N;Y707N;N709I;N710I;A713S;N717I;V722P;E725S;S730I;T734M;D737I;C738M;T739K;M740D;Y741C;D745E;S746L;S750L;L753T;Y756S;C760R;N764A;L767V;Q779F;T791F;P792K;I794D;G799F;N801Q;Q804K;K811I;R815I;F817K;L821A;D830F;A831D;D843L;I844A;L849C;L858P;T866E;D867Q;M869A;Q872S;Y873A;S875L;L878T;A879I;T883G;S884A;F888I;F898G;A903N;F906N;N907Y;I909V;N914Q;A924Q;F927K;D936L;A942K;A944D;Q949N;V952Q;A956K;V963S;N969A;I973S;D979F;L984K;E988L;Q992D;D994Q;R995G;L996D;I997L;T998R;R1000T;T1006Q;L1012E;L1024A;A1026L;M1029G;G1046L;L1049T;M1050Q;P1053T;H1058F;F1062H;T1066P;V1068F;A1070E;F1075T;T1076A;T1077P;C1082D;H1083K;H1088V;E1092F;G1093T;V1094T;S1097H;G1099H;T1100F;F1103Q;T1105R;Q1106P;N1108Q;Q1113P;T1120N;S1123E;G1124V;D1127N;I1130V;G1131N;N1134V;N1135Y;D1146K;K1149E;Y1155N;G1167I;G1171A;V1176I;V1177Q;N1178K;E1188K;V1189N;K1191N;E1195L;Y1206E;E1207I;Y1209K;P1213Y;I1216L;G1219V;M1229I;M1237C;C1250S;C1253K;C1254D;D1259E;E1262V;V1264Y;L1265T,96.0,74.0,1.0,105.0,26.0,88.0
root_child_0_child_0_child_1_child_0_child_1_child_0_child_0_child_0_child_0|leaf,304,0.761194,304,0.761194,303,MZ477792.1,57,0.716418,298,298,56,-122.71977554916545,-2.1914245633779545,-1.4350399149338156,-1.4350399149338156,-5.420987258851362,-0.903497876475227,6,F490R;K444G;R346T;G476K;Q498V;K458R,N501Y,1,N501Y;D614G,2,D614G;N501Y,2,N331C:-2.6574;T333D:-1.7415;N334F:-2.2519;G339T:-1.9415;F342N:-2.7584;T345D:-1.6311;R346T:-0.7574;S349R:-1.9652;Y351K:-2.2797;W353K:-2.7975;D364Y:-2.7447;F374G:-2.9048;S383T:-3.3231;C391Y:-4.4373;N394A:-2.5225;Y396S:-2.9446;A397E:-3.0999;D405G:-1.3426;R408T:-1.8521;Q414A:-2.1073;G416I:-2.7015;D420L:-1.5687;N422D:-3.1461;D427C:-2.4535;D428V:-2.2825;F429W:-3.6467;N437D:-2.4091;K444G:-0.7259;G446Y:-1.4345;Y449L:-1.5400;K458R:-1.2139;S459L:-1.5423;K462I:-1.4277;R466I:-1.8387;I468E:-1.2971;I472Y:-1.3320;Y473G:-1.6051;Q474N:-1.3228;G476K:-0.9661;C480G:-1.4492;C488L:-1.8488;Y489Q:-1.9119;F490R:-0.6679;P491S:-1.7214;L492S:-1.7157;Q498V:-1.0898;T500H:-1.4926;N501Y:-1.4350;V512A:-3.3615;F515L:-3.1924;L517A:-3.5374;P521V:-3.6426;V524G:-4.1764;P527L:-3.2639;K528L:-2.6864;S530N:-3.0123,T19R;L24S;D40F;F43V;S45L;L56F;P57S;T63A;F65T;G72K;T73S;R78D;D80P;V83D;L84D;Y91A;I101G;G103I;W104I;I105T;T108D;L110K;D138L;L141H;K150C;N165S;T167E;F168Q;E169S;P174G;L176M;M177D;Q183R;I203T;Y204K;K206T;I210D;N211L;R214D;L223P;E224L;D228P;I233N;I235S;F238L;H245P;Y248D;G252S;S256W;G257A;T259A;A260Y;A263G;V267T;P272T;F275G;E281G;I285E;T286V;A288V;C291H;L293E;P295S;K300L;C301V;T302E;T307E;V308G;I312N;T323S;S325R;V327P;N331C;T333D;N334F;G339T;F342N;T345D;R346T;S349R;Y351K;W353K;D364Y;F374G;S383T;C391Y;N394A;Y396S;A397E;D405G;R408T;Q414A;G416I;D420L;N422D;D427C;D428V;F429W;N437D;K444G;G446Y;Y449L;K458R;S459L;K462I;R466I;I468E;I472Y;Y473G;Q474N;G476K;C480G;C488L;Y489Q;F490R;P491S;L492S;Q498V;T500H;N501Y;V512A;F515L;L517A;P521V;V524G;P527L;K528L;S530N;C538F;L546G;T549G;V551N;K557F;F559A;Q563V;I569D;D571V;D574P;A575R;R577L;D586T;S596T;T599L;G601T;Y612Q;D614G;D627K;S637T;G648V;C649V;I651E;V656S;A668G;G669Q;A672R;R685A;S689A;Q690L;L699V;N703Y;V705Y;Y707N;N709I;V722P;T724L;V729D;K733D;T734M;D737I;M740I;D745E;S746L;L752G;L753S;F759N;N764A;L767D;I770T;V772Q;D775E;N777A;Y789E;T791F;P792G;I794D;K795G;G799D;N801Q;L806P;P807K;F817E;F823T;D830F;I834C;K835I;G838D;L841D;D843L;I844A;Q853S;F855G;L858P;T866E;D867Q;Y873A;L878T;T881N;T883G;S884G;W886G;M902G;A903R;F906N;I909Q;N914Q;Y917N;K933Q;A942K;V951Q;N953A;N960S;V963S;Q965G;S968G;G971V;I973S;S975N;N978R;E988Q;Q992D;D994L;R995G;L996S;L1004T;L1012E;R1014I;I1018L;L1024A;K1028S;M1029E;S1030G;V1033D;S1037L;V1040K;G1046L;S1051G;Q1054G;H1058F;F1062H;T1066V;V1068N;P1069T;N1074F;F1075D;A1078H;A1080H;C1082K;R1091G;E1092F;G1093H;V1094F;S1097T;F1103R;T1105R;Q1106P;R1107Y;F1109I;T1120M;D1127I;I1130V;G1131N;N1134V;Y1138L;P1140L;L1141P;D1146K;Y1155S;F1156H;K1157P;H1159V;P1162V;G1167I;G1171N;A1174V;V1176K;V1177Q;N1178K;I1183E;L1186V;E1188R;V1189N;E1195Y;W1212Y;S1239C;C1250S;C1253K;E1262L;H1271T,141.0,4.0,1.0,5.0,26.0,189.0
root_child_0_child_0_child_1_child_0_child_0_child_0_child_1_child_0_child_0|leaf,304,0.761194,304,0.761194,303,MZ477792.1,60,0.701493,297,297,59,-148.491376383369,-2.516802989548626,-1.4350399149338156,-1.4350399149338156,-5.3345296725106515,-1.0669059345021303,5,R346T;G485E;Q498Y;F456S;K458R,N501Y,1,N501Y;D614G,2,D614G;N501Y,2,N334P:-1.9699;E340F:-1.5435;F342N:-2.7584;A344R:-1.7712;T345Y:-2.0228;R346T:-0.7574;F347R:-2.1584;S349R:-1.9652;V350A:-3.2598;W353N:-3.1625;N354R:-1.2966;R357V:-1.6007;V362Y:-3.1662;Y369G:-3.1677;N370T:-2.6435;S375Y:-2.1412;F377D:-2.6467;C379T:-4.2015;L390Y:-3.5850;C391Y:-4.4373;V395R:-3.2027;G404I:-2.1620;E406I:-1.6642;A411N:-2.9595;Q414A:-2.1073;T415K:-2.0732;L425G:-3.3954;D427C:-2.4535;G431V:-3.8931;V433N:-3.2052;N437S:-2.2393;D442V:-2.1816;F456S:-1.2075;R457D:-1.7238;K458R:-1.2139;L461F:-1.9409;K462L:-1.4119;C480F:-1.6586;G485E:-1.0488;L492S:-1.7157;F497Y:-2.6347;Q498Y:-1.1069;T500Y:-1.3583;N501Y:-1.4350;Q506Y:-2.1203;R509S:-2.3844;V510L:-3.0655;V512A:-3.3615;E516P:-3.0508;L517T:-3.4471;A520C:-3.7635;P521V:-3.6426;A522K:-2.7637;T523K:-3.3015;V524S:-3.9754;C525T:-4.2054;P527L:-3.2639;S530N:-3.0123;T531L:-2.8851,T19R;L24S;N30R;Y37D;F43V;W64I;A67G;R78V;D80P;P82L;L84N;F86Y;N87G;S98I;I101G;W104F;I105T;I119V;C131N;E132Q;F133D;L141H;W152S;M153E;N164F;N165F;Q173L;P174G;L176D;L179R;E180K;K182Q;Q183K;N185L;N188R;E191F;N196D;K202H;I203L;Y204F;I210R;R214S;Q218P;D228P;G232I;I235S;F238L;H245P;Y248D;G252S;S256A;T259A;A260Y;G261Y;T286A;C291S;A292N;P295S;T299S;V308K;K310S;T315P;F318V;Q321I;T323F;V327P;N334P;E340F;F342N;A344R;T345Y;R346T;F347R;S349R;V350A;W353N;N354R;R357V;V362Y;Y369G;N370T;S375Y;F377D;C379T;L390Y;C391Y;V395R;G404I;E406I;A411N;Q414A;T415K;L425G;D427C;G431V;V433N;N437S;D442V;F456S;R457D;K458R;L461F;K462L;C480F;G485E;L492S;F497Y;Q498Y;T500Y;N501Y;Q506Y;R509S;V510L;V512A;E516P;L517T;A520C;P521V;A522K;T523K;V524S;C525T;P527L;S530N;T531L;T549F;F559A;L560F;I569L;D574P;R577L;T581E;D586S;F592I;V595I;G601C;T604S;S605Q;Q607N;Y612Q;D614G;C617T;V622Q;T638Q;F643R;G648I;V656S;N657S;N658I;A668S;G669A;T676K;N679R;P681C;R682A;A684Q;I692S;V705N;Y707A;N709I;V722P;T734M;D737C;T739K;M740I;Y741N;D745E;S746L;T747N;L753S;Y756S;G757T;C760T;Q762N;N764A;L767V;Q779K;V785Q;I788P;T791F;P792K;I794D;N801Q;F802K;S803D;I805P;F817K;E819F;N824K;K825L;D830K;I834D;Y837G;G842I;I844A;D848I;L858P;P862D;L865I;T866E;D867F;Q872T;Y873A;L878T;T883G;F888I;Q895M;A903M;Y904P;F906N;N907Y;I909Y;N914Q;D936L;A942K;Q949V;V952Q;N953A;A958V;V963Q;K964S;I973S;L977I;D979F;I980D;R983V;V987I;E988V;E990V;V991M;Q992D;I993T;D994L;R995G;L996D;T998L;Q1010A;L1012E;I1013N;A1015I;L1024A;A1026L;M1029L;G1035R;G1046L;L1049T;M1050Q;F1062H;H1064A;Q1071C;E1072L;F1075T;T1076P;P1079I;A1080H;C1082G;H1083G;D1084K;K1086V;E1092F;V1094F;S1097T;G1099F;T1105R;Q1106P;T1117F;T1120N;N1125I;V1128G;I1130E;G1131N;N1134V;N1135Y;L1141P;D1146K;T1160P;P1162T;G1167I;I1172Q;V1176E;V1177Q;N1178K;I1183K;E1188K;V1189A;N1192E;G1204E;Y1209K;I1225V;T1231M;L1234C;C1250S;C1253K;D1260E;P1263K;K1266V;T1273C,240.0,230.0,1.0,140.0,26.0,218.0
root_child_0_child_1_child_1_child_0_child_0_child_1_child_0|leaf,305,0.760408,305,0.760408,304,MZ477792.1,47,0.766169,303,303,46,-117.75078382906588,-2.559799648457954,-1.4350399149338156,-1.4350399149338156,-4.0886655282730215,-1.0221663820682554,4,V503R;G476K;E471P;I472N,N501Y,1,D138Y;N501Y;D614G;V1176F,4,D614G;N501Y,2,I332L:-2.4919;P337F:-2.7861;F338T:-3.3167;E340F:-1.5435;F347R:-2.1584;R357E:-1.8837;I358D:-3.1976;A363Y:-3.3175;D364Y:-2.7447;K378Y:-2.2888;C379V:-4.0862;G381S:-3.6522;L387D:-3.4025;L390V:-3.7422;A397F:-3.4911;D398V:-3.2640;F400G:-3.4397;I402N:-2.2419;G413Y:-2.6433;D427F:-1.9055;V433W:-3.4957;W436L:-2.7359;N448Y:-2.3452;Y449L:-1.5400;N450Q:-1.4572;R454S:-1.8175;P463R:-2.0892;E465I:-1.7659;E471P:-1.0322;I472N:-1.1817;G476K:-0.9661;C480F:-1.6586;G485F:-1.4615;Y495W:-2.6176;T500G:-1.6884;N501Y:-1.4350;V503R:-0.9088;V510S:-3.1028;V512A:-3.3615;L517A:-3.5374;H519V:-1.7956;A520C:-3.7635;A522V:-3.6673;V524G:-4.1764;P527S:-3.3537;T531V:-3.1985,N17C;G35Y;K41R;S50D;L54F;P57S;I68S;H69L;L84F;F106T;Q115L;S116N;L117R;I119T;A123N;I128S;C131F;F133W;C136L;D138Y;V143S;K147S;K150M;E154V;E156S;V159S;Y160A;N164I;F168Y;F175E;L176R;Q183N;G184K;N185E;L189F;R190F;N196D;S205N;H207L;P209F;I210L;D215Q;E224V;I235Q;L244Y;T250G;S256A;W258G;A264Q;Y269S;Q271R;T274L;I285D;D287A;A288S;D290S;C291S;A292P;P295E;F306G;T307F;Q314N;S316R;R319E;Q321I;V327M;I332L;P337F;F338T;E340F;F347R;R357E;I358D;A363Y;D364Y;K378Y;C379V;G381S;L387D;L390V;A397F;D398V;F400G;I402N;G413Y;D427F;V433W;W436L;N448Y;Y449L;N450Q;R454S;P463R;E465I;E471P;I472N;G476K;C480F;G485F;Y495W;T500G;N501Y;V503R;V510S;V512A;L517A;H519V;A520C;A522V;V524G;P527S;T531V;K535V;C538G;V539N;T549L;G550T;N556L;K558P;L560F;F562D;R567A;I569D;R577I;T581I;E583L;I584V;L585T;C590S;F592I;T599G;N606L;Q607V;V608L;Q613E;D614G;V620I;P621A;I624D;H625T;T630N;R634S;V635T;G639H;Q644A;G648I;A653S;H655C;V656S;S659Y;S673Y;Y674Q;T676S;N679A;A684S;V687I;S691A;T696A;G700V;E702N;N703Y;Y707A;A713P;S721F;T723E;T724I;I726V;L727V;P728K;T732D;V736D;T739Y;M740Y;C743D;D745E;C749Q;L752C;L753Q;G757A;S758C;F759Q;R765T;A766I;G769V;V772D;K776G;N777F;E780F;P793N;G799N;N801L;Q804L;S813I;A829Y;I834G;C840I;L841R;G842I;A845L;F855N;G857T;L858P;M869A;Q872L;L877G;I882A;T883G;T887A;F888A;G891A;Q895P;P897M;F898A;M900G;F906Q;V911Y;V915E;Y917N;E918Q;Q920F;Q926G;S929I;A930D;I931K;D936S;A942K;A958G;L962F;Q965G;I973N;S975F;L977N;R983L;V987A;I993T;G999Q;V1008I;A1015E;I1018Y;L1024A;A1025T;A1026C;L1034Q;C1043P;K1045P;L1049F;F1052A;Q1054F;S1055P;H1064T;C1082D;H1083K;A1087V;H1088R;E1092F;G1093V;G1099A;Q1113N;I1114T;N1119V;F1121I;V1129N;G1131N;N1134Q;V1137Q;P1140D;L1141P;L1145S;D1146L;F1148L;D1153N;Y1155K;H1159L;P1162L;D1165I;D1168N;S1170D;G1171A;I1172Q;A1174Q;V1176F;I1183A;L1186V;E1188S;N1192E;N1194S;S1196Q;Q1201E;Q1208E;W1212G;L1218A;A1222V;G1223V;M1229I;L1234C;C1235Y;S1242K;G1251C;C1253K;D1259K;S1261G;P1263L;V1264Y,95.0,239.0,1.0,76.0,31.0,35.0
root_child_0_child_0_child_0_child_1_child_1_child_1_child_0_child_1_child_0_child_0|leaf,305,0.760408,305,0.760408,305,MZ397166.1,52,0.741294,304,304,51,-119.65234528961156,-2.3461244174433635,-1.4350399149338156,-1.4350399149338156,-2.3988688530067783,-1.1994344265033892,2,K458N;T470I,N501Y,1,T20N;D138Y;N501Y;D614G;H655Y,5,D614G;N501Y,2,N331C:-2.6574;I332N:-2.6228;N334V:-1.9926;F338A:-3.2959;T345A:-1.8664;S349N:-1.8600;K356N:-2.0763;D364S:-2.9044;Y365A:-3.5437;V367Y:-2.6067;N370A:-2.2564;S371A:-2.2972;F374C:-2.8283;N388A:-2.4910;C391F:-4.2145;T393S:-2.3504;S399G:-2.6929;V401R:-1.5520;I402G:-2.5120;D405I:-1.6062;Q414G:-2.0889;G416K:-2.2963;A419Y:-3.1459;N422L:-3.1081;P426D:-2.2753;C432I:-4.1433;N437S:-2.2393;S443Y:-1.8219;Y449L:-1.5400;N450F:-1.4575;K458N:-1.1730;S459K:-1.3663;F464I:-2.2140;E465I:-1.7659;R466I:-1.8387;D467S:-1.7135;I468S:-1.4118;S469I:-1.7468;T470I:-1.2259;C480F:-1.6586;N487G:-1.3894;C488S:-2.1537;T500G:-1.6884;N501Y:-1.4350;Y505P:-2.0928;Y508S:-2.6816;P521K:-3.0410;V524G:-4.1764;C525P:-4.2599;P527L:-3.2639;S530N:-3.0123,P9L;T20N;Y28S;R34L;F43V;V47L;L54F;L56F;H66D;A67V;I68T;S71T;V90T;S94E;E96I;I101G;R102W;G103T;W104F;F106T;G107D;T109D;L117V;A123N;V127Q;I128C;C136F;D138Y;L141H;E156G;V159N;Y160V;N165T;F168Q;E169P;P174I;F175M;M177D;E180F;Q183N;N188F;P217A;F220A;I231M;G232V;I235Q;T236Q;P251S;G252S;D253A;S256A;W258A;T259G;G261Y;L270R;R273K;Y279D;G283P;T286D;C291S;P295C;L296E;L303G;Y313D;R319Q;F329N;N331C;I332N;N334V;F338A;T345A;S349N;K356N;D364S;Y365A;V367Y;N370A;S371A;F374C;N388A;C391F;T393S;S399G;V401R;I402G;D405I;Q414G;G416K;A419Y;N422L;P426D;C432I;N437S;S443Y;Y449L;N450F;K458N;S459K;F464I;E465I;R466I;D467S;I468S;S469I;T470I;C480F;N487G;C488S;T500G;N501Y;Y505P;Y508S;P521K;V524G;C525P;P527L;S530N;K535N;G550P;V551S;L552S;T553F;F559I;Q563F;Q564R;I569L;D571T;T573L;D574L;A575T;R577L;Q580I;D586P;G593V;N606L;A609G;D614G;N616T;H625P;V635S;T638N;F643T;Q644A;R646I;G648A;G652K;H655Y;A668S;R682I;R685V;Q690M;T696N;M697N;L699V;N703Y;A706G;N709I;N710T;A713T;I714T;V722P;E725V;I726V;L727V;V736D;D737I;C738S;M740I;C743L;D745E;L753Y;L754F;Q755T;T761N;N764A;I770V;D775N;F782V;A783I;T791F;P792K;I794D;K795N;D796Y;G799Q;N801Q;F802L;P812R;L828K;A829T;A831Q;Y837D;D839G;A845C;A846L;D848I;L858P;P862D;P863L;T866E;T874G;T883G;F898A;M900G;R905N;F906Q;G908V;Q913N;N914Q;V915I;I923Q;Q926I;F927G;N928S;I931K;G932D;I934A;D936S;A942K;S943K;A944G;L945K;Q949V;Q957L;N969I;G971I;A972L;I973D;S975L;R983K;E990A;Q992T;L996G;T998L;G999Q;L1001T;Q1005V;Y1007E;T1009Q;A1015L;R1019L;L1024A;A1025S;K1028L;M1029L;Q1036R;L1049G;P1079A;E1092F;V1094F;F1103T;T1105R;Q1106P;P1112F;I1114V;T1116D;N1119F;T1120N;F1121D;I1130V;G1131N;I1132P;N1134P;D1139L;L1145K;S1147Y;F1148K;K1149E;E1150Y;Y1155K;F1156S;N1158S;T1160V;G1167I;G1171V;A1174Q;V1176I;V1177K;N1178Q;K1181N;D1184N;E1188N;V1189N;L1193D;N1194E;I1198Q;D1199E;E1202K;K1205I;E1207D;K1211G;W1212L;L1218F;A1222V;I1225V;I1227V;C1235M;L1244C;C1253K;F1256V;D1259E;D1260G;L1265E;G1267L,109.0,114.0,1.0,236.0,31.0,99.0
root_child_1_child_1_child_0_child_0_child_1_child_1_child_0_child_0|leaf,306,0.759623,306,0.759623,305,MZ477792.1,42,0.791045,302,302,41,-96.93366631444185,-2.3642357637668745,-1.4350399149338156,-1.4350399149338156,-1.1660324999220926,-1.1660324999220926,1,N481V,N501Y,1,D138Y;N501Y;H655Y,3,N501Y,1,L335V:-1.9854;C336F:-4.0466;F338E:-3.0041;V341N:-2.6586;T345W:-1.9163;N354V:-1.5952;K356C:-1.8656;A363N:-3.6745;D364Y:-2.7447;L368N:-2.8684;C391T:-4.3715;T393D:-2.3590;N394I:-2.5091;V395S:-3.7400;V401G:-2.4730;D405A:-1.5484;V407Q:-2.4021;R408I:-1.6834;Q409A:-2.7239;I410P:-2.7430;G413D:-1.9963;N422L:-3.1081;L425D:-2.9019;D427F:-1.9055;T430I:-2.3659;V433Y:-3.4118;L441V:-1.5410;Y449S:-1.7609;R457N:-1.9868;L461P:-2.1355;F464T:-2.2843;Y473Q:-1.3706;N481V:-1.1660;N487Y:-1.7183;S494G:-1.3122;N501Y:-1.4350;G504P:-1.9402;V512S:-3.5688;H519C:-1.9243;K529T:-1.2935;S530L:-2.8938,R21S;T22N;L24A;P39V;L48Q;T51L;F65S;T73R;K77I;N81F;L84V;N87S;G89Y;W104I;G107T;K113S;N122V;Q134C;F135D;C136T;D138Y;F140K;W152F;N164E;G181Q;G184F;V193K;I197G;Y200K;F201I;K206I;H207V;I210V;V213P;G219I;F220D;A222L;L223P;E224F;P225G;D228G;L229T;P230G;I233N;I235S;T236F;L241A;P251S;A263F;Y266G;T274N;L276Y;Y279D;N280I;T286A;A288L;C291L;A292S;D294S;P295S;K310S;R328T;L335V;C336F;F338E;V341N;T345W;N354V;K356C;A363N;D364Y;L368N;C391T;T393D;N394I;V395S;V401G;D405A;V407Q;R408I;Q409A;I410P;G413D;N422L;L425D;D427F;T430I;V433Y;L441V;Y449S;R457N;L461P;F464T;Y473Q;N481V;N487Y;S494G;N501Y;G504P;V512S;H519C;K529T;S530L;L533F;V534K;N540G;F543G;G548T;T549Q;L552K;F559D;L560F;F562I;R567I;D574V;D578E;P579E;L582T;E583L;L585T;D586T;C590F;I598P;Q607S;D614Y;N616T;P631G;W633D;Y636V;T638F;T645E;R646G;A647L;G648I;L650G;A653S;H655Y;D663Q;I664A;T678V;A688M;S691I;I693S;S698G;E702S;Y707I;N710I;A713N;P715S;D745T;T747L;L752S;L754F;T761N;E773N;T778V;Q787T;P793K;K795F;F797I;N801S;F802S;S803I;Q804S;I805P;K811F;P812F;R815T;D820L;G832I;F833D;I834D;Y837A;G838L;C840I;G842A;R847T;D848C;I850A;Q853T;L858P;V860D;P863T;L864T;L865M;M869Q;A871L;Y873S;S875L;G880T;T883G;S884G;W886I;F888G;A890L;A892F;L894A;Q895P;I896A;M900Q;M902P;F906Q;I909V;T912Q;L916Q;E918I;N925K;N928L;A930G;G932T;I934S;T941S;A942S;L948V;Q954T;L962S;V963F;L966A;F970A;G971I;V976N;L977R;N978R;K986E;V987E;E988D;E990A;Q992D;I993R;R995L;S1003Y;Q1005I;Q1011I;R1014A;I1018S;L1024A;A1025S;K1038D;D1041L;G1046H;H1048S;M1050A;P1053A;H1058T;G1059V;V1060S;V1061Y;H1064P;V1068F;A1070E;Q1071N;H1083F;A1087V;E1092S;V1096G;N1098Q;H1101F;W1102Y;N1108Y;F1109I;I1115G;T1116F;T1117V;S1123V;C1126G;D1127V;G1131N;V1133D;N1134P;V1137P;Y1138E;K1149L;Y1155F;F1156N;P1162V;V1164L;S1175I;V1176I;E1182R;I1183R;N1187K;E1188I;N1194D;S1196D;L1197Y;I1198D;E1207I;L1218I;F1220A;V1228I;T1231I;C1235L;C1236Y;T1238L;C1247S;S1249D;G1251C;C1253K;E1262G;P1263Q;G1267T;V1268H,9.0,131.0,1.0,228.0,33.0,3.0
root_child_1_child_1_child_0_child_1_child_0_child_1_child_1_child_0|leaf,306,0.759623,306,0.759623,305,MZ477792.1,47,0.766169,303,303,46,-111.93108604689175,-2.4332844792802555,-1.4350399149338156,-1.4350399149338156,-2.1122896803781526,-1.0561448401890763,2,K529L;I472Q,N501Y,1,D138Y;N501Y;V1176F,3,N501Y,1,T333L:-1.9641;N334F:-2.2519;L335V:-1.9854;E340S:-1.3924;V341A:-3.0576;T345A:-1.8664;R355T:-2.6817;D364Y:-2.7447;Y369N:-2.9995;S383N:-3.5369;C391T:-4.3715;T393S:-2.3504;N394S:-2.2569;V395I:-3.2946;G404V:-2.2315;R408I:-1.6834;A411G:-3.1893;G413D:-1.9963;G416Y:-2.8096;N422L:-3.1081;L425D:-2.9019;D428A:-1.9453;C432G:-4.3209;V433S:-3.2694;W436N:-2.6391;S438K:-1.4481;N440L:-1.4022;Y449S:-1.7609;R454N:-1.6636;R457N:-1.9868;K462I:-1.4277;P463S:-2.5121;F464A:-2.4228;I472Q:-1.2159;G476P:-1.3326;N481Y:-1.3420;N487Y:-1.7183;L492F:-2.2180;N501Y:-1.4350;G504P:-1.9402;V512S:-3.5688;L513F:-3.8349;F515V:-3.4093;A522P:-3.6749;G526T:-3.8718;K529L:-0.8964,V6F;T19R;R21S;L24S;L48Q;T51L;F79L;P85Y;N87S;F92I;T95I;K97N;W104T;G107T;L110Q;K113S;T114I;L117N;L118V;C136F;D138Y;L141V;S162T;S172E;G181Q;G184F;R190I;V193D;K195Y;I197G;F201Y;K206P;H207V;I210G;Q218F;F220D;P230G;N234T;I235S;T236F;R237L;F238A;L244R;R246P;P251K;G252D;D253F;G257Y;A262Y;A263Y;Y265V;Y269F;L270R;L276Y;N282D;T286A;A288C;D290S;C291S;T302N;K310S;I312N;T315V;R319P;Q321T;E324F;T333L;N334F;L335V;E340S;V341A;T345A;R355T;D364Y;Y369N;S383N;C391T;T393S;N394S;V395I;G404V;R408I;A411G;G413D;G416Y;N422L;L425D;D428A;C432G;V433S;W436N;S438K;N440L;Y449S;R454N;R457N;K462I;P463S;F464A;I472Q;G476P;N481Y;N487Y;L492F;N501Y;G504P;V512S;L513F;F515V;A522P;G526T;K529L;N532K;V534K;N540F;F541K;T549Q;K558L;F559D;P561F;F562I;Q563F;R567I;D571I;T573P;D574L;D578T;Q580E;L582I;E583I;D586T;C590T;G593T;T599P;P600T;V610C;Y612V;Q613N;D614R;N616V;V620L;H625P;D627P;P631Y;V635N;T638S;V642R;T645A;G648A;L650G;H655E;C662G;D663Q;P665I;A668S;T676H;P681S;R683Q;A688M;S689I;I693L;Y695G;M697L;L699E;Y707I;N709I;N710I;I714T;T716S;S721T;V722L;T724K;I726S;S730T;K733S;D737I;M740T;C743S;N751L;L752Q;L754F;V772D;E773V;N777V;Q784K;V785I;K790I;Q804S;I805P;R815F;F823A;N824V;K825T;I834Y;C840L;G842A;D843L;R847A;L849A;Q853T;L858P;V860P;M869Q;Y873E;T874A;L878S;A879G;I882S;T883G;F888G;A890V;A892L;Q895P;I896A;M902P;F906G;I909Y;N914I;L916Y;E918I;N919L;Q926S;N928L;A930D;G932I;S937A;Q954T;V963K;L966S;S968V;F970A;G971I;A972V;I973V;V991G;Q992D;G999Q;L1004V;Q1005I;I1018L;R1019A;S1021A;L1024A;A1025S;C1032V;G1046F;H1048S;M1050A;P1053A;Q1054V;F1062T;L1063T;N1074T;A1080K;G1085R;H1088V;P1090S;E1092S;H1101F;N1108Q;N1119F;C1126G;D1127V;G1131N;N1134P;N1135I;Y1138D;P1140Q;L1141P;P1143D;L1145S;K1149L;Y1155C;H1159V;P1162D;V1164L;I1169A;I1172A;S1175I;V1176F;K1181D;E1188L;N1194S;S1196Q;Q1201L;L1203K;Y1206E;E1207I;Q1208K;L1218I;F1220A;I1221A;V1228I;L1234S;S1239C;S1249G;C1253K;C1254D;K1255S;D1260E;P1263K;K1266H;V1268H,57.0,195.0,1.0,123.0,33.0,35.0
root_child_0_child_0_child_1_child_0_child_1_child_1_child_0_child_0_child_0_child_1|leaf,306,0.759623,306,0.759623,305,MZ477792.1,52,0.741294,299,299,50,-115.77693503967697,-2.3155387007935384,,,-4.127701091883875,-1.0319252729709687,4,R346T;G476K;Q498T;K458R,,0,D614G,1,D614G,1,N334F:-2.2519;E340L:-1.5926;F342N:-2.7584;T345Y:-2.0228;R346T:-0.7574;A348N:-1.7057;S349R:-1.9652;Y351I:-2.2083;D364Y:-2.7447;Y365A:-3.5437;N370T:-2.6435;Y380S:-3.1557;S383T:-3.3231;C391Y:-4.4373;T393V:-2.5757;Y396S:-2.9446;A397E:-3.0999;D405G:-1.3426;E406R:-1.3158;R408T:-1.8521;G413I:-2.5114;Q414A:-2.1073;A419L:-3.0512;D420L:-1.5687;Y421L:-2.4822;N422F:-3.0747;D427C:-2.4535;G446Y:-1.4345;G447Y:-2.0613;Y449L:-1.5400;R454S:-1.8175;K458R:-1.2139;I472Y:-1.3320;G476K:-0.9661;C480F:-1.6586;G485C:-1.6490;L492S:-1.7157;Q498T:-1.1903;P499G:-1.6178;T500V:-1.4177;N501T:-1.3348;P507R:-1.9179;V512A:-3.3615;L513H:-3.3179;L517T:-3.4471;P521V:-3.6426;V524G:-4.1764;P527L:-3.2639;S530N:-3.0123;T531V:-3.1985,L24S;R34G;D40F;K41R;F43V;Q52F;L56F;T63A;G72K;T76I;D80F;P82L;L84G;F92S;K97I;I100R;I101G;W104F;I105L;I119T;D138L;P139L;L141H;M153Y;F157S;R158N;P174G;M177C;D178E;Q183R;K195I;K202H;I203L;Y204F;K206G;H207V;I210D;R214D;D228P;N234T;I235S;F238L;T240A;L244T;H245S;Y248D;L249S;G252S;S255T;S256A;G257A;W258L;T259A;A260Y;V267R;L270P;E281G;T284V;C291S;P295S;T299C;K300L;C301T;V308G;G311Y;R319T;V320I;P322E;T323I;V327P;F329T;N334F;E340L;F342N;T345Y;R346T;A348N;S349R;Y351I;D364Y;Y365A;N370T;Y380S;S383T;C391Y;T393V;Y396S;A397E;D405G;E406R;R408T;G413I;Q414A;A419L;D420L;Y421L;N422F;D427C;G446Y;G447Y;Y449L;R454S;K458R;I472Y;G476K;C480F;G485C;L492S;Q498T;P499G;T500V;N501T;P507R;V512A;L513H;L517T;P521V;V524G;P527L;S530N;T531V;V534K;N536F;K537G;C538F;F543L;T549F;V551N;F559C;Q563V;D568A;I569L;D574P;R577L;L585S;D586S;C590G;T599Q;G601T;A609L;Y612Q;D614G;W633N;G648I;I651E;V656S;A668S;Q690I;V705S;Y707N;S708N;N709S;S711I;F718T;V722P;T724L;E725P;L727K;T734M;S735C;M740I;D745E;S746L;S750Q;L752G;L753S;T761L;N764A;A766Q;T768D;A771Q;V772K;D775T;T778I;Q787C;T791F;P792A;I794D;K795F;N801Q;P807K;S813F;K814S;D830F;C840A;I844A;Q853S;F855G;T866S;D867Q;I870S;Y873A;L878T;T883G;W886G;G891A;A892L;M902Y;R905G;F906N;I909G;G910Q;N914Q;Y917F;F927A;I934A;Q935L;S939K;T941S;A942K;N953A;Q957V;A958T;V963S;I973S;N978K;D979F;E988L;Q992D;I993L;D994Q;R995T;L996D;L1004Y;Q1010A;L1012E;E1017D;A1022L;L1024A;M1029G;V1033R;G1035D;R1039D;V1040Y;G1044L;G1046S;H1048I;P1057H;F1062H;Y1067P;V1068N;N1074T;C1082K;F1089V;E1092F;V1094F;V1096N;S1097T;W1102Y;T1105P;Q1106P;R1107Y;N1108Y;I1115V;T1117N;T1120N;I1130V;G1131N;N1134V;N1135E;Y1138L;P1140Q;L1141P;Q1142L;D1146K;F1148D;K1154F;Y1155Q;H1159V;T1160P;G1167I;S1170I;I1172Q;N1173V;S1175E;V1176I;V1177Q;N1178K;I1179D;V1189N;K1191L;N1192L;S1196L;I1198Q;G1204E;I1210G;P1213Y;Y1215G;G1219I;A1226V;M1229I;C1236T;M1237C;S1239C;C1250E;C1253K;E1262L;H1271Y;T1273A,82.0,82.0,221.0,89.0,33.0,99.0
root_child_1_child_1_child_0_child_1_child_0_child_1_child_1_child_1_child_0|leaf,306,0.759623,306,0.759623,305,MZ477792.1,49,0.756219,303,303,48,-117.32416464561013,-2.444253430116878,-1.4350399149338156,-1.4350399149338156,-1.9417747507743852,-0.9708873753871926,2,K444G;I472Q,N501Y,1,D138Y;N501Y,2,N501Y,1,N334F:-2.2519;L335V:-1.9854;V341A:-3.0576;T345W:-1.9163;V350N:-2.9890;R355T:-2.6817;D364Y:-2.7447;Y365V:-3.4816;Y369N:-2.9995;F374S:-2.5796;S383N:-3.5369;D389L:-2.9151;C391T:-4.3715;T393S:-2.3504;N394S:-2.2569;V395I:-3.2946;R408I:-1.6834;A411G:-3.1893;G413D:-1.9963;G416Y:-2.8096;N422L:-3.1081;L425D:-2.9019;V433S:-3.2694;W436N:-2.6391;N437C:-2.5154;S438N:-1.7582;N440L:-1.4022;K444G:-0.7259;N448Y:-2.3452;Y449S:-1.7609;N450Y:-1.3610;R454N:-1.6636;R457N:-1.9868;K462I:-1.4277;P463S:-2.5121;F464A:-2.4228;I472Q:-1.2159;G476P:-1.3326;N487Y:-1.7183;L492F:-2.2180;T500V:-1.4177;N501Y:-1.4350;G504P:-1.9402;Y505Q:-1.8933;V512S:-3.5688;L513F:-3.8349;V524G:-4.1764;G526N:-3.6815,V6F;T19R;R21S;L24S;L48T;H49Q;T51L;P57S;H66S;N81V;P85I;N87S;F92I;W104T;G107T;K113S;T114I;L117N;L118V;D138Y;L141V;S162T;F168V;S172E;G181Q;G184F;L189E;R190I;K195Y;N196D;I197G;F201Y;K202I;K206R;H207V;I210G;V213F;Q218F;F220D;L226I;P230G;N234I;I235S;T236F;R237L;F238A;Q239R;L244R;P251L;D253F;G257A;A262Y;A263Y;A264Y;Y265V;L270R;T274K;L276Y;N282D;T286A;A288C;C291S;D294T;T302N;F306K;K310S;I312N;T315V;R319P;Q321T;E324F;N334F;L335V;V341A;T345W;V350N;R355T;D364Y;Y365V;Y369N;F374S;S383N;D389L;C391T;T393S;N394S;V395I;R408I;A411G;G413D;G416Y;N422L;L425D;V433S;W436N;N437C;S438N;N440L;K444G;N448Y;Y449S;N450Y;R454N;R457N;K462I;P463S;F464A;I472Q;G476P;N487Y;L492F;T500V;N501Y;G504P;Y505Q;V512S;L513F;V524G;G526N;N532K;V534K;N540F;F541K;T549Q;F559Q;P561F;F562I;Q563F;F565T;D571I;T573P;D574L;D578I;Q580E;L582T;E583I;D586T;C590T;S591G;F592G;G594V;T599P;P600T;Y612V;Q613N;D614R;N616P;C617A;V620L;H625Q;P631Y;T638S;V642R;T645A;G648I;L650G;E654N;H655N;S659I;D663Q;P665I;Q675H;A688M;S689I;Q690Y;Y695M;M697L;L699E;Y707I;N709I;N710I;T716S;S721T;V722L;T724K;I726S;S730T;K733S;M740T;C743S;E748L;L752Q;L753F;L754G;V772G;E773V;N777V;Q784K;V785I;T791I;Q804S;I805S;D808K;P812R;R815F;K825T;C840L;G842A;D843L;R847A;D848I;Q853V;L858P;V860P;M869Q;Y873S;T874A;A879G;G880I;T883G;F888G;A890V;A892L;Q895P;I896A;M900A;M902P;F906G;L916I;E918I;N919I;Q920F;Q926S;N928L;I931K;S937A;Q954T;A958N;V963K;S968V;F970A;G971I;V991G;Q992D;L996I;L1001Q;L1004V;I1018L;R1019A;S1021A;L1024A;A1025S;A1026L;T1027C;G1046S;H1048S;M1050S;P1053A;Q1054V;Q1071N;N1074T;A1080K;G1085P;H1088V;E1092S;V1094G;H1101F;F1103T;N1108Q;T1120G;C1126G;D1127V;G1131V;V1133G;N1134P;N1135Y;P1140Q;L1141P;P1143D;L1145S;K1149N;H1159V;V1164L;I1169A;I1172A;S1175I;V1176I;K1181A;E1188S;N1194D;S1196Q;L1197K;Q1201L;Y1206I;E1207I;I1210L;Y1215L;L1218I;F1220A;V1228I;L1234S;C1236Y;S1239C;K1245C;S1249G;C1253K;K1255S;D1259G;D1260E;S1261V;P1263K;K1266H;V1268H,91.0,199.0,1.0,30.0,33.0,62.0
root_child_1_child_1_child_0_child_1_child_0_child_0_child_0_child_1|leaf,306,0.759623,306,0.759623,305,MZ477792.1,54,0.731343,302,302,53,-118.25019719858422,-2.231135796199702,-1.4350399149338156,-1.4350399149338156,-5.643681299451353,-1.1287362598902706,5,L452K;K458N;A475S;F456S;I472Q,N501Y,1,D138Y;N501Y;V1176F,3,N501Y,1,N331F:-2.4844;N334F:-2.2519;L335V:-1.9854;T345W:-1.9163;W353T:-3.3173;N354V:-1.5952;R355I:-2.5772;D364Y:-2.7447;L368F:-2.4135;Y369N:-2.9995;S371F:-1.9489;S373A:-1.9861;F377S:-3.0024;S383N:-3.5369;D389C:-2.9995;C391T:-4.3715;T393S:-2.3504;N394S:-2.2569;V395S:-3.7400;R403Q:-1.6178;R408G:-1.9042;A411T:-3.1181;G413D:-1.9963;T415Y:-2.5832;G416I:-2.7015;N422L:-3.1081;L425D:-2.9019;D428A:-1.9453;V433S:-3.2694;S438K:-1.4481;G446L:-1.3465;G447N:-1.3812;Y449S:-1.7609;L452K:-0.8450;R454F:-1.7941;F456S:-1.2075;R457N:-1.9868;K458N:-1.1730;K462I:-1.4277;P463S:-2.5121;F464A:-2.4228;I472Q:-1.2159;A475S:-1.2023;G476P:-1.3326;P479M:-1.5141;N487Y:-1.7183;L492F:-2.2180;Y495F:-2.3210;F497V:-2.4700;N501Y:-1.4350;G504P:-1.9402;R509S:-2.3844;V512S:-3.5688,V6F;P9S;C15G;T19R;R21S;L48Q;T51L;F55S;L56F;N87S;V90T;Y91A;F92I;W104I;G107T;K113S;T114L;Q115V;N122V;V126Y;D138Y;L141V;H146N;N148W;K150E;Y160S;S162F;S172M;Q173F;L176D;L179F;G181Q;G184F;N188F;I197G;D198N;F201Y;S205H;H207V;I210G;R214L;F220D;P230T;N234F;I235S;T236F;R237L;F238A;L244R;D253S;G257A;A260V;A263Y;Y269Q;L270R;F275L;L276Y;N282D;T286A;A288C;C291I;P295L;T299V;C301K;K304G;E309K;K310S;N317P;R319P;Q321F;E324P;V327P;N331F;N334F;L335V;T345W;W353T;N354V;R355I;D364Y;L368F;Y369N;S371F;S373A;F377S;S383N;D389C;C391T;T393S;N394S;V395S;R403Q;R408G;A411T;G413D;T415Y;G416I;N422L;L425D;D428A;V433S;S438K;G446L;G447N;Y449S;L452K;R454F;F456S;R457N;K458N;K462I;P463S;F464A;I472Q;A475S;G476P;P479M;N487Y;L492F;Y495F;F497V;N501Y;G504P;R509S;V512S;V534C;N540L;F541K;F543G;T549Q;T553L;F559D;F562I;Q563F;R567M;D571I;V576T;Q580E;L582I;D586T;C590T;T599P;P600T;S605V;Y612V;D614R;N616P;V620L;H625A;T638S;S640T;V642L;Q644I;T645E;G648I;L650V;E654V;H655E;D663Q;P665G;I670A;S673Q;T678P;A688M;I692A;I693S;Y695G;M697L;G700V;A701E;E702S;S704N;V705I;Y707I;N709I;N710I;T716S;T719I;S721T;V722L;T724K;I726S;L727S;P728S;S730T;K733S;T739D;L752Q;L754F;Y756Q;L767E;V772D;E773V;N777V;Q784K;V785I;K790P;F797L;F802I;Q804S;I805P;K825T;F833C;D839I;C840D;G842A;D843L;I844E;R847A;C851T;Q853T;L858P;M869Q;Y873S;T874A;A879G;T883G;F888A;A890V;A892P;Q895P;I896A;M902P;F906Q;N914L;L916K;E918A;N919L;N928L;Q935S;D936N;S937A;Q954T;V963F;L966G;S968V;F970A;V991I;Q992D;T998Q;I1013C;A1016S;I1018L;S1021A;L1024A;A1025S;M1029L;C1032Q;V1033G;G1046S;H1048S;M1050A;P1053A;A1070I;N1074T;C1082G;G1085F;E1092S;V1096W;H1101F;W1102L;N1108Q;Q1113V;C1126G;D1127V;I1130V;G1131V;N1134P;P1140Q;L1141P;P1143D;E1144F;L1145S;S1147D;K1149L;L1152K;D1153Y;V1164L;L1166G;I1169S;S1175I;V1176F;K1181A;N1194D;I1198G;D1199I;E1207I;Q1208I;L1218I;F1220A;V1228I;L1234S;C1236Y;S1239C;S1249G;C1253K;K1255S;D1260E;E1262L;P1263K;K1266H;V1268H,98.0,17.0,1.0,207.0,33.0,141.0
root_child_0_child_0_child_1_child_1_child_1_child_1_child_0_child_0|leaf,306,0.759623,306,0.759623,305,MZ477792.1,50,0.751244,304,304,49,-121.85562027584452,-2.486849393384582,-1.4350399149338156,-1.4350399149338156,-3.075945386708125,-1.0253151289027083,3,R346T;Q493G;K458R,N501Y,1,D138Y;N501Y;D614G;H655Y,4,D614G;N501Y,2,L335V:-1.9854;R346T:-0.7574;W353K:-2.7975;R357A:-1.8201;S366A:-1.9824;L368N:-2.8684;N370F:-2.2806;A372S:-1.2799;S375F:-2.1605;F377C:-3.1146;K378Y:-2.2888;C379T:-4.2015;S383T:-3.3231;D389Y:-3.0997;L390V:-3.7422;C391D:-3.9020;T393A:-2.5498;Y396I:-2.9330;A397S:-3.4311;D398N:-3.4436;I402N:-2.2419;E406V:-1.7101;R408A:-1.7172;G416I:-2.7015;D420P:-2.1140;L425P:-3.3719;D427F:-1.9055;C432A:-4.2640;N440S:-1.2506;L441V:-1.5410;Y449L:-1.5400;K458R:-1.2139;F464T:-2.2843;S469I:-1.7468;C480F:-1.6586;F490L:-1.3377;L492S:-1.7157;Q493G:-1.1046;Q498N:-1.3375;N501Y:-1.4350;G504Y:-2.0876;L513E:-3.3299;L518P:-3.2451;P521V:-3.6426;T523C:-3.7458;V524G:-4.1764;P527L:-3.2639;S530N:-3.0123;T531V:-3.1985,L5A;T22N;Y28S;T33V;F43V;L48T;P57S;F58S;R78V;L84D;N87I;G89S;T95S;K97N;W104K;I105T;V120A;K129E;E132N;D138Y;L141H;G142D;M153N;S162T;N164C;N165T;C166E;P174G;E180F;R190K;Y200F;F201S;I203L;Y204F;P209D;N211R;R214L;G232I;I235S;T236Q;R237A;F238L;L242H;H245S;G252S;S256A;T259A;Y265G;Y266V;G268L;F275N;E281G;T284C;C291E;A292D;P295H;T307I;V308G;T315I;L335V;R346T;W353K;R357A;S366A;L368N;N370F;A372S;S375F;F377C;K378Y;C379T;S383T;D389Y;L390V;C391D;T393A;Y396I;A397S;D398N;I402N;E406V;R408A;G416I;D420P;L425P;D427F;C432A;N440S;L441V;Y449L;K458R;F464T;S469I;C480F;F490L;L492S;Q493G;Q498N;N501Y;G504Y;L513E;L518P;P521V;T523C;V524G;P527L;S530N;T531V;L533C;K537T;V539K;N542L;T549F;V551T;L552E;T553N;E554F;N556L;F559I;P561I;I569D;D574P;R577L;Q580E;L582I;I584S;D586S;I587S;G601A;N606V;V610Y;Y612Q;Q613T;D614G;Q628W;L629P;T638N;V642Q;Q644R;G648L;C649I;A653Y;H655Y;Y660G;E661D;D663P;A668Y;Q675S;N679A;P681A;R683G;A684S;Y695G;T696A;A701Y;N703A;S704C;V705S;Y707N;N709I;N710A;N717L;V722T;T723P;I726P;L727V;P728V;T734M;M740L;D745E;S746L;E748N;C749N;L753Y;F759L;T761L;L763R;N764A;T768E;T778V;Q784K;Q787P;I788F;K790P;T791R;I794D;F797L;N801Q;F802D;S803P;L806P;S813D;K814S;S816M;N824V;D830F;A831I;G832D;C840G;I844A;A845R;R847L;C851N;K854V;L858P;L861T;T866E;D867Q;E868Q;I870A;Y873A;T874L;L878G;T883G;S884A;I896Q;F906N;I909Y;N914L;K921A;F927Q;G932I;I934D;D936S;S939L;A942K;L945V;V951N;V952N;N960K;T961K;S967A;S968G;I973S;S974N;V976I;L977D;A989V;E990L;I993R;D994R;R995G;L996G;I997G;T1009A;L1012E;I1013N;R1014A;I1018S;L1024A;C1032Q;Q1036D;K1038F;P1053S;Q1054F;F1089V;R1091G;E1092F;V1094T;G1099T;F1103Q;T1105R;Q1106N;F1109T;P1112I;I1114V;T1116S;N1119G;T1120V;F1121G;I1130V;G1131N;L1141P;Q1142D;E1144L;D1146K;F1148C;K1154H;Y1155K;D1163L;G1167I;I1169N;V1176I;N1178Q;I1179N;E1188S;V1189N;I1198L;D1199E;E1207Q;I1210F;P1213Y;W1214G;L1218I;A1222V;L1224I;M1229L;T1231C;M1233C;F1256D;S1261H;L1265G;K1266V;L1270T,132.0,217.0,1.0,81.0,33.0,74.0
root_child_0_child_0_child_0_child_0_child_0_child_0_child_1_child_1_child_0|leaf,306,0.759623,306,0.759623,305,MZ477792.1,55,0.726368,303,303,53,-128.912275245847,-2.432307080110321,,,-6.392424006794814,-1.065404001132469,6,V445E;N501V;E471Y;K458T;N481V;A372T,,0,D138Y;D614G;H655Y,3,D614G,1,N331C:-2.6574;I332L:-2.4919;F338V:-3.2348;S349R:-1.9652;V350R:-2.5590;W353S:-3.2987;N354T:-1.8705;K356V:-1.4673;C361D:-3.7131;V362A:-3.0505;Y365L:-2.8881;V367Y:-2.6067;N370T:-2.6435;A372T:-1.2183;K378G:-2.1692;C379Y:-4.2757;S383T:-3.3231;L390V:-3.7422;C391Y:-4.4373;F392S:-3.6929;T393D:-2.3590;I402G:-2.5120;P426D:-2.2753;D427C:-2.4535;I434N:-2.4944;N437S:-2.2393;S438L:-1.5900;N440L:-1.4022;V445E:-0.8044;G447Y:-2.0613;N448R:-2.0016;Y449L:-1.5400;R454S:-1.8175;K458T:-1.0788;N460P:-1.4502;E471Y:-1.0738;C480V:-1.5840;N481V:-1.1660;C488S:-2.1537;F490L:-1.3377;N501V:-1.0510;G502Q:-1.7630;R509V:-2.2683;V512L:-3.8192;E516H:-2.8405;H519P:-1.9232;P521T:-3.3523;V524G:-4.1764;C525S:-4.2948;P527L:-3.2639;K529N:-1.2485;S530N:-3.0123;T531V:-3.1985,T19R;Y28S;N30T;F43S;L56I;A67V;G75F;T76C;V83P;L84D;V90T;R102G;D138Y;P139D;F140D;L141H;H146T;N148M;K150S;W152E;S155R;V159I;Y160V;S161N;N165F;Y170P;P174Q;E180N;N185E;G199F;T208N;V213Q;R214P;L223P;L226V;D228P;G232I;I235S;F238A;R246G;L249P;P251S;G252S;S256A;T259A;A263Y;Q271R;E281W;D290L;C291S;L293C;P295S;L296C;E298K;F306G;K310I;Q321T;S325V;F329N;N331C;I332L;F338V;S349R;V350R;W353S;N354T;K356V;C361D;V362A;Y365L;V367Y;N370T;A372T;K378G;C379Y;S383T;L390V;C391Y;F392S;T393D;I402G;P426D;D427C;I434N;N437S;S438L;N440L;V445E;G447Y;N448R;Y449L;R454S;K458T;N460P;E471Y;C480V;N481V;C488S;F490L;N501V;G502Q;R509V;V512L;E516H;H519P;P521T;V524G;C525S;P527L;K529N;S530N;T531V;V534K;F541N;N556F;F559I;L560Q;Q563G;I569A;T572R;T573A;D574P;A575E;R577L;P579L;L582I;I584D;D586S;S591V;G601V;N603Q;D614G;C617V;T618E;A623Q;I624D;L629T;T630V;P631Y;R646C;A647G;G648A;L650S;E654C;H655Y;V656N;E661D;D663P;P665I;G667A;A668S;Y674K;Q675T;R682A;R683S;A684I;S691I;M697E;S704A;N709I;S711N;A713F;V722P;P728K;T732L;T734D;V736I;T739G;M740I;I742S;G744D;D745E;N751L;L753S;L763G;N764A;Q779F;A783V;Y789I;K790I;T791F;I794D;D796F;N801Q;K814S;R815I;L821N;A829I;D830G;G838I;D843C;D848L;G857V;L858T;P863A;T866E;D867Q;M869A;Y873S;L878I;T883G;W886A;F888A;G891A;P897M;A899Y;Q901I;R905N;F906Q;G908Q;I909T;T912N;Q913V;V915N;E918I;L922F;I923N;N928D;A930D;G932L;A942K;Q957A;A958K;S968G;G971I;A972N;I973S;N978I;I980L;A989I;R995G;L996G;G999R;T1009Q;I1013R;A1015S;I1018A;R1019L;N1023K;L1024A;A1026K;T1027G;S1030V;E1031Q;C1032G;M1050A;G1059H;H1064T;Y1067P;P1069Q;E1072A;C1082P;H1088P;F1089R;P1090G;E1092F;V1094S;F1095S;V1096G;T1105R;Q1106P;I1115D;T1117S;N1119F;T1120S;S1123C;N1125I;D1127P;I1130V;G1131N;I1132N;N1134P;N1135V;V1137P;D1146F;D1153H;Y1155D;N1158V;P1162L;D1163L;D1165N;G1167I;D1168S;I1172S;V1176I;E1188K;A1190N;L1197D;L1200K;Y1206Q;E1207Y;Y1209G;W1212L;G1219L;A1222V;M1233C;C1236S;G1246S;C1253K;D1259L;G1267S;H1271Y;T1273S,181.0,194.0,221.0,137.0,33.0,158.0
root_child_0_child_0_child_0_child_1_child_1_child_0_child_0_child_1_child_0|leaf,306,0.759623,306,0.759623,305,MZ477792.1,61,0.696517,304,304,60,-143.5723139633071,-2.392871899388452,-1.4350399149338156,-1.4350399149338156,-3.202445527937447,-1.0674818426458157,3,R346A;V445N;N481I,N501Y,1,D138Y;N501Y;D614G;H655Y,4,D614G;N501Y,2,N331C:-2.6574;I332N:-2.6228;N334V:-1.9926;C336P:-4.2086;N343V:-2.0860;T345Y:-2.0228;R346A:-0.9806;S349R:-1.9652;A352S:-2.3156;W353R:-2.7154;N354R:-1.2966;K356I:-1.4903;R357D:-1.9196;C361S:-4.0687;V367N:-2.4510;Y369L:-2.4628;N370T:-2.6435;F374C:-2.8283;K378Y:-2.2888;Y380S:-3.1557;V382N:-3.5462;P384K:-2.2877;T385L:-2.5021;N388V:-2.8414;C391G:-4.1320;D398F:-3.1789;F400G:-3.4397;V401R:-1.5520;I402G:-2.5120;T415Y:-2.5832;G416C:-2.9056;Y421K:-2.1591;P426D:-2.2753;D427V:-2.2239;G431S:-3.3635;V433K:-2.9060;N437S:-2.2393;D442N:-1.8971;V445N:-0.9878;Y451F:-1.7325;R457L:-1.8119;S459L:-1.5423;E465I:-1.7659;P479G:-1.5441;C480F:-1.6586;N481I:-1.2341;G485P:-1.4617;N487G:-1.3894;C488F:-1.9176;L492F:-2.2180;N501Y:-1.4350;G502R:-1.2983;G504P:-1.9402;L513P:-3.6085;L518A:-2.7709;P521T:-3.3523;V524G:-4.1764;P527L:-3.2639;K528G:-2.7337;S530N:-3.0123,Y28S;F43V;L48Q;L56I;F59V;A67V;I68T;P82L;W104F;F106T;K113Q;V120E;N122V;V127E;V130F;E132Q;C136L;D138Y;L141H;S151E;V159N;Y160V;S161A;Y170S;P174I;F175M;M177E;Q183F;E191I;F201K;S205T;K206W;I210L;P217A;L226I;D228P;G232I;I235Q;T236L;A243S;T250G;P251S;G252S;D253S;S256A;W258A;T259G;A263G;L270P;R273K;D287L;A288L;C291A;P295S;L296E;S297L;T299K;V308G;K310F;N317T;R319S;E324V;F329N;N331C;I332N;N334V;C336P;N343V;T345Y;R346A;S349R;A352S;W353R;N354R;K356I;R357D;C361S;V367N;Y369L;N370T;F374C;K378Y;Y380S;V382N;P384K;T385L;N388V;C391G;D398F;F400G;V401R;I402G;T415Y;G416C;Y421K;P426D;D427V;G431S;V433K;N437S;D442N;V445N;Y451F;R457L;S459L;E465I;P479G;C480F;N481I;G485P;N487G;C488F;L492F;N501Y;G502R;G504P;L513P;L518A;P521T;V524G;P527L;K528G;S530N;L533V;V539F;L552S;F559I;Q563R;Q564R;G566D;I569L;D571T;D574P;R577L;E583D;I584T;D586S;P589V;F592G;S596I;V597T;P600S;G601V;S605Q;A609G;L611E;Q613V;D614G;A626Q;L629T;Q644A;C649L;G652N;A653N;H655Y;N657Y;A668S;A672T;R682I;I693S;Y695A;M697N;E702H;A706S;Y707N;N709I;N710T;F718I;V722P;T723E;T734V;V736G;M740I;D745E;N751G;L753S;Y756S;N764A;V772N;E773S;K776Q;V781A;F782K;Q787Y;T791F;I794D;K795N;G798I;G799Q;N801Q;Q804L;I805D;P812F;N824T;V826T;L828K;A829T;G832A;Q836D;Y837D;A846L;D848K;L849K;L858P;P862D;P863L;T866I;D867Q;L878T;G880T;I882G;T883G;G889A;Q901I;R905N;F906Q;Q913N;N914Q;L922Q;I923N;Q926N;F927Q;S929I;I931K;G932D;A942K;A944K;L945V;K947D;N960L;L962S;I973S;V987I;E988R;V991R;R995G;L996G;T998L;T1009Q;Q1010I;A1020K;N1023M;L1024A;T1027L;S1030G;G1035H;S1037L;K1038G;K1045M;H1048S;S1051P;Q1054P;H1064K;V1065Y;A1070F;K1073H;I1081K;E1092F;V1094F;F1095N;V1096N;T1105R;Q1106P;E1111D;I1115T;T1116D;D1118S;T1120N;D1127I;I1130V;G1131N;N1134P;D1139L;P1140Q;S1147Y;E1150H;Y1155K;H1159S;P1162V;G1167I;I1169N;V1176I;V1177K;D1184E;L1186V;V1189E;L1193S;I1198Y;D1199E;E1207D;Y1209I;I1216G;W1217L;L1218F;A1222V;I1227V;C1235M;S1239C;L1244C;C1253K;C1254D;K1255E;F1256E;G1267L,227.0,159.0,1.0,141.0,33.0,227.0
root_child_0_child_0_child_1_child_0_child_1_child_1_child_1_child_0_child_1|leaf,307,0.758837,307,0.758837,306,MZ477792.1,55,0.726368,301,301,54,-126.30732385967404,-2.339024515919889,-1.4350399149338156,-1.4350399149338156,-6.976601731474641,-0.996657390210663,7,R346T;K458F;G476K;E471G;Q498Y;G485N;F486S,N501Y,1,N501Y;D614G,2,D614G;N501Y,2,I332P:-2.8327;E340T:-1.7716;F342N:-2.7584;T345Y:-2.0228;R346T:-0.7574;A348V:-1.8740;S349R:-1.9652;R355I:-2.5772;S359P:-3.2736;C361V:-3.9488;N370T:-2.6435;S373T:-2.2875;Y380S:-3.1557;G381T:-3.6343;V382N:-3.5462;S383T:-3.3231;N388F:-2.6581;C391Y:-4.4373;Y396S:-2.9446;A397E:-3.0999;I402V:-2.0698;D405G:-1.3426;R408T:-1.8521;G413E:-2.1388;Q414A:-2.1073;D420L:-1.5687;N422F:-3.0747;D427C:-2.4535;W436D:-2.3850;N437D:-2.4091;V445G:-1.2643;G446Y:-1.4345;N448L:-2.1336;Y449L:-1.5400;K458F:-0.8573;D467I:-1.7135;E471G:-0.9933;I472C:-1.3904;G476K:-0.9661;P479F:-1.2973;C480V:-1.5840;G485N:-1.1326;F486S:-1.1630;L492F:-2.2180;Q498Y:-1.1069;N501Y:-1.4350;V512A:-3.3615;L513E:-3.3299;L517H:-3.1793;P521V:-3.6426;V524G:-4.1764;P527L:-3.2639;S530N:-3.0123;T531V:-3.1985,L5F;P9Q;L24S;R34G;D40F;F43V;H49L;S50D;L56F;G72K;T76N;D80P;P82L;L84G;P85D;V90P;S94T;I100G;W104F;I105T;L110S;K113I;S116L;N121T;V130F;C131Q;D138L;L141H;Y160N;Y170F;P174L;M177D;Q183R;K202Y;I203L;Y204F;I210D;L216G;D228I;N234G;I235S;F238L;Q239A;H245S;Y248D;T250P;G252T;S256A;G257A;T259A;A260Y;V267R;N280I;E281G;C291S;P295S;C301F;K304E;V308G;I312V;I326V;V327P;P330L;I332P;E340T;F342N;T345Y;R346T;A348V;S349R;R355I;S359P;C361V;N370T;S373T;Y380S;G381T;V382N;S383T;N388F;C391Y;Y396S;A397E;I402V;D405G;R408T;G413E;Q414A;D420L;N422F;D427C;W436D;N437D;V445G;G446Y;N448L;Y449L;K458F;D467I;E471G;I472C;G476K;P479F;C480V;G485N;F486S;L492F;Q498Y;N501Y;V512A;L513E;L517H;P521V;V524G;P527L;S530N;T531V;C538F;G545T;T549F;V551N;L552S;F559A;Q563V;R567D;D568A;I569L;D574P;R577L;T581E;L582T;E583F;D586S;G593V;V597T;T599L;G601N;V608N;Y612Q;D614G;V615A;T618L;D627L;S637N;V642T;G648I;I651E;V656S;E661G;I666C;T676H;R685S;V687I;Y695G;V705N;Y707N;N709I;A713T;P715F;F718T;V722T;T724L;P728S;V729M;M731T;T734M;M740I;D745E;S746N;E748L;L752G;L753S;S758N;T761L;L763A;N764A;V772N;D775E;A783Y;I788T;T791D;P792K;I794F;N801Q;P807K;P812F;K814S;L821N;V826L;D830I;I844A;Q853L;F855G;L858P;T859P;T866E;D867L;M869A;Y873V;T874A;L878T;G880T;T883G;W886G;F888G;M900N;R905G;F906N;N907I;I909Q;N914Q;E918A;N919I;L922A;F927D;K933A;A942K;S943L;N953A;Q954T;Q957L;V963S;K964L;I973S;N978K;D979F;R983D;E988L;A989V;Q992R;D994L;R995G;L996D;L1004V;Q1010A;L1012E;I1013R;R1014E;A1015I;A1016S;E1017R;S1021A;L1024A;M1029L;C1032F;L1034Q;Q1036Y;K1045L;G1046H;H1058F;G1059T;F1062H;V1068N;C1082K;E1092F;S1097G;W1102Y;T1105F;Q1106P;R1107Y;F1109T;Y1110T;T1117N;T1120N;I1130V;G1131N;N1134V;T1136D;Y1138L;L1141P;D1146F;E1151K;Y1155K;F1156V;H1159V;T1160P;P1162D;V1164N;G1167I;I1169A;S1175E;V1176I;V1177Q;N1178Q;R1185K;V1189N;K1191L;I1210P;P1213L;W1217G;F1220A;A1222G;M1229I;L1234F;C1236T;T1238C;S1239C;C1250K;C1253K;E1262L;V1264Y,165.0,105.0,1.0,49.0,41.0,158.0
root_child_1_child_0_child_1_child_1_child_1_child_1_child_0|leaf,308,0.758052,308,0.758052,307,MZ477792.1,42,0.791045,308,308,41,-92.40510701866158,-2.253783098016137,-1.4350399149338156,-1.4350399149338156,-3.8930071124970027,-0.9732517781242507,4,L455R;G446D;V445N;Q493P,N501Y,1,L18F;N501Y;D614G;H655Y;V1176F,5,D614G;N501Y,2,G339A:-2.1674;F347V:-2.4887;A352N:-1.7645;R355Y:-2.6915;S371A:-2.2972;A372S:-1.2799;T376V:-2.6801;K378S:-1.9727;C379S:-4.1288;K386F:-3.0381;L387T:-3.7306;N388V:-2.8414;L390Y:-3.5850;C391Y:-4.4373;Y396V:-3.1342;G404E:-1.8275;P412N:-2.9096;G413D:-1.9963;Q414A:-2.1073;I418Y:-3.0351;A419L:-3.0512;Y421K:-2.1591;L425D:-2.9019;D442I:-2.1625;V445N:-0.9878;G446D:-0.9560;N448Y:-2.3452;Y449L:-1.5400;L455R:-0.7754;R457P:-1.7140;K462I:-1.4277;G482N:-1.2572;G485Y:-1.5747;N487Y:-1.7183;L492P:-2.2687;Q493P:-1.1737;F497P:-2.3790;Q498N:-1.3375;N501Y:-1.4350;G504P:-1.9402;A520G:-3.1867,L18F;R21S;P25Y;F32L;T51L;Q52F;I68T;S71R;K77F;D80P;N87G;D88Y;K97G;S98I;W104Q;I105L;T109D;S112A;K113S;S116V;K129E;C136L;D138L;F140D;Y144S;H146N;W152S;E156G;F157R;Y160N;S162C;E169V;Y170G;Q173L;L179V;E180S;G184F;F186L;L189E;R190I;E191V;V193D;K202Y;H207L;P209D;V213G;R214P;L216F;L229I;I233F;I235R;R237L;Q239T;H245S;R246L;Y248T;D253S;W258Y;T259A;A263Q;G268D;P272L;L276K;K278Y;T286A;D290L;C291S;L293S;P295K;K300T;C301K;K304E;E309Q;I312F;T315F;G339A;F347V;A352N;R355Y;S371A;A372S;T376V;K378S;C379S;K386F;L387T;N388V;L390Y;C391Y;Y396V;G404E;P412N;G413D;Q414A;I418Y;A419L;Y421K;L425D;D442I;V445N;G446D;N448Y;Y449L;L455R;R457P;K462I;G482N;G485Y;N487Y;L492P;Q493P;F497P;Q498N;N501Y;G504P;A520G;V539F;L546V;T549Q;L552S;F559D;D574R;L582I;I587C;C590V;S591F;G593T;G601T;T602V;S605L;V608Y;A609V;V610P;D614G;E619D;W633Y;V635Q;T645A;G648I;L650A;I651A;A653V;H655Y;V656A;Y660G;C662A;D663Y;I666Y;G667A;A668T;R682T;R685A;S698N;G700E;A701P;N703A;Y707A;N709P;N710I;I714T;P715S;N717V;I720T;V722I;L727V;P728T;T732M;D737I;C738G;N751L;Q755C;L763T;N764A;L767N;G769N;I770V;V772D;Q779F;F782I;Y789I;P793N;K795F;F797G;N801L;F802D;Q804S;P812F;K814E;I818D;D820F;N824V;V826M;G832Q;I834Q;K835L;C840L;G842I;I844A;R847I;L858P;M869Q;Y873G;T883F;F898R;M902L;R905G;F906T;N907Q;N914A;Y917Q;N919A;K921Q;F927N;N928L;G932Q;T941L;L959T;V963Q;S967A;N969G;F970A;G971S;A972N;S975I;V976N;N978K;I980V;R983E;D985K;I993E;D994I;R995T;Q1002L;R1014A;A1015S;I1018L;N1023A;L1024A;A1025S;K1028Q;E1031V;V1033D;L1034R;R1039K;V1040P;D1041C;G1046L;L1049Q;M1050A;F1052S;P1053A;S1055P;G1059F;V1061G;L1063P;H1064A;V1068K;P1069A;E1072N;A1078I;A1080Y;K1086H;H1088F;E1092S;W1102V;F1103N;Q1106I;E1111P;T1117C;F1121T;C1126G;D1127V;G1131D;I1132N;N1134P;Y1138L;D1139P;D1146S;K1149L;E1150K;H1159L;D1163V;V1164N;D1168S;I1169A;S1175I;V1176F;V1177Q;L1186E;E1195L;I1198D;Q1201G;E1207I;Y1209K;W1212Y;W1214G;I1216V;L1218F;F1220A;I1221G;I1225V;L1234C;C1236S;C1240G;S1249K;C1253K;D1257L;G1267T,2.0,29.0,1.0,33.0,42.0,3.0
root_child_1_child_1_child_0_child_1_child_0_child_0_child_1_child_0_child_1|leaf,308,0.758052,308,0.758052,307,MZ477792.1,43,0.78607,304,304,42,-98.3782932102343,-2.3423403145293875,-1.4350399149338156,-1.4350399149338156,-2.4234016743289075,-1.2117008371644538,2,F456S;I472Q,N501Y,1,D138Y;N501Y;V1176F,3,N501Y,1,N334F:-2.2519;L335V:-1.9854;T345W:-1.9163;R355T:-2.6817;S359Y:-3.0222;D364Y:-2.7447;V367Y:-2.6067;Y369N:-2.9995;F377C:-3.1146;S383N:-3.5369;N388T:-3.0398;D389C:-2.9995;C391T:-4.3715;T393S:-2.3504;N394S:-2.2569;V395S:-3.7400;R403Q:-1.6178;R408I:-1.6834;G413D:-1.9963;N422L:-3.1081;L425D:-2.9019;D428A:-1.9453;V433S:-3.2694;N437S:-2.2393;S438K:-1.4481;S443N:-1.7859;N448Y:-2.3452;Y449S:-1.7609;F456S:-1.2075;R457N:-1.9868;K462I:-1.4277;P463S:-2.5121;F464A:-2.4228;R466I:-1.8387;I472Q:-1.2159;G476P:-1.3326;N487Y:-1.7183;L492F:-2.2180;N501Y:-1.4350;G504P:-1.9402;V512S:-3.5688;H519A:-1.8343,V6F;T19R;R21S;H49Q;T51L;L56F;P85I;N87S;F92I;W104I;F106Q;G107T;K113S;T114I;V120T;N121V;F133C;Q134C;D138Y;L141V;H146M;K150S;W152V;S155Y;S162F;A163N;T167V;S172M;L179F;G181F;G184F;N185K;K195I;D198N;F201Y;H207V;I210G;F220D;P230G;N234F;I235S;T236F;R237L;F238A;L244R;Y248T;G257A;A260E;A263Y;R273L;F275K;L276Y;Y279I;E281T;N282D;G283T;I285A;T286A;A288C;C291S;C301L;K304G;E309I;K310S;R319P;E324P;I326T;N334F;L335V;T345W;R355T;S359Y;D364Y;V367Y;Y369N;F377C;S383N;N388T;D389C;C391T;T393S;N394S;V395S;R403Q;R408I;G413D;N422L;L425D;D428A;V433S;N437S;S438K;S443N;N448Y;Y449S;F456S;R457N;K462I;P463S;F464A;R466I;I472Q;G476P;N487Y;L492F;N501Y;G504P;V512S;H519A;V534K;K537G;V539F;N540F;F541K;G548T;T549Q;T553L;F559D;F562I;Q563F;A570T;D571V;Q580E;L582I;D586T;P589V;C590T;S591P;I598N;T599P;P600T;V608L;Y612G;D614R;N616P;E619P;V620D;Q628P;T630G;T632S;S637V;T638S;V642L;Q644L;T645E;G648I;E654V;H655E;V656N;E661D;D663Q;P665G;I666G;Q675S;A688I;I692A;Y695G;M697L;A701E;V705I;A706N;Y707I;S708N;N709I;N710I;T716S;S721T;I726S;L727S;S730T;T732S;K733C;V736E;I742N;L752Q;L754F;S758C;F759R;Q762N;L763C;A771N;V772D;E773V;N777V;Q784K;V785I;S810I;S813F;L821T;K825T;V826I;I834A;C840D;L841A;G842A;D843L;R847A;C851T;Q853T;F855L;L858P;V860P;M869Q;I870A;Y873S;T874A;A879G;T883G;S884T;F888G;A890V;G891L;A892L;Q895P;I896S;F898N;M900F;Q901N;M902P;F906G;N914L;L916N;E918A;N919L;N928L;D936S;S937A;Q954T;Q957N;L959T;V963F;K964N;S968V;F970Q;G971I;S975D;V991G;Q992D;I1013C;A1016K;I1018L;S1021A;A1022L;N1023A;L1024A;A1025S;M1029L;F1042G;G1046L;H1048S;M1050S;F1052V;P1053A;V1065P;N1074T;T1076F;P1079D;G1085P;E1092S;F1095N;S1097G;H1101T;N1108Q;E1111D;V1122G;C1126G;D1127V;I1130V;G1131V;N1134P;P1140Q;L1141P;P1143D;L1145S;F1148D;K1149L;E1150L;P1162D;V1164L;I1169S;S1170I;S1175I;V1176F;K1181A;E1188L;N1194D;D1199E;E1207I;Y1215L;L1218I;F1220A;V1228I;L1234S;C1235S;C1236Y;S1239C;S1249G;C1253K;K1255S;E1258D;D1260E;P1263K;K1266H;V1268H,10.0,111.0,1.0,237.0,42.0,8.0
root_child_0_child_0_child_1_child_1_child_1_child_0_child_0|leaf,308,0.758052,308,0.758052,307,MZ477792.1,49,0.756219,305,305,48,-111.00750827531898,-2.3126564224024784,-1.4350399149338156,-1.4350399149338156,-4.230921639854444,-1.057730409963611,4,R346S;Q493G;Q498Y;K458R,N501Y,1,D138Y;N501Y;D614G;H655Y,4,D614G;N501Y,2,C336D:-3.6440;N343S:-2.1596;A344F:-2.1999;R346S:-0.8055;S349R:-1.9652;V350W:-3.2836;R357A:-1.8201;S366A:-1.9824;N370S:-1.9965;S371A:-2.2972;A372F:-1.3989;F374N:-2.6197;V382N:-3.5462;N388V:-2.8414;C391D:-3.9020;N394A:-2.5225;Y396S:-2.9446;A397I:-2.8788;V401G:-2.4730;I402N:-2.2419;R403E:-1.4411;R408A:-1.7172;A419Y:-3.1459;D420Y:-2.0724;L425T:-3.2848;D427M:-2.3690;C432A:-4.2640;V433A:-3.4829;L441V:-1.5410;Y449L:-1.5400;K458R:-1.2139;S459L:-1.5423;K462E:-1.3103;S469A:-1.7729;T470P:-1.4300;C480F:-1.6586;N487Y:-1.7183;L492S:-1.7157;Q493G:-1.1046;Q498Y:-1.1069;N501Y:-1.4350;G502H:-1.4941;H519T:-1.8981;P521V:-3.6426;T523R:-3.1307;V524G:-4.1764;P527L:-3.2639;S530N:-3.0123,L5A;F43V;L48T;L54P;P57N;W64N;K77F;R78V;P85D;N87I;D88A;A93T;T95S;K97N;W104T;I105T;K113S;T114S;V120A;V127E;I128V;K129M;N137D;D138Y;P139Y;L141H;W152F;M153N;F157V;N164C;P174G;E180F;G181K;L189F;K195I;N196F;F201S;I203L;Y204I;P209D;N211R;R214L;Q218P;V227P;G232I;I235S;R237A;F238L;Q239H;T240A;L244H;H245P;S247G;G252S;D253T;S256A;T259A;Y265G;Y266V;G268Q;L270R;T284C;A288D;V289S;C291S;A292D;P295S;V308G;Q321I;E324P;C336D;N343S;A344F;R346S;S349R;V350W;R357A;S366A;N370S;S371A;A372F;F374N;V382N;N388V;C391D;N394A;Y396S;A397I;V401G;I402N;R403E;R408A;A419Y;D420Y;L425T;D427M;C432A;V433A;L441V;Y449L;K458R;S459L;K462E;S469A;T470P;C480F;N487Y;L492S;Q493G;Q498Y;N501Y;G502H;H519T;P521V;T523R;V524G;P527L;S530N;V539K;T549V;V551T;L552E;F559I;P561I;F565D;R567T;I569L;D571T;T573A;D574P;R577L;L582I;D586S;I587S;G601A;T604E;Y612Q;Q613T;D614G;T618A;V620A;Q628W;T630V;T638N;Q644R;G648L;H655Y;E661D;A668S;Q675S;P681A;R682F;R683G;A684S;S686A;Q690A;T696S;A701Y;N703A;Y707N;N709I;I714N;P715N;N717I;V722T;L727S;P728V;T734M;M740L;D745E;S746L;L753S;Y756S;T761L;N764A;N777F;V781S;Q784K;T791K;P792Y;I794D;K795S;N801Q;L806P;P807K;K814S;S816D;N824V;V826D;D830F;G832D;Y837D;D839S;I844A;L849C;K854V;G857T;L858P;T866E;D867Q;E868Q;I870A;Y873A;L878G;T881S;T883G;S884A;A892P;I896G;F906N;I909Y;T912L;N914L;K921A;G932I;I934S;S940A;A942K;V952Q;A958T;N960V;T961V;S967A;S968G;I973S;S974L;V976N;L977D;E988L;A989V;E990L;I993R;D994L;R995G;L996G;T1009A;Q1010A;L1012E;R1014A;I1018S;L1024A;C1032Q;G1035K;G1046H;M1050D;S1051A;P1053S;G1059V;V1065Y;Y1067E;A1070K;D1084G;G1085R;R1091V;E1092F;V1094F;G1099T;T1100I;F1103Q;T1105R;Q1106Y;F1109T;P1112I;I1114N;N1119T;T1120V;F1121G;C1126D;I1130V;G1131N;N1134V;D1139E;L1141P;E1144D;D1146K;F1148K;Y1155K;H1159D;D1163L;L1166I;G1167I;I1169V;S1170I;A1174Q;V1176I;N1178K;Q1180V;L1186A;E1188S;V1189N;I1198L;P1213Y;W1214G;L1224I;M1229L;M1233C;M1237S;C1248G;C1250S;C1253K;E1258V;D1260N;S1261K;E1262V;K1266V,55.0,79.0,1.0,129.0,42.0,62.0
root_child_0_child_0_child_1_child_0_child_1_child_0_child_0_child_0_child_1|leaf,308,0.758052,308,0.758052,307,MZ477792.1,52,0.741294,302,302,51,-115.04612115744989,-2.2558062972049,-1.4350399149338156,-1.4350399149338156,-5.746454592442161,-0.9577424320736935,6,K444G;R346T;G476K;E471G;Q498V;K458R,N501Y,1,N501Y;D614G,2,D614G;N501Y,2,N331C:-2.6574;T333L:-1.9641;N334F:-2.2519;G339T:-1.9415;F342N:-2.7584;T345D:-1.6311;R346T:-0.7574;S349R:-1.9652;C361A:-4.0610;D364Y:-2.7447;S373C:-2.2324;F374G:-2.9048;S383T:-3.3231;C391Y:-4.4373;Y396S:-2.9446;A397E:-3.0999;D405G:-1.3426;R408T:-1.8521;Q414A:-2.1073;T415R:-1.9314;D420L:-1.5687;N422F:-3.0747;D427C:-2.4535;D428V:-2.2825;F429W:-3.6467;N437D:-2.4091;K444G:-0.7259;G446Y:-1.4345;Y449L:-1.5400;K458R:-1.2139;S459L:-1.5423;K462I:-1.4277;R466I:-1.8387;E471G:-0.9933;I472Y:-1.3320;G476K:-0.9661;C480G:-1.4492;Y489Q:-1.9119;P491S:-1.7214;L492S:-1.7157;Q498V:-1.0898;T500H:-1.4926;N501Y:-1.4350;V512A:-3.3615;F515L:-3.1924;L517A:-3.5374;P521V:-3.6426;V524G:-4.1764;P527L:-3.2639;K528L:-2.6864;S530N:-3.0123,T19R;L24S;Y37D;D40F;F43V;L56F;P57S;T63A;F65T;G72K;T73S;R78D;D80P;V83D;L84D;Y91A;I101G;G103I;W104T;I105T;T108L;D111K;F133D;Q134C;D138L;L141H;K150M;N165S;T167E;F168Q;E169S;P174G;L176M;M177D;Q183R;N185E;I203T;Y204K;P209R;N211V;R214D;L223P;D228P;I235S;R237L;F238L;H245P;Y248D;T250D;G252S;S256W;G257A;T259A;A260Y;A263G;Y265Q;V267T;P272T;E281G;I285E;T286V;A288V;C291H;L293E;P295S;K300L;C301V;T302E;T307E;V308G;I312N;T323S;N331C;T333L;N334F;G339T;F342N;T345D;R346T;S349R;C361A;D364Y;S373C;F374G;S383T;C391Y;Y396S;A397E;D405G;R408T;Q414A;T415R;D420L;N422F;D427C;D428V;F429W;N437D;K444G;G446Y;Y449L;K458R;S459L;K462I;R466I;E471G;I472Y;G476K;C480G;Y489Q;P491S;L492S;Q498V;T500H;N501Y;V512A;F515L;L517A;P521V;V524G;P527L;K528L;S530N;C538F;N542C;L546G;T549F;V551N;K557V;F559A;Q563V;Q564A;I569D;A570T;D571V;D574P;A575R;R577L;D586T;S596T;T599L;G601T;T602S;Y612Q;D614G;T618P;D627K;S637L;G648V;C649G;I651E;V656S;A668G;G669Q;R683K;R685A;S689A;Q690L;L699V;N703Y;V705Y;N709I;N717I;V722P;T724L;V729D;K733D;T734M;D737I;M740I;D745E;S746L;S750Y;L752G;L753Q;F759N;N764A;L767I;G769A;I770T;V772Q;D775E;K776R;N777A;Q784K;Y789E;T791F;I794D;K795G;N801Q;L806P;P807K;F823T;L828D;D830F;I834C;K835I;Q836D;G838D;L841D;I844A;R847N;D848C;A852P;Q853S;F855G;L858P;T866E;D867I;Y873A;S875T;L878T;T881N;T883G;S884G;W886G;M902G;F906N;I909Q;Q913I;N914Q;Y917N;Q926N;K933Q;A942K;V951Q;N953A;N960S;V963S;Q965G;S968G;I973S;S975N;L977S;N978R;E988Q;Q992D;I993R;D994L;R995G;L996S;L1004T;L1012E;I1018L;S1021L;L1024A;K1028S;M1029G;S1037L;V1040K;G1046L;S1051G;H1058F;F1062H;V1068N;P1069T;N1074I;T1076R;A1078K;C1082K;R1091V;E1092F;G1093H;V1094F;S1097T;T1105R;Q1106P;R1107Y;F1109I;T1120M;G1124N;D1127I;I1130V;G1131N;N1134V;Y1138L;P1140L;L1141P;D1146K;Y1155S;F1156H;K1157P;H1159V;G1167I;V1176I;V1177Q;N1178K;I1183E;L1186V;E1188R;V1189N;E1195Y;W1212Y;S1239C;L1244G;C1250S;C1253K;C1254D;F1256V;D1257P;E1262L;H1271T,78.0,31.0,1.0,18.0,42.0,99.0
root_child_0_child_0_child_1_child_0_child_0_child_1_child_0_child_0_child_1_child_0|leaf,308,0.758052,308,0.758052,307,MZ477792.1,65,0.676617,305,305,65,-155.6926497329689,-2.3952715343533684,-1.4350399149338156,-1.4350399149338156,-6.592549828251164,-0.9417928326073091,7,Q493R;R346T;E484I;K444V;Q498Y;E471Q;K458N,N501Y,1,D138Y;N501Y;D614G,3,D614G;N501Y,2,T333P:-2.1624;E340V:-1.5122;F342N:-2.7584;N343A:-1.9376;T345Y:-2.0228;R346T:-0.7574;V350D:-2.7355;W353S:-3.2987;N354R:-1.2966;S359D:-2.9092;C361Y:-4.1689;V362Y:-3.1662;Y369G:-3.1677;N370T:-2.6435;S375K:-2.2648;C379N:-4.0385;K386D:-3.1081;L390Y:-3.5850;C391Y:-4.4373;A397D:-3.0258;I402G:-2.5120;D405I:-1.6062;T415N:-2.4418;I418D:-2.5883;A419K:-2.5527;N422K:-2.9844;L425F:-3.5126;D427C:-2.4535;I434N:-2.4944;N437S:-2.2393;D442V:-2.1816;K444V:-0.8405;G446Y:-1.4345;Y449L:-1.5400;F456L:-1.4342;K458N:-1.1730;L461R:-1.3486;K462L:-1.4119;E471Q:-1.1641;I472G:-1.4000;Y473G:-1.6051;G476T:-1.4965;C480F:-1.6586;E484I:-0.8313;L492S:-1.7157;Q493R:-0.7193;F497Y:-2.6347;Q498Y:-1.1069;N501Y:-1.4350;G502Y:-1.9119;G504V:-1.9909;Y505V:-1.8256;Q506F:-2.2348;Y508S:-2.6816;R509D:-2.3542;V512S:-3.5688;L517T:-3.4471;L518S:-3.1729;A520G:-3.1867;P521V:-3.6426;V524G:-4.1764;C525S:-4.2948;G526K:-3.4148;P527L:-3.2639;S530N:-3.0123,L24S;V36D;D40S;F43V;H66S;G75T;R78V;D80P;S94N;T95R;W104F;I105T;F106T;S112T;I119V;N122V;T124V;V127K;C131F;F135L;D138Y;L141H;Y144S;E156S;V159S;Y160V;S162N;Q173F;P174M;L176D;L179N;R190K;N196H;K202H;I203S;Y204H;H207L;Q218L;D228P;P230G;G232I;I235S;F238N;H245P;S247T;Y248D;G252S;S256A;T259A;A260Y;G261Y;G268L;Y269P;L276H;N280I;T284I;T286A;D290L;C291S;P295S;C301L;V308G;S316Y;Q321V;V327P;R328I;T333P;E340V;F342N;N343A;T345Y;R346T;V350D;W353S;N354R;S359D;C361Y;V362Y;Y369G;N370T;S375K;C379N;K386D;L390Y;C391Y;A397D;I402G;D405I;T415N;I418D;A419K;N422K;L425F;D427C;I434N;N437S;D442V;K444V;G446Y;Y449L;F456L;K458N;L461R;K462L;E471Q;I472G;Y473G;G476T;C480F;E484I;L492S;Q493R;F497Y;Q498Y;N501Y;G502Y;G504V;Y505V;Q506F;Y508S;R509D;V512S;L517T;L518S;A520G;P521V;V524G;C525S;G526K;P527L;S530N;V534N;N540T;G545V;T549V;E554L;K558F;F559P;G566D;I569L;D574P;V576L;R577L;T581P;D586S;V597G;T602Q;S605A;L611Q;Y612Q;D614G;E619I;V622Q;T632S;G639V;S640R;G648A;L650A;I651A;V656S;Y660C;A668S;I670S;Q675K;T676A;R682A;R685A;S698G;V705N;A706S;Y707N;N709I;A713S;V722P;T724S;E725S;S730V;T734M;V736C;D737I;C738M;T739K;M740D;Y741C;D745S;S746L;S750Q;L753S;C760R;N764A;L767V;D775E;T778E;Y789P;T791F;P792K;I794D;G799F;N801Q;Q804L;I805P;L806P;S813E;F817K;L821A;K825L;D830F;G838A;I844A;A845D;L849A;G857V;L858P;T866E;D867Q;M869A;Y873A;L878T;T883G;T887G;F888I;A892Q;P897A;M900N;F906N;N907Y;I909Y;N914Q;N928K;D936L;A942K;Q949N;V952Q;V963S;N969A;I973S;D979F;I980S;K986E;E988L;Q992D;D994Q;R995G;L996D;L1012E;R1019A;S1021A;L1024A;A1026L;M1029G;G1046L;L1049T;M1050Q;H1058F;G1059L;V1060F;F1062H;H1064P;T1066P;Y1067P;P1069E;A1070E;D1084N;K1086H;H1088V;P1090E;E1092V;G1093T;V1094F;T1100F;T1105R;Q1106P;T1120N;S1123N;G1124D;N1125I;D1127I;I1130V;G1131N;N1134V;N1135Y;L1141P;D1146K;D1153Y;N1158S;G1167I;D1168S;V1176I;V1177E;N1178K;N1187A;E1188K;V1189N;E1195L;Y1206E;E1207Y;Y1209K;W1217I;M1229I;I1232C;C1250S;C1253K;F1256E;G1267E;K1269H,248.0,163.0,1.0,11.0,42.0,249.0
root_child_0_child_0_child_1_child_0_child_0_child_0_child_1_child_0_child_1|leaf,308,0.758052,308,0.758052,307,MZ477792.1,63,0.686567,301,301,62,-157.33660030946285,-2.53768710176553,-1.4350399149338156,-1.4350399149338156,-3.369575505158693,-1.1231918350528975,3,G485E;Q498Y;K458R,N501Y,1,N501Y;D614G,2,D614G;N501Y,2,N334P:-1.9699;P337E:-2.3435;E340F:-1.5435;F342N:-2.7584;A344R:-1.7712;F347R:-2.1584;S349R:-1.9652;V350A:-3.2598;W353K:-2.7975;N354R:-1.2966;V362Y:-3.1662;Y369G:-3.1677;N370T:-2.6435;S375Y:-2.1412;T376C:-2.8787;F377D:-2.6467;C379T:-4.2015;L390Y:-3.5850;C391Y:-4.4373;V395R:-3.2027;G404I:-2.1620;E406I:-1.6642;R408I:-1.6834;A411N:-2.9595;Q414A:-2.1073;T415K:-2.0732;L425G:-3.3954;D427C:-2.4535;G431V:-3.8931;V433N:-3.2052;I434A:-2.7602;N437S:-2.2393;D442V:-2.1816;F456L:-1.4342;R457D:-1.7238;K458R:-1.2139;L461F:-1.9409;K462L:-1.4119;R466I:-1.8387;C480F:-1.6586;G485E:-1.0488;L492S:-1.7157;F497Y:-2.6347;Q498Y:-1.1069;T500Y:-1.3583;N501Y:-1.4350;V503Y:-1.6807;Q506Y:-2.1203;R509S:-2.3844;V510L:-3.0655;V512A:-3.3615;E516P:-3.0508;L517T:-3.4471;A520C:-3.7635;P521V:-3.6426;A522K:-2.7637;T523K:-3.3015;V524S:-3.9754;C525S:-4.2948;P527S:-3.3537;S530N:-3.0123;T531L:-2.8851,T19R;L24S;N30R;F43V;S46H;W64I;A67G;R78V;D80P;L84N;F86Y;N87G;S98I;I101F;W104F;I105T;I119V;C131N;E132Q;F133D;L141H;M153E;N164T;N165F;Q173L;P174G;L176D;L179R;K182Q;E191F;N196H;K202H;I203L;Y204F;I210R;Q218P;D228P;G232I;I235S;F238L;H245D;Y248D;G252S;S256A;T259A;A260Y;A263G;T286A;C291S;A292N;P295S;V308K;T315P;F318V;T323F;V327P;N334P;P337E;E340F;F342N;A344R;F347R;S349R;V350A;W353K;N354R;V362Y;Y369G;N370T;S375Y;T376C;F377D;C379T;L390Y;C391Y;V395R;G404I;E406I;R408I;A411N;Q414A;T415K;L425G;D427C;G431V;V433N;I434A;N437S;D442V;F456L;R457D;K458R;L461F;K462L;R466I;C480F;G485E;L492S;F497Y;Q498Y;T500Y;N501Y;V503Y;Q506Y;R509S;V510L;V512A;E516P;L517T;A520C;P521V;A522K;T523K;V524S;C525S;P527S;S530N;T531L;T549F;F559A;L560F;I569L;D574P;R577L;T581E;D586S;F592I;V595I;G601C;S605Q;Q607N;Y612Q;D614G;C617T;V622Q;T638Q;F643T;G648I;V656S;N657S;N658I;S659V;D663P;A668S;I670T;T676K;N679R;P681C;R682A;A684Q;V687D;I692S;V705N;Y707N;N709I;T716S;V722P;P728K;T734M;D737L;T739K;M740I;Y741W;G744E;D745E;S746L;T747N;C749G;L753S;Y756S;G757T;C760T;Q762N;N764A;L767V;E773V;Q779K;V785Q;I788P;T791F;P792K;I794D;N801Q;F802K;S803D;F817K;E819F;N824K;K825L;D830K;I834D;Y837G;G842I;I844A;D848I;I850A;Q853N;F855G;L858P;P862D;L865I;T866E;D867F;Q872A;Y873A;L878T;T883G;F888I;Y904P;F906N;N907Y;I909Y;N914Q;N919I;D936L;A942K;Q949V;V952Q;N953A;V963Q;K964S;I973M;L977I;D979F;I980D;R983D;V987I;E988V;E990V;V991I;Q992D;I993T;D994L;R995G;L996D;T998L;Q1010A;L1012E;A1015I;L1024A;A1026L;M1029L;G1035R;F1042P;G1046L;L1049F;M1050Q;P1053S;G1059F;F1062H;H1064A;Q1071C;E1072L;F1075T;T1076P;P1079I;A1080H;H1083G;D1084K;K1086E;E1092F;G1093T;V1094F;S1097T;T1105R;Q1106P;T1117F;T1120N;F1121V;N1125I;V1128G;I1130V;G1131N;N1134V;N1135Y;L1141P;D1146K;T1160P;P1162T;D1163I;G1167I;I1172Q;V1176E;V1177Q;N1178K;I1183K;E1188K;V1189A;N1192E;L1197K;D1199Q;G1204E;Y1209K;I1210L;I1225V;T1238G;C1250S;C1253K;D1260K;K1266V;T1273C,249.0,235.0,1.0,203.0,42.0,242.0
root_child_1_child_0_child_0_child_1_child_1_child_1_child_0_child_0|leaf,309,0.757266,309,0.757266,308,MZ477792.1,55,0.726368,308,308,54,-120.9227654873877,-2.2393104719886603,-1.4350399149338156,-1.4350399149338156,-7.071874087193955,-1.0102677267419937,7,L455R;K529L;V503R;R346A;Q498Y;N481V;N460D,N501Y,1,L18F;D138Y;N501Y;D614G;H655Y,5,D614G;N501Y,2,N331T:-2.4198;N334C:-2.3489;G339I:-2.0586;N343R:-1.9782;A344S:-2.1548;R346A:-0.9806;V350K:-2.7241;Y351K:-2.2797;R357A:-1.8201;V367Y:-2.6067;S371F:-1.9489;A372C:-1.5642;F374T:-2.2571;K378S:-1.9727;C379G:-4.2352;V382T:-3.4542;S383T:-3.3231;T385L:-2.5021;K386F:-3.0381;N388F:-2.6581;D389N:-3.2074;C391F:-4.2145;A397S:-3.4311;S399D:-2.3761;I402G:-2.5120;D405N:-1.7898;E406S:-1.8637;R408I:-1.6834;G413D:-1.9963;Q414A:-2.1073;I418F:-2.5984;A419L:-3.0512;D420N:-2.1024;N422F:-3.0747;L425D:-2.9019;P426L:-3.2000;A435S:-2.7871;G446V:-1.2706;Y449S:-1.7609;L455R:-0.7754;R457P:-1.7140;N460D:-1.2377;D467T:-1.8071;G476P:-1.3326;N481V:-1.1660;N487Y:-1.7183;Y495N:-2.5362;Q498Y:-1.1069;N501Y:-1.4350;V503R:-0.9088;G504P:-1.9402;H519A:-1.8343;C525P:-4.2599;K529L:-0.8964,L18F;R21S;Y38K;V42S;V47S;T51L;F55L;H69S;K77F;D80N;V83F;L84V;P85L;D88Y;S94T;N99R;R102G;W104G;I105G;K113S;T114S;A123Q;N125V;V126D;D138Y;F140L;N148M;E156N;Y160N;S161C;S162T;S172P;G184F;F186N;L189F;V213Y;F220P;L226I;L229I;G232D;I235S;T236Q;H245Y;G252S;S254A;G257D;A260Y;Y265V;V267G;Q271R;Y279E;E281A;T286A;D287N;C291S;K300S;I312T;Q314N;R319P;P322I;F329T;N331T;N334C;G339I;N343R;A344S;R346A;V350K;Y351K;R357A;V367Y;S371F;A372C;F374T;K378S;C379G;V382T;S383T;T385L;K386F;N388F;D389N;C391F;A397S;S399D;I402G;D405N;E406S;R408I;G413D;Q414A;I418F;A419L;D420N;N422F;L425D;P426L;A435S;G446V;Y449S;L455R;R457P;N460D;D467T;G476P;N481V;N487Y;Y495N;Q498Y;N501Y;V503R;G504P;H519A;C525P;K529L;V534N;V539T;T549Q;V551K;N556F;K557F;K558I;F559D;Q564R;F565R;D574L;V576D;R577T;T581C;L582I;I584T;S591G;S596I;V597T;I598Y;T602Q;V608R;V610N;Y612V;D614G;C617V;T618I;P621H;I624A;T630Y;Y636V;T638F;T645E;G648I;C649Y;A653H;E654Y;H655Y;Y660G;C662A;D663A;I666G;G669I;C671Q;Q677N;A684Q;A688Q;S691A;E702S;S704A;N710I;N717T;M731T;C738G;T739M;Y741S;E748N;N751L;L753G;Q755S;G757R;T761L;N764A;A771E;K776F;T778E;Q779K;E780A;V785I;K786T;P792K;G798S;F802Q;Q804S;R815L;V826A;I834C;G838V;C840L;G842A;C851F;L858P;T859L;L864T;T866E;E868Q;M869Q;A871Y;T874L;L878T;G880I;T881S;I882G;T883G;S884W;W886G;T887G;M900G;Q901N;R905G;F906Q;V911N;Y917Q;K921I;Q926N;N928L;I931F;G932Q;I934G;K947Q;L959T;V963Q;L966G;S967F;N969G;F970A;G971V;S974V;V976N;N978K;L981R;D994I;R995T;Y1007L;R1014A;I1018L;S1021N;L1024A;A1025V;A1026K;K1028S;M1029Q;S1030C;E1031V;C1032P;L1034R;S1037V;V1040C;D1041S;G1044L;M1050A;P1053A;H1058G;V1061Y;F1062I;H1064T;Y1067A;A1070F;T1077A;P1079S;C1082H;E1092S;G1093F;V1096H;H1101F;R1107P;I1114N;C1126I;G1131T;V1133T;N1134P;Q1142E;E1144S;K1149L;K1157H;H1159L;D1163F;V1164G;S1175I;V1176N;V1177Q;S1196I;I1198Q;L1203Q;Y1206W;E1207I;W1212Y;P1213L;I1216G;L1218F;F1220A;I1221L;L1234C;M1237C;T1238L;C1240S;L1244C;S1249K;C1253K;C1254D;F1256E;S1261P;V1264L,122.0,21.0,1.0,58.0,48.0,158.0
root_child_0_child_0_child_0_child_0_child_1_child_0_child_0_child_0|leaf,309,0.757266,309,0.757266,308,MZ477792.1,54,0.731343,305,305,52,-121.3418290489662,-2.333496712480119,,,-9.792017686047325,-1.0880019651163695,9,K529L;N460K;Q493F;N501V;E340K;G482E;N481V;A475S;K458R,,0,D138Y;D614G;H655Y,3,D614G,1,N331C:-2.6574;P337N:-2.2448;E340K:-1.0697;T345Y:-2.0228;S349R:-1.9652;V350A:-3.2598;W353I:-3.3421;V362D:-2.7345;A363S:-3.7040;V367Y:-2.6067;N370T:-2.6435;S373F:-1.5128;K378G:-2.1692;D389N:-3.2074;L390V:-3.7422;T393D:-2.3590;Y396D:-2.9504;D398F:-3.1789;F400S:-3.3476;V401R:-1.5520;I402G:-2.5120;V407I:-2.8289;I410T:-2.7024;P426D:-2.2753;C432N:-4.1202;A435S:-2.7871;N437S:-2.2393;Y449L:-1.5400;K458R:-1.2139;N460K:-1.0328;K462P:-1.4067;E465A:-1.9360;I468T:-1.4779;A475S:-1.2023;G476V:-1.4574;C480F:-1.6586;N481V:-1.1660;G482E:-1.1120;V483F:-1.6538;C488S:-2.1537;P491S:-1.7214;Q493F:-1.0478;N501V:-1.0510;G502C:-1.7430;P507L:-2.1116;F515I:-3.8352;P521V:-3.6426;V524S:-3.9754;C525S:-4.2948;P527L:-3.2639;K529L:-0.8964;S530N:-3.0123,Y28S;T33R;R34Y;F43S;S46H;A67V;V70T;R78N;V83L;L84D;V90T;T95S;K97A;W104F;I105G;G107T;T109D;S116I;I119N;V126I;D138Y;F140H;L141H;K147S;M153R;A163N;N164Y;C166F;Y170P;P174I;L176K;E180K;N185E;K195I;D198K;H207I;G219E;F220V;E224L;P225I;L226V;G232I;T240L;H245S;R246G;L249P;P251S;G252S;D253S;S256A;W258Q;T259A;A263Y;Y269L;F275I;E281W;I285D;T286P;C291S;P295S;L296C;S297K;T299S;C301K;K310T;Y313Q;F318T;S325V;V327P;F329N;N331C;P337N;E340K;T345Y;S349R;V350A;W353I;V362D;A363S;V367Y;N370T;S373F;K378G;D389N;L390V;T393D;Y396D;D398F;F400S;V401R;I402G;V407I;I410T;P426D;C432N;A435S;N437S;Y449L;K458R;N460K;K462P;E465A;I468T;A475S;G476V;C480F;N481V;G482E;V483F;C488S;P491S;Q493F;N501V;G502C;P507L;F515I;P521V;V524S;C525S;P527L;K529L;S530N;V534K;N536C;N556P;F559I;G566D;I569D;D574P;R577L;P579I;D586S;P589F;S591V;F592C;G594T;S596P;G601V;N603Q;N606Q;V608L;A609L;L611N;Q613T;D614G;T618E;E619I;L629T;T630G;S640R;T645Q;A647C;G648A;H655Y;N657Y;N658Y;Y660D;C662I;P665A;A668S;C671K;S673T;Y674Q;Q675T;R682A;A684S;A688Q;Q690I;M697E;A701N;N703V;S704N;N709I;I720T;S721T;V729C;D737I;C738G;M740I;D745S;S746C;E748S;L753F;Y756S;F759T;C760L;Q762N;L763T;N764A;I770V;D775V;E780I;Q784K;T791F;I794D;N801S;Q804P;P807K;D808S;R815E;I818D;E819L;V826A;A829Q;K835L;Q836L;C840D;D843T;R847L;L858T;T859I;P862L;T866E;D867Q;M869T;L878T;T883G;S884Y;P897M;F898N;A899Y;M902Q;A903I;R905N;F906Q;G908Q;N914Q;V915N;K921Q;Q926S;G932L;A942K;L945K;L948N;N955V;A958Q;I973S;S975L;N978S;I993R;R995G;L996D;I997R;T998S;Q1002L;S1003T;V1008L;T1009Q;A1016R;I1018A;S1021N;A1022M;L1024A;A1026K;M1029E;S1030L;G1044F;Y1047S;T1066Q;V1068E;E1072P;K1073T;T1077K;C1082G;E1092F;V1094F;F1095S;G1099T;T1105R;Q1106P;I1115Q;N1119F;T1120S;S1123C;D1127P;I1130V;G1131N;N1134P;N1135V;T1136P;P1143E;E1151H;L1152Y;D1153N;H1159V;D1165S;G1167I;S1170A;G1171V;V1176I;I1183K;D1184N;V1189N;W1212L;F1220A;A1222V;M1237C;S1242K;C1243K;C1248E;C1253K;G1267S;K1269H;L1270T;H1271T,126.0,100.0,221.0,171.0,48.0,141.0
root_child_0_child_0_child_0_child_1_child_0_child_0_child_1_child_0|leaf,309,0.757266,309,0.757266,308,MZ477792.1,54,0.731343,306,306,53,-122.16460697449797,-2.3049925844244905,-1.4350399149338156,-1.4350399149338156,-5.375818311109287,-1.0751636622218574,5,K529L;E340K;Q498V;G447R;K458R,N501Y,1,D138Y;N501Y;D614G;H655Y,4,D614G;N501Y,2,N331C:-2.6574;I332N:-2.6228;P337G:-2.7021;G339A:-2.1674;E340K:-1.0697;V341R:-2.3635;F342A:-2.9436;A344Y:-2.3970;T345A:-1.8664;S349R:-1.9652;N354T:-1.8705;K356R:-2.0483;V362L:-3.3432;D364F:-2.7217;N370T:-2.6435;T376C:-2.8787;C379T:-4.2015;C391Y:-4.4373;N394V:-2.5818;I402G:-2.5120;D405N:-1.7898;V407Q:-2.4021;A411G:-3.1893;G416I:-2.7015;Y423L:-3.4325;K424P:-2.3116;P426D:-2.2753;F429D:-3.0802;N437S:-2.2393;S438L:-1.5900;D442N:-1.8971;G447R:-1.1059;Y449L:-1.5400;N450L:-1.5236;Y451R:-1.7521;L455P:-1.4905;K458R:-1.2139;E465Y:-1.8043;R466I:-1.8387;Y473I:-1.4722;C480F:-1.6586;N487G:-1.3894;C488S:-2.1537;Q498V:-1.0898;N501Y:-1.4350;Y505F:-1.4211;P507G:-2.5346;E516L:-2.8470;P521V:-3.6426;V524G:-4.1764;P527L:-3.2639;K529L:-0.8964;S530N:-3.0123,Y28S;G35Y;F43V;S46V;L48T;Q52F;D53L;L54P;L56F;F58N;F65A;A67V;H69Q;K77S;D80Y;L84D;S98R;G103T;W104F;T114I;E132N;C136Y;D138Y;F140D;L141H;G142D;Y160V;S172P;P174L;N188R;L189F;F194D;N196D;H207P;N211L;L212E;V213Q;D215Q;G219L;A222W;P225D;L226V;D228N;G232I;I235S;T236L;L241Y;R246Y;P251S;D253W;S255W;G257Y;W258A;T259A;Y265G;P272F;R273K;F275L;N280T;N282T;C291S;P295S;T302P;S305Q;V320R;P322I;I326R;V327N;F329V;N331C;I332N;P337G;G339A;E340K;V341R;F342A;A344Y;T345A;S349R;N354T;K356R;V362L;D364F;N370T;T376C;C379T;C391Y;N394V;I402G;D405N;V407Q;A411G;G416I;Y423L;K424P;P426D;F429D;N437S;S438L;D442N;G447R;Y449L;N450L;Y451R;L455P;K458R;E465Y;R466I;Y473I;C480F;N487G;C488S;Q498V;N501Y;Y505F;P507G;E516L;P521V;V524G;P527L;K529L;S530N;T549L;L552S;T553L;K558F;F559I;Q563F;Q564R;G566D;R567T;I569L;D574V;R577L;C590I;T599A;N603V;Q607A;L611G;D614G;T618V;P621A;L629T;N641Q;G648A;C649D;A653C;H655Y;E661G;I666A;A668S;N679P;R685G;S686Y;V687S;Y695S;N703V;A706S;N709I;V722P;T723K;E725P;D737L;C738S;M740I;C743S;L753S;T761G;N764A;G769A;Q774K;K776E;N777F;A783V;Q787K;Y789G;T791F;P793I;I794D;K795F;G799F;N801Q;S803D;K811I;R815L;F817D;T827A;L828F;A829T;F833G;G838C;I844G;L849F;K854V;N856P;L858P;V860K;P863L;T866E;D867Q;T874S;S875T;L878G;T883G;W886A;G889P;A903I;Y904L;R905N;F906Q;G908Y;N914Q;V915I;Y917Q;N919Q;Q926I;F927A;I931K;G932D;S939K;A942D;S943N;V951N;A958K;L962S;Q965S;L966T;F970N;I973S;R983K;V991S;R995G;L996D;Q1005V;Y1007Q;T1009Q;R1014A;A1015L;A1022L;L1024A;Q1036V;K1045C;S1055G;H1058V;F1062E;L1063E;A1080I;D1084Y;R1091V;E1092V;V1094F;S1097F;N1098T;W1102N;T1105R;Q1106P;N1108A;E1111Q;T1116D;N1119S;T1120N;F1121C;V1129I;I1130V;G1131N;N1134P;N1135Y;T1136V;P1143L;L1145E;S1147K;E1150K;E1151D;D1153Y;K1154H;Y1155H;N1158V;G1167I;A1174V;S1175V;V1176I;Q1180E;R1185E;V1189N;N1192K;N1194D;I1198K;K1205L;Y1209W;K1211A;W1212Y;P1213L;A1222V;M1233C;L1234C;C1235M;C1241G;C1243S;L1244C;C1250E;C1253K;F1256Y;K1266T;G1267H;K1269H;L1270H,134.0,68.0,1.0,151.0,48.0,141.0
root_child_1_child_0_child_0_child_0_child_1_child_1_child_1_child_1_child_0|leaf,310,0.756481,310,0.756481,309,MZ477792.1,43,0.78607,312,312,42,-103.2326561870898,-2.4579203854068994,-1.4350399149338156,-1.4350399149338156,-3.1719304688553436,-1.0573101562851146,3,L455R;I472N;Q493Y,N501Y,1,P26S;D138Y;N501Y;D614G;H655Y;T1027I,6,D614G;N501Y,2,N331T:-2.4198;T333C:-2.1241;N334C:-2.3489;V341S:-2.9125;A348R:-1.2580;V362Y:-3.1662;S366L:-2.4385;S371F:-1.9489;T376S:-2.4656;K378Y:-2.2888;C379P:-4.2203;G381T:-3.6343;P384Q:-2.7932;K386F:-3.0381;L387F:-3.9116;N388F:-2.6581;D398V:-3.2640;S399D:-2.3761;I410N:-2.6030;G413I:-2.5114;T415Y:-2.5832;I418R:-2.4418;A419L:-3.0512;L425T:-3.2848;V433A:-3.4829;Y449S:-1.7609;Y451F:-1.7325;L455R:-0.7754;R457P:-1.7140;N460P:-1.4502;K462D:-1.3517;R466D:-1.9342;D467T:-1.8071;I472N:-1.1817;N487Y:-1.7183;Q493Y:-1.2148;Y495F:-2.3210;N501Y:-1.4350;G504P:-1.9402;V512L:-3.8192;A522P:-3.6749;V524G:-4.1764,R21S;P26S;A27N;Y28S;Y38K;R44V;T51L;N61S;F65Q;H69G;S71W;K77F;D80P;P82N;V83F;P85L;D88A;G103T;G107D;K113S;Q115V;L117V;A123Q;C136D;D138Y;F140D;L141V;G142D;Y145K;K147W;N149G;E156V;Y160N;N164Y;E169L;V171F;S172F;E180N;K182F;Q183N;G184F;L189F;R190V;E191D;V193N;Y200K;F201H;S205I;V213G;F220I;L229I;I235S;L242S;A243D;S247L;P251G;D253S;W258V;Y269Q;N280T;E281G;G283D;T286A;D290A;A292D;C301F;K304F;F306I;N317P;E324F;P330L;N331T;T333C;N334C;V341S;A348R;V362Y;S366L;S371F;T376S;K378Y;C379P;G381T;P384Q;K386F;L387F;N388F;D398V;S399D;I410N;G413I;T415Y;I418R;A419L;L425T;V433A;Y449S;Y451F;L455R;R457P;N460P;K462D;R466D;D467T;I472N;N487Y;Q493Y;Y495F;N501Y;G504P;V512L;A522P;V524G;N532C;G545L;T549E;G550T;T553F;N556F;F559D;F562Q;F565R;T581D;L582S;E583L;I584F;F592V;P600T;N603T;D614G;C617V;V622I;T645E;R646G;G648I;A653H;H655Y;V656N;N658C;Y660G;C662A;D663P;G669C;A672Q;S673Q;S680R;A684Q;S691A;A694G;M697G;E702V;N710A;S711P;T723V;V729D;K733S;T734C;T739M;N751F;L752Q;L753G;G757L;S758L;N764T;R765T;I770V;Q774Y;N777A;Q779K;V785T;K786I;K790P;I794D;K795F;F802I;Q804S;P809I;P812K;K814L;R815L;I818L;K825I;V826A;A829K;K835Y;Q836G;C840L;G842A;D843A;A845R;R847I;A852K;Q853T;L858P;V860L;L864T;L865Y;M869Q;T874G;T883G;W886G;A890Q;L894Q;I896Y;R905G;F906G;Y917I;E918I;K921N;N928L;G932Q;K933Q;S939T;S940I;S943Q;K947N;L959T;V963F;Q965S;S967F;F970A;G971I;S974V;S975I;N978R;S982K;L984K;D985V;K986E;D994R;R995T;L996T;G999L;R1000S;L1004H;Q1010I;Q1011I;L1012E;I1018L;S1021N;A1022L;L1024A;A1025T;T1027I;K1028S;M1029V;E1031G;V1033G;S1037R;V1040P;D1041G;Y1047V;L1049Q;M1050P;P1053A;Q1054K;A1056F;L1063P;A1070E;K1073T;E1092S;G1093F;V1094T;V1096T;W1102Y;I1115T;T1117C;F1121D;G1124I;N1125G;C1126G;G1131D;I1132Y;N1134P;E1144K;F1148E;K1149E;E1150L;L1152N;F1156N;K1157L;N1158T;H1159S;T1160D;S1161G;V1164N;S1175V;V1176E;N1178Q;I1179K;N1187V;A1190Q;N1192E;I1198L;E1202L;Y1206W;E1207Y;Q1208P;Y1209W;W1217I;L1218A;F1220A;A1226L;T1231L;C1236Y;C1240G;C1243G;S1249K;G1251F;S1252C;C1253K;F1256E,21.0,206.0,1.0,125.0,51.0,8.0
root_child_0_child_0_child_1_child_0_child_1_child_1_child_0_child_0_child_0_child_0_child_1|leaf,310,0.756481,310,0.756481,309,MZ477792.1,52,0.741294,303,303,50,-114.37726704849511,-2.287545340969902,,,-4.127701091883875,-1.0319252729709687,4,R346T;G476K;Q498T;K458R,,0,D614G,1,D614G,1,N334V:-1.9926;F342N:-2.7584;T345Y:-2.0228;R346T:-0.7574;A348R:-1.2580;S349R:-1.9652;Y351I:-2.2083;A352S:-2.3156;D364Y:-2.7447;Y365A:-3.5437;N370T:-2.6435;F374T:-2.2571;Y380S:-3.1557;S383T:-3.3231;L390T:-3.1993;C391Y:-4.4373;Y396S:-2.9446;A397E:-3.0999;S399V:-2.2558;D405G:-1.3426;E406R:-1.3158;R408T:-1.8521;Q414A:-2.1073;A419P:-2.7325;D420L:-1.5687;N422F:-3.0747;D427C:-2.4535;G446Y:-1.4345;G447Y:-2.0613;N448Q:-2.3560;Y449L:-1.5400;K458R:-1.2139;F464I:-2.2140;I472Y:-1.3320;G476K:-0.9661;C480F:-1.6586;G485C:-1.6490;L492S:-1.7157;Q498T:-1.1903;P499G:-1.6178;T500V:-1.4177;N501T:-1.3348;V503N:-1.5115;V512A:-3.3615;L517H:-3.1793;P521V:-3.6426;V524G:-4.1764;P527L:-3.2639;S530N:-3.0123;T531V:-3.1985,L24S;R34G;D40F;F43V;Q52F;L56F;T63A;I68F;G72K;T76I;D80F;P82L;L84G;K97I;I101G;R102G;W104F;I105L;I119T;K129Q;D138L;L141H;M153Y;R158A;N165F;P174G;M177D;D178E;Q183R;K195I;K202H;I203L;Y204F;K206R;P209F;I210D;R214D;D228P;N234T;I235S;F238L;L244T;H245S;Y248D;L249S;G252S;D253A;S255T;S256A;G257D;W258L;T259A;A260Y;V267R;L270P;E281G;T284L;C291S;P295S;T299S;K300L;C301T;V308T;N317L;R319Q;V320I;P322D;T323I;V327P;F329T;N334V;F342N;T345Y;R346T;A348R;S349R;Y351I;A352S;D364Y;Y365A;N370T;F374T;Y380S;S383T;L390T;C391Y;Y396S;A397E;S399V;D405G;E406R;R408T;Q414A;A419P;D420L;N422F;D427C;G446Y;G447Y;N448Q;Y449L;K458R;F464I;I472Y;G476K;C480F;G485C;L492S;Q498T;P499G;T500V;N501T;V503N;V512A;L517H;P521V;V524G;P527L;S530N;T531V;V534K;K537G;C538F;F543L;T549F;V551N;F559C;Q563V;I569L;D574P;R577D;P579T;Q580H;I584D;D586S;C590G;T599L;P600S;G601T;A609L;Y612G;Q613E;D614G;H625Q;V635N;G648I;I651E;V656S;I666G;A668S;Q690A;S691T;A701S;V705S;Y707N;N709I;S711I;I714T;F718T;V722P;T724L;E725P;L727K;T734M;S735C;M740I;D745E;S746L;T747L;S750Q;L752G;L753S;S758T;T761L;N764A;A766Q;V772K;D775T;T778I;F782V;Q787C;T791F;P792A;I794D;G799F;N801Q;P807K;S813F;K814S;F817E;D830F;C840A;I844A;C851L;A852N;Q853S;F855G;L858P;T866S;D867Q;I870S;Y873A;L878T;T883G;W886G;G891A;A892L;F898Y;M902Y;R905G;F906N;N907Q;I909Q;N914Q;Y917F;Q920A;F927A;Q935L;T941S;A942K;N953A;V963S;N969G;I973S;N978K;D979F;E988I;Q992D;I993L;D994Q;R995T;L996D;L1004Y;Q1010I;L1012E;E1017D;A1022T;L1024A;M1029G;V1033Q;G1035D;R1039D;V1040Y;G1044L;G1046H;H1048I;P1057H;H1058F;F1062T;V1068N;N1074T;T1077C;C1082K;F1089V;E1092F;V1094F;S1097T;W1102Y;T1105P;Q1106P;R1107Y;N1108Y;I1115V;T1117N;T1120N;I1130V;G1131N;N1134V;Y1138L;P1140Q;L1141P;Q1142L;D1146K;F1148D;Y1155Q;H1159P;T1160P;G1167I;I1172Q;S1175E;V1176I;V1177Q;N1178K;I1179D;N1187E;E1188N;V1189N;K1191N;N1192L;S1196L;I1198Q;G1204E;K1205I;I1210L;G1219I;A1226V;M1229V;M1237C;S1239C;C1240G;C1250E;C1253K;E1262L,73.0,51.0,221.0,89.0,51.0,99.0
root_child_0_child_0_child_0_child_1_child_1_child_1_child_0_child_1_child_0_child_1|leaf,310,0.756481,310,0.756481,310,MZ397166.1,51,0.746269,309,309,50,-119.02387551964183,-2.380477510392836,-1.4350399149338156,-1.4350399149338156,-2.4397990075837876,-1.2198995037918938,2,K458R;T470I,N501Y,1,T20N;D138Y;N501Y;D614G;H655Y,5,D614G;N501Y,2,N331C:-2.6574;I332N:-2.6228;N334V:-1.9926;F338E:-3.0041;S349R:-1.9652;K356N:-2.0763;N360V:-2.5934;D364S:-2.9044;Y365A:-3.5437;V367Y:-2.6067;N370T:-2.6435;F374C:-2.8283;T376V:-2.6801;N388Y:-2.6663;C391F:-4.2145;S399G:-2.6929;V401R:-1.5520;I402G:-2.5120;D405I:-1.6062;Q414D:-2.1594;G416K:-2.2963;A419Y:-3.1459;N422L:-3.1081;P426D:-2.2753;G431V:-3.8931;N437S:-2.2393;S443Y:-1.8219;N448S:-2.2166;Y449L:-1.5400;N450F:-1.4575;K458R:-1.2139;S459K:-1.3663;F464I:-2.2140;E465I:-1.7659;R466I:-1.8387;D467S:-1.7135;S469I:-1.7468;T470I:-1.2259;C480F:-1.6586;N487G:-1.3894;C488F:-1.9176;T500G:-1.6884;N501Y:-1.4350;Y508V:-2.5195;H519K:-2.0982;P521K:-3.0410;V524G:-4.1764;C525A:-4.2230;P527L:-3.2639;S530N:-3.0123,S12F;T20N;Y28S;F43V;V47L;D53P;L54F;L56F;F58N;S60T;A67V;I68T;T73N;V90T;E96I;I101G;G103T;W104F;I105G;F106T;G107D;L117V;A123N;V126I;V127Q;I128C;C136P;D138Y;L141H;E156G;V159N;Y160V;N165T;F168Q;E169L;P174I;F175L;M177D;Q183N;N188F;R214A;P217A;F220A;I231M;G232V;I235Q;T236Q;T240R;P251S;G252S;D253A;S256A;W258A;T259G;G261Y;Y265G;L270R;R273K;Y279D;G283P;T286D;C291S;P295C;L296E;L303G;Y313D;R319Q;Q321R;V327T;F329N;N331C;I332N;N334V;F338E;S349R;K356N;N360V;D364S;Y365A;V367Y;N370T;F374C;T376V;N388Y;C391F;S399G;V401R;I402G;D405I;Q414D;G416K;A419Y;N422L;P426D;G431V;N437S;S443Y;N448S;Y449L;N450F;K458R;S459K;F464I;E465I;R466I;D467S;S469I;T470I;C480F;N487G;C488F;T500G;N501Y;Y508V;H519K;P521K;V524G;C525A;P527L;S530N;K535N;F543L;G550P;L552S;T553F;E554N;F559I;Q563F;Q564R;I569L;D571T;T573L;D574L;R577L;D586P;G593V;N606L;Q607D;A609G;D614G;N616T;H625I;V635S;T638N;F643T;Q644A;R646I;G648A;G652K;H655Y;G667T;A668S;R682I;R685V;Q690M;A694T;M697N;L699V;G700N;N703Y;A706S;N709P;N710T;A713T;I714T;S721T;V722P;E725V;I726V;L727V;V736D;D737G;C738S;M740I;C743L;D745E;L752G;L753Y;L754F;T761N;N764A;D775N;F782V;A783I;T791F;P792K;I794D;K795N;D796Y;G799Q;N801Q;F802L;P812I;L828K;A829T;Y837D;D839G;A846L;D848I;L858P;P862D;P863L;T866E;D867Q;T874G;T883G;F898A;M900G;R905N;F906Q;G908V;Q913N;N914Q;V915Q;Q920N;I923Q;Q926I;F927G;N928S;I931K;G932D;I934A;D936S;A942K;A944L;L945K;Q949V;Q957N;G971I;A972L;I973D;S975L;R983K;K986E;A989I;E990A;Q992T;L996G;T998L;G999Q;L1001T;Q1005V;Y1007E;T1009Q;A1015L;R1019L;L1024A;A1025S;K1028L;M1029L;K1038G;A1056H;P1079A;E1092F;V1094F;F1103T;T1105R;Q1106P;P1112F;I1114V;T1116D;N1119F;T1120N;I1130V;G1131N;N1134P;D1139L;L1145K;S1147Y;F1148K;E1150H;K1154H;Y1155K;F1156S;T1160V;G1167I;S1170I;G1171V;A1174Q;V1176I;V1177K;N1178Q;Q1180K;K1181N;D1184N;R1185E;E1188N;V1189N;L1193D;I1198K;D1199E;E1202K;K1205I;E1207Y;K1211G;W1212L;Y1215F;L1218F;A1222V;A1226I;I1227V;C1235M;L1244C;C1253K;F1256V;D1259E;D1260G;L1265E;G1267L,104.0,149.0,1.0,245.0,51.0,88.0
root_child_0_child_0_child_0_child_0_child_1_child_1_child_0_child_1_child_0|leaf,310,0.756481,310,0.756481,309,MZ477792.1,52,0.741294,303,303,50,-121.1293356732929,-2.422586713465858,,,-6.651719493029262,-1.108619915504877,6,L441D;N501V;E340K;G447R;N481V;K458R,,0,D614G,1,D614G,1,N331L:-2.4671;P337N:-2.2448;F338E:-3.0041;E340K:-1.0697;V341N:-2.6586;T345Y:-2.0228;A348V:-1.8740;S349R:-1.9652;V350A:-3.2598;W353S:-3.2987;N354V:-1.5952;V367Y:-2.6067;N370T:-2.6435;S373A:-1.9861;T376G:-2.8501;K378G:-2.1692;L387C:-3.8029;D389G:-2.5211;L390V:-3.7422;C391Y:-4.4373;T393D:-2.3590;A397F:-3.4911;F400I:-3.4071;V401R:-1.5520;I402G:-2.5120;G413A:-2.0425;N422T:-3.2782;K424C:-2.2872;P426D:-2.2753;N437S:-2.2393;L441D:-1.0451;G447R:-1.1059;Y449L:-1.5400;K458R:-1.2139;D467E:-2.1884;Y473A:-1.4869;G476V:-1.4574;C480F:-1.6586;N481V:-1.1660;C488S:-2.1537;P491Q:-1.4963;N501V:-1.0510;Q506Y:-2.1203;P507L:-2.1116;F515T:-3.5647;P521G:-3.6874;V524S:-3.9754;C525S:-4.2948;P527L:-3.2639;T531L:-2.8851,C15A;Y28S;F43S;Q52F;L56I;F65M;A67V;S71E;R78N;V83L;L84F;G89T;V90T;Y91A;K97R;W104F;I105G;S116K;F133D;F140H;L141H;K147S;M153R;Y160V;C166F;T167E;Y170P;P174I;E180N;G184L;N185E;R190K;K195Y;D198K;K202Y;H207P;G219E;P225I;L226V;G232I;I233T;I235S;H245S;R246G;L249P;P251S;G252S;S256A;W258Q;T259A;A263G;A264V;Y269L;L277N;N280I;E281W;T284A;T286P;C291S;P295S;L296C;S297K;K310T;T315V;S325V;V327P;F329N;N331L;P337N;F338E;E340K;V341N;T345Y;A348V;S349R;V350A;W353S;N354V;V367Y;N370T;S373A;T376G;K378G;L387C;D389G;L390V;C391Y;T393D;A397F;F400I;V401R;I402G;G413A;N422T;K424C;P426D;N437S;L441D;G447R;Y449L;K458R;D467E;Y473A;G476V;C480F;N481V;C488S;P491Q;N501V;Q506Y;P507L;F515T;P521G;V524S;C525S;P527L;T531L;V534K;K537N;V551N;L552S;F559I;Q563F;Q564G;G566D;I569P;D574P;R577P;D586S;G594T;G601V;N603Q;Q607V;V608L;V610Y;L611N;Y612G;Q613T;D614G;T618P;P621A;V622D;I624L;A626Q;L629T;T630G;R634F;S640G;T645Q;G648A;L650G;N657Y;G667I;A668S;I670T;C671K;S673T;Y674K;Q675T;Q677S;R682A;A684S;R685S;V687I;Q690I;Y695M;M697E;L699E;V705F;N709I;I720T;K733D;C738G;M740I;D745S;E748S;L753S;F759R;C760L;T761R;Q762N;L763R;N764A;I770V;T778E;E780I;V781A;K786T;K790P;T791F;I794D;D796N;N801Q;P807K;S813I;R815E;I818D;E819L;D820T;V826A;K835L;Q836L;C840D;A845R;K854C;L858T;T859I;T866E;D867Q;Q872T;L878T;T883G;W886G;F888I;P897M;A899Y;M900F;R905N;F906Q;G908N;N914Q;V915N;N919L;Q920N;K921Q;Q926S;G932L;S939T;A942K;L945K;V951Q;N955Q;A958Q;L959Q;N960L;I973S;N978S;I993G;R995G;L996D;T998S;Q1002Y;T1006L;V1008Q;T1009Q;I1018A;S1021N;N1023A;L1024A;A1026K;M1029E;S1030L;E1031L;C1032S;G1044Y;K1045H;Y1047P;Q1054P;F1062V;H1064E;V1068E;E1072I;T1077K;C1082G;H1083G;R1091S;E1092F;V1094F;F1095S;W1102V;T1105R;Q1106P;N1108K;N1119F;T1120S;F1121V;V1122N;S1123I;D1127P;I1130V;G1131N;N1134P;N1135V;P1143E;L1152K;D1153N;D1163L;D1165N;G1167I;D1168G;V1176I;D1184N;V1189N;N1194D;L1197D;I1210Y;W1212L;A1222V;I1232C;M1237C;C1253K;G1267S;K1269H,123.0,190.0,221.0,192.0,51.0,99.0
root_child_0_child_0_child_0_child_1_child_0_child_0_child_1_child_1_child_1|leaf,310,0.756481,310,0.756481,309,MZ477792.1,53,0.736318,307,307,52,-122.59389943740801,-2.3575749891809243,-1.4350399149338156,-1.4350399149338156,-2.303731958941276,-1.151865979470638,2,Q498V;K458R,N501Y,1,D138Y;N501Y;D614G;H655Y,4,D614G;N501Y,2,N331C:-2.6574;I332N:-2.6228;N334C:-2.3489;P337G:-2.7021;E340T:-1.7716;V341R:-2.3635;F342A:-2.9436;A344Y:-2.3970;T345V:-1.5633;S349R:-1.9652;N354T:-1.8705;K356R:-2.0483;S359Y:-3.0222;S366Y:-2.5489;N370T:-2.6435;T376C:-2.8787;C379T:-4.2015;Y380S:-3.1557;C391Y:-4.4373;N394V:-2.5818;I402G:-2.5120;V407Q:-2.4021;A411G:-3.1893;G416I:-2.7015;Y423L:-3.4325;K424T:-2.3054;P426D:-2.2753;N437S:-2.2393;D442N:-1.8971;G447N:-1.3812;Y449L:-1.5400;N450L:-1.5236;Y451R:-1.7521;R454L:-1.8137;L455P:-1.4905;K458R:-1.2139;E465I:-1.7659;Y473I:-1.4722;C480F:-1.6586;N487G:-1.3894;C488S:-2.1537;Y489E:-1.4866;Q498V:-1.0898;N501Y:-1.4350;Y505F:-1.4211;R509V:-2.2683;E516L:-2.8470;P521V:-3.6426;V524G:-4.1764;P527L:-3.2639;K528S:-3.1179;S530N:-3.0123,L8P;T19I;Y28S;G35Y;F43V;L48T;Q52F;D53L;L54P;A67V;H69G;D80Y;L84D;E96N;S98R;G103T;W104F;T114I;N125I;V127Q;E132N;C136Y;D138Y;F140D;L141H;Y160V;S172D;P174L;N188E;L189F;F194D;N196D;H207P;N211L;V213Q;D215Q;A222W;P225D;L226V;D228N;G232I;I233T;I235S;T236R;L241Y;R246Y;L249G;P251S;G252S;D253A;S255W;S256A;W258A;T259A;Y265G;V267Y;R273K;F275L;N280T;E281G;N282T;V289S;C291S;L293E;P295S;K304V;V320R;P322I;I326R;V327N;F329N;N331C;I332N;N334C;P337G;E340T;V341R;F342A;A344Y;T345V;S349R;N354T;K356R;S359Y;S366Y;N370T;T376C;C379T;Y380S;C391Y;N394V;I402G;V407Q;A411G;G416I;Y423L;K424T;P426D;N437S;D442N;G447N;Y449L;N450L;Y451R;R454L;L455P;K458R;E465I;Y473I;C480F;N487G;C488S;Y489E;Q498V;N501Y;Y505F;R509V;E516L;P521V;V524G;P527L;K528S;S530N;V539G;G545V;T549L;L552S;K558F;F559R;Q563F;Q564R;R567T;I569L;D574P;R577L;Q580L;D586S;I587P;C590I;N603V;Q607A;L611G;D614G;P621A;H625Q;L629T;T632S;S640V;N641F;G648L;C649D;A653C;H655Y;E661G;P665A;A668S;N679P;R685G;Y695S;N703V;A706S;N709I;T719N;I720L;V722P;T723K;T724S;E725P;D737M;C738S;M740I;C743S;D745E;T747G;L753S;T761A;Q762G;N764A;G769A;Q774K;K776E;N777F;Q787K;Y789G;T791F;I794D;K795N;G799L;N801Q;I805A;K811I;R815L;F817K;F823K;T827A;L828F;A829T;F833G;Y837C;G838C;I844G;A846C;K854V;N856P;L858P;V860K;L861T;P863L;T866E;D867Q;T874A;S875T;L878G;T883G;G889P;R905N;F906Q;G908Y;N914Q;V915I;N919Q;F927Q;I931K;G932D;D936A;S939K;A942D;S943N;V951N;L962S;L966T;F970V;I973S;L977R;I980K;R983K;A989I;V991S;R995G;L996D;T998L;Q1005V;T1009Q;R1014A;A1015L;L1024A;Q1036V;Q1054A;S1055G;H1058V;F1062E;V1065A;T1076I;A1078S;C1082R;R1091S;E1092F;V1094F;S1097F;N1098T;G1099H;T1105R;Q1106P;R1107Y;N1108A;E1111Q;T1116D;N1119S;T1120N;F1121D;I1130V;G1131N;N1134P;N1135Y;D1139Y;L1145E;E1150K;E1151D;D1153Y;Y1155H;N1158V;A1174V;S1175V;V1176Q;V1177D;Q1180E;R1185E;V1189N;N1194D;I1198K;K1205L;Y1209W;K1211A;P1213L;A1222V;G1223V;M1233A;C1235M;C1243S;L1244C;C1247F;C1250E;C1253K;F1256Y;K1266T;G1267Y;K1269H,139.0,125.0,1.0,223.0,51.0,122.0
root_child_1_child_1_child_1_child_0_child_1_child_1|leaf,310,0.756481,310,0.756481,309,ON574660.1,58,0.711443,311,311,56,-137.24134680618266,-2.4507383358246906,,,-4.7482317944887455,-0.9496463588977491,5,K444G;L455R;V445Q;Y449R;S459E,,0,T20N;D138Y;D614G;H655Y;T1027I;V1176F,6,D614G,1,N331P:-2.6739;L335V:-1.9854;C336T:-4.1618;F338H:-3.0371;V341A:-3.0576;A344S:-2.1548;T345F:-1.7678;S349N:-1.8600;Y351N:-2.5880;W353K:-2.7975;K356V:-1.4673;D364V:-2.7534;Y365L:-2.8881;S366F:-2.3912;N370P:-2.6581;Y380D:-2.8642;V382N:-3.5462;P384K:-2.2877;K386T:-3.0716;C391T:-4.3715;F392N:-3.6122;V395S:-3.7400;Y396D:-2.9504;F400I:-3.4071;G404Q:-2.1394;R408I:-1.6834;A411Q:-2.3726;G413D:-1.9963;I418Y:-3.0351;Y421P:-2.7258;N422L:-3.1081;L425D:-2.9019;F429H:-3.0364;T430C:-2.8977;I434L:-2.3325;K444G:-0.7259;V445Q:-0.8737;Y449R:-1.1701;L455R:-0.7754;F456L:-1.4342;R457S:-1.7278;S459E:-1.2030;I468E:-1.2971;Y473Q:-1.3706;N481P:-1.4470;N487Y:-1.7183;F497P:-2.3790;N501Q:-1.6321;G504P:-1.9402;Y505V:-1.8256;V512S:-3.5688;H519V:-1.7956;T523P:-3.8176;C525T:-4.2054;K528S:-3.1179;S530L:-2.8938,T20N;P25Y;N30T;Y37D;T51L;Q52F;F58N;L84G;N87S;W104I;K113S;A123I;D138Y;P139L;F140D;Y145W;M153E;E169V;M177L;E180N;G181Q;G184F;L189F;F192V;V193I;F194N;K195N;I197G;D198I;F201Y;K202Y;S205I;T208D;I210D;R214L;P217G;Q218F;S221P;E224L;P225L;G232I;I235S;T236F;A243Y;H245S;S247L;P251S;D253A;S255V;A262G;A263Q;P272L;L276Y;K278E;N280D;G283D;I285V;T286C;D287V;A288C;C291S;L296S;E298K;L303S;K304Y;S305T;K310S;T315N;F318E;R328I;N331P;L335V;C336T;F338H;V341A;A344S;T345F;S349N;Y351N;W353K;K356V;D364V;Y365L;S366F;N370P;Y380D;V382N;P384K;K386T;C391T;F392N;V395S;Y396D;F400I;G404Q;R408I;A411Q;G413D;I418Y;Y421P;N422L;L425D;F429H;T430C;I434L;K444G;V445Q;Y449R;L455R;F456L;R457S;S459E;I468E;Y473Q;N481P;N487Y;F497P;N501Q;G504P;Y505V;V512S;H519V;T523P;C525T;K528S;S530L;V534N;K537N;G545T;T549Q;G550T;T553S;S555P;F559D;L560D;P561I;F562I;D578G;L582I;L585I;D586T;G594T;V595G;I598P;P600V;N603A;S605V;V608Y;L611N;Y612L;D614G;T618V;W633N;Y636V;S640K;T645E;R646G;G648I;E654P;H655Y;N658Y;S659E;D663Q;A668G;S673I;Q675H;N679C;R683L;A688T;I692L;M697C;S698N;L699D;Y707N;F718T;T723E;T724I;T734V;C738I;M740I;T747L;S750N;L754F;C760Q;T761L;Q762L;R765L;E773K;Q774E;N777T;F782I;Q784K;Y789D;P792K;K795G;F797S;F800L;Q804S;F817D;L821A;L822D;K835L;C840L;G842A;D843L;A845L;A846D;L849A;K854L;G857T;L858P;V860L;D867Q;M869Q;A871L;Q872S;Y873S;T883G;F888L;A890L;Q895P;I896A;F898Q;Q901N;M902P;A903I;R905V;F906Q;N907V;V911N;L916Q;Y917A;E918I;K921N;A924G;N928L;G932I;A958N;V963F;F970A;G971I;N978I;E988L;Q992D;I997L;G999Q;S1003Y;Q1005Y;T1009Q;Q1010R;I1013A;I1018L;A1020N;L1024A;A1025S;T1027I;M1029E;L1034V;G1046S;H1048M;M1050C;P1053A;Q1054G;A1056V;G1059H;V1060S;V1061P;T1076A;H1083K;E1092F;S1097H;N1098T;T1100F;V1104Q;N1108Q;P1112Q;V1122N;G1124A;C1126D;V1128N;G1131V;L1145F;K1149L;D1153K;Y1155T;V1164L;L1166G;G1171V;S1175I;V1176F;V1189N;A1190L;E1195Q;Y1206P;E1207I;Q1208K;I1210P;L1218I;F1220A;A1226V;V1228I;T1231Y;L1234C;C1236Y;C1253K;K1255E;F1256L;D1259C;G1267D;V1268H;K1269H,211.0,203.0,221.0,14.0,51.0,200.0
root_child_0_child_0_child_0_child_1_child_0_child_0_child_1_child_1_child_0|leaf,311,0.755695,311,0.755695,310,MZ477792.1,50,0.751244,308,308,49,-111.42952310861492,-2.274071900175815,-1.4350399149338156,-1.4350399149338156,-4.479400957721811,-1.1198502394304528,4,E340K;Q498V;G447R;K458R,N501Y,1,D138Y;N501Y;D614G;H655Y,4,D614G;N501Y,2,I332N:-2.6228;N334C:-2.3489;P337G:-2.7021;E340K:-1.0697;V341R:-2.3635;F342A:-2.9436;A344Y:-2.3970;T345V:-1.5633;S349R:-1.9652;N354T:-1.8705;K356R:-2.0483;N370T:-2.6435;T376C:-2.8787;C379T:-4.2015;Y380S:-3.1557;C391Y:-4.4373;N394V:-2.5818;I402G:-2.5120;V407Q:-2.4021;A411G:-3.1893;G416I:-2.7015;Y423L:-3.4325;K424I:-2.1773;P426D:-2.2753;N437S:-2.2393;S438N:-1.7582;D442N:-1.8971;G447R:-1.1059;Y449L:-1.5400;N450L:-1.5236;Y451R:-1.7521;L455P:-1.4905;K458R:-1.2139;E465Y:-1.8043;Y473I:-1.4722;C480F:-1.6586;F486V:-1.6237;N487G:-1.3894;C488S:-2.1537;Y489P:-1.7629;Q498V:-1.0898;T500Q:-1.6727;N501Y:-1.4350;Y505F:-1.4211;E516L:-2.8470;P521V:-3.6426;V524G:-4.1764;P527L:-3.2639;S530N:-3.0123,L8P;Y28S;G35Y;F43V;L48T;Q52F;D53L;L54P;F65I;A67V;H69Q;D80Y;L84D;S98R;G103T;W104F;T114I;V127Q;E132N;C136Y;D138Y;F140D;L141H;F157S;Y160V;S172P;E180R;F186N;N188E;L189F;F194D;N196D;H207P;N211L;V213Q;D215Q;A222W;P225D;L226V;D228N;G232I;I235S;T236R;L241Y;H245S;R246Y;L249G;P251S;G252S;D253A;S255W;S256A;W258A;T259A;Y265G;V267Y;R273K;F275L;N280T;N282T;A288L;V289S;C291S;P295S;V320R;P322V;I326R;V327N;F329N;P330L;I332N;N334C;P337G;E340K;V341R;F342A;A344Y;T345V;S349R;N354T;K356R;N370T;T376C;C379T;Y380S;C391Y;N394V;I402G;V407Q;A411G;G416I;Y423L;K424I;P426D;N437S;S438N;D442N;G447R;Y449L;N450L;Y451R;L455P;K458R;E465Y;Y473I;C480F;F486V;N487G;C488S;Y489P;Q498V;T500Q;N501Y;Y505F;E516L;P521V;V524G;P527L;S530N;V539G;N540F;G545T;T549L;L552S;K558F;F559I;Q563F;Q564R;R567T;I569L;D571V;D574P;R577L;D586S;C590I;N603V;S605V;Q607A;L611G;D614G;E619I;P621A;L629T;G639W;S640V;N641Q;A647C;G648A;C649D;A653C;E654Y;H655Y;E661G;P665A;I666A;A668S;N679P;R685G;Q690S;Y695S;N703V;A706S;Y707K;N709I;S721I;V722P;T723K;E725P;D737M;C738S;M740I;C743S;D745E;L753S;T761A;Q762T;N764A;G769A;Q774K;K776E;N777F;Q787K;Y789G;T791F;I794D;K795N;G799L;N801Q;I805A;D808S;K811I;R815L;F817K;F823K;T827A;L828F;A829T;F833G;Q836G;G838C;I844G;K854V;N856P;L858P;V860K;L861T;P863L;T866E;D867Q;T874S;S875T;L878G;T883G;G889P;R905N;F906Q;G908Y;N914Q;V915I;N919I;K921I;F927Q;I931K;G932D;L938T;S939K;T941L;A942D;S943N;D950V;V951N;L962S;L966T;F970V;I973S;R983K;V991S;R995T;L996D;T998L;Q1005V;T1006R;T1009Q;Q1010H;R1014A;A1015L;L1024A;Q1036V;F1052P;Q1054A;S1055G;H1058V;F1062E;T1077P;C1082R;H1088E;R1091T;E1092F;V1094F;S1097F;N1098T;W1102N;T1105R;Q1106P;R1107Y;N1108A;E1111Q;T1116D;N1119S;T1120N;F1121D;D1127G;I1130V;G1131N;N1134P;N1135Y;L1145E;E1150K;E1151D;D1153Y;Y1155H;N1158V;G1167S;N1173A;A1174V;S1175V;V1176I;Q1180E;R1185E;V1189N;N1194D;I1198K;K1205L;Y1209W;P1213L;A1222V;M1233A;C1235M;C1243S;L1244C;C1247F;C1250E;C1253K;K1255V;F1256D;K1266T;G1267H;K1269H,56.0,42.0,1.0,199.0,57.0,74.0
root_child_1_child_1_child_0_child_1_child_0_child_1_child_0_child_1_child_1|leaf,311,0.755695,311,0.755695,310,MZ477792.1,50,0.751244,307,307,49,-115.81316763959971,-2.3635340334612196,-1.4350399149338156,-1.4350399149338156,-2.155670849224108,-1.077835424612054,2,K444N;I472P,N501Y,1,D138Y;N501Y;V1176F,3,N501Y,1,T333C:-2.1241;N334F:-2.2519;L335V:-1.9854;V341A:-3.0576;T345W:-1.9163;N354K:-1.4390;R355T:-2.6817;I358A:-3.6508;D364Y:-2.7447;Y369N:-2.9995;V382D:-3.2644;S383N:-3.5369;C391T:-4.3715;T393S:-2.3504;N394S:-2.2569;V395I:-3.2946;Y396D:-2.9504;G404S:-1.8304;R408Q:-2.1880;A411G:-3.1893;G413D:-1.9963;N422L:-3.1081;P426F:-3.1782;D428A:-1.9453;V433S:-3.2694;W436N:-2.6391;S438K:-1.4481;D442S:-1.9014;K444N:-1.0672;G446Y:-1.4345;Y449S:-1.7609;N450R:-1.2972;R454N:-1.6636;R457N:-1.9868;K462I:-1.4277;P463S:-2.5121;F464A:-2.4228;I472P:-1.0885;G476P:-1.3326;N487Y:-1.7183;P491F:-1.7373;L492F:-2.2180;T500Q:-1.6727;N501Y:-1.4350;G504P:-1.9402;P507V:-2.2527;V512S:-3.5688;L513F:-3.8349;G526T:-3.8718,V6F;T19R;L24S;F43S;L48Q;T51L;F58V;P85I;N87S;F92I;W104I;G107T;K113S;T114I;V130F;D138Y;L141V;K147W;K150M;E156V;Y160N;S162T;S172E;E180K;G181Q;G184F;N188E;F192I;K195Y;I197G;F201Y;H207V;I210G;V213G;Q218F;F220D;P230G;N234F;I235A;T236F;R237L;F238A;T240L;L244P;H245Y;P251S;D253F;A260Y;A262Y;A263Y;L270R;Q271T;L276Y;N282D;T286A;D287A;A288C;C291E;T299K;T307I;K310S;G311Q;I312N;T315V;R319P;Q321T;E324F;T333C;N334F;L335V;V341A;T345W;N354K;R355T;I358A;D364Y;Y369N;V382D;S383N;C391T;T393S;N394S;V395I;Y396D;G404S;R408Q;A411G;G413D;N422L;P426F;D428A;V433S;W436N;S438K;D442S;K444N;G446Y;Y449S;N450R;R454N;R457N;K462I;P463S;F464A;I472P;G476P;N487Y;P491F;L492F;T500Q;N501Y;G504P;P507V;V512S;L513F;G526T;N532K;V534K;N540F;F541K;T549Q;F559G;L560F;F562I;Q563F;D571I;D578I;Q580E;T581P;L582G;D586T;C590T;G593S;T599P;P600T;Y612V;Q613N;D614R;N616P;V620L;H625Q;P631G;T638S;N641A;V642R;Q644R;T645A;G648I;L650V;H655E;D663Q;P665I;S686R;V687Y;A688M;S689I;I693Y;Y695G;M697L;G700E;Y707I;N709I;N710I;T716S;I720V;S721T;V722L;T724I;I726S;V729S;S730T;K733S;M740T;C749Q;N751L;L752I;L754F;T768I;V772D;E773V;N777V;Q784K;V785I;K795F;G799I;Q804S;I805P;S816I;F817D;E819L;L821T;K825T;C840L;G842A;D843L;R847A;C851G;Q853T;L858P;V860P;L865A;D867Q;M869Q;Q872G;Y873S;T874A;L878T;A879G;T883G;F888G;A890V;A892L;Q895P;I896A;M902P;F906G;V915K;L916I;Y917I;N919L;I923N;Q926S;N928L;S937A;T941G;Q954T;N960L;V963F;S968V;N969A;F970A;G971I;N978K;I980E;V991G;Q992D;I993L;R1000S;L1004V;T1009Q;Q1011E;I1018L;R1019A;S1021A;L1024V;A1025E;S1037I;D1041G;G1046H;H1048S;M1050P;P1053A;G1059F;E1072F;N1074T;A1080K;E1092S;G1099V;H1101R;Q1106P;R1107E;N1108Q;E1111I;C1126G;D1127V;V1128N;I1130Y;G1131V;N1134P;N1135S;P1140Q;P1143D;L1145S;K1149H;K1157D;H1159D;T1160D;V1164L;I1169A;I1172A;S1175I;V1176F;K1181A;N1194D;Q1201L;K1205Q;E1207I;Q1208P;W1214F;L1218I;F1220A;A1226I;V1228I;L1234S;C1236Y;S1239C;C1240G;L1244C;K1245G;C1248G;S1249G;C1253K;K1255E;E1258P;P1263K;K1266H;V1268H,83.0,129.0,1.0,156.0,57.0,74.0
root_child_0_child_0_child_0_child_1_child_0_child_0_child_0_child_0|leaf,311,0.755695,311,0.755695,310,MZ477792.1,56,0.721393,308,308,55,-130.59986672342714,-2.374543031335039,-1.4350399149338156,-1.4350399149338156,-5.73161177252066,-1.146322354504132,5,Q498V;G447R;F490Y;I472N;K458R,N501Y,1,D138Y;N501Y;D614G;H655Y,4,D614G;N501Y,2,N331C:-2.6574;I332N:-2.6228;N334P:-1.9699;P337G:-2.7021;E340N:-1.7671;V341R:-2.3635;F342A:-2.9436;A344Y:-2.3970;T345F:-1.7678;S349R:-1.9652;Y351W:-2.7185;N354T:-1.8705;K356R:-2.0483;D364Y:-2.7447;V367Y:-2.6067;N370T:-2.6435;T376C:-2.8787;C379T:-4.2015;C391Y:-4.4373;N394V:-2.5818;Y396K:-2.8716;V407Q:-2.4021;A411G:-3.1893;G416I:-2.7015;Y421K:-2.1591;Y423L:-3.4325;K424I:-2.1773;P426D:-2.2753;N437S:-2.2393;D442N:-1.8971;G447R:-1.1059;Y449L:-1.5400;N450L:-1.5236;Y451R:-1.7521;L455P:-1.4905;K458R:-1.2139;P463R:-2.0892;E465Y:-1.8043;I472N:-1.1817;Y473I:-1.4722;C480F:-1.6586;N487G:-1.3894;C488S:-2.1537;F490Y:-1.1402;Q498V:-1.0898;N501Y:-1.4350;Y505F:-1.4211;V510E:-2.9943;E516L:-2.8470;A520C:-3.7635;P521V:-3.6426;V524G:-4.1764;C525T:-4.2054;P527L:-3.2639;S530N:-3.0123,Y28S;T33V;F43V;D53L;L54P;F65A;A67V;G75D;L84D;S98R;G103T;W104F;D111L;K113W;T114I;I119T;V127Q;F135N;C136P;D138Y;F140D;L141H;M153Y;R158S;Y160V;S172P;G181F;K187F;L189F;N196D;H207P;N211L;V213Q;D215S;A222W;L226V;D228N;P230N;G232I;I235S;T236L;R246Y;P251S;G252S;D253A;S255W;S256A;G257A;W258A;T259A;G261Y;R273K;F275L;N280T;N282T;I285C;C291S;P295S;N317P;V320R;P322I;S325V;I326R;V327N;F329N;N331C;I332N;N334P;P337G;E340N;V341R;F342A;A344Y;T345F;S349R;Y351W;N354T;K356R;D364Y;V367Y;N370T;T376C;C379T;C391Y;N394V;Y396K;V407Q;A411G;G416I;Y421K;Y423L;K424I;P426D;N437S;D442N;G447R;Y449L;N450L;Y451R;L455P;K458R;P463R;E465Y;I472N;Y473I;C480F;N487G;C488S;F490Y;Q498V;N501Y;Y505F;V510E;E516L;A520C;P521V;V524G;C525T;P527L;S530N;N544L;L552S;S555P;K558F;F559R;Q563F;Q564R;R567T;I569L;D574P;D586S;C590I;G594S;V597N;N603V;Q607A;L611G;Y612V;D614G;N616E;P621A;L629T;Y636V;N641Q;G648A;C649D;G652I;A653C;H655Y;E661G;P665A;G667I;A668S;N679P;R682V;S686F;I692A;Y695S;N703V;Y707N;S708N;N709I;S721I;V722P;T723K;T724I;E725P;S735Y;V736D;C738S;M740I;C743S;D745E;L753S;T761N;N764A;G769A;I770D;A771K;Q774K;N777F;Q779F;K786T;Q787K;Y789G;T791F;I794D;K795N;G799L;N801Q;K811I;S813I;F817K;I818V;T827A;L828F;A829T;G838C;I844G;R847I;L849F;K854V;N856P;L858P;P863A;T866E;D867Q;T874S;S875G;L878T;T881G;I882S;T883G;T887Q;G889Q;R905N;F906Q;G908Y;N914Q;V915I;Y917A;N919Q;F927Q;I931K;G932D;S939T;A942D;S943N;L945V;A958V;L962S;L966T;F970S;I973S;D979S;I980S;R983K;V991S;R995V;L996D;T998L;Q1005V;T1009Q;R1014A;A1015L;L1024A;M1029S;Q1036V;C1043S;H1048A;S1055G;A1056H;H1058V;F1062E;R1091S;E1092F;V1094F;S1097F;N1098T;H1101V;T1105R;Q1106P;N1108A;E1111Q;Q1113I;I1115T;T1116D;N1119S;T1120N;I1130V;G1131N;N1134P;N1135Y;L1141P;L1145E;E1150H;E1151D;D1153Y;Y1155H;N1158V;G1167S;A1174V;S1175V;V1176I;R1185E;V1189N;A1190E;N1194D;I1198L;K1205L;Y1209W;K1211A;P1213L;L1218F;A1222V;I1227M;T1231M;M1233C;C1235M;T1238L;C1243S;L1244C;C1247F;C1250E;C1253K;F1256Y;K1266T;G1267H,186.0,140.0,1.0,218.0,57.0,176.0
root_child_0_child_0_child_0_child_1_child_1_child_1_child_1_child_0_child_0|leaf,311,0.755695,311,0.755695,310,MZ477792.1,58,0.711443,307,307,57,-134.83743111400577,-2.3655689669123827,-1.4350399149338156,-1.4350399149338156,-4.878241733592878,-1.2195604333982195,4,A475S;K458R;T470I;Q493T,N501Y,1,D138Y;N501Y;D614G,3,D614G;N501Y,2,N331C:-2.6574;I332N:-2.6228;N334V:-1.9926;P337A:-2.6955;F338E:-3.0041;T345Y:-2.0228;F347S:-2.6728;S349R:-1.9652;I358A:-3.6508;N360D:-1.9597;D364S:-2.9044;N370T:-2.6435;F374C:-2.8283;K378V:-1.9625;G381P:-3.6633;K386R:-2.9464;L390F:-3.7098;C391Y:-4.4373;T393S:-2.3504;N394F:-2.5655;V395I:-3.2946;S399G:-2.6929;I402G:-2.5120;D405V:-1.6049;N422L:-3.1081;P426D:-2.2753;N437S:-2.2393;S443N:-1.7859;N448Y:-2.3452;Y449L:-1.5400;N450F:-1.4575;Y451R:-1.7521;R454H:-2.1465;K458R:-1.2139;S459K:-1.3663;E465I:-1.7659;T470I:-1.2259;A475S:-1.2023;P479N:-1.3825;C480F:-1.6586;N487G:-1.3894;C488S:-2.1537;Q493T:-1.2362;F497V:-2.4700;P499G:-1.6178;T500G:-1.6884;N501Y:-1.4350;G502Y:-1.9119;V503I:-1.3418;Y508S:-2.6816;V510S:-3.1028;E516L:-2.8470;P521K:-3.0410;A522G:-3.7617;V524G:-4.1764;P527L:-3.2639;S530L:-2.8938,P26T;Y28S;F43V;S45L;V47L;L54R;L56F;A67V;I68T;L84D;I101G;G103L;W104F;F106T;T109D;L110S;L118V;A123N;Q134P;C136P;D138Y;F140G;L141H;E156G;V159N;Y160S;T167F;P174I;F175M;D178E;Q183V;N188F;V193D;L226V;I231T;G232I;I235Q;T236Q;P251G;G252S;D253A;S256A;W258A;T259G;A260S;A263G;R273K;K278I;Y279D;C291S;P295S;L296E;L303G;E309Q;R319Q;Q321I;F329N;N331C;I332N;N334V;P337A;F338E;T345Y;F347S;S349R;I358A;N360D;D364S;N370T;F374C;K378V;G381P;K386R;L390F;C391Y;T393S;N394F;V395I;S399G;I402G;D405V;N422L;P426D;N437S;S443N;N448Y;Y449L;N450F;Y451R;R454H;K458R;S459K;E465I;T470I;A475S;P479N;C480F;N487G;C488S;Q493T;F497V;P499G;T500G;N501Y;G502Y;V503I;Y508S;V510S;E516L;P521K;A522G;V524G;P527L;S530L;L533V;V534C;K535N;L546V;G548T;G550S;L552S;F559I;Q563F;Q564R;R567A;I569L;D571T;D574L;R577T;D586S;C590V;G593I;G601Q;N603S;A609G;Y612T;D614G;T618V;Q628T;L629T;R634T;V635S;F643T;Q644A;G648I;G652K;A668S;R682I;R685V;M697L;L699V;S704A;A706S;N709I;N710T;A713T;I714T;F718T;V722P;T724V;K733Y;C738S;M740I;C743L;G744T;D745E;S746G;L753Y;L754F;S758C;F759R;T761N;N764A;R765T;T768I;D775N;A783I;Q784K;V785I;Q787Y;T791F;P792K;P793Y;I794D;K795N;G799Q;N801Q;F802I;I805P;P809R;P812I;E819N;L828K;A829D;Y837D;I844R;A846L;D848I;C851F;L858P;P862D;P863L;T866E;D867Q;E868M;L878T;T883G;G889A;L894A;I896A;M900N;R905N;F906Q;Q913E;N914Q;V915Q;Q926I;F927G;S929I;I931K;G932D;I934A;D936S;S939A;A942K;A944L;L945K;Q949A;Q957N;L962N;A972S;I973D;N978R;E990A;L996G;T998L;G999Q;Q1005V;V1008Q;T1009Q;R1019L;A1025S;K1028L;M1029G;C1032S;K1038G;S1051A;Q1054V;H1058K;F1062V;H1064E;Y1067Q;Q1071A;K1073A;T1077A;A1078I;E1092F;V1094F;V1104F;T1105R;Q1106R;R1107G;N1108Y;P1112F;T1116D;N1119F;T1120N;V1122G;G1124M;I1130V;G1131N;V1133L;N1134P;N1135C;D1139E;Q1142D;P1143Y;S1147Y;K1149L;E1150H;Y1155K;N1158L;T1160V;G1167I;S1170A;A1174Q;V1176I;V1177Q;N1178Q;K1181I;E1182N;D1184N;V1189N;I1198K;K1205I;E1207D;A1222V;I1227V;C1235M;L1244C;C1253K;F1256V;D1259E;L1265Y;K1266V;G1267L;V1268L,201.0,133.0,1.0,244.0,57.0,200.0
root_child_1_child_0_child_1_child_1_child_1_child_0_child_0_child_0_child_0_child_0|leaf,312,0.75491,312,0.75491,311,MZ477787.1,47,0.766169,311,311,46,-102.34279785577351,-2.2248434316472503,-1.4350399149338156,-1.4350399149338156,-7.313500314449717,-1.0447857592071024,7,L455R;K458F;K529L;G482E;Q493Y;T470I;Q498P,N501Y,1,L18F;D138Y;N501Y;D614G;V1176F,5,D614G;N501Y,2,F338N:-3.1942;T345F:-1.7678;F347N:-2.5404;R355Y:-2.6915;I358C:-3.5746;A372S:-1.2799;T376S:-2.4656;K378Y:-2.2888;C379S:-4.1288;K386F:-3.0381;N388V:-2.8414;L390F:-3.7098;V395I:-3.2946;F400I:-3.4071;I402N:-2.2419;G404E:-1.8275;R408I:-1.6834;G413T:-2.5829;I418D:-2.5883;A419L:-3.0512;Y421K:-2.1591;L425D:-2.9019;P426D:-2.2753;G431N:-3.7982;Y449S:-1.7609;N450L:-1.5236;L455R:-0.7754;R457P:-1.7140;K458F:-0.8573;K462T:-1.4070;T470I:-1.2259;G482E:-1.1120;G485Y:-1.5747;N487Y:-1.7183;C488F:-1.9176;Q493Y:-1.2148;Q498P:-1.2316;P499Y:-1.5950;N501Y:-1.4350;G502Y:-1.9119;G504P:-1.9402;Q506A:-2.2885;R509E:-2.3699;A520V:-3.5556;K528N:-2.9849;K529L:-0.8964,V3G;L18F;R21S;N30T;S45L;T51L;Q52L;S71R;N74F;T76F;K77F;D88Y;F92T;T95S;S98I;T109D;S112A;K113S;S116N;V120N;V126C;I128E;F135S;C136D;D138Y;F140D;W152S;E156G;F157V;R158I;Y160N;S162C;A163F;T167E;V171P;S172F;Q173S;E180S;L189E;R190K;K195I;G199K;K206P;H207L;V213G;D215S;L229I;I233T;I235R;T236F;R237L;L244R;H245Y;S247Y;G268L;Q271P;K278Y;Y279E;I285D;T286D;V289A;C291S;L293T;L296T;S297T;K300F;C301F;L303V;G311Y;I312F;T315F;R319S;P322S;S325F;I326R;V327T;R328I;F338N;T345F;F347N;R355Y;I358C;A372S;T376S;K378Y;C379S;K386F;N388V;L390F;V395I;F400I;I402N;G404E;R408I;G413T;I418D;A419L;Y421K;L425D;P426D;G431N;Y449S;N450L;L455R;R457P;K458F;K462T;T470I;G482E;G485Y;N487Y;C488F;Q493Y;Q498P;P499Y;N501Y;G502Y;G504P;Q506A;R509E;A520V;K528N;K529L;L533C;V534N;T549Q;S555F;K557P;F559D;L560R;F565A;L582I;C590G;G593P;V597T;T602V;T604V;A609V;D614G;T645E;R646G;G648I;L650T;A653V;V656N;Y660G;C662A;D663Y;I666Y;N679A;A688S;A694T;G700E;A701P;N703A;A706N;Y707A;N710I;V722S;L727S;T732M;T734C;S735Y;V736G;C738G;I742C;C749N;N751L;L752S;Q755F;Y756T;N764A;L767G;G769Q;I770V;V772D;Q779K;P793N;K795F;G798Q;F802Q;S803D;Q804S;P807R;P812F;K814L;E819L;L821D;N824V;V826A;A831I;C840L;G842R;I844L;R847I;L849K;I850F;F855L;L858P;P862D;M869Q;Y873A;A879T;I882G;T883G;Q895A;P897Y;F898R;M902L;R905V;F906Q;N907T;L916Y;Y917Q;N919A;K921Q;F927N;N928L;G932Q;T941L;A942L;K947N;N953Q;N955V;Q957T;L959T;N960L;L962V;V963Q;S967F;N969K;F970A;G971I;S975I;N978K;E990G;I993P;D994I;R995T;T998S;G999Q;E1017A;I1018L;N1023A;L1024A;A1025T;K1028Q;E1031V;L1034R;V1040P;D1041G;M1050A;P1053A;V1060L;F1062V;L1063T;V1065Y;V1068K;P1069E;A1070P;Q1071T;E1072N;T1076P;A1078H;I1081G;A1087V;H1088V;E1092S;V1096Q;S1097G;W1102V;V1104F;Q1106I;N1108Y;F1109E;D1118S;N1119G;F1121T;G1124C;C1126G;V1133N;N1134P;V1137W;D1139Q;K1149L;D1153N;H1159L;T1160L;D1163V;D1168N;S1175I;V1176F;E1188L;E1195L;E1207I;W1212Y;I1216V;L1218F;F1220A;I1221G;A1226L;V1228L;M1233C;L1234C;C1236Y;C1240G;C1253K;D1257L;D1259G;G1267T;T1273L,18.0,14.0,1.0,109.0,61.0,35.0
root_child_1_child_1_child_1_child_0_child_0|leaf,312,0.75491,312,0.75491,311,MZ477792.1,53,0.736318,309,309,51,-121.55054053696485,-2.3833439320973504,,,-6.903305766388716,-0.9861865380555308,7,K444G;L455R;V445Q;R346V;N501I;Q474P;S459E,,0,D138Y;D614G;H655Y;V1176F,4,D614G,1,N331P:-2.6739;L335V:-1.9854;F338A:-3.2959;V341A:-3.0576;T345F:-1.7678;R346V:-1.0410;S349N:-1.8600;K356A:-1.7262;S359C:-3.2644;A363C:-3.8394;D364V:-2.7534;Y365L:-2.8881;F374P:-2.8167;Y380D:-2.8642;V382R:-3.0641;C391T:-4.3715;F392N:-3.6122;V395S:-3.7400;D398G:-3.2244;F400I:-3.4071;G404Q:-2.1394;V407P:-2.9003;R408I:-1.6834;I410P:-2.7430;A411Q:-2.3726;D420K:-1.5860;N422L:-3.1081;L425D:-2.9019;F429H:-3.0364;T430C:-2.8977;K444G:-0.7259;V445Q:-0.8737;Y449S:-1.7609;N450Y:-1.3610;L455R:-0.7754;F456L:-1.4342;R457P:-1.7140;S459E:-1.2030;I468Y:-1.4401;Q474P:-1.1972;N481P:-1.4470;N487Y:-1.7183;P491W:-1.8041;F497P:-2.3790;N501I:-1.0871;G504P:-1.9402;V512S:-3.5688;F515T:-3.5647;H519A:-1.8343;C525T:-4.2054;S530L:-2.8938,P25Y;Y37D;K41S;V42S;S45L;H49D;T51L;Q52F;L54I;F58N;N61G;P82K;L84G;P85D;N87S;S94K;K97G;A123I;D138Y;P139L;F140D;E169P;E180N;G181Q;G184R;L189F;F192V;F194N;F201Y;K202Y;S205I;T208D;I210V;R214Q;P217G;Q218F;F220A;S221P;P225L;N234R;I235L;T236F;L241H;H245S;T250D;P251S;D253A;S255V;A263G;G268L;P272L;L276Y;L277N;K278E;G283D;I285V;T286C;D287V;A288C;C291Y;L296E;E298K;L303S;S305T;K310S;G311T;T315F;N317R;E324I;N331P;L335V;F338A;V341A;T345F;R346V;S349N;K356A;S359C;A363C;D364V;Y365L;F374P;Y380D;V382R;C391T;F392N;V395S;D398G;F400I;G404Q;V407P;R408I;I410P;A411Q;D420K;N422L;L425D;F429H;T430C;K444G;V445Q;Y449S;N450Y;L455R;F456L;R457P;S459E;I468Y;Q474P;N481P;N487Y;P491W;F497P;N501I;G504P;V512S;F515T;H519A;C525T;S530L;V534K;K537N;F541N;G545T;T549Q;G550T;S555P;F559D;L560D;P561I;F562Q;R577D;L582I;D586T;F592V;V595G;I598P;T602S;N603A;V608Y;L611N;D614G;T618V;Y636V;G639V;S640F;T645E;G648I;C649G;G652E;H655Y;N658Y;D663Q;A668G;S673I;Q675H;R683S;A688M;S698N;A701I;Y707N;N710I;I712P;F718T;T723E;T724I;I726M;T734V;M740I;T747N;S750N;L752C;L754F;Y756Q;C760Q;T761L;Q762L;L763R;R765T;E773K;D775N;N777T;Q779I;F782I;Q784K;T791G;K795G;F800L;Q804S;S816I;F817D;E819D;L821A;L822D;K835L;Y837D;C840L;G842A;D843L;A845L;A846D;L849A;F855V;G857P;L858P;V860P;D867Y;M869Q;Y873S;L878T;T883G;S884G;F888G;A890Y;Q895P;I896A;F898M;Q901N;M902P;R905G;F906Q;N907F;N914Q;L916Q;Y917N;E918I;N928L;G932D;Q954A;V963F;F970A;G971I;N978I;E988L;Q992D;I993Q;I997L;G999Q;S1003Y;Q1005Y;V1008Q;T1009Q;Q1010T;L1012I;I1013A;I1018L;L1024A;A1025S;M1029E;L1034V;K1045M;G1046S;H1048M;M1050C;Q1054G;G1059H;V1061P;P1069K;F1075T;T1076P;P1079D;H1083K;E1092S;V1096N;N1098F;T1100F;T1105N;N1108Q;E1111I;Q1113V;F1121V;G1124A;N1125I;C1126D;V1128N;G1131V;N1134D;T1136L;L1145F;S1147K;K1149L;D1153K;K1154T;Y1155T;H1159V;V1164L;G1171V;S1175I;V1176F;I1179D;V1189N;N1194S;E1207I;Q1208K;L1218G;F1220A;I1227M;V1228I;T1231M;L1234C;C1236Y;C1253K;K1255E;D1259C;E1262L;G1267D;V1268H;K1269H;L1270A,131.0,153.0,221.0,40.0,61.0,122.0
root_child_1_child_0_child_1_child_1_child_1_child_1_child_1|leaf,313,0.754124,313,0.754124,312,MZ477792.1,41,0.79602,313,313,40,-90.1632480351264,-2.2540812008781606,-1.4350399149338156,-1.4350399149338156,-4.1313049446042145,-1.0328262361510536,4,L455R;G446D;Q493P;R403P,N501Y,1,L18F;N501Y;D614G;H655Y;V1176F,5,D614G;N501Y,2,F338N:-3.1942;G339A:-2.1674;V341N:-2.6586;F347S:-2.6728;A348W:-1.9566;R355N:-2.7435;S371A:-2.2972;A372S:-1.2799;T376V:-2.6801;C379L:-4.0819;K386F:-3.0381;N388V:-2.8414;L390Y:-3.5850;C391V:-4.2249;Y396V:-3.1342;I402A:-2.3285;R403P:-1.2261;G404E:-1.8275;G413D:-1.9963;Q414A:-2.1073;I418Y:-3.0351;A419L:-3.0512;Y421K:-2.1591;L425D:-2.9019;D442I:-2.1625;G446D:-0.9560;N448Y:-2.3452;Y449L:-1.5400;L455R:-0.7754;R457P:-1.7140;K462I:-1.4277;E465I:-1.7659;G485Y:-1.5747;N487Y:-1.7183;C488F:-1.9176;Q493P:-1.1737;N501Y:-1.4350;G502P:-1.3416;G504P:-1.9402;A520G:-3.1867,L18F;R21S;P25Y;F32L;V42S;T51L;Q52F;I68T;S71R;K77F;D80P;N87G;D88Y;S94N;S98I;N99R;W104Q;I105L;T109D;S112A;K113S;S116V;V127E;K129E;V130D;C136L;D138L;F140D;Y144S;H146N;W152G;E156G;F157R;Y160N;S162C;C166E;V171F;Q173L;E180S;G184F;L189E;R190I;E191V;V193D;N196I;K202Y;S205I;H207L;N211D;V213G;L216F;L226P;L229I;I233F;I235R;R237L;Q239T;H245L;R246L;Y248T;D253S;S256W;W258Y;T259A;A263Q;G268D;P272L;L276K;K278Y;G283T;I285D;T286A;D287L;D290L;C291S;L293S;P295K;K300T;C301K;K304E;F306V;I312F;T315F;V320S;S325P;F338N;G339A;V341N;F347S;A348W;R355N;S371A;A372S;T376V;C379L;K386F;N388V;L390Y;C391V;Y396V;I402A;R403P;G404E;G413D;Q414A;I418Y;A419L;Y421K;L425D;D442I;G446D;N448Y;Y449L;L455R;R457P;K462I;E465I;G485Y;N487Y;C488F;Q493P;N501Y;G502P;G504P;A520G;L533C;V534K;V539T;F543L;G545T;L546V;T549Q;L552S;S555K;K558L;F559D;D574R;T581P;L582I;C590I;S591F;G593T;G601T;T602V;S605L;A609V;D614G;N616T;E619D;W633Y;R634Y;V635Q;T645A;G648I;C649V;L650A;A653V;H655Y;Y660G;C662A;D663Y;I666Y;A668T;N679A;G700E;A701N;N703S;Y707A;N710I;I714T;N717V;I720T;V722S;L727V;P728T;T732M;V736Y;N751L;T761L;L763T;N764A;L767N;G769N;I770V;V772D;Q779K;E780K;F782E;Y789I;K790P;T791F;P792F;P793N;K795F;G798F;F800L;F802Q;Q804S;P812F;K814E;D820F;L821F;N824V;V826A;D830Y;G832M;I834Q;K835L;Y837I;C840L;G842I;I844A;R847I;K854G;F855G;L858P;V860L;M869Q;Y873G;T883G;F898R;M902L;R905G;F906T;I909G;N914Y;Y917Q;N919A;K921Q;F927N;N928L;G932Q;T941L;K947N;L959T;V963Q;S967F;N969G;F970A;G971I;A972N;S975I;V976N;N978K;D985K;I993P;D994R;R995T;I1018L;N1023A;L1024A;A1025S;K1028Q;E1031V;V1033D;L1034R;R1039K;V1040P;L1049Q;M1050A;P1053A;L1063T;H1064A;V1068K;E1072N;A1078I;K1086H;E1092S;V1096H;W1102V;Q1106I;E1111I;P1112D;T1117C;F1121T;C1126G;D1127V;G1131D;I1132N;N1134P;Y1138L;Q1142L;D1146S;K1149Y;E1150K;H1159L;D1163V;V1164L;I1169A;S1175N;V1176F;I1179E;L1186E;E1195L;S1196E;I1198D;Q1201K;E1207I;W1212Y;I1216V;L1218F;F1220A;I1221G;I1225V;L1234C;C1236S;C1240G;S1249K;G1251D;C1253K;D1257L;D1259G;G1267T,1.0,30.0,1.0,96.0,63.0,2.0
root_child_1_child_1_child_0_child_1_child_0_child_1_child_0_child_1_child_0|leaf,313,0.754124,313,0.754124,312,MZ477792.1,48,0.761194,311,311,47,-108.25067672776366,-2.3032058878247583,-1.4350399149338156,-1.4350399149338156,-1.1059480468603051,-1.1059480468603051,1,G447R,N501Y,1,P26S;D138Y;N501Y;V1176F,4,N501Y,1,N334F:-2.2519;L335V:-1.9854;V341A:-3.0576;T345W:-1.9163;N354K:-1.4390;R355N:-2.7435;K356C:-1.8656;D364Y:-2.7447;Y369N:-2.9995;S373P:-1.9078;S383N:-3.5369;C391T:-4.3715;T393S:-2.3504;N394S:-2.2569;V395I:-3.2946;G404S:-1.8304;R408I:-1.6834;A411G:-3.1893;G413D:-1.9963;N422L:-3.1081;L425D:-2.9019;D428A:-1.9453;V433S:-3.2694;W436N:-2.6391;S438K:-1.4481;D442S:-1.9014;G446Y:-1.4345;G447R:-1.1059;Y449S:-1.7609;N450R:-1.2972;R454N:-1.6636;R457N:-1.9868;K462I:-1.4277;P463S:-2.5121;F464A:-2.4228;G476P:-1.3326;N487Y:-1.7183;P491F:-1.7373;L492F:-2.2180;Y495Q:-2.4226;T500Q:-1.6727;N501Y:-1.4350;G504P:-1.9402;P507V:-2.2527;V512S:-3.5688;L513F:-3.8349;G526T:-3.8718,V6F;T19R;L24S;P26S;R44V;L48Q;T51L;T73G;P85I;N87S;F92I;W104I;G107T;K113S;T114I;N122T;T124V;V130F;D138Y;L141V;K150M;E154R;E156V;S162T;S172E;E180K;G181Q;G184F;N188E;F192I;K195Y;I197G;F201Y;H207V;I210G;V213G;R214L;Q218F;F220D;P230G;G232N;N234F;I235A;T236F;R237L;F238A;T240L;L244P;P251S;D253F;G257A;A260Y;A262Y;A263Y;L270R;Q271T;T274N;L276Y;N282D;T286A;A288C;C291S;T299K;T307I;K310S;G311Q;I312N;T315V;R319P;Q321T;E324F;N334F;L335V;V341A;T345W;N354K;R355N;K356C;D364Y;Y369N;S373P;S383N;C391T;T393S;N394S;V395I;G404S;R408I;A411G;G413D;N422L;L425D;D428A;V433S;W436N;S438K;D442S;G446Y;G447R;Y449S;N450R;R454N;R457N;K462I;P463S;F464A;G476P;N487Y;P491F;L492F;Y495Q;T500Q;N501Y;G504P;P507V;V512S;L513F;G526T;N532K;V534K;N540F;F541K;T549Q;F559D;F562I;Q563F;F565D;D571I;A575D;D578I;Q580L;T581P;L582I;E583I;D586T;C590T;F592I;G593V;T599P;P600T;Y612V;Q613N;D614R;N616P;E619A;V620L;H625Q;T638S;V642R;Q644R;T645A;A647G;G648I;L650V;H655E;S659I;D663Q;P665I;G667A;Y674S;R685S;S686R;A688M;S689I;Y695G;M697L;G700E;Y707I;N709I;N710I;T716S;I720V;S721T;V722L;T724K;I726T;V729S;S730T;M731D;K733S;T739Y;M740T;C749Q;L752Q;L754F;T768I;V772D;E773V;N777V;Q784K;V785I;K795F;G799I;Q804S;I805P;F817E;E819L;L821T;K825T;A831D;C840L;G842A;D843L;R847A;Q853T;F855L;L858P;V860P;L865A;D867Q;Q872G;Y873S;T874A;L878T;A879G;T883G;F888G;A890V;A892L;Q895P;I896A;M902P;F906G;V915K;L916I;Y917I;E918I;N919L;I923A;Q926S;N928L;S937A;T941G;A944K;Q954T;N960L;V963F;S968V;N969A;F970A;G971I;N978K;I980E;S982V;V991G;Q992D;L1004V;T1009G;I1018L;R1019A;S1021A;L1024V;A1025E;G1046H;H1048S;M1050A;P1053A;G1059F;N1074T;T1076I;A1080K;E1092S;G1099V;H1101R;T1105Y;Q1106P;N1108Q;E1111I;C1126G;D1127V;G1131V;N1134P;N1135E;P1140Q;P1143D;L1145S;S1147K;K1149E;H1159D;V1164L;L1166D;G1167N;I1169A;G1171A;I1172A;S1175I;V1176F;K1181A;N1194D;Q1201L;K1205Q;E1207I;Q1208P;L1218I;F1220A;A1226I;V1228C;M1233C;L1234S;C1236Y;S1239C;L1244C;K1245G;C1248G;S1249G;C1253K;K1255E;D1260E;P1263K;K1266L;V1268H,41.0,63.0,1.0,189.0,63.0,50.0
root_child_1_child_0_child_0_child_0_child_1_child_1_child_1_child_1_child_1|leaf,313,0.754124,313,0.754124,312,MZ477792.1,47,0.766169,314,314,46,-115.09383336135743,-2.5020398556816827,-1.4350399149338156,-1.4350399149338156,-3.1719304688553436,-1.0573101562851146,3,L455R;I472N;Q493Y,N501Y,1,P26S;D138Y;N501Y;D614G;H655Y;V1176F,6,D614G;N501Y,2,N331T:-2.4198;T333C:-2.1241;N334D:-1.9782;V341S:-2.9125;F347N:-2.5404;A348R:-1.2580;W353Y:-3.0348;V362Y:-3.1662;S366L:-2.4385;S371F:-1.9489;T376S:-2.4656;K378Y:-2.2888;C379P:-4.2203;G381T:-3.6343;P384Q:-2.7932;K386F:-3.0381;L387F:-3.9116;N388F:-2.6581;D398G:-3.2244;S399D:-2.3761;V401S:-2.2178;I410F:-2.6911;G413I:-2.5114;T415Y:-2.5832;I418R:-2.4418;A419L:-3.0512;L425T:-3.2848;C432G:-4.3209;V433A:-3.4829;Y449S:-1.7609;L455R:-0.7754;R457P:-1.7140;N460P:-1.4502;L461E:-1.7119;R466G:-1.9109;D467T:-1.8071;I472N:-1.1817;N487Y:-1.7183;Q493Y:-1.2148;Y495F:-2.3210;P499V:-1.4651;N501Y:-1.4350;G504P:-1.9402;V512L:-3.8192;A522P:-3.6749;V524G:-4.1764,L5F;R21S;Q23D;P26S;A27N;Y28S;Y38K;T51L;N61S;F65Q;S71W;K77F;D80P;V83F;P85N;D88A;G103T;G107T;K113S;Q115V;A123Q;C136D;D138Y;F140L;L141V;G142D;Y145K;K147W;E156V;Y160N;N164Y;E169L;V171F;S172F;E180N;K182F;G184F;L189F;R190V;E191D;V193N;Y200K;F201H;S205I;V213G;F220D;L229I;I235S;L242S;A243D;S247L;P251G;D253S;W258V;Y269Q;N280T;E281G;G283D;T286A;D290A;A292D;C301F;K304F;F306I;E324F;P330L;N331T;T333C;N334D;V341S;F347N;A348R;W353Y;V362Y;S366L;S371F;T376S;K378Y;C379P;G381T;P384Q;K386F;L387F;N388F;D398G;S399D;V401S;I410F;G413I;T415Y;I418R;A419L;L425T;C432G;V433A;Y449S;L455R;R457P;N460P;L461E;R466G;D467T;I472N;N487Y;Q493Y;Y495F;P499V;N501Y;G504P;V512L;A522P;V524G;N532C;G545L;T549E;G550T;N556F;F559D;F562Q;F565R;T581D;L582S;E583L;I584F;F592I;P600T;N603T;T604N;D614G;C617V;V622I;S640V;T645E;R646G;G648V;A653H;H655Y;V656N;N658C;Y660G;C662A;D663P;G669C;A672Q;S673Q;S680R;A684Q;A694G;M697G;E702V;N710A;S711P;T723V;V729D;K733S;T734C;T739M;M740L;N751F;L752Q;L753G;S758L;N764T;R765T;I770V;Q774Y;N777A;Q779K;V785T;K786I;K790P;I794D;K795F;F802I;Q804S;P809I;K811F;P812K;K814L;R815L;I818L;K825I;V826A;A829K;K835Y;Q836G;C840L;G842A;D843A;A845R;R847I;D848N;A852N;Q853T;L858P;V860L;L864T;L865Y;D867Y;M869Q;T874G;T883G;W886G;A890Q;L894Q;I896Y;R905G;F906Q;N914I;Y917Q;K921N;N928L;G932Q;K933Q;S939T;S940I;S943Q;A956T;L959T;T961V;L962S;V963F;Q965S;S967F;F970A;G971I;S974V;S975I;N978R;S982K;L984K;K986E;V987A;D994R;R995T;G999L;R1000S;Q1010D;Q1011I;L1012E;I1018L;S1021N;A1022L;L1024A;A1025V;K1028S;M1029C;E1031G;V1033G;S1037R;V1040P;D1041G;Y1047V;L1049Q;M1050P;P1053A;Q1054K;A1056F;L1063P;A1070E;K1073T;A1080H;G1085A;E1092S;V1094T;V1096T;W1102Y;F1103T;I1115T;T1117C;N1119V;F1121D;G1124I;N1125G;C1126G;D1127V;G1131D;I1132Y;N1134P;E1144K;F1148D;L1152N;F1156N;K1157L;N1158S;H1159S;S1161G;V1164N;S1175V;V1176F;V1177D;N1178Q;N1187V;A1190Q;E1202L;Y1206W;E1207Y;Q1208P;Y1209W;W1212Y;W1214I;W1217F;L1218A;F1220A;A1226L;M1229I;T1231L;C1236Y;C1240G;S1249K;G1251F;S1252C;C1253K;F1256E,79.0,224.0,1.0,125.0,63.0,35.0
root_child_0_child_0_child_1_child_0_child_1_child_1_child_1_child_1_child_1|leaf,313,0.754124,313,0.754124,312,MZ477792.1,56,0.721393,308,308,55,-127.25165521662251,-2.313666458484046,-1.4350399149338156,-1.4350399149338156,-10.755632615054568,-1.0755632615054567,10,R346T;G446D;G476K;E340K;Q498Y;G485N;F486S;E471Q;K458R;T470I,N501Y,1,N501Y;D614G,2,D614G;N501Y,2,N334F:-2.2519;E340K:-1.0697;F342N:-2.7584;T345Y:-2.0228;R346T:-0.7574;A348R:-1.2580;S349R:-1.9652;A352N:-1.7645;A363S:-3.7040;D364K:-2.7435;S366P:-2.6175;L368F:-2.4135;N370T:-2.6435;S371F:-1.9489;Y380S:-3.1557;S383T:-3.3231;K386N:-3.1888;L390A:-3.6562;F392S:-3.6929;Y396S:-2.9446;A397E:-3.0999;I402D:-2.0407;D405G:-1.3426;R408T:-1.8521;I410N:-2.6030;Q414A:-2.1073;I418A:-3.0967;D420L:-1.5687;N422F:-3.0747;D427C:-2.4535;C432I:-4.1433;W436A:-2.7553;N437D:-2.4091;G446D:-0.9560;Y449L:-1.5400;K458R:-1.2139;D467Y:-1.5799;T470I:-1.2259;E471Q:-1.1641;G476K:-0.9661;P479G:-1.5441;C480F:-1.6586;G485N:-1.1326;F486S:-1.1630;L492S:-1.7157;Q498Y:-1.1069;N501Y:-1.4350;P507L:-2.1116;V512A:-3.3615;L517H:-3.1793;A520S:-3.6757;P521V:-3.6426;V524G:-4.1764;P527L:-3.2639;S530N:-3.0123,L24S;P26T;R34G;P39T;D40F;F43V;S50D;L56F;V62F;T63L;T76N;D80P;P82L;L84G;P85D;T95I;K97N;I100G;W104F;I105T;L110S;S116L;E132F;C136D;D138L;L141H;Y160N;P174L;L176G;M177D;G181F;K182G;Q183R;K195G;K202H;I203L;Y204F;H207V;T208N;I210D;R214G;D215P;L216F;V227D;D228I;I233R;T236F;F238L;H245S;S247Y;Y248D;G252T;S256A;G257A;T259A;A260Y;V267R;P272L;E281G;G283I;T284D;D287S;C291S;P295S;C301F;L303V;K304T;V308G;G311Y;N317T;E324I;V327F;N334F;E340K;F342N;T345Y;R346T;A348R;S349R;A352N;A363S;D364K;S366P;L368F;N370T;S371F;Y380S;S383T;K386N;L390A;F392S;Y396S;A397E;I402D;D405G;R408T;I410N;Q414A;I418A;D420L;N422F;D427C;C432I;W436A;N437D;G446D;Y449L;K458R;D467Y;T470I;E471Q;G476K;P479G;C480F;G485N;F486S;L492S;Q498Y;N501Y;P507L;V512A;L517H;A520S;P521V;V524G;P527L;S530N;K535C;C538F;G548V;T549L;V551K;F559A;Q563V;Q564R;F565D;R567V;I569L;D574Q;R577L;E583T;D586S;C590F;G593V;T599L;G601T;Y612Q;D614G;T618L;D627L;T632Y;R634Y;G648I;I651E;E654A;V656S;N657S;Y660A;A668Q;V705N;Y707N;N709I;A713I;F718T;V722T;T724L;I726K;P728M;M731T;T734M;S735D;M740I;D745E;S746L;L752G;L753S;T761L;L763A;N764A;I770D;D775E;A783Y;K786Y;K790Y;T791F;I794D;N801Q;F802Q;P807K;K811S;F817L;I818V;T827A;D830F;A831F;D839I;I844R;R847A;Q853S;F855G;L858P;T866E;D867L;Y873V;L878T;I882S;T883G;W886G;A899M;M900F;Y904G;R905G;F906N;I909Q;N914L;V915E;Y917K;E918A;A924F;F927Y;D936S;S937L;A942K;S943L;K947N;N953A;V963S;I973S;N978K;D979F;E988L;Q992D;D994L;R995I;L996D;I997E;T998L;G999S;L1004V;Q1005I;Q1010A;L1012E;I1013R;A1016S;E1017N;I1018Q;R1019A;N1023A;L1024A;A1026C;M1029G;D1041G;G1044K;K1045L;G1046L;L1049F;Q1054P;H1058F;G1059V;F1062H;V1068N;I1081E;C1082K;E1092F;V1094F;S1097T;W1102Y;T1105R;Q1106N;R1107Y;F1109T;Y1110T;T1117N;T1120N;G1124V;N1125D;C1126I;I1130V;G1131N;N1134V;Y1138L;P1140Q;L1141D;D1146K;Y1155Q;F1156V;H1159V;T1160P;G1167I;I1169A;S1175I;V1176I;V1177Q;N1178K;N1187K;V1189N;I1210Y;K1211I;W1217L;A1222L;M1229I;T1231L;C1236T;T1238G;S1239C;C1250S;C1253K;E1262L,173.0,80.0,1.0,152.0,63.0,176.0
root_child_1_child_1_child_1_child_0_child_1_child_0|leaf,313,0.754124,313,0.754124,312,MZ477792.1,57,0.716418,312,312,55,-128.79178838957685,-2.3416688798104883,,,-8.192924379800765,-1.0241155474750956,8,L455R;K444S;V445Q;G476K;N501I;S459E;Q498P;Q493T,,0,D138Y;D614G;H655Y;T1027I;V1176F,5,D614G,1,N331P:-2.6739;L335V:-1.9854;F338H:-3.0371;V341A:-3.0576;T345F:-1.7678;S349N:-1.8600;Y351N:-2.5880;K356V:-1.4673;D364V:-2.7534;Y365N:-3.4376;S366F:-2.3912;N370P:-2.6581;Y380D:-2.8642;V382N:-3.5462;P384K:-2.2877;N388C:-2.9500;C391T:-4.3715;F392N:-3.6122;V395S:-3.7400;F400I:-3.4071;G404Q:-2.1394;R408I:-1.6834;I410P:-2.7430;A411Q:-2.3726;G413D:-1.9963;Q414S:-2.0568;N422L:-3.1081;L425D:-2.9019;F429G:-3.4790;T430C:-2.8977;I434L:-2.3325;K444S:-0.8199;V445Q:-0.8737;Y449S:-1.7609;L455R:-0.7754;F456L:-1.4342;R457P:-1.7140;S459E:-1.2030;I468Y:-1.4401;Y473Q:-1.3706;G476K:-0.9661;N481P:-1.4470;N487Y:-1.7183;Q493T:-1.2362;F497P:-2.3790;Q498P:-1.2316;N501I:-1.0871;G504P:-1.9402;Y505V:-1.8256;V511S:-3.2348;V512S:-3.5688;H519V:-1.7956;T523G:-3.7037;C525T:-4.2054;S530L:-2.8938,P25Y;N30T;Y37D;T51L;Q52F;F58N;K77D;D80G;L84G;N87S;W104I;F106T;K113S;A123I;D138Y;P139L;F140D;L141H;Y145W;F157L;E180N;G181Q;G184F;L189F;F192V;F194N;I197G;D198I;F201I;K202Y;S205I;T208D;I210D;R214L;P217G;Q218F;S221P;P225L;G232I;I235S;T236F;L241S;H245S;R246L;S247L;Y248T;P251S;D253A;S255A;A263Q;V267Y;G268K;L276Y;K278G;Y279C;N280D;G283D;I285V;T286C;D287V;A288C;C291S;L296T;E298K;L303S;K304Y;S305T;K310S;I326T;R328I;N331P;L335V;F338H;V341A;T345F;S349N;Y351N;K356V;D364V;Y365N;S366F;N370P;Y380D;V382N;P384K;N388C;C391T;F392N;V395S;F400I;G404Q;R408I;I410P;A411Q;G413D;Q414S;N422L;L425D;F429G;T430C;I434L;K444S;V445Q;Y449S;L455R;F456L;R457P;S459E;I468Y;Y473Q;G476K;N481P;N487Y;Q493T;F497P;Q498P;N501I;G504P;Y505V;V511S;V512S;H519V;T523G;C525T;S530L;N532V;V534K;K537N;G545T;T549Q;G550T;S555P;F559D;L560D;P561I;F562I;L582I;L585I;D586T;G593I;G594S;V595G;I598P;P600V;N603A;S605V;V608Y;L611N;D614G;T618V;E619H;V622H;Y636V;S640F;T645E;G648I;E654P;H655Y;N658Y;S659E;D663Q;A668G;C671S;S673I;Q675H;N679A;R683L;A688T;M697C;S698N;Y707N;N710F;F718T;S721T;T723E;T724I;T734V;M740I;T747N;S750N;L752S;L754F;C760Q;T761L;Q762L;R765L;E773K;N777V;T778A;F782I;Q784H;T791I;K795G;F800L;Q804S;F817D;I818D;L821A;L822D;K835L;C840L;G842A;D843L;A845L;A846D;D848F;L849A;K854L;L858P;V860L;D867Q;M869Q;A871L;Y873S;T883G;F888G;G891P;Q895P;I896A;F898Q;Q901N;M902P;Y904L;R905G;F906Q;N907V;V911N;L916Q;Y917N;E918I;Q920A;K921N;L922N;N928K;G932I;A944D;V963F;S968G;F970A;G971I;A972S;N978I;V987Y;E988L;Q992D;I997L;G999Q;S1003Y;Q1005V;V1008Q;T1009Q;Q1010R;I1013A;I1018L;L1024A;A1025S;T1027I;M1029E;L1034V;Q1036A;G1046S;Y1047M;H1048M;M1050C;P1053A;Q1054G;A1056V;G1059H;V1061P;T1066N;V1068A;H1088S;E1092S;N1098H;G1099T;T1100F;N1108Q;P1112Q;D1118T;F1121V;V1122N;G1124A;C1126D;V1128N;G1131V;V1137E;L1145F;K1149L;D1153K;Y1155T;V1164L;G1171V;S1175I;V1176F;V1189N;L1193D;E1207I;Q1208K;L1218F;F1220A;A1226V;V1228I;T1231Y;L1234C;C1236Y;C1253K;K1255E;F1256L;D1259C;G1267D;V1268H;K1269H,180.0,109.0,221.0,78.0,63.0,189.0
root_child_0_child_0_child_1_child_0_child_0_child_1_child_1_child_1|leaf,313,0.754124,313,0.754124,312,MZ477792.1,59,0.706468,309,309,58,-135.84002228531725,-2.3420693497468497,-1.4350399149338156,-1.4350399149338156,-5.299379069155462,-1.0598758138310924,5,R346T;L455K;Q498Y;E471Q;K458R,N501Y,1,D138Y;N501Y;D614G,3,D614G;N501Y,2,T333P:-2.1624;N334D:-1.9782;F342N:-2.7584;T345Y:-2.0228;R346T:-0.7574;S349Y:-2.5458;V350A:-3.2598;Y351K:-2.2797;W353I:-3.3421;N354R:-1.2966;V362Y:-3.1662;Y369G:-3.1677;N370T:-2.6435;S373A:-1.9861;L390Y:-3.5850;C391Y:-4.4373;N394Y:-2.7453;R403S:-1.3740;G416I:-2.7015;Y421P:-2.7258;N422K:-2.9844;P426V:-3.2716;D427C:-2.4535;D428G:-2.4078;T430I:-2.3659;I434N:-2.4944;A435S:-2.7871;N437S:-2.2393;N440D:-1.3369;D442V:-2.1816;G446Y:-1.4345;Y449L:-1.5400;L455K:-1.0570;F456L:-1.4342;K458R:-1.2139;L461F:-1.9409;K462L:-1.4119;F464D:-1.7218;I468E:-1.2971;S469I:-1.7468;E471Q:-1.1641;Y473G:-1.6051;C480F:-1.6586;C488L:-1.8488;P491G:-1.7822;L492Y:-1.9966;Q498Y:-1.1069;N501Y:-1.4350;Q506F:-2.2348;R509N:-2.4477;V512H:-3.2491;L517T:-3.4471;L518S:-3.1729;P521G:-3.6874;V524G:-4.1764;C525S:-4.2948;P527L:-3.2639;S530N:-3.0123,L24S;V36D;F43V;D53R;H66S;R78V;D80P;L84D;A93S;S98I;W104F;I105T;S112T;I119V;V127K;F135L;D138Y;L141H;Y144S;K147I;W152F;E156S;S161C;N165F;P174G;L176D;Q183K;N188R;N196H;F201I;K202H;I203S;Y204F;H207L;T208I;L226D;D228N;P230G;G232I;I235S;T236L;F238Q;L241A;H245P;Y248D;G252S;S256A;T259A;A260Y;A264Y;Y266G;T274L;K278T;N282I;I285A;T286A;V289S;C291A;A292D;P295S;V308G;Q321T;V327P;T333P;N334D;F342N;T345Y;R346T;S349Y;V350A;Y351K;W353I;N354R;V362Y;Y369G;N370T;S373A;L390Y;C391Y;N394Y;R403S;G416I;Y421P;N422K;P426V;D427C;D428G;T430I;I434N;A435S;N437S;N440D;D442V;G446Y;Y449L;L455K;F456L;K458R;L461F;K462L;F464D;I468E;S469I;E471Q;Y473G;C480F;C488L;P491G;L492Y;Q498Y;N501Y;Q506F;R509N;V512H;L517T;L518S;P521G;V524G;C525S;P527L;S530N;N540T;T549F;V551S;K558F;F559A;F562T;G566A;I569L;D574P;R577L;D586S;P589C;C590A;F592G;G593V;I598G;T599G;S605Q;Y612Q;D614G;V622Q;I624H;T632S;G639V;G648I;L650Y;I651V;H655D;V656S;E661P;I666H;A668S;G669A;I670S;Q675K;T676S;N703I;V705N;Y707N;N709I;A713S;F718I;V722P;E725S;S730V;M731T;T734M;C738M;T739K;M740D;Y741C;D745E;S746L;S750L;L753S;C760R;N764A;L767V;G769A;D775T;F782V;I788Y;T791F;P792K;I794D;G799F;N801Q;F817K;L821A;D830F;F833E;I834Q;C840A;D843A;I844A;A845R;A846C;L849A;L858P;L861D;T866E;D867Q;M869A;Y873A;L878T;T883C;S884G;F888I;F906N;N907T;I909Y;N914Q;Q920I;I923S;N925F;G932I;Q935S;D936L;S939T;A942K;L948H;Q949N;V952Q;L962Q;V963Q;L966S;I973S;S975N;D979F;L984V;E988L;A989R;Q992D;R995G;T998S;L1012E;E1017R;N1023A;L1024A;A1026L;M1029G;C1032L;Q1036C;K1038R;G1044P;G1046L;L1049T;M1050Q;F1052R;Q1054P;H1058F;V1060Y;F1062H;T1066P;A1070F;F1075T;T1077H;A1087F;H1088V;P1090V;E1092F;G1093T;V1094F;S1097T;T1100F;T1105R;Q1106H;E1111Q;T1120N;G1124V;D1127I;I1130V;G1131N;N1134V;N1135Y;D1139L;L1141P;Q1142E;D1146K;S1147K;T1160L;D1165L;G1167I;V1176I;V1177Q;N1178K;D1184V;E1188S;V1189N;N1194L;E1195Q;S1196D;E1202V;K1205P;Y1209K;G1219A;A1222I;M1229I;T1231C;C1240S;K1245C;C1250S;C1253K;F1256P;D1257P;E1258V;E1262L;P1263K,207.0,110.0,1.0,133.0,63.0,208.0
root_child_0_child_0_child_0_child_0_child_0_child_0_child_1_child_1_child_1|leaf,313,0.754124,313,0.754124,312,MZ477792.1,59,0.706468,310,310,57,-142.60076775099546,-2.5017678552806224,,,-4.100284264972377,-1.0250710662430942,4,V445E;N501V;K458T;N481V,,0,D138Y;D614G;H655Y,3,D614G,1,N331C:-2.6574;I332L:-2.4919;C336V:-4.0691;F338V:-3.2348;S349R:-1.9652;V350R:-2.5590;A352T:-2.4803;W353S:-3.2987;K356V:-1.4673;C361D:-3.7131;V362A:-3.0505;Y365L:-2.8881;V367Y:-2.6067;F374S:-2.5796;K378G:-2.1692;C379Y:-4.2757;S383T:-3.3231;L390V:-3.7422;C391Y:-4.4373;F392S:-3.6929;T393V:-2.5757;I402G:-2.5120;G404Q:-2.1394;P426D:-2.2753;D427C:-2.4535;G431L:-3.9741;I434N:-2.4944;N437S:-2.2393;S438L:-1.5900;N440L:-1.4022;S443G:-1.7566;V445E:-0.8044;N448S:-2.2166;Y449L:-1.5400;Y451F:-1.7325;R457N:-1.9868;K458T:-1.0788;N460P:-1.4502;K462F:-1.3898;G476V:-1.4574;C480A:-1.9600;N481V:-1.1660;C488S:-2.1537;F490L:-1.3377;N501V:-1.0510;G502Q:-1.7630;R509V:-2.2683;V512L:-3.8192;E516H:-2.8405;H519P:-1.9232;P521T:-3.3523;V524G:-4.1764;C525S:-4.2948;P527L:-3.2639;K529N:-1.2485;S530N:-3.0123;T531V:-3.1985,V6F;T19R;Y28S;N30T;F43S;L56I;A67V;G75F;T76C;V83L;L84D;V90T;R102G;C131V;D138Y;P139D;F140D;L141H;Y144K;H146T;N148M;K150S;W152E;S155R;V159I;Y160V;S161N;N165F;C166T;Y170H;P174I;E180N;Q183N;N185E;N196G;G199F;V213Q;R214P;L223P;L226V;D228P;G232I;I235S;R237Q;F238A;R246G;L249P;P251S;G252S;S256A;T259A;A263Y;Y265G;E281W;I285C;C291S;L293C;P295S;L296C;E298K;F306G;K310I;Q321T;S325V;F329N;N331C;I332L;C336V;F338V;S349R;V350R;A352T;W353S;K356V;C361D;V362A;Y365L;V367Y;F374S;K378G;C379Y;S383T;L390V;C391Y;F392S;T393V;I402G;G404Q;P426D;D427C;G431L;I434N;N437S;S438L;N440L;S443G;V445E;N448S;Y449L;Y451F;R457N;K458T;N460P;K462F;G476V;C480A;N481V;C488S;F490L;N501V;G502Q;R509V;V512L;E516H;H519P;P521T;V524G;C525S;P527L;K529N;S530N;T531V;V534K;N536C;F541N;T547V;N556F;F559I;L560Q;Q563G;G566V;I569P;T572R;T573A;D574P;A575E;R577L;P579L;L582I;I584D;D586S;S591V;F592V;G601V;N603S;D614G;C617V;T618E;A623Q;I624D;L629T;T630V;P631Y;S640T;A647G;G648A;L650S;E654C;H655Y;V656N;E661D;D663P;P665I;G667A;A668S;Y674K;Q675T;R682A;A684I;S691I;Y695V;M697E;S704A;N709I;S711N;A713F;V722P;T732K;K733C;T734D;V736I;T739G;M740I;I742S;G744D;D745E;N751L;L753S;L763G;N764A;Q779F;A783V;V785P;Y789I;K790I;T791F;I794D;D796F;G798P;N801Q;P807K;K814S;R815I;D830G;A831F;I834Y;G838I;D843C;D848L;P863A;T866E;D867Q;M869A;Y873S;L878I;A879S;T883G;W886A;F888A;G891A;P897M;A899Y;Q901I;R905N;F906Q;G908Q;I909T;T912L;Q913V;N914Q;V915N;E918I;L922F;N928D;A930D;G932L;A942K;Q957V;A958K;G971I;I973S;N978I;I980L;K986V;R995G;L996G;G999R;T1009Q;A1015S;I1018A;R1019L;N1023K;L1024A;A1026K;T1027G;S1030V;E1031Q;C1032G;M1050A;F1062H;H1064T;P1069Q;E1072A;C1082P;F1089R;P1090V;E1092F;V1094S;F1095S;V1096G;T1105R;Q1106P;R1107P;I1115D;N1119F;T1120S;S1123C;D1127P;I1130V;G1131N;I1132N;N1134P;N1135V;V1137D;D1146F;K1149D;D1153H;Y1155D;N1158V;P1162L;D1163L;D1165N;G1167I;D1168S;V1176I;V1177Q;R1185E;L1186E;A1190N;L1200E;Y1206Q;E1207W;G1219L;A1222V;M1233C;C1236S;C1253K;D1259L;G1267S;T1273S,225.0,223.0,221.0,79.0,63.0,208.0
root_child_1_child_1_child_0_child_0_child_1_child_1_child_1_child_0|leaf,314,0.753339,314,0.753339,313,MZ477792.1,44,0.781095,310,310,43,-99.13623195158695,-2.305493766315976,-1.4350399149338156,-1.4350399149338156,-3.0610374774110047,-1.0203458258036682,3,L455R;E340K;I472Q,N501Y,1,D138Y;N501Y;H655Y,3,N501Y,1,N334L:-2.1763;L335V:-1.9854;E340K:-1.0697;V341N:-2.6586;N343A:-1.9376;T345A:-1.8664;V350N:-2.9890;N354V:-1.5952;K356C:-1.8656;A363N:-3.6745;D364Y:-2.7447;L368N:-2.8684;C391T:-4.3715;T393D:-2.3590;V395S:-3.7400;S399G:-2.6929;V401E:-2.0501;I402V:-2.0698;D405A:-1.5484;V407Q:-2.4021;R408I:-1.6834;Q409A:-2.7239;G413D:-1.9963;N422L:-3.1081;L425D:-2.9019;T430D:-2.5025;G431C:-4.0019;V433Y:-3.4118;L441V:-1.5410;Y449S:-1.7609;L455R:-0.7754;R457N:-1.9868;L461P:-2.1355;F464T:-2.2843;I472Q:-1.2159;Y473Q:-1.3706;N481Q:-1.6016;N487Y:-1.7183;N501Y:-1.4350;G504P:-1.9402;Q506Y:-2.1203;V512A:-3.3615;S530L:-2.8938,R21S;T22N;L24A;L48Q;T51L;F65R;T73R;K77V;D80V;L84V;N87S;S98I;W104I;G107T;S112Q;K113S;N122V;A123V;T124K;K129E;C136T;D138Y;F140K;E156G;R158A;L176E;D178F;G181Q;G184F;I197G;Y200K;F201I;Y204P;H207V;T208I;I210V;V213P;G219S;F220D;A222L;L223P;E224F;P225G;P230G;I235S;T236F;H245P;P251S;W258G;A263F;Y265T;T274K;F275N;L276Y;Y279D;N280W;T286A;A288L;C291L;D294S;P295S;C301F;K310S;G311Y;R328T;P330I;N334L;L335V;E340K;V341N;N343A;T345A;V350N;N354V;K356C;A363N;D364Y;L368N;C391T;T393D;V395S;S399G;V401E;I402V;D405A;V407Q;R408I;Q409A;G413D;N422L;L425D;T430D;G431C;V433Y;L441V;Y449S;L455R;R457N;L461P;F464T;I472Q;Y473Q;N481Q;N487Y;N501Y;G504P;Q506Y;V512A;S530L;V534K;F543G;G548T;T549Q;L552K;F559D;L560F;F562I;R567I;D574V;A575Q;R577Q;D578H;P579E;L582T;E583L;L585T;D586T;C590F;F592V;I598Y;Q607S;L611N;D614Y;N616T;C617T;P631G;W633D;Y636V;N641C;T645E;A647L;G648I;A653S;H655Y;D663P;I664A;T678V;A688M;Q690I;S691I;I693S;S698G;E702S;Y707I;N710I;S711A;P715S;D745T;T747L;L754F;T761L;R765G;V772Q;E773V;E780F;K790P;P793K;K795F;F802S;S803I;Q804L;I805P;K811F;R815T;D820L;L821V;A829G;G832I;I834D;G838L;C840D;G842A;D843L;R847T;D848A;I850A;Q853T;G857N;L858P;V860D;P863T;L864T;L865M;E868I;M869S;Q872L;Y873S;S875L;A876I;G880S;T883G;S884G;W886I;T887G;F888I;A890L;A892F;Q895P;I896A;M900Q;M902P;F906Q;I909V;T912Q;L916Q;L922F;N925K;N928L;A930G;K933A;I934D;Q935L;T941S;A942S;G946V;L948V;N960S;L962S;V963F;F970A;V976N;L977R;N978R;I980L;E988L;E990A;V991L;Q992D;I993R;R995L;I997G;S1003Y;Q1005I;Q1011A;I1018S;L1024A;A1025S;S1030E;K1038D;G1046S;H1048S;M1050A;P1053A;A1056V;H1058T;G1059V;V1060S;V1061Y;H1064P;V1068F;A1070E;H1083F;A1087V;E1092S;N1098Q;G1099N;H1101F;W1102E;N1108Y;F1109I;I1115D;T1116F;F1121V;C1126G;D1127V;G1131N;N1134P;V1137Q;Y1138M;K1149L;Y1155F;F1156N;P1162V;V1164L;G1167I;A1174N;S1175I;V1176I;I1183R;N1187K;N1194D;L1197Y;I1198D;K1205H;E1207I;W1212I;Y1215I;L1218I;F1220A;V1228I;C1235L;C1236Y;T1238L;C1247S;S1249D;C1253K;K1255D;E1262G;P1263Q;V1268T,14.0,69.0,1.0,73.0,70.0,19.0
root_child_0_child_1_child_1_child_0_child_1_child_0_child_0|leaf,314,0.753339,314,0.753339,313,MZ477792.1,43,0.78607,312,312,42,-104.85628628935787,-2.496578244984711,-1.4350399149338156,-1.4350399149338156,-4.212755782315093,-1.0531889455787733,4,G476K;E471P;K444N;V445Y,N501Y,1,D138Y;N501Y;D614G;V1176F,4,D614G;N501Y,2,I332L:-2.4919;E340N:-1.7671;S349R:-1.9652;W353R:-2.7154;I358D:-3.1976;S359Y:-3.0222;A363Y:-3.3175;D364Y:-2.7447;A372C:-1.5642;K378Y:-2.2888;C379V:-4.0862;P384F:-2.8241;L387H:-3.4714;L390V:-3.7422;A397F:-3.4911;D398V:-3.2640;F400G:-3.4397;A419Y:-3.1459;V433W:-3.4957;I434N:-2.4944;W436L:-2.7359;K444N:-1.0672;V445Y:-1.1474;Y449L:-1.5400;P463D:-2.2807;E465I:-1.7659;E471P:-1.0322;G476K:-0.9661;C480F:-1.6586;G485F:-1.4615;F486L:-1.2487;P491S:-1.7214;S494P:-1.3911;T500G:-1.6884;N501Y:-1.4350;V510S:-3.1028;V512E:-3.2187;L517A:-3.5374;H519V:-1.7956;A520P:-3.6888;A522V:-3.6673;V524G:-4.1764,L24S;P25Y;G35Y;Y38V;K41R;S50D;L54F;F58N;F65T;H69N;K77D;L84F;I101F;W104I;F106T;Q115L;S116N;L117R;A123N;C131F;E132N;F133W;D138Y;L141Y;K150L;E154A;E156S;V159S;Y160A;S161A;A163N;F168Y;L176R;Q183N;L189F;R190F;S205N;K206P;H207V;I210L;D215Q;L223D;E224V;D228I;L229I;I233N;I235Q;T236L;L244Y;S247T;T250G;S256A;G257A;A264Q;Y266P;L270F;Q271R;T274L;F275L;I285D;D287A;A288L;C291S;P295E;E298F;K300L;F306G;Q314N;S316R;R319E;Q321N;E324P;I332L;E340N;S349R;W353R;I358D;S359Y;A363Y;D364Y;A372C;K378Y;C379V;P384F;L387H;L390V;A397F;D398V;F400G;A419Y;V433W;I434N;W436L;K444N;V445Y;Y449L;P463D;E465I;E471P;G476K;C480F;G485F;F486L;P491S;S494P;T500G;N501Y;V510S;V512E;L517A;H519V;A520P;A522V;V524G;K535F;C538A;V539N;G550T;N556L;K557F;K558P;L560F;F565R;R567A;I569T;R577L;T581I;E583L;I584V;L585T;C590S;S591G;T599G;Q607L;V608A;Q613V;D614G;H625T;T630N;P631W;R634S;V635T;S637R;G639H;R646I;G648I;A653S;E654D;H655C;V656S;Y660D;D663I;S673Y;N679A;A684S;S691M;Y695M;G700V;E702N;N703Y;A706N;Y707A;S721F;T723E;P728K;T732D;V736D;T739Y;M740Y;C743D;D745E;C749Q;L752C;L753T;S758C;C760E;R765T;A766G;V772D;K776G;N777F;T778K;P793N;G799N;Q804S;P807S;K811I;S813D;I834G;C840I;G842I;D843L;I844A;A845L;G857T;L858P;M869A;Q872S;Y873S;L877G;I882A;T883G;F888A;G891A;Q895P;M900G;Y904G;R905Q;F906Q;N907L;V911L;Q913L;Y917I;E918Q;Q920F;Q926G;N928A;S929I;A930L;I931K;G932Q;D936S;S939A;S940A;A942K;A944D;L945K;Q957L;L959K;N960L;L962F;Q965G;N969S;I973N;S975F;V976I;L977N;N978D;V987A;I993L;G999S;Q1005Y;V1008I;I1018A;L1024A;A1025T;A1026C;L1034S;D1041C;K1045P;S1051A;F1052A;Q1054G;S1055P;H1064T;V1065Y;K1073P;C1082D;H1083K;A1087V;H1088R;E1092F;G1093V;F1109P;P1112N;Q1113N;I1114D;N1119V;F1121S;G1124V;I1130V;G1131N;N1134Q;V1137Q;P1140D;L1141P;L1145S;D1146L;F1148K;Y1155K;H1159L;T1160I;D1165G;L1166I;G1167I;S1170I;G1171A;A1174Q;V1176F;I1183A;L1186V;E1188S;V1189L;N1194S;S1196Q;Q1208E;W1212G;Y1215W;L1218I;G1219A;F1220T;A1222I;G1223A;M1229I;C1235Y;S1242K;G1251C;C1253K;D1257G;D1259K;P1263L;V1264Y,24.0,222.0,1.0,118.0,70.0,8.0
root_child_0_child_1_child_1_child_1_child_0_child_1_child_1|leaf,314,0.753339,314,0.753339,313,MZ477792.1,43,0.78607,311,311,42,-108.13568050000436,-2.5746590595239134,-1.4350399149338156,-1.4350399149338156,-4.271089482739699,-1.0677723706849247,4,G476K;E471P;L455K;I472Q,N501Y,1,D138Y;N501Y;D614G;H655Y,4,D614G;N501Y,2,I332L:-2.4919;C336V:-4.0691;P337E:-2.3435;E340N:-1.7671;V341T:-2.8956;A344Y:-2.3970;I358C:-3.5746;N360Y:-2.7482;S366N:-2.3981;T376G:-2.8501;K378Y:-2.2888;Y380T:-3.3458;L387D:-3.4025;F400I:-3.4071;G404E:-1.8275;G416I:-2.7015;I418N:-2.8422;D420P:-2.1140;Y423F:-3.4819;K424D:-2.2615;T430A:-2.7765;C432A:-4.2640;V433S:-3.2694;Y449L:-1.5400;N450R:-1.2972;L452I:-1.5860;L455K:-1.0570;P463A:-2.8607;E471P:-1.0322;I472Q:-1.2159;G476K:-0.9661;C480F:-1.6586;G485Y:-1.5747;N501Y:-1.4350;Y508F:-2.3209;E516T:-2.7448;L517A:-3.5374;H519C:-1.9243;A520C:-3.7635;A522V:-3.6673;V524G:-4.1764;C525P:-4.2599,Y28F;K41R;V42S;H69N;G72N;N74T;K77D;N87G;S94N;G103F;W104S;F106T;K113Q;S116N;L117N;V120A;I128F;C131Q;N137G;D138Y;L141V;K150L;W152S;E156S;V159N;Y160A;S161C;S162A;F168Y;E169L;V171P;F175L;L176R;M177L;Q183N;K187F;L189F;D198Y;P209D;I210D;D215Q;P217A;E224V;V227L;G232N;N234R;I235Q;T236S;R237A;T250G;G252D;S254T;S255T;S256A;Q271R;L277G;K278T;E281I;I285D;T286C;D290A;C291S;S297T;K304F;F306G;V308G;Q314N;N317E;R319K;Q321I;E324F;S325N;V327I;I332L;C336V;P337E;E340N;V341T;A344Y;I358C;N360Y;S366N;T376G;K378Y;Y380T;L387D;F400I;G404E;G416I;I418N;D420P;Y423F;K424D;T430A;C432A;V433S;Y449L;N450R;L452I;L455K;P463A;E471P;I472Q;G476K;C480F;G485Y;N501Y;Y508F;E516T;L517A;H519C;A520C;A522V;V524G;C525P;V534N;K535N;N536V;V539N;G548V;G550N;N556L;K557L;K558P;L560F;P561G;I569D;V576T;R577L;E583L;S591I;G593V;S596I;T599G;N603S;Q607Y;V608Y;A609G;Q613V;D614G;E619S;L629V;T630N;R634S;Y636F;G639H;F643T;G648E;A653S;H655Y;V656S;N658I;Y660A;Y674Q;N679A;R683S;S686I;V687S;Q690A;S691A;A694T;M697G;E702V;V705S;Y707P;N709F;S721T;T723E;T732S;M740Y;D745E;E748L;C749Q;L752C;L763V;R765T;A766E;I770V;V772D;E773D;Q774K;N777F;Q779K;Q787P;Y789I;P793N;D796Y;G799I;Q804L;I805P;K811S;S813I;R815I;E819L;F823A;V826I;T827F;F833Q;I834L;D839Q;C840D;G842I;K854N;F855V;L858P;V860L;L865D;M869A;Q872L;A876L;L877A;L878G;A879T;I882T;T883G;F888G;Q895P;P897A;M900H;Y904I;F906Q;G910T;V911Y;E918I;Q920I;N925A;Q926I;I931K;Q935T;D936L;S937A;S939A;A942K;S943A;L945K;N960S;K964S;Q965I;I973N;S975F;V987A;E988V;A989E;E990D;V991G;D994R;I997R;G999S;R1000T;Q1002L;T1006V;Y1007H;A1022K;L1024T;A1025T;A1026C;V1033Q;L1034V;F1042G;K1045P;Y1047S;L1049F;F1052P;Q1054A;S1055P;H1064Q;Y1067P;C1082D;H1083K;A1087G;E1092F;G1093V;S1097W;T1100W;F1103E;T1105I;R1107F;N1119V;G1131N;N1134P;V1137Q;L1145K;D1146L;L1152H;D1153K;H1159L;D1165I;I1169S;G1171A;I1172Q;V1176K;I1183A;L1186V;E1188S;S1196I;G1204K;Q1208E;W1212G;G1219I;I1232M;C1236S;M1237C;S1242K;C1250F;G1251C;S1252G;C1253K;D1259K;P1263L;G1267K;Y1272T,38.0,242.0,1.0,142.0,70.0,8.0
root_child_0_child_0_child_0_child_1_child_0_child_1_child_0_child_0_child_1|leaf,314,0.753339,314,0.753339,313,MZ477792.1,52,0.741294,312,312,52,-119.69304230449602,-2.3017892750864624,-1.4350399149338156,-1.4350399149338156,-4.0620419746130345,-1.0155104936532586,4,E484V;N460K;E340K;K458N,N501Y,1,N501Y;D614G;H655Y,3,D614G;N501Y,2,I332P:-2.8327;C336F:-4.0466;P337G:-2.7021;G339Q:-1.8710;E340K:-1.0697;V341R:-2.3635;T345V:-1.5633;S349R:-1.9652;N354T:-1.8705;R357V:-1.6007;N370T:-2.6435;T376C:-2.8787;C379T:-4.2015;C391Y:-4.4373;N394V:-2.5818;Y396S:-2.9446;I402G:-2.5120;V407I:-2.8289;G413I:-2.5114;I418K:-2.5308;D420Y:-2.0724;Y423D:-3.1262;K424L:-2.2126;G431V:-3.8931;W436N:-2.6391;N437D:-2.4091;D442N:-1.8971;V445F:-1.3879;Y449F:-1.3317;N450L:-1.5236;Y451R:-1.7521;L455P:-1.4905;R457K:-2.0672;K458N:-1.1730;N460K:-1.0328;E465Y:-1.8043;R466D:-1.9342;D467S:-1.7135;Y473I:-1.4722;P479N:-1.3825;C480F:-1.6586;E484V:-0.7866;N487P:-2.0089;C488S:-2.1537;Y489F:-1.5181;N501Y:-1.4350;R509S:-2.3844;L513P:-3.6085;P521A:-3.4158;V524G:-4.1764;P527L:-3.2639;S530N:-3.0123,Y28S;T33V;F43V;S50D;T63H;F65N;A67V;V70Y;N74T;F79T;L84D;S98R;G103F;W104F;V120N;N121A;T124C;V127Q;C136P;D138P;P139H;L141H;V159N;Y160V;S161C;N164C;S172P;P174L;F175M;D178E;R190V;N196D;I197G;H207N;N211L;V213R;D215Q;P217F;S221I;L226V;G232I;I235T;T236L;L241Y;T250S;P251S;G252S;D253A;S254A;S256A;W258A;T259A;A263Y;R273K;F275L;N280T;C291S;P295S;E298K;T299C;T302L;L303S;S305G;T307K;Q314F;P322R;I326R;V327N;F329N;P330C;I332P;C336F;P337G;G339Q;E340K;V341R;T345V;S349R;N354T;R357V;N370T;T376C;C379T;C391Y;N394V;Y396S;I402G;V407I;G413I;I418K;D420Y;Y423D;K424L;G431V;W436N;N437D;D442N;V445F;Y449F;N450L;Y451R;L455P;R457K;K458N;N460K;E465Y;R466D;D467S;Y473I;P479N;C480F;E484V;N487P;C488S;Y489F;N501Y;R509S;L513P;P521A;V524G;P527L;S530N;L533C;N536F;K537W;C538L;V539G;L552S;N556Q;K558F;F559I;Q563F;Q564R;R567T;I569L;D574P;R577L;D586S;C590I;F592V;V595I;S596P;N603V;A609G;L611G;D614G;T618I;P621A;V622Q;Q628S;L629T;R634S;N641T;G648A;C649D;H655Y;V656Y;C662I;A668S;T678H;R682I;I692G;G700N;A706S;N709I;S711I;T719V;V722P;T723K;E725P;S735T;C738S;M740I;Y741C;D745E;L753S;T761A;N764A;G769A;I770N;V772E;Q774K;N777F;T778A;Y789G;K790Y;T791F;I794D;K795N;N801Q;S803D;I805P;L806K;P807K;D808S;K811I;K814D;F817K;L821F;L828F;A829T;G838I;G842F;I844G;A845V;A846D;L849F;N856P;L858P;P863L;L864Q;T866E;D867Q;S875T;L878T;G889P;Q895P;P897T;F898A;R905N;F906Q;G908Y;I909T;V911L;N914Q;V915I;A924S;F927Q;N928K;I931K;G932D;S939T;A942K;L966T;I973S;S975L;L977I;R983K;E988V;D994I;R995G;L996D;I997S;T998L;Q1005V;T1009Q;A1015L;L1024A;Q1036V;D1041K;G1046Q;F1052S;H1058V;F1062E;T1066V;I1081V;F1089S;P1090V;R1091S;E1092H;V1094F;F1095H;N1098T;T1105R;Q1106N;F1109P;T1116D;D1118N;N1119S;T1120N;S1123V;I1130V;G1131N;N1134P;N1135E;V1137D;Y1138P;L1145E;E1150K;E1151D;D1153Y;T1160D;G1167I;A1174V;S1175V;V1176I;K1181D;E1182N;E1188S;V1189N;A1190L;S1196D;L1197E;I1198K;K1205L;Q1208H;Y1209W;K1211A;P1213L;L1218I;A1222V;I1227M;M1233C;C1235M;C1241G;L1244C;C1250K;C1253K;F1256Y;K1266T;G1267L;H1271V,110.0,62.0,1.0,64.0,70.0,99.0
root_child_0_child_0_child_1_child_0_child_1_child_1_child_0_child_0_child_0_child_0_child_0|leaf,314,0.753339,314,0.753339,313,MZ477792.1,54,0.731343,307,307,52,-120.54229962287758,-2.318121146593799,,,-5.473149039931379,-1.094629807986276,5,G476K;R346V;Q493V;Q498T;K458R,,0,D614G,1,D614G,1,T333H:-1.8244;N334F:-2.2519;V341F:-3.0958;F342N:-2.7584;N343V:-2.0860;T345Y:-2.0228;R346V:-1.0410;A348R:-1.2580;S349R:-1.9652;V350K:-2.7241;Y351I:-2.2083;D364Y:-2.7447;Y365A:-3.5437;N370T:-2.6435;F377C:-3.1146;Y380S:-3.1557;S383T:-3.3231;C391Y:-4.4373;V395A:-3.6474;Y396S:-2.9446;A397E:-3.0999;D405G:-1.3426;E406R:-1.3158;R408T:-1.8521;Q414D:-2.1594;A419D:-2.6427;D420L:-1.5687;N422F:-3.0747;D427C:-2.4535;G446Y:-1.4345;G447Y:-2.0613;N448Q:-2.3560;Y449L:-1.5400;K458R:-1.2139;I472Y:-1.3320;G476K:-0.9661;C480F:-1.6586;G485C:-1.6490;L492S:-1.7157;Q493V:-1.0619;Q498T:-1.1903;P499G:-1.6178;T500V:-1.4177;N501Q:-1.6321;V512A:-3.3615;L517T:-3.4471;P521V:-3.6426;V524G:-4.1764;P527L:-3.2639;K529T:-1.2935;S530N:-3.0123;T531V:-3.1985,L24S;R34G;Y37D;D40F;F43V;Q52F;L56F;T63A;G72K;T76I;F79P;D80F;P82L;L84G;P85N;K97I;I101G;W104F;I105L;I119T;N121A;E132Q;D138L;L141H;M153Y;R158N;C166F;P174G;M177D;D178E;Q183R;K195I;K202H;I203L;H207K;I210D;D228P;N234T;I235S;F238L;L244T;H245S;Y248D;L249S;G252S;D253A;S255T;S256A;G257A;W258L;T259A;A260Y;Y266G;V267R;L270P;K278N;E281G;T284C;V289D;C291S;P295S;T299C;K300L;C301T;V308G;R319Q;V320I;P322E;T323I;V327P;F329T;T333H;N334F;V341F;F342N;N343V;T345Y;R346V;A348R;S349R;V350K;Y351I;D364Y;Y365A;N370T;F377C;Y380S;S383T;C391Y;V395A;Y396S;A397E;D405G;E406R;R408T;Q414D;A419D;D420L;N422F;D427C;G446Y;G447Y;N448Q;Y449L;K458R;I472Y;G476K;C480F;G485C;L492S;Q493V;Q498T;P499G;T500V;N501Q;V512A;L517T;P521V;V524G;P527L;K529T;S530N;T531V;V534K;K537G;C538F;F543L;T549S;V551N;F559C;Q563V;I569L;D574P;R577I;I584D;D586S;C590V;T599L;G601T;A609L;Y612Q;Q613E;D614G;H625Q;G648I;I651E;V656S;N657S;I666G;A668S;Q690I;V705S;Y707N;N709I;S711I;T716V;F718T;V722P;T724L;E725P;L727K;T734M;S735C;M740I;D745E;S746L;T747L;S750Q;L752G;L753Q;T761L;N764A;A766Q;G769D;V772K;E773I;D775T;T778I;Q787C;T791F;P792A;I794D;N801Q;Q804V;P807K;S813F;K814S;R815L;F817E;D830F;Y837D;C840A;I844A;A846C;A852N;Q853S;F855G;L858P;T859L;L865A;T866S;D867Q;M869S;I870S;Y873A;L878T;T883G;W886G;T887G;G891A;A892L;M902Y;R905G;F906N;I909Q;N914Q;Y917F;F927A;Q935L;T941S;A942K;N953A;V963S;N969G;I973S;N978K;D979F;E988L;Q992D;I993L;D994Q;R995T;L996D;L1004Y;T1009R;Q1010I;L1012E;E1017D;A1022T;L1024A;M1029G;V1033S;G1035D;R1039D;V1040Y;G1044L;H1048I;P1057H;H1058F;F1062H;V1068N;N1074T;T1076P;C1082K;F1089V;E1092F;V1094F;S1097T;W1102Y;T1105P;Q1106P;R1107Y;N1108Y;I1115V;T1117N;T1120N;I1130V;G1131T;N1134V;Y1138L;P1140Q;L1141P;Q1142L;D1146K;F1148D;Y1155Q;H1159V;T1160P;G1167I;I1172Q;N1173K;S1175E;V1176I;V1177Q;N1178K;I1179D;N1187E;E1188N;V1189N;K1191N;N1192L;S1196L;Q1201I;G1204E;I1210L;W1217F;G1219I;A1226V;M1229I;C1236T;M1237C;S1239C;C1240G;C1250E;C1253K;E1262L;H1271Y,119.0,83.0,221.0,181.0,70.0,141.0
root_child_0_child_0_child_0_child_1_child_0_child_0_child_0_child_1|leaf,314,0.753339,314,0.753339,313,MZ477792.1,55,0.726368,311,311,54,-122.03960513863824,-2.2599926877525607,-1.4350399149338156,-1.4350399149338156,-5.366808751904468,-1.0733617503808937,5,L455R;Q498V;G447R;I472N;K458R,N501Y,1,D138Y;N501Y;D614G;H655Y,4,D614G;N501Y,2,N331C:-2.6574;I332N:-2.6228;T333D:-1.7415;N334P:-1.9699;P337E:-2.3435;E340N:-1.7671;V341R:-2.3635;F342A:-2.9436;A344Y:-2.3970;T345F:-1.7678;S349R:-1.9652;N354T:-1.8705;R355D:-2.6049;K356R:-2.0483;N370T:-2.6435;T376C:-2.8787;C379T:-4.2015;C391Y:-4.4373;N394V:-2.5818;V407Q:-2.4021;I410E:-2.4008;A411G:-3.1893;G416I:-2.7015;Y421K:-2.1591;Y423L:-3.4325;K424I:-2.1773;P426D:-2.2753;A435N:-3.1173;N437S:-2.2393;D442N:-1.8971;G447R:-1.1059;Y449L:-1.5400;N450L:-1.5236;Y451R:-1.7521;L455R:-0.7754;K458R:-1.2139;P463R:-2.0892;E465Y:-1.8043;I472N:-1.1817;Y473I:-1.4722;C480F:-1.6586;N487G:-1.3894;C488S:-2.1537;F490G:-1.3257;S494G:-1.3122;Q498V:-1.0898;N501Y:-1.4350;Y505F:-1.4211;V510E:-2.9943;E516V:-2.9086;P521V:-3.6426;V524G:-4.1764;P527L:-3.2639;S530N:-3.0123,Y28S;T33V;F43V;D53L;L54P;F65A;A67V;L84D;S98R;G103T;W104F;F106G;D111L;K113W;T114I;V127Q;F135N;C136P;D138Y;F140D;L141H;M153Y;R158S;Y160V;S172P;G181F;K187F;L189F;N196D;H207P;N211L;V213Q;D215Q;A222W;L226V;V227D;D228I;G232I;I235S;T236L;A243L;R246Y;P251S;G252S;D253A;S255A;S256A;W258A;T259A;G261Y;R273K;F275L;N280T;N282T;T284D;C291S;P295S;K310I;N317P;V320R;P322I;S325V;I326R;V327N;F329N;N331C;I332N;T333D;N334P;P337E;E340N;V341R;F342A;A344Y;T345F;S349R;N354T;R355D;K356R;N370T;T376C;C379T;C391Y;N394V;V407Q;I410E;A411G;G416I;Y421K;Y423L;K424I;P426D;A435N;N437S;D442N;G447R;Y449L;N450L;Y451R;L455R;K458R;P463R;E465Y;I472N;Y473I;C480F;N487G;C488S;F490G;S494G;Q498V;N501Y;Y505F;V510E;E516V;P521V;V524G;P527L;S530N;N544L;L552S;K558F;F559R;Q563F;Q564R;R567T;I569L;D574P;E583S;D586S;C590I;G594S;N603V;Q607A;L611G;D614G;P621A;L629T;W633G;Y636V;G639K;N641Q;F643C;G648A;C649D;A653C;E654D;H655Y;E661G;P665A;I666A;G667I;A668S;N679P;R682I;S686F;I692A;Y695S;E702D;N703V;A706S;N709I;I714T;S721I;V722P;T723K;T724I;E725P;S735Y;C738S;M740I;C743S;D745E;L753S;G757L;T761N;Q762N;N764A;G769A;I770D;A771K;Q774K;N777F;T778E;Q779F;K786T;Q787K;T791F;I794D;K795N;G799L;N801Q;K811I;R815I;F817E;V826D;T827A;L828F;A829T;G838C;I844G;L849F;K854V;N856P;G857T;L858P;P863L;T866E;D867Q;T874S;S875G;L878T;T883G;T887Q;G889P;M902V;R905N;F906Q;G908Y;N914Q;V915I;Y917A;N919Q;F927Q;I931K;G932D;Q935L;S939T;S940A;A942D;S943V;Q957L;L962S;L966T;F970S;I973S;D979S;I980S;R983K;V991S;R995V;L996D;T998L;Q1005V;T1009Q;R1014A;A1015L;L1024A;M1029S;Q1036D;C1043S;H1048A;P1053S;S1055G;H1058V;F1062E;D1084P;R1091S;E1092F;V1094F;S1097F;N1098T;T1105R;Q1106P;N1108A;E1111Q;I1115T;T1116D;N1119S;T1120N;I1130V;G1131T;N1134P;N1135V;L1141P;L1145E;K1149Y;E1150H;E1151D;D1153Y;Y1155H;G1167S;A1174V;S1175V;V1176I;Q1180E;R1185E;V1189N;A1190E;N1194D;I1198K;L1200Y;K1205L;Y1209W;K1211A;P1213L;L1218F;A1222V;I1225V;I1227M;T1231M;M1233C;C1235M;C1243S;L1244C;C1247F;C1250E;C1253K;F1256Y;K1266T;G1267H,133.0,34.0,1.0,147.0,70.0,158.0
root_child_0_child_0_child_0_child_0_child_1_child_0_child_0_child_1_child_0|leaf,314,0.753339,314,0.753339,313,MZ477792.1,54,0.731343,309,309,52,-124.69146640842138,-2.3979128155465648,,,-7.257530871034218,-1.0367901244334596,7,E471I;N460K;Q493F;N501V;E340K;G482E;N481V,,0,D614G;H655Y,2,D614G,1,N331C:-2.6574;P337N:-2.2448;F338A:-3.2959;E340K:-1.0697;T345Y:-2.0228;S349T:-2.4938;V350A:-3.2598;W353I:-3.3421;V362D:-2.7345;V367Y:-2.6067;N370T:-2.6435;K378G:-2.1692;D389N:-3.2074;L390V:-3.7422;C391Y:-4.4373;T393D:-2.3590;D398F:-3.1789;F400S:-3.3476;V401R:-1.5520;I402G:-2.5120;V407Q:-2.4021;I410T:-2.7024;N422L:-3.1081;P426D:-2.2753;A435S:-2.7871;W436D:-2.3850;N437S:-2.2393;Y449L:-1.5400;N460K:-1.0328;F464E:-1.9340;E465D:-2.3690;D467Y:-1.5799;E471I:-0.7781;G476V:-1.4574;C480F:-1.6586;N481V:-1.1660;G482E:-1.1120;C488S:-2.1537;P491L:-1.7774;Q493F:-1.0478;S494G:-1.3122;T500G:-1.6884;N501V:-1.0510;G502C:-1.7430;P507L:-2.1116;V511A:-3.0209;F515L:-3.1924;P521V:-3.6426;V524S:-3.9754;C525S:-4.2948;P527L:-3.2639;S530N:-3.0123,Y28S;T33V;F43S;A67V;V70T;S71V;T76G;R78N;V83L;L84F;V90T;T95S;K97A;W104F;I105G;I119N;V130F;D138I;F140H;L141H;K147S;M153R;Y160V;A163N;N164Y;C166F;Y170P;P174I;L176K;E180N;N185E;V193D;K195I;D198K;K202S;Y204P;H207I;G219E;F220V;E224L;P225I;L226V;G232I;H245S;R246G;L249P;P251S;G252S;D253S;S256A;W258Q;T259A;A263Y;Y269L;L270P;F275I;E281W;T286P;C291T;P295S;L296C;S297K;T299S;K310I;Y313Q;F318T;S325V;V327P;F329N;N331C;P337N;F338A;E340K;T345Y;S349T;V350A;W353I;V362D;V367Y;N370T;K378G;D389N;L390V;C391Y;T393D;D398F;F400S;V401R;I402G;V407Q;I410T;N422L;P426D;A435S;W436D;N437S;Y449L;N460K;F464E;E465D;D467Y;E471I;G476V;C480F;N481V;G482E;C488S;P491L;Q493F;S494G;T500G;N501V;G502C;P507L;V511A;F515L;P521V;V524S;C525S;P527L;S530N;L533R;V534K;N536C;F559I;Q563F;G566D;I569P;A570C;D574P;A575V;R577L;P579I;D586S;S591V;F592C;G594T;G601V;N603Q;V608L;A609L;L611N;Q613T;D614G;T618E;L629T;T630G;S640R;T645Q;A647C;G648A;H655Y;N657Y;N658Y;Y660D;P665A;A668S;C671K;A672Q;S673T;Y674T;Q675T;R682A;A684S;A688Q;Q690I;M697E;A701N;N703V;S704N;N709I;I714T;I720T;V722T;V729C;C738G;M740I;D745S;S746C;E748S;L753F;Y756K;G757F;F759T;C760L;Q762N;L763T;N764A;I770V;Q774K;D775V;E780I;T791F;I794D;D796Q;N801S;I805K;P807K;R815E;I818D;E819L;V826A;K835L;Q836L;C840D;D843T;R847L;C851N;L858T;T859E;V860L;P862L;T866E;D867Q;L878T;T883G;A892T;P897M;F898Q;A899Y;A903I;R905N;F906Q;G908Q;N914Q;V915N;K921Q;Q926S;G932L;T941A;A942L;L945K;L948N;D950N;N955V;A958Q;I973S;L977S;N978S;K986E;I993R;R995G;L996D;T998R;S1003T;Y1007Q;V1008Q;T1009Q;A1016R;I1018A;S1021N;L1024A;A1026K;K1028Q;M1029E;S1030L;K1038D;V1040F;C1043I;Y1047S;Q1054V;V1060F;T1066K;V1068E;E1072P;K1073T;T1077K;E1092F;V1094F;F1095L;T1105N;Q1106P;I1114V;N1119F;T1120S;D1127P;I1130V;G1131N;N1134D;N1135V;T1136P;P1143E;L1152E;D1153N;Y1155K;H1159M;T1160D;D1165S;G1167I;S1170A;V1176I;I1179E;K1181D;I1183K;D1184N;V1189N;S1196K;I1198T;W1212L;A1222V;M1237C;S1242K;C1243K;L1244G;C1253K;G1267S;K1269H;L1270T;H1271T,154.0,168.0,221.0,101.0,70.0,141.0
root_child_0_child_0_child_1_child_0_child_1_child_1_child_1_child_0_child_0_child_0|leaf,314,0.753339,314,0.753339,313,MZ477792.1,56,0.721393,310,310,55,-125.74314621727883,-2.2862390221323423,-1.4350399149338156,-1.4350399149338156,-7.316118261964675,-1.0451597517092392,7,R346T;G476K;E471G;Q498V;G485N;F486S;K458R,N501Y,1,N501Y;D614G,2,D614G;N501Y,2,I332P:-2.8327;N334F:-2.2519;E340T:-1.7716;T345Y:-2.0228;R346T:-0.7574;A348V:-1.8740;S349R:-1.9652;C361V:-3.9488;Y380S:-3.1557;G381T:-3.6343;S383T:-3.3231;N388F:-2.6581;C391T:-4.3715;Y396S:-2.9446;A397E:-3.0999;I402V:-2.0698;D405G:-1.3426;R408T:-1.8521;Q414A:-2.1073;G416K:-2.2963;I418H:-2.6597;D420L:-1.5687;N422F:-3.0747;K424P:-2.3116;D427C:-2.4535;N437D:-2.4091;V445G:-1.2643;G446Y:-1.4345;Y449L:-1.5400;R454F:-1.7941;K458R:-1.2139;F464D:-1.7218;D467S:-1.7135;E471G:-0.9933;I472Y:-1.3320;G476K:-0.9661;P479F:-1.2973;C480V:-1.5840;G485N:-1.1326;F486S:-1.1630;L492F:-2.2180;Q498V:-1.0898;N501Y:-1.4350;Y505P:-2.0928;Y508L:-2.3545;R509F:-2.2861;V512A:-3.3615;L513E:-3.3299;L517H:-3.1793;P521T:-3.3523;V524G:-4.1764;P527S:-3.3537;K528H:-3.3960;S530N:-3.0123;T531V:-3.1985,L5F;P9Q;L24S;R34G;G35V;D40F;F43V;H49L;S50D;L56F;T63S;W64I;G72K;T76N;D80P;P82L;L84G;P85D;V90Y;I100G;I101F;W104F;I105T;L110S;K113I;Q115L;S116L;N121T;C131Q;F135N;D138L;L141H;H146T;F157N;Y160N;P174L;M177D;Q183R;R190F;I197Y;K202Y;I203L;Y204F;P209D;I210D;R214D;L216F;G219E;D228I;N234F;I235S;F238L;Q239A;H245S;Y248D;T250P;G252T;S256A;G257A;T259A;A260Y;Y266A;V267R;N280I;E281G;C291S;P295S;C301F;K304E;V308G;Q321S;I326V;V327P;I332P;N334F;E340T;T345Y;R346T;A348V;S349R;C361V;Y380S;G381T;S383T;N388F;C391T;Y396S;A397E;I402V;D405G;R408T;Q414A;G416K;I418H;D420L;N422F;K424P;D427C;N437D;V445G;G446Y;Y449L;R454F;K458R;F464D;D467S;E471G;I472Y;G476K;P479F;C480V;G485N;F486S;L492F;Q498V;N501Y;Y505P;Y508L;R509F;V512A;L513E;L517H;P521T;V524G;P527S;K528H;S530N;T531V;K535N;C538F;G545T;T549F;V551N;F559A;Q563V;R567A;T573D;D574P;R577L;T581E;L582T;E583F;D586S;G593V;V597N;T599L;G601T;T604A;Y612Q;D614G;T618L;D627L;Y636V;V642T;G648V;I651E;V656S;A668G;T676H;R683S;R685S;V687I;V705N;Y707N;N709I;A713T;F718T;V722T;T724E;P728M;V729M;M731T;T734M;S735E;M740I;D745E;S746L;T747L;L752G;L753S;S758N;T761L;L763T;N764A;V772T;D775E;A783Y;T791D;P792K;I794F;F800S;N801Q;K814S;D830F;I844A;C851N;Q853T;F855G;L858P;T859P;T866E;D867L;M869A;Y873A;T874L;L878T;G880T;T883G;G885T;W886G;F888G;R905G;F906N;I909Q;N914Q;E918A;N919I;N925I;F927Y;S929G;K933A;D936S;A942K;S943L;K947M;D950N;N953A;Q957L;V963S;K964L;I973S;N978K;D979F;E988L;A989R;Q992D;D994L;R995G;L996D;L1004V;T1006L;Q1010A;L1012E;I1013R;R1014E;A1016S;E1017R;S1021A;L1024A;T1027S;M1029G;L1034Q;Q1036Y;S1037V;K1045L;G1046L;H1058F;G1059T;F1062H;V1068N;A1070E;C1082F;K1086D;E1092F;V1094F;S1097T;W1102Y;T1105R;Q1106P;R1107Y;F1109T;Y1110T;T1117N;T1120N;V1129D;I1130V;G1131N;I1132P;N1134V;Y1138L;L1141P;D1146F;E1151K;Y1155Q;F1156V;H1159V;T1160P;V1164N;G1167I;I1169A;S1175E;V1176I;V1177Q;N1178Q;K1191L;I1210Y;P1213L;W1217G;G1219V;F1220A;A1222G;M1229I;C1236T;S1239C;K1245C;C1250S;C1253K;E1262L;V1264Y;G1267V,161.0,49.0,1.0,111.0,70.0,176.0
root_child_1_child_1_child_0_child_0_child_0_child_1_child_1|leaf,314,0.753339,314,0.753339,313,MZ477792.1,54,0.731343,310,310,53,-131.15796254780412,-2.4746785386378143,-1.4350399149338156,-1.4350399149338156,-4.647740274549275,-1.1619350686373187,4,G446S;G504E;Q474P;I472Q,N501Y,1,D138Y;N501Y;H655Y,3,N501Y,1,I332L:-2.4919;L335V:-1.9854;F338N:-3.1942;V341T:-2.8956;N343A:-1.9376;T345W:-1.9163;V350W:-3.2836;W353I:-3.3421;N354V:-1.5952;R357V:-1.6007;I358C:-3.5746;A363N:-3.6745;D364Y:-2.7447;L368N:-2.8684;S383N:-3.5369;K386D:-3.1081;L390A:-3.6562;C391N:-4.1519;V395S:-3.7400;D398R:-3.0994;S399I:-2.3064;F400R:-2.7613;V401E:-2.0501;R403A:-1.3613;R408I:-1.6834;I410P:-2.7430;I418Y:-3.0351;Y421D:-2.2612;N422L:-3.1081;L425D:-2.9019;C432I:-4.1433;I434K:-2.2232;S438H:-1.6117;G446S:-1.1038;Y449S:-1.7609;N450F:-1.4575;R454L:-1.8137;R457N:-1.9868;F464T:-2.2843;I472Q:-1.2159;Q474P:-1.1972;N481Q:-1.6016;G485P:-1.4617;N487Y:-1.7183;T500G:-1.6884;N501Y:-1.4350;G504E:-1.1308;Y505V:-1.8256;V512S:-3.5688;L517A:-3.5374;P521C:-3.7908;A522N:-3.0980;S530L:-2.8938,F4T;T22N;L48Q;T51L;H69V;V70G;N81V;L84V;P85V;N87S;Y91A;S94N;W104I;G107T;K113S;N122V;C136T;D138Y;F157V;V159N;S161C;A163N;C166V;G181Q;G184R;D198S;F201K;K202A;I203Y;H207P;I210V;F220A;E224F;L226V;P230G;G232I;I235S;T236F;H245Y;Y248D;P251S;W258G;A260Y;Y266P;V267R;Y269W;Q271T;T274N;F275L;L276Y;T284V;T286A;A288C;C291S;D294S;P295S;C301F;L303F;E309G;K310Y;Q314N;V320T;P322R;R328T;I332L;L335V;F338N;V341T;N343A;T345W;V350W;W353I;N354V;R357V;I358C;A363N;D364Y;L368N;S383N;K386D;L390A;C391N;V395S;D398R;S399I;F400R;V401E;R403A;R408I;I410P;I418Y;Y421D;N422L;L425D;C432I;I434K;S438H;G446S;Y449S;N450F;R454L;R457N;F464T;I472Q;Q474P;N481Q;G485P;N487Y;T500G;N501Y;G504E;Y505V;V512S;L517A;P521C;A522N;S530L;N532V;L533N;V534K;K537V;T549Q;L552T;F559D;L560F;F562I;Q564D;G566I;R567I;D571V;A575T;P579T;L582I;L585T;D586T;I587E;T588C;S596T;I598G;S605Q;V610Y;D614Y;V615T;T618A;A626D;W633Y;S637F;N641T;T645E;A647L;G648I;E654V;H655Y;V656E;Y660I;D663A;I666A;R682A;S691I;I692N;Y695M;T696A;Y707I;N710I;S711N;P715S;T724S;M731V;T734V;S735K;I742D;L754F;C760R;T761N;N764A;E773V;Q779V;E780K;A783V;I788P;K790P;P793K;G799F;F802S;S803D;Q804S;I805P;D808S;K811F;R815T;F817E;D839L;C840L;G842A;D843L;Q853T;L858P;T859L;V860L;L861N;P863A;L864T;M869Q;A871S;Y873I;T874I;T883G;S884G;G885D;F888G;G889A;A890L;A892F;Q895P;M902P;F906N;G908T;G910V;L916Q;N928L;S929A;G932I;I934L;Q935S;D950A;A956T;N960L;L962Q;V963F;L966F;F970A;G971S;A972S;V976N;N978K;D979T;A989V;Q992D;I997R;L1004T;Q1011I;R1014A;A1016H;I1018L;S1021A;L1024A;A1025E;V1033G;C1043M;G1046H;H1048S;M1050S;P1053A;P1057V;V1061Y;A1070F;A1078H;A1080D;C1082D;A1087S;R1091P;E1092S;T1100V;H1101F;F1103T;N1108Q;P1112T;Q1113V;F1121N;V1122D;C1126G;D1127V;V1128G;V1129T;G1131V;I1132Y;N1134P;E1144K;S1147K;K1149L;L1152F;D1153F;F1156V;K1157H;V1164L;D1168A;S1175I;V1176E;N1194D;S1196I;L1197D;Q1201Y;G1204Y;E1207Y;K1211P;L1218F;F1220A;V1228I;M1229I;T1231C;C1236Y;M1237D;S1249G;C1250K;C1253K;C1254D;F1256S;P1263V;G1267Y;V1268H,188.0,210.0,1.0,227.0,70.0,141.0
root_child_1_child_0_child_1_child_1_child_1_child_0_child_0_child_0_child_1|leaf,315,0.752553,315,0.752553,314,MZ477792.1,46,0.771144,315,315,45,-104.50274665915117,-2.322283259092249,-1.4350399149338156,-1.4350399149338156,-4.073463419146789,-1.0183658547866972,4,L455R;K458F;Q493Y;T470I,N501Y,1,L18F;D138Y;N501Y;D614G;H655Y;V1176F,6,D614G;N501Y,2,F338N:-3.1942;F347A:-2.4845;Y351A:-2.2625;N354S:-1.8142;R355Y:-2.6915;A372S:-1.2799;S373Y:-2.2911;T376G:-2.8501;K378Y:-2.2888;C379S:-4.1288;V382T:-3.4542;K386F:-3.0381;N388V:-2.8414;L390T:-3.1993;C391T:-4.3715;I402N:-2.2419;G404E:-1.8275;R408I:-1.6834;G413T:-2.5829;A419L:-3.0512;D420N:-2.1024;Y421K:-2.1591;L425D:-2.9019;P426V:-3.2716;T430N:-2.7928;Y449S:-1.7609;L455R:-0.7754;R457P:-1.7140;K458F:-0.8573;K462T:-1.4070;P463L:-2.6611;T470I:-1.2259;G485Y:-1.5747;N487Y:-1.7183;P491F:-1.7373;Q493Y:-1.2148;P499Y:-1.5950;N501Y:-1.4350;G504P:-1.9402;Q506S:-2.2748;R509F:-2.2861;H519T:-1.8981;A520G:-3.1867;A522S:-3.4505;K528N:-2.9849,V3G;L18F;R21S;N30T;S45L;T51L;Q52F;S71R;G75D;T76F;K77F;D88Y;F92T;A93N;T95S;S98I;T109D;S112A;K113S;S116V;V120N;N122F;V126C;I128E;F135S;C136D;D138Y;F140D;W152S;E156G;F157V;V159S;Y160N;S162C;A163F;T167E;V171P;S172F;Q173M;L179G;E180S;G184F;L189E;V193D;K195I;I197F;I203T;H207L;V213G;D215Q;F220L;D228I;L229G;P230G;I233T;I235R;R237L;T240L;L244R;H245Y;S247L;W258Y;G268F;Q271P;K278Y;Y279E;G283I;T286A;V289A;C291S;L293T;L296T;S297T;K300F;C301F;L303F;K304E;V308Q;E309T;I312F;T315F;R319S;P322V;S325F;I326R;R328D;P330I;F338N;F347A;Y351A;N354S;R355Y;A372S;S373Y;T376G;K378Y;C379S;V382T;K386F;N388V;L390T;C391T;I402N;G404E;R408I;G413T;A419L;D420N;Y421K;L425D;P426V;T430N;Y449S;L455R;R457P;K458F;K462T;P463L;T470I;G485Y;N487Y;P491F;Q493Y;P499Y;N501Y;G504P;Q506S;R509F;H519T;A520G;A522S;K528N;L533C;V534T;F543I;T549Q;S555F;K557L;K558Q;F559P;L560R;F565A;L582I;E583P;D586P;C590G;G593P;T602V;T604N;A609V;D614G;H625L;W633C;T645E;R646G;G648I;L650T;A653V;H655Y;N658E;Y660G;C662A;D663Y;I666Y;N679A;G700E;A701P;N703A;N710I;V722S;T732M;S735L;C738G;C749N;N751L;L752S;N764A;G769Q;I770V;V772D;Q779K;T791L;P793N;K795F;F802Q;S803D;Q804S;P807S;P812F;K814L;I818D;E819L;L821D;N824V;V826A;A829F;A831I;Y837D;G838I;C840L;G842R;I844L;R847I;L849K;I850F;L858P;P862D;M869Q;Y873G;A879T;I882T;T883G;G885T;Q895A;P897S;F898R;M902L;R905G;F906Q;N907T;I909T;Y917Q;N919A;Q920L;F927Q;N928L;G932Q;S939T;T941L;K947N;N953A;Q957T;L959T;N960L;L962V;V963Q;S967F;N969K;F970A;G971I;S975I;N978K;I980V;I993P;D994I;R995T;T998L;Y1007T;L1012A;I1018L;N1023A;L1024A;A1025T;A1026K;K1028Q;E1031V;L1034R;V1040P;C1043S;M1050A;P1053A;V1060L;F1062V;L1063T;V1068K;Q1071T;E1072H;A1087V;H1088V;E1092S;V1096Q;W1102V;V1104F;Q1106I;F1109E;E1111P;T1117C;F1121T;S1123V;C1126G;I1130V;G1131D;V1133N;N1134P;D1139Q;K1149L;H1159P;T1160L;S1161D;D1163V;D1165G;G1167S;D1168N;S1175I;V1176F;E1195L;E1207I;Y1209K;W1212Y;Y1215W;I1216V;L1218F;F1220A;I1221G;L1224V;L1234C;C1236Y;C1240G;C1247S;C1253K;K1255D;D1257L;D1259G;D1260E;G1267T,22.0,84.0,1.0,68.0,79.0,26.0
root_child_1_child_0_child_0_child_1_child_0_child_0_child_0_child_0|leaf,315,0.752553,315,0.752553,314,MZ477792.1,52,0.741294,313,313,51,-116.93378445368381,-2.2928193030134083,-1.4350399149338156,-1.4350399149338156,-2.9262881906654283,-0.9754293968884761,3,L455R;R346A;K529V,N501Y,1,D138Y;N501Y;D614G;H655Y;V1176F,5,D614G;N501Y,2,N331T:-2.4198;N334C:-2.3489;C336G:-4.1551;G339I:-2.0586;N343R:-1.9782;R346A:-0.9806;F347S:-2.6728;C361D:-3.7131;S371F:-1.9489;K378S:-1.9727;Y380K:-2.8656;V382N:-3.5462;K386N:-3.1888;N388F:-2.6581;L390Y:-3.5850;N394Y:-2.7453;V395Y:-3.8042;S399D:-2.3761;D405N:-1.7898;R408I:-1.6834;G413D:-1.9963;T415K:-2.0732;I418G:-3.1226;A419L:-3.0512;D420Y:-2.0724;Y423F:-3.4819;L425D:-2.9019;P426F:-3.1782;W436K:-2.1526;N440D:-1.3369;S443N:-1.7859;Y449S:-1.7609;L455R:-0.7754;R457E:-1.4052;K462T:-1.4070;D467S:-1.7135;I468T:-1.4779;Y473G:-1.6051;C480V:-1.5840;V483F:-1.6538;N487Y:-1.7183;S494F:-1.4043;N501Y:-1.4350;G504P:-1.9402;P507L:-2.1116;R509V:-2.2683;E516P:-3.0508;H519A:-1.8343;A522E:-3.0738;G526V:-3.8998;K529V:-1.1703,T19R;R21S;A27N;T33V;H49Q;T51L;F55L;F59Q;N74D;K77F;P85N;D88A;G89S;V90F;F92K;A93S;E96V;R102G;W104G;S112L;K113S;N122T;A123Q;D138Y;L141V;N148E;M153F;Y160F;G184F;N185E;L189F;T208G;N211P;V213G;F220D;L223P;L229I;I231R;I235S;T236F;Q239H;T240A;R246D;V267G;Q271N;T274Y;F275L;Y279V;T286A;A288C;V289C;C291S;D294E;S305K;G311Y;R319I;P322V;I326R;N331T;N334C;C336G;G339I;N343R;R346A;F347S;C361D;S371F;K378S;Y380K;V382N;K386N;N388F;L390Y;N394Y;V395Y;S399D;D405N;R408I;G413D;T415K;I418G;A419L;D420Y;Y423F;L425D;P426F;W436K;N440D;S443N;Y449S;L455R;R457E;K462T;D467S;I468T;Y473G;C480V;V483F;N487Y;S494F;N501Y;G504P;P507L;R509V;E516P;H519A;A522E;G526V;K529V;K535N;N540F;F541K;T547L;T549Q;G550A;N556F;F559D;F565R;D574V;V576Q;P579Y;L582I;I584T;V597G;P600T;G601V;T602Q;T604P;V608Y;A609L;D614G;V615T;C617H;E619D;I624C;V635N;S640T;N641R;T645E;G648I;L650S;A653H;H655Y;Y660P;E661D;C662A;D663A;G669I;C671Q;Q677T;A684Q;A688Q;I693Y;Y695S;M697A;S704A;N710I;S711I;T723P;E725P;I726V;M731T;T739Y;E748L;L753G;G757S;T761N;N764A;A766D;L767I;T768E;A771K;E773D;T778V;Q779K;Q784K;V785P;K786T;P793I;G798I;F802Q;S803L;Q804S;S813I;K814V;R815L;N824I;V826A;T827F;G832Q;Y837D;C840L;L841A;G842A;I844Q;C851Q;K854T;G857T;L858P;V860P;L864T;T866E;M869Q;T874G;L878S;T883G;S884A;W886G;F888G;F898Y;A899Y;Y904Q;R905G;F906Q;I909L;V911Y;Y917Q;N928L;S929G;G932Q;K933Q;I934A;A942L;L959T;N960V;L962Q;V963F;L966S;S967F;S968G;F970I;I973V;S974V;S975I;V976N;N978K;V987A;D994I;R995L;I997S;Y1007L;E1017N;I1018L;S1021L;L1024A;A1025T;M1029V;E1031V;S1037V;V1040F;D1041G;C1043S;L1049P;M1050A;P1053A;S1055P;H1058V;V1061Y;F1062H;Y1067A;P1069Q;Q1071K;K1073T;C1082D;D1084P;E1092S;V1096T;T1105N;Q1106P;I1115D;T1117C;N1119G;C1126G;V1128T;G1131D;V1133N;N1134P;D1139S;P1140S;P1143S;L1145F;K1149L;L1152T;F1156N;H1159V;V1164N;D1165T;L1166E;G1167I;D1168A;S1175I;V1176F;Q1180E;I1183E;V1189S;N1192Y;I1198Q;D1199E;E1202G;E1207I;W1212Y;F1220A;I1227V;M1233C;C1236Y;C1240S;L1244C;G1246C;S1249K;G1251C;C1253K;K1255L;V1264L,88.0,55.0,1.0,36.0,79.0,99.0
root_child_1_child_0_child_0_child_1_child_0_child_1_child_0_child_0|leaf,315,0.752553,315,0.752553,314,MZ477792.1,56,0.721393,313,313,55,-122.28785864581165,-2.2234156117420296,-1.4350399149338156,-1.4350399149338156,-6.34510595316616,-1.0575176588610267,6,L455R;R346A;S477G;Q498Y;F456S;A475P,N501Y,1,D138Y;N501Y;D614G;H655Y;V1176F,5,D614G;N501Y,2,N331T:-2.4198;I332N:-2.6228;N334C:-2.3489;C336G:-4.1551;P337D:-2.0684;G339I:-2.0586;N343R:-1.9782;R346A:-0.9806;F347L:-2.9197;S349N:-1.8600;S359V:-3.1119;S371F:-1.9489;K378S:-1.9727;Y380K:-2.8656;S383K:-3.1944;K386F:-3.0381;N388F:-2.6581;V395Y:-3.8042;S399D:-2.3761;I402A:-2.3285;D405Q:-1.8821;R408I:-1.6834;Q409A:-2.7239;G413D:-1.9963;I418G:-3.1226;A419L:-3.0512;D420Y:-2.0724;N422D:-3.1461;Y423F:-3.4819;L425D:-2.9019;D428I:-2.2590;W436K:-2.1526;L441S:-1.3553;L455R:-0.7754;F456S:-1.2075;R457E:-1.4052;P463E:-2.4290;R466S:-1.6238;D467Q:-1.7687;I468T:-1.4779;A475P:-1.2246;G476Y:-1.3284;S477G:-1.0500;V483F:-1.6538;N487L:-1.6381;Y495F:-2.3210;F497G:-2.6886;Q498Y:-1.1069;N501Y:-1.4350;G504P:-1.9402;Y508S:-2.6816;L513P:-3.6085;H519A:-1.8343;T523K:-3.3015;K529N:-1.2485,F4T;T19L;R21S;A27N;T33V;L48T;T51L;K77F;P85N;D88A;F92K;N99W;W104G;T109S;K113S;T114I;L117I;A123Q;D138Y;L141V;W152F;Y160F;M177I;E180N;G184F;N185E;L189F;F201I;Y204L;H207V;V213G;F220L;L229I;P230N;S254A;G257A;T259Y;V267G;Q271L;R273Y;T274N;L276Y;L277N;Y279N;E281I;T286A;S297T;E309P;T315A;Q321V;F329N;N331T;I332N;N334C;C336G;P337D;G339I;N343R;R346A;F347L;S349N;S359V;S371F;K378S;Y380K;S383K;K386F;N388F;V395Y;S399D;I402A;D405Q;R408I;Q409A;G413D;I418G;A419L;D420Y;N422D;Y423F;L425D;D428I;W436K;L441S;L455R;F456S;R457E;P463E;R466S;D467Q;I468T;A475P;G476Y;S477G;V483F;N487L;Y495F;F497G;Q498Y;N501Y;G504P;Y508S;L513P;H519A;T523K;K529N;N536V;F541N;T547L;T549Q;N556F;F559D;Q564I;F565R;G566D;D568T;V576Q;T581L;L582I;I584S;V595G;V597G;P600T;T602Q;N603S;D614G;C617H;T618E;P621D;I624A;L629P;W633T;T645E;R646I;G648I;A653V;H655Y;N657E;E661D;C662A;D663A;G669I;C671Q;Q677T;R683I;A684Q;R685V;V687Y;A688Q;S689I;A694T;L699V;N710I;S711I;N717T;E725P;I726T;P728S;M731T;S735E;C749L;L753G;G757S;S758Q;C760Q;T761N;N764A;T768F;A771E;E773D;T778V;Q779K;V781Q;Q784I;V785L;K786T;P793I;F802I;Q804S;D808S;K811S;P812D;K814S;R815L;L822K;N824I;V826A;T827F;D830F;C840L;L841I;G842A;I844A;D848A;I850L;C851A;G857T;L858P;P863E;L864T;M869Q;T874G;T883G;W886A;G889F;A893Q;I896M;A899Y;Y904Q;R905G;F906Q;N907V;Y917Q;N919A;N925S;Q926N;N928L;G932Q;K933Q;S943V;Q949H;V952A;N953T;L959T;V963F;S967A;S968L;F970A;G971I;I973D;S974V;S975N;V976N;N978K;V987A;E988T;I993T;D994I;R995T;L996T;I997S;Y1007L;Q1010A;E1017N;I1018L;A1020K;S1021N;L1024A;A1025T;M1029V;E1031V;G1035V;S1037V;V1040P;F1042Y;G1044Y;G1046P;L1049T;M1050H;P1053A;F1062H;V1065Y;Y1067A;P1069Q;Q1071K;A1078R;A1080K;C1082H;E1092S;V1096T;T1105N;Q1113I;T1117C;N1119G;C1126G;D1127V;V1128G;G1131D;V1133N;N1134P;D1139S;L1145F;S1147D;K1149N;F1156N;H1159V;V1164N;D1165S;G1167I;S1170I;S1175I;V1176F;V1177I;Q1180E;V1189K;N1194G;L1197E;I1198Q;L1200Y;E1207I;W1212I;P1213W;F1220A;I1227C;M1233T;C1236Y;T1238L;L1244C;S1249K;C1250E;C1253K;L1265H;H1271T,135.0,11.0,1.0,128.0,79.0,176.0
root_child_1_child_0_child_0_child_0_child_0_child_0_child_1_child_1|leaf,315,0.752553,315,0.752553,314,MZ477792.1,53,0.736318,314,314,52,-134.61219585041565,-2.5886960740464535,-1.4350399149338156,-1.4350399149338156,-1.9080457437494636,-0.9540228718747318,2,L455R;G485N,N501Y,1,P26S;D138Y;N501Y;D614G;V1176F,5,D614G;N501Y,2,N331T:-2.4198;I332N:-2.6228;N334C:-2.3489;G339A:-2.1674;A352S:-2.3156;N354R:-1.2966;K356N:-2.0763;N360S:-2.5694;V362Y:-3.1662;A363Y:-3.3175;Y365V:-3.4816;S371F:-1.9489;C379P:-4.2203;S383K:-3.1944;K386F:-3.0381;L387F:-3.9116;N388F:-2.6581;L390F:-3.7098;C391S:-4.3405;F392E:-3.3778;D398G:-3.2244;S399D:-2.3761;E406P:-1.8268;I410N:-2.6030;G413D:-1.9963;I418L:-2.5926;A419K:-2.5527;D420Y:-2.0724;N422T:-3.2782;L425F:-3.5126;V433A:-3.4829;N439S:-1.6521;Y449S:-1.7609;L455R:-0.7754;R457P:-1.7140;R466D:-1.9342;D467T:-1.8071;S469A:-1.7729;G485N:-1.1326;N487Y:-1.7183;Y495T:-2.4456;N501Y:-1.4350;G502L:-1.9457;G504P:-1.9402;P507R:-1.9179;Y508V:-2.5195;V512L:-3.8192;S514H:-3.3394;F515P:-3.4412;L517S:-3.4767;P521T:-3.3523;S530N:-3.0123,R21S;P26S;A27N;R34V;Y38L;T51L;Q52F;F58N;W64A;T76F;K77A;D80P;V83F;P85L;D88Y;V90T;S98N;N99R;I100S;T109S;K113S;A123Q;F133D;D138Y;P139L;F140L;L141V;G142D;Y160N;V171L;S172L;Q173E;L176D;E180N;G181N;G184F;K187L;I197G;Y200K;F201Y;K206T;T208D;V213G;L216F;P217L;F220S;L229I;G232R;I235S;R237A;A243D;H245L;P251D;D253S;Y269Q;E281G;G283D;T286A;D287A;D290E;A292D;L296T;C301F;L303F;F306I;K310I;Q321T;N331T;I332N;N334C;G339A;A352S;N354R;K356N;N360S;V362Y;A363Y;Y365V;S371F;C379P;S383K;K386F;L387F;N388F;L390F;C391S;F392E;D398G;S399D;E406P;I410N;G413D;I418L;A419K;D420Y;N422T;L425F;V433A;N439S;Y449S;L455R;R457P;R466D;D467T;S469A;G485N;N487Y;Y495T;N501Y;G502L;G504P;P507R;Y508V;V512L;S514H;F515P;L517S;P521T;S530N;N532C;N536G;T549V;N556F;F559D;F565R;G566I;D568A;P579L;T581D;L582I;I584T;P589S;F592V;I598G;P600N;Q613S;D614G;C617P;E619I;V622I;T638F;F643E;T645L;R646G;G648I;C649E;A653N;V656C;N658C;E661D;C662A;D663Y;A668T;G669V;S680R;P681R;A684Q;S686A;I692A;M697G;E702S;N710I;T723V;I726T;S730T;M731C;T732S;K733S;T739I;M740S;T747S;N751F;L752Q;L753G;Q755G;G757C;S758L;N764A;R765T;A766V;A771E;V785T;K786I;Q787K;Y789T;I794S;K795F;F800L;F802Q;Q804S;P809I;K811S;P812K;K814L;R815E;T827D;A829K;Q836G;C840L;G842A;D843R;I844A;A845R;R847L;A852L;L858V;P863T;L864T;M869T;T874G;T883G;W886A;T887F;I896Y;P897A;M900G;A903S;R905I;F906Q;V911Y;Y917Q;N928L;A930Q;G932Q;N953A;A956L;L959T;N960L;L962F;V963F;K964S;L966N;S967F;F970A;G971I;S975I;N978L;K986A;V991I;D994R;R995T;L996G;T998S;Q1010L;L1012E;E1017S;I1018L;S1021N;N1023K;L1024S;A1025T;T1027S;K1028S;M1029V;E1031S;C1032G;L1034G;S1037F;V1040P;D1041G;F1042H;M1050S;P1053G;S1055P;H1058F;H1064P;T1066I;K1073T;G1085A;H1088D;E1092S;V1096T;Q1106F;R1107Y;T1117C;D1118S;N1125G;C1126G;G1131D;N1134T;Y1138P;K1149L;F1156V;H1159L;S1161I;V1164N;S1170I;S1175I;V1176F;R1185N;D1199Q;L1203P;G1204Y;K1205P;Y1206W;E1207I;Q1208P;K1211Y;W1212Y;L1218F;F1220A;I1225V;A1226I;M1229L;I1232L;M1233S;C1236R;S1249K;G1251F;S1252C;C1253K;C1254M;D1260G;G1267T,199.0,244.0,1.0,16.0,79.0,122.0
root_child_0_child_0_child_1_child_0_child_1_child_0_child_1_child_0|leaf,315,0.752553,315,0.752553,314,MZ477792.1,63,0.686567,309,309,62,-146.39401289244265,-2.3611937563297207,-1.4350399149338156,-1.4350399149338156,-6.971455359829617,-0.995922194261374,7,K444G;R346T;G476K;E471G;Q498V;K458R;F490P,N501Y,1,N501Y;D614G,2,D614G;N501Y,2,N331C:-2.6574;I332L:-2.4919;T333D:-1.7415;N334F:-2.2519;C336D:-3.6440;G339T:-1.9415;F342A:-2.9436;T345F:-1.7678;R346T:-0.7574;S349N:-1.8600;W353A:-3.4506;N360H:-2.5483;S366F:-2.3912;F374G:-2.9048;S383T:-3.3231;K386T:-3.0716;L390Y:-3.5850;C391Y:-4.4373;Y396S:-2.9446;D405G:-1.3426;R408T:-1.8521;G413L:-2.5792;Q414A:-2.1073;I418D:-2.5883;D420L:-1.5687;Y421L:-2.4822;N422F:-3.0747;D427C:-2.4535;D428V:-2.2825;C432S:-4.3219;N437D:-2.4091;K444G:-0.7259;G446Y:-1.4345;Y449L:-1.5400;R457K:-2.0672;K458R:-1.2139;S459L:-1.5423;E471G:-0.9933;I472Y:-1.3320;G476K:-0.9661;P479N:-1.3825;C480G:-1.4492;G485P:-1.4617;F490P:-1.2250;P491S:-1.7214;L492S:-1.7157;Q498V:-1.0898;P499Y:-1.5950;T500H:-1.4926;N501Y:-1.4350;V511E:-3.0480;V512A:-3.3615;L513F:-3.8349;S514N:-3.5404;F515L:-3.1924;L517A:-3.5374;L518G:-2.9392;P521V:-3.6426;V524G:-4.1764;P527L:-3.2639;K528L:-2.6864;S530N:-3.0123,V16I;T19R;L24S;D40F;F43S;S46H;L56F;P57S;T63A;F65T;G72K;T73S;G75L;D80P;L84D;Y91K;I101G;G103I;W104F;I105T;F106W;T108L;V120A;N122T;T124N;D138L;L141H;T167E;E169S;P174G;L176G;M177D;Q183R;E191V;K195D;N196G;K202H;I203T;Y204P;R214D;L223P;D228P;G232I;R237A;F238L;H245T;Y248D;G252S;S255C;S256W;G257A;T259A;A260Y;A263G;V267T;R273N;E281G;I285E;D290S;C291S;D294P;P295S;S297K;K300T;C301V;T302F;V308G;I312N;T315V;T323S;V327P;R328F;P330I;N331C;I332L;T333D;N334F;C336D;G339T;F342A;T345F;R346T;S349N;W353A;N360H;S366F;F374G;S383T;K386T;L390Y;C391Y;Y396S;D405G;R408T;G413L;Q414A;I418D;D420L;Y421L;N422F;D427C;D428V;C432S;N437D;K444G;G446Y;Y449L;R457K;K458R;S459L;E471G;I472Y;G476K;P479N;C480G;G485P;F490P;P491S;L492S;Q498V;P499Y;T500H;N501Y;V511E;V512A;L513F;S514N;F515L;L517A;L518G;P521V;V524G;P527L;K528L;S530N;C538F;N544G;L546G;T549F;V551N;K557V;F559A;Q563V;G566K;R567I;I569A;D571V;D574P;R577L;D586S;T588G;S596T;I598G;T599L;G601T;V608Y;Y612Q;D614G;D627K;S637T;G639N;G648V;C649V;I651E;V656S;D663P;A668C;G669C;R685A;S689A;Q690S;M697L;L699A;E702A;N703A;V705Y;Y707N;I714T;V722P;T724L;T734M;S735C;M740I;I742L;D745E;S746L;L752G;L753S;Q755F;S758T;N764A;L767I;V772Q;D775V;N777A;Y789E;T791F;I794D;K795G;G799D;N801Q;L806P;P807K;D830F;K835I;L841D;I844A;D848I;Q853P;F855G;L858P;L861P;T866E;D867Q;Y873A;L878T;T883G;W886G;M902G;F906N;I909Q;N914Q;V915Q;I931S;A942K;N953A;N960S;V963S;Q965G;L966S;S968F;I973S;N978K;D979F;E988Q;Q992D;D994L;R995G;L996D;T998R;Q1002Y;T1006R;V1008L;L1012E;A1015S;S1021L;L1024A;K1028S;M1029G;Q1036V;S1037L;V1040C;C1043Y;G1046L;M1050F;S1051G;H1058F;F1062H;V1068P;N1074L;F1075I;A1078I;C1082K;E1092F;G1093H;V1094F;S1097T;T1105R;Q1106P;R1107Y;F1109E;E1111P;T1116D;T1120N;S1123N;I1130N;G1131N;I1132D;Y1138L;P1140L;L1141P;P1143D;D1146K;Y1155T;F1156H;K1157P;H1159V;G1167I;I1169G;I1172V;V1176I;V1177Q;N1178K;I1179K;I1183E;L1186V;N1187V;E1188R;V1189N;S1196L;Q1208P;T1238C;S1239C;C1250S;S1252K;C1253K;K1255E;E1262L;V1264G,236.0,127.0,1.0,48.0,79.0,242.0
root_child_1_child_1_child_0_child_1_child_0_child_0_child_1_child_0_child_0|leaf,316,0.751767,316,0.751767,315,MZ477792.1,47,0.766169,313,313,46,-107.95157315378475,-2.346773329430103,-1.4350399149338156,-1.4350399149338156,-4.620684396302849,-1.1551710990757122,4,K458I;F456S;I472Q;Q493T,N501Y,1,D138Y;N501Y;V1176F,3,N501Y,1,N334C:-2.3489;L335V:-1.9854;T345W:-1.9163;R355T:-2.6817;R357A:-1.8201;S359Y:-3.0222;D364Y:-2.7447;V367Y:-2.6067;Y369N:-2.9995;F377S:-3.0024;S383N:-3.5369;N388T:-3.0398;D389C:-2.9995;C391T:-4.3715;T393S:-2.3504;N394S:-2.2569;V395S:-3.7400;R403Q:-1.6178;R408I:-1.6834;G413D:-1.9963;A419Y:-3.1459;N422L:-3.1081;L425D:-2.9019;D428A:-1.9453;C432A:-4.2640;V433S:-3.2694;N437S:-2.2393;S438K:-1.4481;S443N:-1.7859;N448Y:-2.3452;Y449S:-1.7609;F456S:-1.2075;R457N:-1.9868;K458I:-0.9611;K462I:-1.4277;P463S:-2.5121;F464A:-2.4228;I472Q:-1.2159;G476P:-1.3326;N487Y:-1.7183;L492F:-2.2180;Q493T:-1.2362;N501Y:-1.4350;G504P:-1.9402;V512S:-3.5688;H519A:-1.8343,V6F;T19R;R21S;H49Q;T51L;L56F;F58A;P85I;N87S;F92I;W104I;F106Q;G107T;K113S;T114I;L118I;V120T;N121V;K129C;V130F;F133C;Q134C;F135D;D138Y;L141V;K150S;S155Y;S162F;A163N;T167V;S172M;L179V;G181F;G184F;N185K;K195I;G199S;F201Y;H207V;I210G;F220D;P230G;N234F;I235S;T236F;R237L;F238V;L244R;Y248T;G257A;A260E;A263Y;R273L;T274L;F275K;L276Y;Y279I;N282D;G283I;I285A;T286A;A288C;C291S;C301L;K304G;E309I;K310S;R319P;E324P;I326T;N334C;L335V;T345W;R355T;R357A;S359Y;D364Y;V367Y;Y369N;F377S;S383N;N388T;D389C;C391T;T393S;N394S;V395S;R403Q;R408I;G413D;A419Y;N422L;L425D;D428A;C432A;V433S;N437S;S438K;S443N;N448Y;Y449S;F456S;R457N;K458I;K462I;P463S;F464A;I472Q;G476P;N487Y;L492F;Q493T;N501Y;G504P;V512S;H519A;V534K;K537G;V539F;N540F;F541K;G548T;T549Q;T553L;F559D;F562I;Q563F;A570T;D571V;R577I;Q580E;L582I;D586T;P589V;C590T;S591P;I598N;T599P;P600T;Y612G;D614R;N616P;V620D;Q628P;T630G;T632S;S637V;T638S;V642L;T645E;A647Y;G648I;E654V;H655E;V656N;E661D;D663Q;P665G;I666G;Q675S;A688I;Q690S;I692A;Y695G;M697L;G700A;A701E;V705I;A706N;Y707I;S708N;N709I;N710I;T716S;S721T;I726S;L727S;S730T;K733C;D745E;L752Q;L754F;S758L;Q762N;L763C;V772D;E773V;D775T;N777V;Q784K;V785I;I805P;S810I;S813F;L821T;K825T;V826I;T827D;Y837I;C840D;G842A;D843L;R847A;C851G;A852K;Q853T;L858P;V860P;M869Q;I870A;Y873S;T874A;A879G;T883G;S884T;G885A;F888G;A890V;G891L;A892L;Q895P;I896S;F898N;M900F;Q901N;M902P;F906G;N914L;L916N;E918A;N919L;Q920A;N928L;D936S;S937A;A944Q;Q954T;A958V;L959T;V963F;K964N;S968V;F970Q;G971I;S975D;V991G;Q992D;I1013A;A1016K;I1018L;S1021A;A1022L;L1024A;A1025S;T1027S;M1029L;F1042G;G1046S;H1048S;M1050A;F1052V;P1053A;Q1054P;A1056N;H1058L;N1074T;E1092S;F1095N;H1101F;N1108Q;E1111T;V1122G;C1126G;D1127V;V1129I;I1130V;G1131V;N1134P;P1140Q;L1141P;P1143D;L1145S;K1149L;K1157T;P1162D;V1164L;I1169S;S1170I;S1175I;V1176F;K1181A;E1188L;N1194D;I1198L;D1199E;E1207P;L1218I;F1220A;V1228I;L1234S;C1235S;C1236Y;S1239C;K1245C;C1247S;S1249G;C1253K;K1255S;D1257E;D1260E;P1263K;K1266H;V1268H,35.0,115.0,1.0,224.0,84.0,35.0
root_child_1_child_0_child_1_child_1_child_0_child_0_child_0_child_0_child_1|leaf,316,0.751767,316,0.751767,315,MZ477792.1,49,0.756219,318,318,49,-108.97182051760066,-2.2239147044408303,-1.4350399149338156,-1.4350399149338156,-6.456355989220772,-1.0760593315367954,6,L455R;E484Q;G447R;G446T;Q493S;T470I,N501Y,1,L18F;D138Y;N501Y;D614G;H655Y;V1176F,6,D614G;N501Y,2,G339F:-2.0765;E340T:-1.7716;A344R:-1.7712;F347V:-2.4887;A348V:-1.8740;W353K:-2.7975;R355C:-2.6504;N360A:-2.6835;D364S:-2.9044;A372S:-1.2799;S373L:-1.6394;C379S:-4.1288;V382K:-3.2429;K386F:-3.0381;L390T:-3.1993;Y396V:-3.1342;A397S:-3.4311;D405P:-1.7197;E406A:-1.7581;R408I:-1.6834;G413D:-1.9963;A419L:-3.0512;Y421K:-2.1591;L425D:-2.9019;D428Q:-2.6061;C432N:-4.1202;G446T:-1.1216;G447R:-1.1059;N448L:-2.1336;Y449S:-1.7609;R454L:-1.8137;L455R:-0.7754;R457P:-1.7140;F464T:-2.2843;E465I:-1.7659;D467G:-1.3684;T470I:-1.2259;E484Q:-1.0780;G485Y:-1.5747;N487Y:-1.7183;Y489G:-1.9465;Q493S:-1.1494;T500Q:-1.6727;N501Y:-1.4350;G504P:-1.9402;V512F:-3.7708;S514H:-3.3394;L518T:-2.9831;A520G:-3.1867,L18F;R21S;D40F;H49L;T51L;I68T;S71N;T73G;K77F;V83P;P85N;D88Y;G89L;S98I;I100F;R102W;F106S;T108K;T109D;K113S;S116I;A123N;C136L;D138Y;Y145N;W152F;E156G;F157R;V159S;Y160N;S162T;C166F;Q173M;F175D;K182G;G184F;N188S;L189E;K202T;H207L;V213G;R214F;F220A;L229I;I235S;P251D;S256A;A260V;A264C;G268T;L270R;F275R;K278Y;T286A;D290L;C291S;L293V;K300S;T302V;K304E;K310I;I312Q;T315F;R319F;G339F;E340T;A344R;F347V;A348V;W353K;R355C;N360A;D364S;A372S;S373L;C379S;V382K;K386F;L390T;Y396V;A397S;D405P;E406A;R408I;G413D;A419L;Y421K;L425D;D428Q;C432N;G446T;G447R;N448L;Y449S;R454L;L455R;R457P;F464T;E465I;D467G;T470I;E484Q;G485Y;N487Y;Y489G;Q493S;T500Q;N501Y;G504P;V512F;S514H;L518T;A520G;L533K;V534N;K537V;N542F;T549Q;L552E;Q564G;R567I;R577L;D578I;L582I;D586P;P589F;S591G;G593T;A609V;D614G;P621V;D627L;L629C;W633G;V635Q;Y636S;T638R;N641C;F643I;T645E;G648I;L650I;A653V;H655Y;Y660G;C662A;D663A;A668I;I670S;A672Y;N679A;V687Q;A688S;I692L;L699T;E702N;N703A;V705Y;N710I;I712P;V722S;T724S;S730T;S735C;D737N;C738G;D745E;N751L;L753Q;Q755S;F759T;L763A;N764A;I770M;Q779K;F782I;Q784K;I788L;K795F;F797S;F800I;F802Q;Q804S;L806D;P812F;K814S;S816A;D820V;F823G;N824V;V826A;T827G;D830G;A831Y;G832I;F833K;I834D;Y837D;C840L;G842A;D843A;I844D;Q853F;N856V;G857V;L858P;L864T;M869Q;Y873I;L878S;T883G;A890I;A892L;F898R;Q901M;M902L;R905G;F906Q;Y917Q;N919A;K921Q;A924F;F927N;N928K;G932Q;I934Q;T941A;A942L;S943G;G946L;L948Q;V952Q;L959T;V963F;S967E;F970A;G971I;S974V;S975I;L977N;N978K;I980R;S982E;R983V;I993P;D994I;R995T;L1004T;A1015I;I1018L;S1021L;N1023A;L1024A;A1025T;A1026M;T1027M;K1028H;E1031V;L1034V;G1035S;D1041G;K1045H;M1050S;P1053A;P1057D;H1064S;V1068K;E1072N;I1081G;G1085F;A1087R;E1092S;V1096N;W1102Q;V1104T;Q1106I;N1108Q;F1109A;E1111Q;P1112I;I1115S;T1117C;C1126G;D1127I;I1130Y;G1131D;V1137P;P1140D;E1144A;S1147K;K1149L;E1150H;K1154H;H1159L;T1160D;P1162I;V1164E;L1166D;D1168N;G1171A;A1174V;S1175I;V1176F;N1192E;N1194D;E1195L;Y1206Q;E1207I;W1212Y;I1216V;L1218F;F1220A;I1225V;L1234C;C1240G;C1248H;S1249C;C1253F,43.0,13.0,1.0,153.0,84.0,62.0
root_child_0_child_1_child_1_child_1_child_1_child_0|leaf,316,0.751767,316,0.751767,315,MZ477792.1,43,0.78607,313,313,42,-109.06051738811169,-2.5966789854312293,-1.4350399149338156,-1.4350399149338156,-1.9982065209765558,-0.9991032604882779,2,G476K;E471P,N501Y,1,D138Y;N501Y;D614G;H655Y,4,D614G;N501Y,2,I332L:-2.4919;L335P:-2.2661;C336V:-4.0691;E340N:-1.7671;V341T:-2.8956;A344Y:-2.3970;I358C:-3.5746;N360Y:-2.7482;A363V:-3.7535;V367A:-2.0755;T376G:-2.8501;K378Y:-2.2888;Y380V:-3.4191;S383D:-2.6849;L387D:-3.4025;F392Y:-3.1450;G404E:-1.8275;I418D:-2.5883;K424T:-2.3054;P426V:-3.2716;T430A:-2.7765;C432A:-4.2640;V433S:-3.2694;N437I:-2.3006;S443Y:-1.8219;Y449L:-1.5400;L452I:-1.5860;K462I:-1.4277;E471P:-1.0322;I472F:-1.5222;Q474C:-1.2525;G476K:-0.9661;C480F:-1.6586;G485F:-1.4615;N501Y:-1.4350;V510F:-3.5959;L517A:-3.5374;H519C:-1.9243;A520C:-3.7635;A522V:-3.6673;V524G:-4.1764;C525P:-4.2599,V3G;N17D;Y28F;R34Y;G35P;K41R;F58N;S60T;H69N;K77D;F79D;D80A;T95I;I105G;F106T;S112Q;K113Q;T114S;S116N;L117N;V120A;N125V;I128S;D138Y;L141V;Y144K;K150L;E156S;V159S;Y160A;S161C;F168Y;Q173L;F175L;L176G;M177L;Q183N;K187F;L189F;E191V;I197G;D198Y;I203T;I210D;D215Q;Q218E;S221L;E224V;I233F;I235Q;R237A;S247T;L249S;T250G;P251G;S255T;S256A;W258L;A262V;Q271R;P272E;K278T;I285D;C291S;S297T;K304F;F306G;Q314N;N317P;R319E;Q321I;E324N;V327I;I332L;L335P;C336V;E340N;V341T;A344Y;I358C;N360Y;A363V;V367A;T376G;K378Y;Y380V;S383D;L387D;F392Y;G404E;I418D;K424T;P426V;T430A;C432A;V433S;N437I;S443Y;Y449L;L452I;K462I;E471P;I472F;Q474C;G476K;C480F;G485F;N501Y;V510F;L517A;H519C;A520C;A522V;V524G;C525P;N532V;L533C;N536V;K537F;C538Q;V539N;L546T;G548V;T549Q;E554N;N556L;K558P;L560F;Q564D;I569T;V576T;R577D;T581D;E583L;L585T;D586P;S591V;F592G;G593V;I598T;T599G;T602V;Q607Y;V608Y;A609G;D614G;T630Y;R634S;G639H;T645I;G652Y;A653S;E654P;H655Y;V656S;S673T;N679A;R683S;V687S;S691A;A694T;E702V;N709F;N710P;P715N;S721T;T723P;T724I;E725K;M731I;T732D;T739Y;M740Y;D745E;S746L;C749Q;L752C;R765T;A766E;T768K;G769A;V772D;Q774K;N777F;Q787P;P793N;K795S;G798N;G799I;Q804L;D808F;K811F;P812R;S813I;E819L;F823I;F833Q;Q836A;Y837A;D839G;C840D;G842I;A846L;Q853F;K854N;N856A;G857T;L858P;L865D;M869A;A871S;Q872L;A876L;G880F;I882A;T883G;T887P;F888A;G891A;Q895P;M900F;A903V;Y904I;F906Q;V911Y;Q913V;E918N;Q920I;I923A;A924N;Q926S;I931K;Q935T;D936S;S939A;A942K;L945K;Q949H;N960S;L962K;K964S;Q965G;I973N;S975F;V987A;A989E;E990D;I993L;D994I;G999L;Y1007N;V1008R;I1018T;R1019L;L1024T;A1025T;A1026M;V1033G;L1034S;K1045P;G1046H;M1050F;S1051P;F1052P;Q1054A;S1055P;P1057L;L1063P;H1064Q;T1076S;C1082D;H1083K;G1085R;A1087F;H1088F;E1092D;G1093V;V1094S;T1105I;N1119V;G1131N;N1134P;V1137Q;Y1138D;L1145K;H1159L;D1165I;G1171A;I1172Q;N1173K;V1176K;I1183A;L1186V;E1188S;S1196I;I1198L;L1200E;Y1206W;Q1208E;K1211F;W1212G;V1228L;C1236S;S1239L;S1242K;C1250F;G1251C;S1252G;C1253K;C1254E;D1259K;P1263L;L1270Y,44.0,248.0,1.0,53.0,84.0,8.0
root_child_1_child_0_child_0_child_1_child_0_child_0_child_0_child_1_child_1_child_1|leaf,316,0.751767,316,0.751767,315,MZ477792.1,51,0.746269,312,312,50,-115.19346254762684,-2.303869250952537,-1.4350399149338156,-1.4350399149338156,-2.981912826387659,-0.9939709421292197,3,L455R;R346A;T470I,N501Y,1,D138Y;N501Y;D614G;V1176F,4,D614G;N501Y,2,N331T:-2.4198;N334C:-2.3489;C336G:-4.1551;G339I:-2.0586;N343R:-1.9782;R346A:-0.9806;F347V:-2.4887;Y365V:-3.4816;S371F:-1.9489;A372F:-1.3989;K378S:-1.9727;Y380N:-2.8121;V382N:-3.5462;K386N:-3.1888;N388F:-2.6581;N394Y:-2.7453;V395Y:-3.8042;S399D:-2.3761;F400I:-3.4071;D405N:-1.7898;E406I:-1.6642;G413D:-1.9963;I418G:-3.1226;A419L:-3.0512;D420Y:-2.0724;Y423F:-3.4819;L425D:-2.9019;W436K:-2.1526;N440D:-1.3369;G447N:-1.3812;N448Y:-2.3452;Y449L:-1.5400;L452F:-1.5177;L455R:-0.7754;R457E:-1.4052;D467Q:-1.7687;I468T:-1.4779;T470I:-1.2259;I472G:-1.4000;V483F:-1.6538;N487Y:-1.7183;N501Y:-1.4350;G504P:-1.9402;Y508L:-2.3545;S514L:-3.4373;H519A:-1.8343;A522E:-3.0738;T523K:-3.3015;P527S:-3.3537;S530F:-2.9142,T19R;R21S;A27N;S31F;T33V;H49Q;S50D;T51L;F55L;L56F;N61K;K77F;V83F;P85N;D88A;V90F;F92K;A93S;E96V;R102G;G103I;W104G;T108D;K113S;A123N;D138Y;L141V;Y144N;M153F;Y160F;N164F;S172P;L176D;G184F;N185E;L189F;E191V;T208G;P209R;N211P;V213G;F220D;L223P;L229I;I235S;T236F;Q239H;D253G;V267G;Q271R;Y279V;T286A;V289C;C291S;D294E;Q314N;R319I;P322V;E324P;N331T;N334C;C336G;G339I;N343R;R346A;F347V;Y365V;S371F;A372F;K378S;Y380N;V382N;K386N;N388F;N394Y;V395Y;S399D;F400I;D405N;E406I;G413D;I418G;A419L;D420Y;Y423F;L425D;W436K;N440D;G447N;N448Y;Y449L;L452F;L455R;R457E;D467Q;I468T;T470I;I472G;V483F;N487Y;N501Y;G504P;Y508L;S514L;H519A;A522E;T523K;P527S;S530F;L533C;K535N;F541K;T547L;T549Q;N556F;F559P;Q564E;F565R;V576Q;P579Y;L582I;I584T;G593V;V597G;P600T;T602Q;T604P;V608Y;D614G;C617H;I624C;V635T;S640T;T645L;G648I;L650S;A653H;Y660G;E661D;C662A;D663A;I666G;G667A;G669I;C671Q;Q677T;N679R;R682V;A684Q;S686Y;A688Q;I693Y;N710I;S711I;T723P;E725P;S730W;M731T;D737G;T739Y;L753G;Y756F;G757S;T761N;N764A;T768E;A771E;E773D;N777V;T778V;Q779K;Q784K;V785L;P793I;F797I;F802Q;Q804S;S813I;K814F;R815L;L822N;N824I;V826G;T827F;Q836L;Y837D;C840L;G842A;I844V;A845R;C851A;G857T;L858P;L864T;T866E;D867M;M869Q;Y873L;T874G;L878S;A879F;T883G;S884A;G885F;W886G;A892L;A899Y;M902R;Y904Q;R905G;F906Q;I909L;Y917L;L922N;N928L;S929I;G932Q;S937G;A942L;L959T;N960V;V963F;L966F;S967F;S968G;F970I;G971I;I973V;S974V;S975I;V976N;N978K;I980D;V987A;E990L;D994I;R995G;I997S;S1003T;L1004T;Y1007L;L1012R;E1017N;I1018A;S1021L;L1024A;A1025T;M1029V;E1031V;S1037V;V1040F;C1043S;L1049P;M1050A;P1053V;V1060A;F1062H;Y1067A;P1069Q;Q1071K;C1082D;F1089V;E1092S;V1096T;W1102Q;T1105N;Q1106C;P1112D;I1115T;T1117C;N1119G;F1121S;C1126G;D1127V;G1131D;V1133N;N1134P;D1139S;P1140S;E1144K;L1145F;S1147L;K1149L;F1156T;H1159V;V1164S;D1165T;G1167I;D1168A;S1175I;V1176F;Q1180E;I1183E;E1188N;V1189K;I1198Q;E1202G;Y1206Q;E1207I;W1212Y;F1220A;I1227V;C1236Y;C1240S;L1244C;S1249K;C1253K;K1255E;E1258V;D1259L;P1263K;V1264Y,80.0,65.0,1.0,45.0,84.0,88.0
root_child_1_child_1_child_1_child_1_child_0_child_0_child_1|leaf,316,0.751767,316,0.751767,315,MZ477792.1,52,0.741294,315,315,51,-115.52672310236537,-2.2652298647522624,-1.4350399149338156,-1.4350399149338156,-8.74183403498007,-1.0927292543725087,8,G446D;R346A;L455K;Q474G;E340K;A475S;S459E;I472Q,N501Y,1,D138Y;N501Y;D614G;H655Y;V1176F,5,D614G;N501Y,2,I332L:-2.4919;L335V:-1.9854;E340K:-1.0697;V341A:-3.0576;T345W:-1.9163;R346A:-0.9806;S349N:-1.8600;I358V:-3.2129;Y365L:-2.8881;S366A:-1.9824;K378D:-2.1911;G381T:-3.6343;L387C:-3.8029;C391T:-4.3715;T393S:-2.3504;V395S:-3.7400;G404Q:-2.1394;V407I:-2.8289;R408I:-1.6834;G413S:-1.9549;N422L:-3.1081;L425D:-2.9019;D428T:-2.0746;C432T:-4.2551;A435D:-2.8872;L441S:-1.3553;G446D:-0.9560;N448Y:-2.3452;Y449S:-1.7609;N450L:-1.5236;L455K:-1.0570;F456L:-1.4342;R457P:-1.7140;S459E:-1.2030;R466A:-1.4586;I472Q:-1.2159;Q474G:-1.0573;A475S:-1.2023;V483Y:-1.4532;N487Y:-1.7183;F490L:-1.3377;Y495P:-2.7644;F497T:-2.1204;T500G:-1.6884;N501Y:-1.4350;G504P:-1.9402;V511F:-3.2371;V512P:-3.6086;C525T:-4.2054;P527S:-3.3537;S530N:-3.0123,F2V;L18Y;R21S;L24S;F32G;Y37D;T51L;Q52F;F79P;V83I;N87V;V90F;W104I;D111R;K113S;T114I;N122V;A123I;F133D;C136D;D138Y;F140D;Y144K;E154Y;Y160C;N164C;C166F;M177E;G181F;G184F;N188E;I197G;G199F;F201I;I203P;I210D;N211P;P217G;Q218E;F220D;G232N;I235S;T236F;F238Q;L242Y;Y248T;L249P;P251S;G252S;D253S;S254P;S256G;A263Y;T274E;L276Y;G283C;T286A;D287V;A288C;V289A;C291S;L296S;E298L;L303S;F306V;K310S;T315N;V320S;P330L;I332L;L335V;E340K;V341A;T345W;R346A;S349N;I358V;Y365L;S366A;K378D;G381T;L387C;C391T;T393S;V395S;G404Q;V407I;R408I;G413S;N422L;L425D;D428T;C432T;A435D;L441S;G446D;N448Y;Y449S;N450L;L455K;F456L;R457P;S459E;R466A;I472Q;Q474G;A475S;V483Y;N487Y;F490L;Y495P;F497T;T500G;N501Y;G504P;V511F;V512P;C525T;P527S;S530N;V534N;F541L;G550T;F559D;F562R;Q563I;D568I;D574V;P579T;L582T;L585S;D586T;T588C;F592T;V595G;G601N;N606A;A609G;L611S;Q613S;D614G;N616P;T618V;A626V;R634Y;N641A;T645Y;G648I;C649Y;I651V;G652Y;H655Y;V656D;Y660I;E661G;D663P;A668T;A672Q;Q677S;V687Y;A688S;S689A;I693E;T696L;L699V;Y707N;N710I;V722S;V729K;M731S;T734M;M740E;C743N;L752Y;L754F;T761L;Q762I;L763A;R765T;I770D;E773V;V785K;Q804S;I805D;L822D;F823L;T827G;L828F;A831Y;K835Y;Y837D;C840L;G842A;D843A;A845L;R847L;L849K;C851Q;G857T;L858P;T859L;L864D;M869Q;Q872L;Y873S;T874S;L878S;I882G;T883G;F888G;A890L;G891A;A893Q;Q895F;I896A;M900G;M902E;R905N;F906Q;G908V;L916Q;E918I;N919A;K921I;I923S;G932I;K933Q;I934S;Q935T;D950Q;Q957T;A958L;V963F;F970A;G971I;N978K;I980A;Q992D;R995I;G999Q;S1003Y;Q1005Y;Q1010R;I1018L;L1024A;A1025S;R1039D;V1040D;D1041F;C1043F;G1046S;Y1047F;H1048Q;M1050S;P1053A;Q1054P;A1056N;G1059Q;V1061T;V1068N;H1083G;G1085R;K1086A;F1089V;E1092V;V1104F;N1108Q;E1111I;P1112V;I1115N;T1116N;T1120V;F1121D;V1122I;G1124A;C1126D;D1127V;G1131V;N1134P;D1139Q;Q1142P;S1147E;K1149L;N1158L;H1159S;S1161D;V1164L;I1169S;S1170I;G1171S;S1175I;V1176F;V1177T;Q1180I;V1189K;E1195I;E1207I;W1214G;L1218F;G1219A;F1220A;L1224A;V1228I;I1232L;M1233T;C1236Y;S1242L;C1243G;L1244G;K1245G;C1253K;F1256K;K1266S;V1268H;K1269H,81.0,38.0,1.0,178.0,84.0,99.0
root_child_0_child_1_child_1_child_1_child_0_child_0_child_1|leaf,316,0.751767,316,0.751767,315,MZ477792.1,47,0.766169,311,311,46,-118.26489749640724,-2.5709760325305915,-1.4350399149338156,-1.4350399149338156,-1.9982065209765558,-0.9991032604882779,2,G476K;E471P,N501Y,1,N501Y;D614G;H655Y,3,D614G;N501Y,2,I332L:-2.4919;C336V:-4.0691;F338V:-3.2348;G339A:-2.1674;E340N:-1.7671;A344S:-2.1548;I358C:-3.5746;N360Y:-2.7482;S366N:-2.3981;T376K:-2.4331;K378Y:-2.2888;Y380T:-3.3458;L387D:-3.4025;F392Q:-3.5519;Y396I:-2.9330;D398G:-3.2244;G404E:-1.8275;D405V:-1.6049;Q414A:-2.1073;G416K:-2.2963;I418N:-2.8422;N422K:-2.9844;T430A:-2.7765;C432A:-4.2640;V433S:-3.2694;Y449L:-1.5400;L452I:-1.5860;R454L:-1.8137;P463E:-2.4290;S469E:-1.7993;E471P:-1.0322;I472F:-1.5222;G476K:-0.9661;P479A:-1.4502;C480F:-1.6586;G485F:-1.4615;N501Y:-1.4350;V510S:-3.1028;E516T:-2.7448;L517A:-3.5374;H519C:-1.9243;A520C:-3.7635;A522V:-3.6673;V524S:-3.9754;C525P:-4.2599;K528V:-2.8375,A27N;Y28F;K41R;S50T;H69N;V70T;K77D;D80F;N87G;D88Y;S94N;E96S;G103F;F106T;K113Q;S116N;L117N;V120A;V126A;I128S;P139Y;L141Y;V143N;H146S;K150S;E156S;V159S;Y160A;S161C;S162A;N164C;F168Y;E169L;V171P;F175L;L176R;M177L;K182I;Q183N;K187F;L189F;D198Y;P209N;I210D;D215Q;P217A;G219L;E224V;V227L;I235Q;R237N;Y248T;T250G;G252D;S256A;Y265G;Y266G;Q271R;K278T;I285D;C291S;S297T;K304F;F306G;Q314F;N317L;F318T;R319E;Q321I;S325N;V327I;F329N;I332L;C336V;F338V;G339A;E340N;A344S;I358C;N360Y;S366N;T376K;K378Y;Y380T;L387D;F392Q;Y396I;D398G;G404E;D405V;Q414A;G416K;I418N;N422K;T430A;C432A;V433S;Y449L;L452I;R454L;P463E;S469E;E471P;I472F;G476K;P479A;C480F;G485F;N501Y;V510S;E516T;L517A;H519C;A520C;A522V;V524S;C525P;K528V;N536V;V539N;N542G;N544L;G548V;T553F;N556L;K558G;L560F;G566V;I569D;R577L;E583L;C590G;S591V;G593V;S596T;T599G;Q607Y;V608Y;A609G;Q613V;D614G;H625P;L629T;T630N;P631H;R634S;Y636F;G639H;S640T;F643T;G648I;I651A;A653S;H655Y;V656S;Y660A;Y674Q;N679A;R683V;S686I;V687S;Q690A;S691A;A694T;S698Y;E702V;V705L;Y707P;N709F;N710T;I712S;S721T;T723E;K733S;T739Y;M740Y;D745E;E748L;C749Q;L752C;R765T;A766E;I770V;V772D;Q774K;N777F;Q787P;Y789I;P793N;D796W;G799S;Q804L;K811S;S813I;E819L;V826I;F833Q;Q836C;G838L;D839Q;C840A;G842I;A852K;K854L;G857T;L858P;V860P;P862L;L865D;M869A;Q872L;A876L;A879T;I882A;T883G;F888A;A890L;Q895P;P897A;M900F;Y904I;F906Q;I909E;G910T;V911Y;E918I;Q920I;L922S;I923Q;Q926I;I931K;Q935T;D936S;S939A;A942K;L945K;Q954L;N960S;K964L;Q965I;G971L;I973V;V987A;E988V;A989E;E990D;V991G;I993L;D994R;G999S;S1003T;T1006V;Y1007H;A1022K;N1023M;L1024A;A1025T;A1026C;V1033G;L1034V;K1038G;K1045P;F1052P;Q1054A;S1055P;H1064Q;P1079A;C1082D;H1083K;E1092F;G1093V;T1100W;F1103E;T1105I;R1107N;E1111T;N1119V;G1131N;N1134P;V1137Q;L1145K;F1148K;H1159L;D1165I;I1169S;G1171A;I1172Q;V1176K;K1181L;E1182L;I1183A;L1186V;E1188S;S1196I;G1204E;Q1208K;W1212G;W1217I;G1219I;F1220I;A1226V;I1232M;C1236S;M1237C;S1242K;C1250F;G1251C;S1252G;C1253K;D1259E;P1263L,99.0,241.0,1.0,53.0,84.0,35.0
root_child_1_child_0_child_0_child_1_child_1_child_1_child_1|leaf,316,0.751767,316,0.751767,315,MZ477792.1,56,0.721393,315,315,55,-125.07096799306112,-2.274017599873838,-1.4350399149338156,-1.4350399149338156,-3.959680532532834,-0.9899201331332085,4,L455R;K529L;Q498Y;F490T,N501Y,1,L18F;D138Y;N501Y;D614G;H655Y,5,D614G;N501Y,2,N331T:-2.4198;I332C:-2.8302;N334C:-2.3489;G339I:-2.0586;N343R:-1.9782;A344S:-2.1548;T345S:-1.3943;V350K:-2.7241;Y351K:-2.2797;R357A:-1.8201;L368F:-2.4135;S371F:-1.9489;F374T:-2.2571;T376C:-2.8787;K378S:-1.9727;V382T:-3.4542;K386F:-3.0381;N388F:-2.6581;C391F:-4.2145;T393V:-2.5757;V395A:-3.6474;Y396D:-2.9504;A397S:-3.4311;S399D:-2.3761;I402G:-2.5120;D405N:-1.7898;R408I:-1.6834;G413D:-1.9963;I418F:-2.5984;A419L:-3.0512;D420P:-2.1140;Y421F:-1.7997;N422F:-3.0747;P426L:-3.2000;F429I:-3.6661;A435S:-2.7871;G446V:-1.2706;Y449S:-1.7609;L455R:-0.7754;R457E:-1.4052;D467T:-1.8071;Y473A:-1.4869;Q474C:-1.2525;G476C:-1.5519;N481A:-1.3424;N487Y:-1.7183;F490T:-1.1809;Y495F:-2.3210;Q498Y:-1.1069;N501Y:-1.4350;G504P:-1.9402;H519A:-1.8343;C525T:-4.2054;G526N:-3.6815;K529L:-0.8964,L18F;R21S;A27N;Y38K;V47S;T51L;K77F;P85L;D88Y;S94N;K97T;N99R;W104G;I105G;K113S;T114S;V120A;A123Q;V126D;D138Y;F140L;N148M;M153G;E156N;Y160N;S161C;S162T;M177I;K182N;G184F;F186N;L189F;F194N;Y204P;I210L;V213Y;F220P;L229I;G232N;I233T;I235S;R237T;G252S;A260Y;A263V;Y265V;V267G;Q271R;Y279E;G283A;T286A;D287V;C291S;L293E;D294L;P295K;K300S;I312T;Q314V;R319P;S325R;I326R;F329T;N331T;I332C;N334C;G339I;N343R;A344S;T345S;V350K;Y351K;R357A;L368F;S371F;F374T;T376C;K378S;V382T;K386F;N388F;C391F;T393V;V395A;Y396D;A397S;S399D;I402G;D405N;R408I;G413D;I418F;A419L;D420P;Y421F;N422F;P426L;F429I;A435S;G446V;Y449S;L455R;R457E;D467T;Y473A;Q474C;G476C;N481A;N487Y;F490T;Y495F;Q498Y;N501Y;G504P;H519A;C525T;G526N;K529L;T549Q;G550T;N556F;K557Q;F559D;Q564A;R567I;V576D;R577T;T581C;L582I;I584T;D586T;S596I;V597T;I598Y;T602Q;S605V;V608R;D614G;C617V;T638F;T645E;A647C;G648I;A653H;E654S;H655Y;S659I;Y660G;C662A;D663A;I664G;I666G;G669I;C671Q;Q677N;A684Q;A688Q;S691A;I692G;M697G;S698A;N710I;N717T;M731S;C738G;T739M;Y741C;D745N;N751L;L753G;Q755S;G757R;T761L;N764A;A771E;K776F;N777Q;T778E;Q779F;E780A;A783Y;V785I;K786T;P793Y;G798S;F802Q;Q804S;R815E;K825L;V826A;A831I;I834C;K835I;C840L;G842A;R847L;C851A;A852F;L858P;T859L;P862L;L864T;T866Q;E868Q;M869Q;I870Q;A871Y;T874G;L878T;G880I;T881S;I882G;T883G;W886G;F888G;G889L;R905G;F906Q;V911N;N914L;Y917Q;Q926N;N928L;I931D;G932Q;I934D;D936S;G946K;D950N;V951N;L959T;V963Q;S967F;N969G;F970A;G971V;I973N;S974V;V976N;N978K;L981E;S982E;D994Q;R995T;Y1007L;R1014A;I1018L;S1021N;N1023K;L1024A;A1025C;A1026K;M1029Q;S1030C;E1031V;C1032S;L1034R;S1037V;V1040C;D1041Y;G1044P;M1050A;P1053A;F1062Y;L1063P;H1064T;Y1067A;F1075A;P1079S;C1082H;G1085V;E1092S;V1096W;R1107P;I1114N;T1116F;T1117C;C1126I;N1134P;N1135D;E1144F;K1149L;F1156N;S1161P;D1163L;V1164G;S1175I;V1176N;V1177Q;E1188A;A1190E;S1196I;I1198Q;L1203Q;E1207I;I1210Y;K1211P;W1212Y;P1213L;I1216G;L1218F;F1220A;I1221L;I1227M;L1234C;T1238L;C1240S;C1241L;L1244C;S1249G;S1252D;C1253K;F1256E;S1261P;V1264L,158.0,41.0,1.0,42.0,84.0,176.0
root_child_0_child_0_child_0_child_1_child_1_child_1_child_1_child_1|leaf,316,0.751767,316,0.751767,315,MZ477792.1,56,0.721393,313,313,55,-132.08689991415594,-2.4015799984391992,-1.4350399149338156,-1.4350399149338156,-3.642081586162523,-1.2140271953875077,3,A475S;K458R;T470I,N501Y,1,D138Y;N501Y;D614G;H655Y,4,D614G;N501Y,2,N331C:-2.6574;I332N:-2.6228;N334V:-1.9926;P337N:-2.2448;F338E:-3.0041;T345Y:-2.0228;S349A:-2.3878;I358A:-3.6508;N360K:-2.4213;D364S:-2.9044;V367P:-2.6075;N370T:-2.6435;A372F:-1.3989;F374C:-2.8283;K378V:-1.9625;G381P:-3.6633;K386C:-3.2002;C391Y:-4.4373;V395I:-3.2946;S399G:-2.6929;I402G:-2.5120;D405I:-1.6062;A411D:-2.5708;N422L:-3.1081;P426D:-2.2753;W436D:-2.3850;N437S:-2.2393;S443N:-1.7859;Y449L:-1.5400;N450F:-1.4575;Y451R:-1.7521;R454H:-2.1465;K458R:-1.2139;S459K:-1.3663;E465I:-1.7659;T470I:-1.2259;A475S:-1.2023;P479N:-1.3825;C480F:-1.6586;N487F:-1.4264;C488S:-2.1537;P499G:-1.6178;T500G:-1.6884;N501Y:-1.4350;G502Y:-1.9119;V503I:-1.3418;Y508S:-2.6816;S514H:-3.3394;F515H:-3.2990;P521K:-3.0410;A522G:-3.7617;V524G:-4.1764;C525A:-4.2230;P527L:-3.2639;S530L:-2.8938,S12F;Y28S;F43V;S45L;V47L;Q52F;L54F;L56F;A67V;I68T;L84D;I101G;G103L;W104F;F106T;T109D;V120N;A123N;Q134C;C136P;D138Y;L141H;V143S;N149T;S155Y;E156G;V159N;Y160V;N164V;P174I;F175M;D178E;Q183V;N188F;V193D;F201H;V213D;S221L;E224I;L226V;I231T;G232I;N234T;I235Q;T236Q;P251G;G252S;D253A;S255G;S256G;W258A;T259G;A263G;L270F;R273K;L276E;K278I;Y279D;E281G;N282T;C291S;L296E;K300F;L303G;E309Q;G311S;R319I;V320P;F329N;N331C;I332N;N334V;P337N;F338E;T345Y;S349A;I358A;N360K;D364S;V367P;N370T;A372F;F374C;K378V;G381P;K386C;C391Y;V395I;S399G;I402G;D405I;A411D;N422L;P426D;W436D;N437S;S443N;Y449L;N450F;Y451R;R454H;K458R;S459K;E465I;T470I;A475S;P479N;C480F;N487F;C488S;P499G;T500G;N501Y;G502Y;V503I;Y508S;S514H;F515H;P521K;A522G;V524G;C525A;P527L;S530L;K535N;L546K;G550S;L552S;E554Q;K557P;F559I;Q563F;Q564R;I569L;D571T;D574L;R577L;D586S;C590V;G593V;G601Q;N603Q;Q607L;A609Y;D614G;T618V;I624L;L629T;V635S;F643T;Q644A;G648I;G652K;H655Y;I666T;A668S;C671Q;Q675T;N679A;R682I;A684S;R685V;M697N;L699V;S704A;A706S;N709P;N710P;A713T;I714T;F718T;V722P;K733Y;D737Y;C738S;M740I;C743L;G744T;D745E;N751G;L753Y;L754F;S758C;T761N;N764A;R765L;D775N;E780Q;V781A;A783I;V785I;T791F;P792K;I794D;K795N;G799Q;N801Q;F802Q;S803I;I805P;P809E;P812I;K814F;E819K;L828K;A829T;D830A;Y837D;A846L;D848I;L858P;P862D;P863L;T866E;D867Q;E868I;L878T;T883G;G889A;I896A;M900G;R905N;F906I;I909N;Q913N;N914Q;V915Q;I923Q;A924I;Q926I;F927A;I931K;G932D;I934A;D936S;A942K;S943K;A944L;L945K;Q949A;Q957N;L962N;G971D;I973D;N978R;E990A;L996T;T998L;G999Q;Q1005V;T1009Q;Q1011I;L1012E;R1019L;A1022L;L1024A;K1028L;K1038G;D1041Y;H1058V;Y1067Q;K1073A;T1077A;A1078I;E1092F;V1094F;T1105R;Q1106R;E1111I;P1112F;T1116D;N1119F;T1120N;I1130V;G1131N;V1133L;N1134P;N1135C;V1137Q;D1139E;S1147Y;K1149E;E1150H;D1153Y;Y1155K;T1160V;G1167I;A1174Q;V1176I;V1177Q;N1178Q;I1179L;K1181I;D1184N;V1189N;N1192E;I1198K;K1205I;E1207D;A1222V;I1227V;C1235M;M1237C;L1244C;G1251F;C1253K;F1256V;D1259E;S1261H;L1265Y;K1266V;G1267L;V1268L,192.0,172.0,1.0,239.0,84.0,176.0
root_child_1_child_0_child_0_child_1_child_0_child_0_child_0_child_1_child_1_child_0|leaf,317,0.750982,317,0.750982,316,MZ477792.1,49,0.756219,315,315,48,-107.72572921515898,-2.2442860253158123,-1.4350399149338156,-1.4350399149338156,-2.981912826387659,-0.9939709421292197,3,L455R;R346A;T470I,N501Y,1,D138Y;N501Y;D614G;H655Y;V1176F,5,D614G;N501Y,2,N331T:-2.4198;N334C:-2.3489;C336G:-4.1551;G339R:-1.5039;N343R:-1.9782;R346A:-0.9806;F347V:-2.4887;S366A:-1.9824;S371F:-1.9489;A372F:-1.3989;K378S:-1.9727;Y380N:-2.8121;V382N:-3.5462;K386N:-3.1888;N388F:-2.6581;N394Y:-2.7453;V395Y:-3.8042;S399D:-2.3761;F400I:-3.4071;D405N:-1.7898;E406I:-1.6642;G413D:-1.9963;I418G:-3.1226;A419L:-3.0512;D420Y:-2.0724;Y423F:-3.4819;L425D:-2.9019;W436K:-2.1526;S438M:-1.7910;N440D:-1.3369;N448Y:-2.3452;Y449S:-1.7609;L455R:-0.7754;R457E:-1.4052;D467Q:-1.7687;I468T:-1.4779;T470I:-1.2259;V483F:-1.6538;N487Y:-1.7183;T500Y:-1.3583;N501Y:-1.4350;G504P:-1.9402;Y508L:-2.3545;R509V:-2.2683;H519A:-1.8343;A522E:-3.0738;T523K:-3.3015;S530V:-2.9517,T19R;R21S;A27N;S31F;T33V;H49Q;T51L;F55L;N61K;K77F;P85N;N87I;D88A;V90F;F92K;A93S;R102G;W104G;T108D;K113S;A123N;I128C;F135D;D138Y;L141V;Y144N;M153F;Y160F;S172P;L176D;G184F;N185E;L189F;E191V;T208G;N211P;V213G;F220D;L223P;L229I;I235S;T236F;F238L;Q239H;R246D;D253G;V267G;Q271R;Y279V;T286A;V289C;C291S;D294E;K310S;Q314N;S316R;R319I;P322V;E324P;N331T;N334C;C336G;G339R;N343R;R346A;F347V;S366A;S371F;A372F;K378S;Y380N;V382N;K386N;N388F;N394Y;V395Y;S399D;F400I;D405N;E406I;G413D;I418G;A419L;D420Y;Y423F;L425D;W436K;S438M;N440D;N448Y;Y449S;L455R;R457E;D467Q;I468T;T470I;V483F;N487Y;T500Y;N501Y;G504P;Y508L;R509V;H519A;A522E;T523K;S530V;L533C;K535N;K537G;F541K;G545L;T547L;T549Q;N556F;K557F;F559D;F565R;D574E;V576Q;P579Y;L582I;I584T;V597G;P600T;T602Q;T604P;V608Y;L611N;D614G;C617H;I624C;Q628P;V635T;S640T;T645E;G648I;L650S;I651R;A653H;H655Y;Y660D;E661D;C662A;D663A;I666G;G669I;C671Q;Q677T;R682V;A684Q;S686Y;A688Q;I693Y;A706N;N710I;S711I;T723P;E725P;S730Q;M731T;T739Y;L753G;Y756F;G757S;T761N;N764A;T768E;A771K;E773D;N777V;T778V;Q779K;Q784K;V785L;P793I;K795N;F797I;F802Q;Q804P;S813I;R815L;L822N;N824I;V826A;T827F;Q836L;C840L;G842A;I844V;A845R;C851A;G857T;L858P;L864T;T866E;M869Q;Y873L;T874G;L878S;A879F;T883G;S884A;G885F;W886G;A892L;A899Y;Y904Q;R905G;F906Q;I909L;Y917Q;L922N;N928L;S929G;G932Q;K933Q;S937G;T941G;A942L;Q957G;A958N;L959T;N960V;T961K;V963F;L966F;S967F;S968F;F970I;G971I;A972N;I973V;S974V;S975I;V976N;N978K;V987A;E990D;D994I;R995G;I997S;S1003T;L1004T;Y1007L;A1016L;E1017R;I1018A;S1021L;L1024A;A1025T;M1029V;E1031V;S1037V;V1040F;C1043S;L1049P;M1050A;P1053A;V1060Y;F1062H;Y1067A;P1069Q;Q1071K;C1082D;K1086F;F1089E;E1092S;V1096T;G1099H;T1105N;I1115T;T1117C;N1119G;F1121S;C1126G;D1127V;G1131D;V1133N;N1134P;V1137P;D1139S;P1140S;Q1142D;E1144K;L1145F;K1149Y;F1156T;H1159V;V1164S;D1165T;G1167I;D1168A;S1175I;V1176F;Q1180E;I1183E;V1189K;I1198Q;E1202G;Y1206Q;E1207I;Y1209M;W1212Y;F1220A;I1227V;C1236Y;C1240S;S1242K;L1244C;S1249K;C1253K;K1255E;D1259L;V1264Y,34.0,22.0,1.0,45.0,92.0,62.0
root_child_0_child_0_child_1_child_1_child_0_child_0_child_1|leaf,317,0.750982,317,0.750982,316,MZ477792.1,48,0.761194,315,315,47,-112.00709343685875,-2.3831296475927393,-1.4350399149338156,-1.4350399149338156,-5.408724565290834,-1.081744913058167,5,R346T;Q493G;Q498Y;K458R;T470I,N501Y,1,D138Y;N501Y;D614G;H655Y,4,D614G;N501Y,2,F342C:-3.1739;A344V:-1.8710;R346T:-0.7574;F347S:-2.6728;S349R:-1.9652;R357A:-1.8201;A363L:-3.7553;S366A:-1.9824;N370T:-2.6435;S371F:-1.9489;S375G:-2.5995;G381N:-2.9385;V382P:-3.6815;C391D:-3.9020;A397I:-2.8788;I402N:-2.2419;R403Q:-1.6178;V407N:-2.7556;T415Y:-2.5832;A419N:-2.9121;L425T:-3.2848;D427C:-2.4535;T430W:-2.7877;C432D:-3.8525;S438L:-1.5900;L441V:-1.5410;S443Y:-1.8219;Y449L:-1.5400;N450F:-1.4575;K458R:-1.2139;S459L:-1.5423;S469I:-1.7468;T470I:-1.2259;C480F:-1.6586;L492S:-1.7157;Q493G:-1.1046;Y495N:-2.5362;Q498Y:-1.1069;N501Y:-1.4350;V503L:-1.4508;V510H:-3.0555;F515H:-3.2990;P521G:-3.6874;T523C:-3.7458;V524G:-4.1764;P527L:-3.2639;S530N:-3.0123,L5F;R34Y;V42F;F43V;R44L;L48T;S50D;P57N;G72K;T73V;T76F;V83D;L84F;G89Y;K97N;S98G;W104F;I105T;T109Q;L117V;C131E;D138Y;L141H;V143N;K147I;M153N;F157V;N164H;S172P;P174G;D178G;E180N;F186N;R190K;F201S;I203L;Y204F;N211R;R214P;G219S;S221P;L223D;E224V;G232I;I233T;I235S;R237N;F238T;Q239H;H245P;Y248T;G252S;S256A;W258A;Y265G;Y266V;Y269P;L270R;P272Y;T274L;L276K;I285A;T286E;A288L;D290A;C291S;A292D;P295S;K304V;V308G;K310I;G311Y;E324N;F342C;A344V;R346T;F347S;S349R;R357A;A363L;S366A;N370T;S371F;S375G;G381N;V382P;C391D;A397I;I402N;R403Q;V407N;T415Y;A419N;L425T;D427C;T430W;C432D;S438L;L441V;S443Y;Y449L;N450F;K458R;S459L;S469I;T470I;C480F;L492S;Q493G;Y495N;Q498Y;N501Y;V503L;V510H;F515H;P521G;T523C;V524G;P527L;S530N;K537N;V539N;T549F;V551T;L552E;F559I;P561I;Q563S;D568A;I569L;D571L;D574P;R577L;L582I;E583P;D586S;I587P;P589F;G601T;S605V;Q607Y;L611H;Y612Q;Q613I;D614G;C617H;T618A;E619K;I624L;Q628W;P631S;T632S;W633Y;Y636N;F643L;Q644R;T645A;G648L;C649E;A653H;H655Y;Y660V;A668S;G669Y;P681A;A684S;S686I;V687I;L699S;A701Y;N703A;Y707N;N709I;P715T;N717I;F718I;V722T;L727S;T734M;M740L;D745E;S746L;L753S;Q755L;T761L;L763R;N764A;T768I;Q779A;Q784K;T791F;P792I;I794D;N801Q;Q804D;L806P;P807K;R815I;S816E;L822K;N824V;K825A;V826K;D830F;G832D;I844R;D848I;C851K;K854V;L858P;L864T;T866E;D867Q;I870A;Q872Y;Y873A;L878T;G880F;I882T;T883G;S884A;T887G;G889Q;I896Q;F898M;M902V;F906T;N907I;G908V;I909Y;N914Q;V915N;N919L;K921A;F927Q;N928I;A930G;A942K;A944D;D950N;V952N;Q965G;S968G;I973S;V976N;D979L;E988Q;A989V;I993R;D994L;R995L;L996D;L1012E;R1014A;A1015I;I1018S;R1019A;S1021T;L1024V;M1029E;C1032Y;P1053S;S1055P;H1058T;F1062H;Y1067A;Q1071N;K1073F;H1088V;F1089R;R1091G;E1092F;V1094F;F1095S;G1099T;F1103Q;T1105R;Q1106P;F1109T;P1112T;D1118S;N1119T;T1120V;D1127V;I1130V;G1131N;N1134V;L1141P;D1146K;F1148K;E1150L;Y1155K;F1156V;K1157H;N1158S;S1161D;D1163I;D1165G;G1167I;V1176I;N1178K;E1188S;V1189N;N1192L;N1194K;I1198L;I1210W;I1221G;L1224I;M1233C;C1236G;L1244S;C1253K;E1262P;V1268L,58.0,152.0,1.0,160.0,92.0,50.0
root_child_0_child_1_child_1_child_1_child_1_child_1_child_0|leaf,317,0.750982,317,0.750982,316,MZ477792.1,47,0.766169,314,314,46,-122.548105749809,-2.6640892554306297,-1.4350399149338156,-1.4350399149338156,-2.9754211692507493,-0.9918070564169165,3,G476K;E471G;L452R,N501Y,1,D138Y;N501Y;D614G;H655Y,4,D614G;N501Y,2,I332L:-2.4919;L335P:-2.2661;C336V:-4.0691;E340N:-1.7671;V341P:-2.9799;A344R:-1.7712;F347A:-2.4845;W353R:-2.7154;R357D:-1.9196;I358C:-3.5746;N360Y:-2.7482;T376G:-2.8501;K378Y:-2.2888;C379Y:-4.2757;Y380V:-3.4191;G381K:-2.8824;L387D:-3.4025;V395F:-4.0067;Y396R:-2.7335;F400V:-3.5836;G404E:-1.8275;I418D:-2.5883;Y421D:-2.2612;Y423D:-3.1262;T430A:-2.7765;C432A:-4.2640;V433S:-3.2694;N437I:-2.3006;Y449L:-1.5400;L452R:-1.0160;E471G:-0.9933;I472F:-1.5222;Q474C:-1.2525;G476K:-0.9661;C480F:-1.6586;N481P:-1.4470;G485F:-1.4615;N501Y:-1.4350;V510F:-3.5959;L517A:-3.5374;H519C:-1.9243;A520C:-3.7635;P521G:-3.6874;A522V:-3.6673;V524G:-4.1764;C525P:-4.2599,Y28F;R34Y;K41R;S45L;D53L;F59V;H69N;K77D;F79P;D80A;D88A;V90T;A93S;T95I;N99I;I105G;F106T;S112Q;K113Q;S116N;L117N;V120A;N125V;C136D;D138Y;L141V;K150L;E156S;V159S;Y160A;F168Y;E169V;V171P;F175L;L176G;M177L;Q183N;K187F;L189F;N196D;D198Y;S205T;I210D;D215Q;Q218E;S221L;E224V;I235Q;F238T;S247T;T250G;S255T;S256A;G261D;Q271R;P272E;K278T;Y279N;I285D;T286D;D287L;C291I;S297T;T299C;K304F;S305V;F306G;T307K;E309G;Q314N;S316F;N317Q;F318V;R319E;Q321I;E324N;V327I;I332L;L335P;C336V;E340N;V341P;A344R;F347A;W353R;R357D;I358C;N360Y;T376G;K378Y;C379Y;Y380V;G381K;L387D;V395F;Y396R;F400V;G404E;I418D;Y421D;Y423D;T430A;C432A;V433S;N437I;Y449L;L452R;E471G;I472F;Q474C;G476K;C480F;N481P;G485F;N501Y;V510F;L517A;H519C;A520C;P521G;A522V;V524G;C525P;N536V;C538Q;V539N;L546V;G548V;V551N;E554N;N556L;K558P;L560F;I569T;D571F;V576T;E583L;L585T;S591V;G593V;T599G;T602V;Q607V;V608G;A609G;Y612T;Q613T;D614G;Q628F;T630V;R634S;G639H;S640V;G648I;A653S;E654P;H655Y;V656S;I664G;N679A;R683S;V687S;S691A;A694T;E702V;N709F;N710P;A713T;P715I;S721T;T723P;T732D;V736C;T739Y;M740Y;D745E;S746L;T747C;C749Q;L752C;L753C;R765T;A766E;I770V;V772D;Q774K;N777F;A783T;Q787P;K790Y;P793N;F800I;Q804L;L806P;D808S;K811F;S813I;E819L;L821A;F823I;T827G;F833Q;C840I;G842I;A846L;L849G;K854N;G857T;L858P;T859P;L865D;M869A;A871S;Q872T;A876L;G880F;I882A;T883G;W886F;F888A;G891A;Q895A;A899Q;M900F;A903V;Y904N;F906Q;V911Y;Q913V;E918N;Q920I;Q926S;I931K;Q935T;D936S;S939A;A942K;L945K;Q949H;N960S;K964F;Q965G;I973N;S975N;V987A;A989E;E990D;V991G;I993L;D994R;T998S;G999L;Y1007N;V1008R;L1024A;A1025T;A1026C;S1030C;V1033G;L1034S;K1045P;M1050F;S1051A;F1052Q;Q1054P;S1055P;P1057G;H1064Q;Q1071K;T1076S;C1082D;H1083G;G1085R;A1087V;H1088F;E1092F;G1093V;V1094S;T1100F;T1105I;P1112F;N1119V;T1120S;V1122N;G1131N;I1132V;N1134P;V1137Q;L1145K;Y1155K;H1159L;D1165I;G1171A;I1172Q;V1176K;I1179R;Q1180E;I1183A;L1186V;E1188S;S1196I;I1198L;G1204Y;Y1206E;Q1208E;W1212G;C1236S;S1239L;S1242K;C1250F;G1251C;S1252G;C1253K;D1259K,138.0,250.0,1.0,44.0,92.0,35.0
root_child_0_child_0_child_1_child_0_child_0_child_1_child_1_child_0|leaf,317,0.750982,317,0.750982,316,MZ477792.1,58,0.711443,313,313,57,-131.37227230384212,-2.30477670708495,-1.4350399149338156,-1.4350399149338156,-5.346980617506455,-1.069396123501291,5,R346T;Q493G;Q498Y;E471Q;K458R,N501Y,1,D138Y;N501Y;D614G,3,D614G;N501Y,2,T333P:-2.1624;V341A:-3.0576;F342N:-2.7584;A344V:-1.8710;T345Y:-2.0228;R346T:-0.7574;S349R:-1.9652;V350A:-3.2598;W353K:-2.7975;N354R:-1.2966;V362Y:-3.1662;Y369G:-3.1677;N370T:-2.6435;S373A:-1.9861;L390Y:-3.5850;C391Y:-4.4373;N394Y:-2.7453;R403E:-1.4411;Y421D:-2.2612;N422K:-2.9844;P426V:-3.2716;D427C:-2.4535;T430I:-2.3659;I434N:-2.4944;A435S:-2.7871;N437S:-2.2393;N440D:-1.3369;D442V:-2.1816;G446Y:-1.4345;G447D:-1.5357;Y449L:-1.5400;L455N:-1.3758;F456L:-1.4342;K458R:-1.2139;L461F:-1.9409;K462L:-1.4119;F464D:-1.7218;S469I:-1.7468;E471Q:-1.1641;Y473G:-1.6051;C480F:-1.6586;C488L:-1.8488;P491G:-1.7822;L492S:-1.7157;Q493G:-1.1046;Q498Y:-1.1069;N501Y:-1.4350;Q506F:-2.2348;R509N:-2.4477;V512A:-3.3615;L517T:-3.4471;L518S:-3.1729;P521G:-3.6874;V524G:-4.1764;C525S:-4.2948;P527L:-3.2639;S530N:-3.0123,Q23P;L24S;V36D;F43V;D53R;H66S;R78V;D80P;L84D;A93S;S98I;I101W;W104F;I105T;S112T;I119V;V127K;F135L;C136D;D138Y;L141H;Y144S;W152F;E156G;S161C;N164M;N165F;P174G;L176D;E180Q;Q183K;N196H;K202H;I203S;Y204F;H207L;L226D;D228N;P230G;G232I;I235S;T236L;F238Q;L241A;H245P;Y248D;G252S;S255G;S256A;T259A;A260Y;A264Y;Y266G;K278T;N282I;T284I;I285A;T286A;C291S;P295S;V308G;E309G;Q321T;V327P;T333P;V341A;F342N;A344V;T345Y;R346T;S349R;V350A;W353K;N354R;V362Y;Y369G;N370T;S373A;L390Y;C391Y;N394Y;R403E;Y421D;N422K;P426V;D427C;T430I;I434N;A435S;N437S;N440D;D442V;G446Y;G447D;Y449L;L455N;F456L;K458R;L461F;K462L;F464D;S469I;E471Q;Y473G;C480F;C488L;P491G;L492S;Q493G;Q498Y;N501Y;Q506F;R509N;V512A;L517T;L518S;P521G;V524G;C525S;P527L;S530N;N540T;F541L;T549F;V551S;K558F;F559A;F562T;G566A;I569L;D574P;R577L;T581D;D586S;P589C;F592G;G593V;S605Q;Y612Q;D614G;V622Q;I624V;T632S;V635F;Y636V;S637L;G639V;G648I;L650S;I651V;H655S;V656S;N658D;Y660R;E661P;A668S;G669A;I670S;Q675K;T676S;Q677S;A684S;A694Y;N703S;V705N;Y707N;N709I;A713S;I714V;F718I;V722P;E725S;S730V;T734M;C738M;T739K;M740D;Y741C;D745E;S746L;S750L;L753S;C760R;N764A;L767V;D775T;T791F;P792K;I794D;G799F;N801Q;F817K;L821A;D830F;F833E;I834Q;D843A;I844A;A845R;A846C;D848C;L849A;I850T;L858P;L861D;T866E;D867Q;M869A;Y873A;L878T;G880F;T883C;S884G;F888I;F906N;N907T;I909Y;N914Q;Q920I;I923S;N925F;G932I;D936S;S937A;S939T;A942K;L948H;Q949N;V952Q;L962Q;V963Q;S968V;I973S;S974V;S975N;D979F;E988L;Q992D;R995G;T998S;L1012E;E1017R;N1023A;L1024A;A1026L;M1029G;C1032L;K1038R;G1044L;G1046L;L1049T;M1050Q;F1052R;Q1054L;H1058F;F1062H;H1064E;T1066P;A1070E;F1075T;T1077H;A1087F;H1088V;P1090M;E1092F;G1093T;V1094H;S1097T;T1100F;T1105R;Q1106H;F1109N;T1116D;T1117V;T1120N;G1124V;D1127I;I1130V;G1131N;N1134V;N1135Y;L1141P;Q1142E;D1146K;K1149Y;Y1155K;T1160L;V1164G;D1165L;G1167I;V1176I;V1177Q;N1178K;E1188K;V1189N;N1194L;E1195Q;S1196D;E1202K;K1205P;Y1209K;I1210Y;G1219A;A1222I;I1227M;M1229I;V1230C;T1231C;C1240S;C1250S;C1253K;E1258V;E1262L,189.0,66.0,1.0,144.0,92.0,200.0
root_child_0_child_0_child_0_child_0_child_1_child_0_child_0_child_1_child_1|leaf,317,0.750982,317,0.750982,316,MZ477792.1,55,0.726368,313,313,53,-132.2753173722398,-2.4957607051366013,,,-8.877855868188279,-1.1097319835235349,8,N460K;Q493F;N501V;E340K;G482E;N481V;K458N;G476N,,0,D138Y;D614G;H655Y,3,D614G,1,N331C:-2.6574;P337N:-2.2448;F338A:-3.2959;E340K:-1.0697;T345Y:-2.0228;S349A:-2.3878;V350A:-3.2598;W353I:-3.3421;V362D:-2.7345;A363S:-3.7040;V367Y:-2.6067;N370T:-2.6435;F374S:-2.5796;K378G:-2.1692;P384L:-2.7961;D389N:-3.2074;L390V:-3.7422;C391Y:-4.4373;T393D:-2.3590;A397F:-3.4911;D398F:-3.1789;F400S:-3.3476;V401R:-1.5520;I402G:-2.5120;E406Q:-1.9887;V407I:-2.8289;I410T:-2.7024;P426D:-2.2753;I434D:-2.2596;A435S:-2.7871;W436D:-2.3850;N437S:-2.2393;Y449L:-1.5400;K458N:-1.1730;N460K:-1.0328;E465A:-1.9360;R466S:-1.6238;G476N:-1.2255;C480F:-1.6586;N481V:-1.1660;G482E:-1.1120;C488S:-2.1537;P491L:-1.7774;Q493F:-1.0478;N501V:-1.0510;P507L:-2.1116;L513N:-3.4770;F515L:-3.1924;P521V:-3.6426;V524S:-3.9754;C525S:-4.2948;P527L:-3.2639;S530N:-3.0123,Y28S;T33V;Y38V;F43S;A67V;V70T;T76P;R78N;D80Y;V83L;L84D;V90T;T95S;E96G;K97A;W104F;I105G;I119N;V130F;N137D;D138Y;F140H;L141H;H146Q;K147S;M153R;Y160V;A163N;N164Y;C166F;Y170P;Q173L;P174I;L176K;E180N;N185E;K195I;D198K;H207D;I210L;G219E;F220V;E224L;P225I;L226V;G232I;R237L;H245S;R246G;L249P;P251S;G252S;D253S;S256A;W258Q;T259A;A263Y;Y269P;F275I;E281W;T286P;C291S;P295S;L296C;S297K;T299S;K310I;Y313Q;F318T;E324V;S325V;V327P;F329N;N331C;P337N;F338A;E340K;T345Y;S349A;V350A;W353I;V362D;A363S;V367Y;N370T;F374S;K378G;P384L;D389N;L390V;C391Y;T393D;A397F;D398F;F400S;V401R;I402G;E406Q;V407I;I410T;P426D;I434D;A435S;W436D;N437S;Y449L;K458N;N460K;E465A;R466S;G476N;C480F;N481V;G482E;C488S;P491L;Q493F;N501V;P507L;L513N;F515L;P521V;V524S;C525S;P527L;S530N;V534K;N536C;F559I;Q563F;G566D;I569P;A570C;D574P;R577L;P579I;Q580D;D586S;S591V;F592C;G594T;G601V;N603Q;V608L;A609L;L611N;Q613T;D614G;T618E;L629T;T630G;S640R;T645Q;A647C;G648A;H655Y;N657Y;N658Y;Y660D;P665A;A668S;C671K;A672Q;S673T;Y674Q;Q675T;T676K;R682A;A684S;A688Q;Q690I;M697E;A701N;N703V;S704N;N709I;I720T;V722T;V729C;C738G;M740I;D745S;S746C;E748S;L753F;Y756K;F759T;C760L;Q762N;L763T;N764G;I770V;Q774N;D775V;E780I;I788P;T791F;I794D;N801S;P807K;R815E;F817D;I818D;E819K;V826A;D830K;I834Q;K835L;Q836L;G838S;C840D;D843T;R847L;G857P;L858T;T859I;P862L;T866E;D867Q;L878T;T883G;A892T;P897M;F898Q;A899Y;A903I;R905N;F906I;G908Q;G910L;N914Q;V915N;K921Q;Q926S;G932L;K933T;Q935A;A942K;L945K;L948N;N955V;A958Q;S968G;I973S;N978S;I980L;K986E;I993R;R995G;L996D;T998S;S1003T;V1008Q;T1009Q;A1015L;A1016R;I1018A;S1021N;L1024A;A1026K;M1029E;S1030L;V1040Y;C1043I;Y1047S;Q1054V;T1066K;V1068E;E1072P;K1073T;F1075P;T1077K;E1092F;V1094F;F1095L;T1105R;Q1106P;I1114V;N1119F;T1120S;V1122N;D1127P;I1130V;G1131N;N1134D;N1135V;T1136P;P1143E;L1152T;D1153N;H1159M;D1165S;G1167I;S1170A;S1175V;V1176I;I1179E;E1182R;I1183K;D1184N;N1187L;V1189N;E1207C;W1212L;P1213I;A1222V;M1237S;S1242K;C1243K;C1253K;G1267S;K1269H;L1270T,193.0,221.0,221.0,193.0,92.0,158.0
root_child_0_child_0_child_1_child_0_child_0_child_0_child_1_child_1_child_1|leaf,317,0.750982,317,0.750982,316,MZ477792.1,62,0.691542,310,310,61,-144.10661316276915,-2.362403494471626,-1.4350399149338156,-1.4350399149338156,-7.754031862663717,-1.1077188375233882,7,R346A;E471G;G485E;Q498Y;S459E;F456S;K458R,N501Y,1,N501Y;D614G,2,D614G;N501Y,2,N334P:-1.9699;E340F:-1.5435;F342A:-2.9436;T345Y:-2.0228;R346A:-0.9806;F347R:-2.1584;S349R:-1.9652;V350T:-3.0885;W353K:-2.7975;N354R:-1.2966;S359Y:-3.0222;V362Y:-3.1662;Y369G:-3.1677;N370T:-2.6435;S375Y:-2.1412;F377D:-2.6467;D389C:-2.9995;L390Y:-3.5850;C391Y:-4.4373;V395R:-3.2027;E406I:-1.6642;I410Y:-2.8255;A411N:-2.9595;G413A:-2.0425;Q414A:-2.1073;T415K:-2.0732;A419Y:-3.1459;D427C:-2.4535;D428V:-2.2825;V433N:-3.2052;N437S:-2.2393;S438L:-1.5900;N440S:-1.2506;D442V:-2.1816;G446Y:-1.4345;F456S:-1.2075;R457D:-1.7238;K458R:-1.2139;S459E:-1.2030;L461F:-1.9409;K462L:-1.4119;E471G:-0.9933;C480F:-1.6586;V483F:-1.6538;G485E:-1.0488;L492S:-1.7157;F497Y:-2.6347;Q498Y:-1.1069;T500Y:-1.3583;N501Y:-1.4350;R509S:-2.3844;V512A:-3.3615;L517T:-3.4471;P521V:-3.6426;A522K:-2.7637;T523K:-3.3015;V524S:-3.9754;C525S:-4.2948;P527F:-3.4986;S530N:-3.0123;T531L:-2.8851,L10C;T19R;L24S;R34Y;F43V;W64I;A67G;T76P;R78V;F79E;D80P;L84N;N87F;S98I;N99M;I101F;G103I;W104F;I105T;I119V;C131N;E132Q;F133D;L141H;M153E;E154N;N164T;N165F;P174G;L176G;N196H;G199Y;K202H;I203L;Y204F;H207P;L216Q;Q218L;D228P;G232I;I235F;F238L;Q239L;H245P;Y248D;G252S;D253T;S256A;G257D;T259A;A260Y;A264Y;T286A;D290P;C291S;P295C;V308K;S316F;F318V;S325T;V327P;P330T;N334P;E340F;F342A;T345Y;R346A;F347R;S349R;V350T;W353K;N354R;S359Y;V362Y;Y369G;N370T;S375Y;F377D;D389C;L390Y;C391Y;V395R;E406I;I410Y;A411N;G413A;Q414A;T415K;A419Y;D427C;D428V;V433N;N437S;S438L;N440S;D442V;G446Y;F456S;R457D;K458R;S459E;L461F;K462L;E471G;C480F;V483F;G485E;L492S;F497Y;Q498Y;T500Y;N501Y;R509S;V512A;L517T;P521V;A522K;T523K;V524S;C525S;P527F;S530N;T531L;F541L;F543L;T549F;L552S;F559A;L560F;I569L;D574P;A575Q;R577L;I584T;D586S;S591F;F592I;V595I;V597P;S605Q;Q607N;Y612Q;D614G;C617V;V622Q;A626Q;D627L;V635S;Y636V;T638Q;R646I;A647G;G648I;G652D;V656S;N658I;S659C;E661G;A668I;Y674K;T676K;R682A;R683S;A684Q;A688Q;Q690I;I692S;S704N;V705N;Y707N;N709I;T716N;V722E;T734M;D737C;T739K;M740I;Y741W;D745E;S746L;T747N;L753S;Y756S;C760T;Q762N;N764A;A766T;T778Q;Q779K;V781A;A783Q;V785Q;T791F;P792K;I794D;K795F;N801P;F802K;S803D;D808P;F817D;D830K;I834D;Y837G;I844T;R847I;D848I;C851L;L858P;L865I;T866E;D867M;Q872L;Y873A;L878T;G880T;T883G;F888I;Q901R;R905F;F906N;N907Y;I909Y;N914Q;Q920I;G932Q;D936L;T941A;A942K;K947V;V952Q;N953A;A958N;V963S;K964S;I973S;L977I;D979F;I980D;V987I;E988V;V991M;Q992T;I993T;D994L;R995G;L996D;L1004V;Q1010A;L1012E;I1013N;R1014A;N1023A;L1024A;A1026K;M1029L;G1035R;F1042G;G1046F;L1049Q;M1050Q;S1055L;F1062H;Q1071C;F1075T;T1076P;P1079I;A1080H;C1082D;K1086V;E1092F;G1093T;V1094F;S1097T;T1105R;Q1106P;T1117F;T1120N;N1125I;V1128G;I1130E;G1131I;N1134V;N1135Y;L1141P;D1146K;F1148K;T1160P;G1167I;I1172Q;V1176I;V1177Q;N1178K;I1183K;E1188K;V1189A;N1192E;L1197E;G1204E;Y1209K;P1213G;L1218I;I1225V;C1247S;C1248S;C1250S;C1253K;E1258V;D1260Y;K1266V,228.0,128.0,1.0,191.0,92.0,237.0
root_child_1_child_1_child_0_child_0_child_0_child_0_child_0_child_1|leaf,317,0.750982,317,0.750982,316,MZ477792.1,61,0.696517,316,316,60,-145.10612413953206,-2.4184354023255348,-1.4350399149338156,-1.4350399149338156,-5.777988876955032,-1.1555977753910063,5,E340K;G504E;K529V;I472N;G476N,N501Y,1,D138Y;R190S;N501Y;H655Y;V1176F,5,N501Y,1,I332F:-2.8077;L335V:-1.9854;E340K:-1.0697;V341N:-2.6586;N343A:-1.9376;T345W:-1.9163;F347A:-2.4845;V350R:-2.5590;W353I:-3.3421;N354V:-1.5952;K356C:-1.8656;R357V:-1.6007;C361Y:-4.1689;A363N:-3.6745;D364S:-2.9044;L368N:-2.8684;Y369V:-2.6373;Y380N:-2.8121;G381L:-3.6288;K386D:-3.1081;N388V:-2.8414;L390N:-3.1724;C391T:-4.3715;N394Y:-2.7453;V395S:-3.7400;S399G:-2.6929;V401N:-2.2797;R403A:-1.3613;G404Q:-2.1394;R408G:-1.9042;I410P:-2.7430;G413D:-1.9963;A419Y:-3.1459;Y421K:-2.1591;N422L:-3.1081;L425D:-2.9019;C432N:-4.1202;I434K:-2.2232;N437K:-2.2823;N440D:-1.3369;G446Y:-1.4345;Y449S:-1.7609;R457K:-2.0672;F464T:-2.2843;I472N:-1.1817;G476N:-1.2255;N481Q:-1.6016;G485F:-1.4615;N487Y:-1.7183;C488G:-1.6206;T500G:-1.6884;N501Y:-1.4350;V503L:-1.4508;G504E:-1.1308;V510F:-3.5959;V512S:-3.5688;P521A:-3.4158;P527N:-3.5103;K529V:-1.1703;S530L:-2.8938,F4T;T22N;L48Q;H49Q;T51L;Q52R;K77I;R78N;N81V;L84V;V90T;A93T;W104G;G107T;L110K;K113S;N122V;C136T;D138Y;M177R;D178Q;G181Q;G184F;F186L;R190S;I197G;D198K;F201Y;S205I;H207P;P209F;I210V;F220L;L226V;D228I;P230T;I235S;T236F;T240S;L242Y;H245Y;S256F;W258G;Q271T;T274N;L276Y;K278Y;E281G;T286D;A288L;C291L;D294S;P295S;C301R;K310I;P322V;V327P;R328T;P330I;I332F;L335V;E340K;V341N;N343A;T345W;F347A;V350R;W353I;N354V;K356C;R357V;C361Y;A363N;D364S;L368N;Y369V;Y380N;G381L;K386D;N388V;L390N;C391T;N394Y;V395S;S399G;V401N;R403A;G404Q;R408G;I410P;G413D;A419Y;Y421K;N422L;L425D;C432N;I434K;N437K;N440D;G446Y;Y449S;R457K;F464T;I472N;G476N;N481Q;G485F;N487Y;C488G;T500G;N501Y;V503L;G504E;V510F;V512S;P521A;P527N;K529V;S530L;N532V;V534K;N540T;T549Q;L552K;K558F;F559D;L560F;F562I;R567I;I569D;D574V;A575T;L582I;L585T;D586T;G594T;I598G;P600S;G601S;S605Q;N606V;A609V;L611N;D614Y;V615A;A626L;L629V;G639V;N641T;V642R;F643T;T645E;A647L;G648I;A653N;H655Y;V656N;D663Q;N679K;S691I;I692N;G700E;E702S;S704V;Y707I;N710I;S711Q;I712P;P715T;T724S;M731T;S735T;D745S;L754F;F759Q;T761N;N764A;G769D;E773Q;Q779V;E780F;T791P;P793K;F797G;F802S;Q804S;I805P;P807S;R815T;S816I;N824F;K825S;A831I;D839L;C840G;G842A;D843L;I844Q;I850A;K854P;G857P;L858P;V860P;P863T;L864I;M869Q;Y873S;L877P;A879L;T883G;S884G;F888G;A890L;A892F;Q895P;I896A;Q901A;M902P;Y904Q;F906Q;G908T;I909Y;Q913N;L916Q;N928L;S929A;A930L;I931D;G932I;S943V;D950A;A956T;N960Q;L962Q;L966F;S967F;F970A;G971I;A972S;V976N;N978K;D979T;A989V;Q992D;R1000N;T1009I;Q1011I;R1014S;A1015L;I1018L;L1024A;A1025S;K1028L;S1030E;V1033G;G1046H;Y1047S;H1048S;M1050A;P1053A;P1057V;G1059P;V1061Y;V1068K;Q1071F;K1073D;A1078H;A1080G;C1082D;G1085N;A1087V;E1092S;N1098T;G1099T;T1100F;F1103T;R1107P;I1114N;D1118M;V1122D;C1126G;D1127G;V1128G;G1131V;Y1138E;D1139E;E1144K;S1147K;K1149L;D1153P;S1175I;V1176F;K1181E;L1186E;N1194D;L1197D;G1204Y;E1207Y;K1211P;P1213W;I1216G;L1218F;F1220A;A1222M;A1226L;V1228I;T1231S;L1234C;S1239R;S1249G;C1253K;C1254P;E1258D;P1263L;G1267L;V1268L,231.0,186.0,1.0,225.0,92.0,227.0
root_child_0_child_0_child_0_child_0_child_0_child_1_child_1_child_1|leaf,317,0.750982,317,0.750982,316,MZ477792.1,61,0.696517,313,313,59,-148.27091389564575,-2.513066337214335,,,-7.545487639855759,-1.07792680569368,7,G446D;K458D;N501V;F486P;N481V;Y449R;F490T,,0,D138Y;D614G;H655Y,3,D614G,1,N331C:-2.6574;I332L:-2.4919;L335F:-2.4471;T345Y:-2.0228;S349R:-1.9652;V350A:-3.2598;A352N:-1.7645;W353S:-3.2987;N354K:-1.4390;R355I:-2.5772;R357C:-1.9358;A363S:-3.7040;D364A:-2.8198;V367Y:-2.6067;N370T:-2.6435;S373K:-1.8416;K378G:-2.1692;C379Y:-4.2757;P384L:-2.7961;T385L:-2.5021;N388L:-2.8338;L390V:-3.7422;C391Y:-4.4373;F392S:-3.6929;T393D:-2.3590;A397S:-3.4311;F400H:-3.0949;I402G:-2.5120;V407I:-2.8289;I410G:-2.7830;Y421D:-2.2612;P426D:-2.2753;D427C:-2.4535;S438L:-1.5900;G446D:-0.9560;N448S:-2.2166;Y449R:-1.1701;K458D:-0.9684;G476V:-1.4574;C480G:-1.4492;N481V:-1.1660;G485L:-1.4369;F486P:-1.0529;N487F:-1.4264;C488R:-1.4474;F490T:-1.1809;N501V:-1.0510;Y508V:-2.5195;R509V:-2.2683;V512L:-3.8192;F515A:-3.7050;E516H:-2.8405;H519P:-1.9232;P521G:-3.6874;V524G:-4.1764;C525S:-4.2948;G526V:-3.8998;P527L:-3.2639;T531C:-3.3802,Y28S;F43S;S45H;H49Q;L56I;T63G;H69S;G75D;V83L;L84D;N87G;Y91D;F92E;A93S;K97N;W104F;K113L;S116T;C131F;D138Y;P139Y;F140D;L141H;V143N;H146T;V159I;Y160V;S161N;N165F;F168S;Y170P;P174I;E180N;G184K;N185E;F186L;G199F;I203P;I210L;L216F;P217A;P225I;L226V;D228P;G232I;I233F;R246G;L249P;T250G;G252S;D253Q;S256A;T259A;A263Y;A264Y;G268Q;Q271N;T274K;K278T;E281T;C291S;P295S;L296E;K300L;L303G;K310T;F318V;Q321T;S325V;F329N;N331C;I332L;L335F;T345Y;S349R;V350A;A352N;W353S;N354K;R355I;R357C;A363S;D364A;V367Y;N370T;S373K;K378G;C379Y;P384L;T385L;N388L;L390V;C391Y;F392S;T393D;A397S;F400H;I402G;V407I;I410G;Y421D;P426D;D427C;S438L;G446D;N448S;Y449R;K458D;G476V;C480G;N481V;G485L;F486P;N487F;C488R;F490T;N501V;Y508V;R509V;V512L;F515A;E516H;H519P;P521G;V524G;C525S;G526V;P527L;T531C;V534K;K535L;N540L;N556F;K558F;F559I;Q563F;F565D;I569P;T572R;D574P;R577P;D586T;S591V;S596P;G601V;N603Q;D614G;C617V;T618E;V622I;A623Q;L629T;T630G;P631Y;V635Y;N641C;Q644R;G648A;C649I;E654N;H655Y;N657P;E661D;D663I;I664S;G667A;A668S;I670A;A672H;Y674K;Q675T;R682A;A684I;Q690I;S691I;T696S;M697E;E702Y;A706S;N709I;A713F;V722P;I726P;T739G;M740I;I742T;D745E;E748L;L752Y;L753S;Q755S;S758T;L763T;N764A;A783V;V785I;T791F;I794G;K795G;N801Q;I805K;P807K;P812R;R815I;K825F;D830G;K835C;Y837G;L841I;D843C;L858T;T866E;D867Q;L878T;G880S;T883G;S884N;W886A;F888A;G891A;I896Q;P897M;A899Y;A903G;R905N;F906Q;G908Q;V911L;Q913V;N914Q;V915N;L922N;A924S;N925S;G932L;A942K;L945Q;V952N;A958K;V963S;S967I;G971I;I973N;N978L;D979E;I980L;V987Q;R995T;L996D;G999R;T1009Q;I1018A;R1019S;L1024A;A1026K;S1030V;E1031Q;K1045S;M1050A;F1052K;Q1054A;Y1067E;P1069T;E1072A;F1075I;A1078C;A1080Y;C1082P;E1092F;V1094S;F1095S;S1097T;N1098G;T1105R;Q1106P;Q1113N;N1119F;T1120S;S1123C;D1127P;I1130V;G1131N;N1134P;N1135V;P1140D;L1145F;K1157T;T1160I;D1163L;V1164S;G1167I;V1176I;V1189N;A1190N;I1198T;L1200K;E1207W;G1219I;A1222V;V1230L;M1233C;T1238C;L1244C;K1245C;S1249C;S1252C;C1253K;K1255D;D1259L;P1263T;G1267S;V1268L;T1273S,239.0,229.0,221.0,157.0,92.0,227.0
root_child_0_child_1_child_1_child_0_child_1_child_1|leaf,318,0.750196,318,0.750196,317,MZ477792.1,44,0.781095,316,316,43,-110.08417265460984,-2.560097038479298,-1.4350399149338156,-1.4350399149338156,-1.9982065209765558,-0.9991032604882779,2,G476K;E471P,N501Y,1,D138Y;N501Y;D614G;V1176F,4,D614G;N501Y,2,I332L:-2.4919;E340N:-1.7671;W353R:-2.7154;R357D:-1.9196;I358D:-3.1976;S359Y:-3.0222;A363Y:-3.3175;D364Y:-2.7447;V367A:-2.0755;K378Y:-2.2888;C379V:-4.0862;Y380N:-2.8121;V382L:-3.7496;L387D:-3.4025;L390V:-3.7422;A397F:-3.4911;D398V:-3.2640;F400R:-2.7613;D428G:-2.4078;V433W:-3.4957;I434N:-2.4944;A435K:-2.8429;W436L:-2.7359;V445W:-1.3382;Y449L:-1.5400;S459L:-1.5423;N460P:-1.4502;P463R:-2.0892;E465I:-1.7659;E471P:-1.0322;G476K:-0.9661;C480F:-1.6586;G485F:-1.4615;P491Y:-1.9607;T500G:-1.6884;N501Y:-1.4350;V510S:-3.1028;V512A:-3.3615;L517A:-3.5374;H519V:-1.7956;A520P:-3.6888;A522V:-3.6673;V524G:-4.1764,L24S;P25Y;G35Y;K41R;R44L;S50D;L54F;A67S;H69S;K77D;N81V;L84F;F92T;F106D;D111K;T114L;Q115L;S116N;L117I;A123N;I128S;C131F;E132N;F133W;N137D;D138Y;K150L;E154A;E156S;V159S;Y160A;S162F;F168Y;P174L;L176R;K182N;Q183N;K187V;L189F;R190F;V193G;Y200S;S205N;K206T;H207V;I210L;D215Q;E224V;D228I;I233N;I235Q;L244T;S247T;T250G;S256A;G257A;T259A;A264Q;Y269P;Q271R;P272T;T274F;K278G;I285D;D287A;D290L;C291S;P295E;L296T;K300L;C301S;F306G;I312N;Q314N;S316R;R319E;Q321I;V327F;I332L;E340N;W353R;R357D;I358D;S359Y;A363Y;D364Y;V367A;K378Y;C379V;Y380N;V382L;L387D;L390V;A397F;D398V;F400R;D428G;V433W;I434N;A435K;W436L;V445W;Y449L;S459L;N460P;P463R;E465I;E471P;G476K;C480F;G485F;P491Y;T500G;N501Y;V510S;V512A;L517A;H519V;A520P;A522V;V524G;V534N;K537V;C538G;V539N;G550T;V551T;S555N;N556L;K557F;K558L;L560G;G566D;R567A;D568A;I569T;R577L;T581I;E583L;I584V;L585T;C590S;T599G;Q607V;V608A;Q613N;D614G;H625T;T630N;T632F;R634S;V635T;Y636V;G639H;G648I;G652N;A653Y;H655C;V656S;Y660D;D663I;S673Y;P681S;R682V;A684S;S691A;A694G;M697S;E702V;N703Y;A706N;Y707A;S708T;S721F;T723E;E725S;P728K;T732D;V736D;T739Y;M740S;I742V;C743D;G744S;C749Q;L752C;L753S;S758C;C760E;T761N;R765T;A766E;V772T;Q774L;K776G;N777F;P793N;G799N;Q804S;S813I;I834G;K835Y;Y837L;C840I;G842I;A845L;G857T;L858P;M869A;Q872S;L877G;I882A;T883G;S884F;F888A;G889A;G891A;L894G;Q895P;M900G;Q901F;R905Q;F906Q;V911E;Y917I;E918Q;Q920F;Q926G;N928A;S929I;A930D;I931K;D936S;S939A;A942K;A944D;L945K;K947V;L962F;Q965G;G971I;I973N;S975F;L977D;V987A;G999Q;V1008I;I1018Y;L1024A;A1025T;A1026C;L1034S;D1041C;G1044L;K1045P;H1048Q;S1051A;F1052A;Q1054G;S1055P;G1059F;H1064T;Y1067T;C1082D;H1083K;K1086E;A1087V;H1088R;E1092F;G1093V;F1095N;S1097T;Q1113N;N1119V;F1121A;G1131N;N1134Q;V1137P;P1140D;L1141P;Q1142S;L1145E;D1146L;F1148K;Y1155K;N1158A;H1159L;T1160P;D1165I;S1170N;G1171A;I1172Q;N1173I;A1174Q;V1176F;I1183A;L1186V;E1188S;L1193S;N1194S;S1196Q;Q1208E;W1212G;L1218I;A1222I;M1229I;C1235Y;T1238C;S1242K;L1244S;C1253K;D1257G;D1259K;P1263L;V1264G;G1267V,51.0,240.0,1.0,53.0,100.0,19.0
root_child_0_child_1_child_1_child_0_child_1_child_0_child_1|leaf,318,0.750196,318,0.750196,317,MZ477792.1,45,0.776119,316,316,44,-110.7994871621771,-2.5181701627767517,-1.4350399149338156,-1.4350399149338156,-4.371698269312372,-1.092924567328093,4,G476K;E471P;V445Y;R403P,N501Y,1,D138Y;N501Y;D614G;V1176F,4,D614G;N501Y,2,I332L:-2.4919;E340N:-1.7671;S349R:-1.9652;W353R:-2.7154;I358D:-3.1976;S359Y:-3.0222;A363Y:-3.3175;D364Y:-2.7447;S371C:-2.5820;A372C:-1.5642;K378Y:-2.2888;C379V:-4.0862;L387D:-3.4025;L390V:-3.7422;A397F:-3.4911;D398V:-3.2640;F400G:-3.4397;R403P:-1.2261;E406I:-1.6642;D420F:-1.9665;C432V:-4.1415;V433W:-3.4957;I434N:-2.4944;W436L:-2.7359;V445Y:-1.1474;Y449L:-1.5400;P463D:-2.2807;E465T:-1.9293;E471P:-1.0322;G476K:-0.9661;C480F:-1.6586;G485F:-1.4615;P491Q:-1.4963;S494P:-1.3911;T500G:-1.6884;N501Y:-1.4350;R509F:-2.2861;V510F:-3.5959;V512E:-3.2187;L517A:-3.5374;H519V:-1.7956;A520P:-3.6888;A522V:-3.6673;V524G:-4.1764,L24S;P25Y;G35Y;Y38K;K41R;H49Y;S50D;L54F;F58N;F65T;H69N;K77D;N81V;L84F;F106T;Q115L;S116N;L117R;A123N;I128S;C131F;E132N;F133W;Q134D;D138Y;L141Y;K150L;E154A;E156G;V159S;Y160A;F168Y;S172P;L176R;Q183N;N188V;L189F;R190F;S205N;K206P;H207V;I210L;D215Q;L223D;E224V;D228I;I233N;I235Q;L244Y;S247T;T250G;G252Y;S255G;S256A;G257A;G261Y;A264Q;Y266P;L270F;Q271R;P272T;T274L;Y279N;I285D;D287A;A288L;C291S;P295E;K300L;C301S;F306G;Q314P;S316R;R319E;Q321I;I332L;E340N;S349R;W353R;I358D;S359Y;A363Y;D364Y;S371C;A372C;K378Y;C379V;L387D;L390V;A397F;D398V;F400G;R403P;E406I;D420F;C432V;V433W;I434N;W436L;V445Y;Y449L;P463D;E465T;E471P;G476K;C480F;G485F;P491Q;S494P;T500G;N501Y;R509F;V510F;V512E;L517A;H519V;A520P;A522V;V524G;C538A;V539N;G550T;N556F;K558P;L560F;Q563D;R567A;I569T;R577L;T581I;E583L;I584P;L585T;C590S;G593S;T599G;P600A;Q607L;V608A;A609G;D614G;C617H;H625T;T630N;R634S;V635T;G639H;S640Y;R646G;G648I;A653S;H655C;V656S;Y660D;D663I;S673T;N679A;A684S;S686I;A694Q;Y695N;E702N;N703Y;A706N;Y707A;S721F;T723E;P728K;T732D;V736I;T739Y;M740Y;C743D;D745L;T747C;C749Q;L752C;L753Y;Q755T;C760E;R765T;A766E;V772D;K776G;N777Q;Q779A;P793N;G799N;Q804S;S813I;E819K;I834G;C840I;G842I;I844A;A845L;I850K;G857T;L858P;T866Q;M869A;A871Y;Q872L;S875L;L877G;I882G;T883G;W886F;F888A;G891A;A893F;Q895P;M900G;Y904G;R905Q;F906Q;N907L;G908V;V911L;N914Y;Y917I;E918Q;Q920F;Q926G;N928A;S929I;A930L;I931K;G932Q;I934D;Q935S;D936S;S939A;S940A;A942K;A944D;L945K;Q954L;L959K;N960Q;L962F;Q965G;I973N;S975F;L977D;N978V;V987E;G999S;V1008I;I1018Y;L1024A;A1025T;A1026C;L1034S;D1041C;G1044P;K1045P;S1051A;F1052A;P1053S;Q1054G;S1055P;H1064T;K1073T;C1082D;H1083K;A1087V;H1088R;R1091G;E1092F;G1093V;P1112N;Q1113N;D1118T;N1119V;F1121S;G1124V;G1131N;N1134Q;V1137Q;P1140D;L1141P;L1145E;D1146L;S1147L;F1148K;Y1155K;H1159L;T1160I;D1165I;L1166I;G1171A;I1172Q;A1174Q;V1176F;Q1180R;I1183A;L1186V;E1188L;V1189L;N1194S;S1196I;Q1208E;W1212Y;L1218I;A1222I;M1229I;C1235Y;S1242K;K1245G;G1251C;C1253K;D1257G;D1259K;P1263L;V1264Y,52.0,231.0,1.0,179.0,100.0,22.0
root_child_0_child_0_child_1_child_1_child_1_child_0_child_1|leaf,318,0.750196,318,0.750196,317,MZ477792.1,49,0.756219,315,315,48,-112.1946116753086,-2.337387743235596,-1.4350399149338156,-1.4350399149338156,-4.182833941277983,-1.0457084853194958,4,R346T;Q493G;Q498Y;K458R,N501Y,1,D138Y;N501Y;D614G;H655Y,4,D614G;N501Y,2,R346T:-0.7574;S349R:-1.9652;V350W:-3.2836;R357A:-1.8201;S366F:-2.3912;N370S:-1.9965;S371A:-2.2972;A372F:-1.3989;V382N:-3.5462;C391D:-3.9020;N394A:-2.5225;Y396S:-2.9446;A397I:-2.8788;V401G:-2.4730;I402N:-2.2419;R403E:-1.4411;A419N:-2.9121;D420Y:-2.0724;N422L:-3.1081;K424G:-2.3020;L425G:-3.3954;D427M:-2.3690;C432A:-4.2640;V433A:-3.4829;L441V:-1.5410;Y449L:-1.5400;Y451F:-1.7325;R454F:-1.7941;K458R:-1.2139;K462E:-1.3103;E465I:-1.7659;S469A:-1.7729;C480F:-1.6586;N487Y:-1.7183;C488F:-1.9176;L492S:-1.7157;Q493G:-1.1046;Q498Y:-1.1069;N501Y:-1.4350;G502H:-1.4941;Y508S:-2.6816;H519T:-1.8981;A520G:-3.1867;P521V:-3.6426;T523C:-3.7458;V524G:-4.1764;P527L:-3.2639;S530N:-3.0123,L5A;F43V;L48T;L54P;P57N;W64I;K77F;R78V;L84D;P85D;N87I;D88A;T95S;K97N;R102I;W104T;K113S;T114S;V120A;V127E;I128V;K129M;D138Y;P139Y;L141H;W152I;M153N;N164C;P174G;E180F;G181K;L189F;N196F;F201S;I203L;Y204F;N211R;R214L;Q218A;S221E;L223P;V227P;G232I;I235S;R237A;F238L;T240A;L244S;H245P;S247G;G252S;D253T;S256A;T259A;Y265G;Y266V;L270R;T284C;A288C;V289S;C291S;A292D;P295S;L303E;V308G;Q321I;E324P;R346T;S349R;V350W;R357A;S366F;N370S;S371A;A372F;V382N;C391D;N394A;Y396S;A397I;V401G;I402N;R403E;A419N;D420Y;N422L;K424G;L425G;D427M;C432A;V433A;L441V;Y449L;Y451F;R454F;K458R;K462E;E465I;S469A;C480F;N487Y;C488F;L492S;Q493G;Q498Y;N501Y;G502H;Y508S;H519T;A520G;P521V;T523C;V524G;P527L;S530N;V539K;T549F;V551T;L552E;T553P;F559I;P561I;F565D;R567T;I569L;D571T;T573A;D574P;R577L;L582I;D586S;I587S;G601A;T604E;Q607L;Y612Q;Q613T;D614G;T618A;E619V;V620A;Q628Y;T630V;T638N;Q644I;R646F;G648L;H655Y;S659I;E661D;A668S;G669N;Q675S;P681A;R683G;A684S;S686A;Q690A;S691M;T696S;A701Y;N703A;Y707N;N709I;I714N;P715N;N717I;I720V;S721L;V722T;L727S;P728V;T734M;M740E;D745E;S746L;S750L;L752G;L753S;Y756S;T761L;L763R;N764A;G769A;D775N;Q779Y;V781S;Q784K;T791K;I794D;N801Q;L806P;P807K;K814S;S816M;N824V;V826D;A829I;D830F;G832D;D839S;I844A;L849C;K854V;G857T;L858P;T866E;D867Q;E868Q;I870A;Y873A;L878G;T881S;T883G;S884A;I896Q;M902N;F906N;G908V;I909Y;T912L;N914L;K921A;F927S;G932I;S940A;A942K;V952Q;A956L;A958T;N960V;L962G;S967A;S968G;I973S;S974L;V976N;L977N;E988L;A989D;E990R;I993R;D994L;R995G;L996G;T1009A;L1012E;R1014A;E1017A;I1018S;L1024A;C1032N;G1035K;M1050D;S1051A;P1053S;V1065Y;Y1067E;D1084G;G1085R;A1087E;R1091G;E1092F;V1094F;G1099T;T1100I;W1102Y;F1103Q;T1105R;Q1106Y;F1109T;P1112I;N1119T;T1120V;F1121G;C1126D;D1127I;V1128I;I1130V;G1131N;N1134V;N1135E;D1139E;L1141P;E1144D;D1146F;F1148K;Y1155K;H1159D;T1160V;D1163L;G1167I;I1169Q;S1170I;A1174Q;V1176I;N1178K;Q1180V;D1184N;E1188S;V1189N;N1194K;I1198L;P1213Y;L1224I;M1229I;M1233C;M1237S;C1248G;C1253K;E1258V;D1260N;S1261K;E1262G;K1266V,59.0,102.0,1.0,113.0,100.0,62.0
root_child_1_child_0_child_1_child_0_child_0_child_0_child_0_child_0|leaf,318,0.750196,318,0.750196,317,MZ477792.1,50,0.751244,316,316,49,-113.8732167341777,-2.3239431986566874,-1.4350399149338156,-1.4350399149338156,-4.2313263654827695,-1.0578315913706924,4,L455R;G446N;F486S;Q493Y,N501Y,1,L18F;N501Y;D614G;H655Y,4,D614G;N501Y,2,L335F:-2.4471;V341A:-3.0576;T345S:-1.3943;W353K:-2.7975;R355C:-2.6504;I358D:-3.1976;V367N:-2.4510;N370F:-2.2806;F374Y:-2.8298;K378G:-2.1692;C379S:-4.1288;K386F:-3.0381;N388F:-2.6581;L390T:-3.1993;F400M:-2.8308;R408I:-1.6834;A411P:-3.1322;P412A:-3.1454;A419L:-3.0512;Y421L:-2.4822;L425D:-2.9019;D428V:-2.2825;T430V:-2.7553;I434H:-2.0370;A435L:-3.3866;N440V:-1.3774;L441N:-1.2665;D442V:-2.1816;G446N:-1.0781;Y449S:-1.7609;L455R:-0.7754;R457P:-1.7140;K462I:-1.4277;Y473A:-1.4869;P479N:-1.3825;V483G:-1.6543;F486S:-1.1630;N487Y:-1.7183;Y489L:-1.9101;Q493Y:-1.2148;N501Y:-1.4350;G502Y:-1.9119;V503Q:-1.3933;G504P:-1.9402;E516H:-2.8405;V524N:-3.8778;C525P:-4.2599;P527V:-3.1031;S530N:-3.0123,V6L;L18F;R21A;Q23T;P26T;R34L;D40F;L48T;T51L;D53N;V70Q;S71R;K77F;D80P;N87F;D88V;G103F;D111S;S116V;Q134D;C136L;E154V;Y160N;S162C;C166F;E169S;Y170P;Q173D;K182N;Q183N;G184F;L189E;E191I;K202H;K206N;H207V;V213G;R214G;P217A;Q218S;F220D;L229I;I235S;H245P;G252S;T259Y;G261A;A262V;Y266V;V267S;K278Y;G283V;I285D;T286A;C291S;P295K;T307Y;T315F;V320P;Q321I;E324P;S325R;V327N;P330T;L335F;V341A;T345S;W353K;R355C;I358D;V367N;N370F;F374Y;K378G;C379S;K386F;N388F;L390T;F400M;R408I;A411P;P412A;A419L;Y421L;L425D;D428V;T430V;I434H;A435L;N440V;L441N;D442V;G446N;Y449S;L455R;R457P;K462I;Y473A;P479N;V483G;F486S;N487Y;Y489L;Q493Y;N501Y;G502Y;V503Q;G504P;E516H;V524N;C525P;P527V;S530N;N532K;L533K;V534K;V539F;F541N;F543G;N544G;T549Q;K558G;F559D;P561G;F562D;D574T;A575E;Q580L;L582I;G593T;I598N;G601T;T604A;Q607L;L611G;Q613V;D614G;V615C;A623P;P631W;W633T;T645L;G648I;L650T;A653H;H655Y;N658E;S659L;Y660D;C662A;D663Y;A668F;S673T;P681R;S689I;Q690T;S691A;N703V;N709T;N710I;V722P;P728S;G744C;T747L;E748S;C749N;N751L;L754T;C760T;N764A;I770Q;A771Q;N777F;T778A;I794F;K795F;F797S;G798F;G799I;F800L;F802Q;S803L;Q804S;K811E;S813R;K814F;D820V;V826A;A829Y;D830Q;G832I;G838I;D839L;C840L;G842A;C851N;G857L;L858P;D867I;M869Q;A871Y;S875G;T883G;T887G;F888L;A892I;F898R;Q901K;M902L;A903V;R905G;I909V;G910V;Y917Q;N919I;K921Q;F927S;N928L;G932I;L938A;A942D;A958N;L959T;V963F;L966S;S967F;S968G;F970A;G971S;A972D;S975I;D979L;L984A;D994I;R995T;L1001S;L1004Y;I1013A;I1018L;L1024A;A1025T;M1029E;E1031V;C1032Q;L1034S;G1035V;V1040P;H1048A;L1049H;M1050A;S1051P;P1053A;Q1054V;A1056V;P1057G;L1063T;Q1071A;E1072N;F1075D;T1077A;H1083D;G1085V;P1090F;E1092S;F1095T;N1098T;W1102T;T1105N;F1109Q;T1116V;T1117N;F1121V;S1123G;C1126G;I1132V;N1134P;N1135L;V1137D;D1139W;P1143L;D1146K;S1147E;F1148E;K1149L;Y1155T;H1159D;V1164N;D1168G;S1170I;I1172A;S1175I;V1176N;V1177I;K1191E;L1200E;E1202K;E1207I;Q1208K;I1210L;W1212Y;I1216G;L1218G;F1220A;A1226V;I1227M;M1229I;M1233C;L1234C;C1235M;C1236Y;T1238C;S1249K;C1253K;C1254S;E1262V;P1263V,69.0,86.0,1.0,130.0,100.0,74.0
root_child_1_child_0_child_0_child_0_child_1_child_0_child_0_child_1|leaf,318,0.750196,318,0.750196,317,MZ477792.1,51,0.746269,318,318,50,-119.5933411599121,-2.3918668231982414,-1.4350399149338156,-1.4350399149338156,-5.317065334117402,-1.0634130668234802,5,L455R;V445N;N481V;K458N;Q493Y,N501Y,1,D138Y;N501Y;D614G;H655Y;V1176F,5,D614G;N501Y,2,N331T:-2.4198;T333C:-2.1241;N334C:-2.3489;T345C:-1.9999;A348R:-1.2580;N360D:-1.9597;V362Y:-3.1662;S371F:-1.9489;T376S:-2.4656;C379P:-4.2203;G381T:-3.6343;K386F:-3.0381;L387F:-3.9116;N388F:-2.6581;L390K:-3.0800;D398G:-3.2244;S399D:-2.3761;I410N:-2.6030;G413A:-2.0425;T415Y:-2.5832;I418R:-2.4418;A419L:-3.0512;N422L:-3.1081;L425T:-3.2848;D428C:-2.4366;V433A:-3.4829;V445N:-0.9878;G447F:-2.0156;Y449S:-1.7609;L455R:-0.7754;R457P:-1.7140;K458N:-1.1730;N460P:-1.4502;L461I:-1.5827;R466D:-1.9342;D467T:-1.8071;I472Y:-1.3320;N481V:-1.1660;N487Y:-1.7183;Q493Y:-1.2148;Y495F:-2.3210;N501Y:-1.4350;G504P:-1.9402;Y505L:-1.7403;V510E:-2.9943;V511S:-3.2348;V512L:-3.8192;E516T:-2.7448;P521G:-3.6874;V524G:-4.1764,R21S;Q23D;P26M;A27N;Y38K;S45H;T51L;F59V;F65Q;K77F;D80P;V83P;P85L;D88Y;S98I;G103F;K113S;Q115L;A123Q;V130F;D138Y;F140L;L141V;K147W;E156V;Y160N;S161F;N164Y;E169Y;V171F;S172L;M177E;E180N;K182F;G184F;K187Y;N188D;L189F;E191D;V193N;Y200S;F201H;K206T;V213G;Q218A;F220A;E224P;L229I;N234T;I235S;A243D;S247G;P251G;D253S;S255T;Y269Q;E281G;G283D;I285D;T286A;D290A;A292D;C301F;T302F;F306Y;S325T;P330L;N331T;T333C;N334C;T345C;A348R;N360D;V362Y;S371F;T376S;C379P;G381T;K386F;L387F;N388F;L390K;D398G;S399D;I410N;G413A;T415Y;I418R;A419L;N422L;L425T;D428C;V433A;V445N;G447F;Y449S;L455R;R457P;K458N;N460P;L461I;R466D;D467T;I472Y;N481V;N487Y;Q493Y;Y495F;N501Y;G504P;Y505L;V510E;V511S;V512L;E516T;P521G;V524G;N532C;L533C;F541L;T549Q;E554F;N556F;F559D;F562T;Q563V;F565R;A575V;T581D;L582I;I584T;T588I;F592V;V597M;N603T;T604V;D614G;C617V;V622I;N641R;T645E;R646G;G648I;C649N;A653H;H655Y;N658C;Y660L;C662A;D663Y;G669C;T678S;S680R;A684Q;S691T;A694G;Y695G;M697G;N710A;S711P;F718I;T723V;E725P;V729D;D737S;I742D;N751F;L752Q;L753G;G757F;S758L;N764A;R765T;T768I;E773D;Q779K;V785T;K786I;P792E;I794D;K795F;G799I;F802H;Q804S;P809I;K811P;P812K;K814L;R815L;F823A;K825I;V826A;A829K;I834G;K835Y;Q836G;C840A;L841D;G842A;D843A;A845R;R847I;D848N;A852K;Q853F;K854V;L858P;V860L;L864T;L865Y;M869Q;Q872T;Y873L;T874G;S875G;T883G;W886G;A890Q;I896Y;Y904T;R905G;F906Q;Y917Q;K921N;N928L;I931S;G932Q;K933Q;S940A;A958S;L959T;V963F;Q965S;S967F;F970I;G971D;S974V;S975I;N978R;K986E;D994R;L996T;G999S;S1003T;Q1011E;L1012E;I1013A;E1017A;I1018L;S1021N;L1024A;A1025S;A1026S;T1027C;K1028S;M1029S;E1031V;V1033G;K1038P;V1040P;D1041G;C1043G;K1045G;Y1047V;L1049F;M1050S;P1053G;F1062V;L1063P;T1066E;A1070E;K1073T;T1076I;E1092S;V1096T;W1102Y;I1115G;T1116D;T1117C;F1121D;N1125G;G1131D;N1134P;E1144K;D1153Y;Y1155D;F1156N;K1157L;N1158S;H1159L;S1161I;V1164N;S1170A;N1173I;S1175I;V1176F;V1177E;I1179R;E1188L;Y1206Q;E1207I;Q1208P;Y1209W;W1212Y;W1217F;L1218A;F1220A;I1221G;G1223V;A1226L;I1227M;C1236Y;C1240G;S1249K;G1251F;S1252C;C1253K;F1256E,108.0,156.0,1.0,135.0,100.0,88.0
root_child_0_child_0_child_0_child_0_child_0_child_0_child_1_child_0_child_1|leaf,318,0.750196,318,0.750196,317,MZ477792.1,54,0.731343,314,314,52,-129.42950217701176,-2.489028888019457,,,-6.116258017526789,-1.0193763362544648,6,V445E;K458F;N501V;Q474K;N481V;F490T,,0,D138Y;D614G,2,D614G,1,N331C:-2.6574;I332L:-2.4919;F338V:-3.2348;G339F:-2.0765;V341N:-2.6586;S349R:-1.9652;V350A:-3.2598;Y351I:-2.2083;W353S:-3.2987;N354C:-1.7987;C361D:-3.7131;Y365L:-2.8881;S366Q:-2.4271;V367Y:-2.6067;N370T:-2.6435;T376C:-2.8787;K378G:-2.1692;C379Y:-4.2757;L390V:-3.7422;C391Y:-4.4373;F392S:-3.6929;T393D:-2.3590;I402G:-2.5120;R403D:-1.4625;E406R:-1.3158;N422D:-3.1461;P426D:-2.2753;D427C:-2.4535;C432I:-4.1433;I434N:-2.4944;N437S:-2.2393;S438L:-1.5900;N440L:-1.4022;V445E:-0.8044;N448S:-2.2166;Y449L:-1.5400;K458F:-0.8573;Q474K:-1.0566;G476V:-1.4574;C480A:-1.9600;N481V:-1.1660;C488S:-2.1537;F490T:-1.1809;N501V:-1.0510;R509V:-2.2683;V512L:-3.8192;H519P:-1.9232;P521G:-3.6874;C525S:-4.2948;P527L:-3.2639;S530N:-3.0123;T531V:-3.1985,P25Y;Y28S;N30T;D40F;F43S;H49Q;L56I;A67V;S71T;N74T;G75F;V83L;L84D;V90T;R102G;I128V;K129C;Q134D;D138Y;P139D;F140D;L141H;G142P;N148M;K150S;W152S;S155R;V159I;Y160V;S161N;N165F;Y170P;P174I;E180N;N185E;G199F;V213Q;R214P;S221D;E224D;L226V;D228P;G232I;I235S;L242H;L244W;R246G;L249P;P251S;G252S;S256A;T259A;G261V;A262G;A263Y;A264Y;R273Y;E281W;C291S;L296C;F306G;K310S;T315Q;N317V;Q321T;T323F;S325V;R328N;F329V;N331C;I332L;F338V;G339F;V341N;S349R;V350A;Y351I;W353S;N354C;C361D;Y365L;S366Q;V367Y;N370T;T376C;K378G;C379Y;L390V;C391Y;F392S;T393D;I402G;R403D;E406R;N422D;P426D;D427C;C432I;I434N;N437S;S438L;N440L;V445E;N448S;Y449L;K458F;Q474K;G476V;C480A;N481V;C488S;F490T;N501V;R509V;V512L;H519P;P521G;C525S;P527L;S530N;T531V;V534K;F541N;L552N;N556F;K557F;F559I;L560Q;Q563G;R567D;D568A;I569P;T572R;D574P;R577L;P579L;T581I;E583L;D586S;S591V;G601V;N603Q;T604S;D614G;C617V;T618E;E619P;A623Q;Q628T;L629T;T630V;P631Y;T632S;G639T;R646G;A647G;G648A;A653N;H655N;S659I;E661D;D663P;G667A;A668S;Y674K;Q675T;S680R;R682A;A684I;S689A;S691I;M697E;S704A;Y707N;N709I;N710P;A713F;V722P;T732L;T739G;M740I;I742S;G744C;D745E;L753S;Y756S;F759L;L763G;N764A;Q779F;A783Y;Y789I;K790I;T791F;P792G;I794D;K795F;N801Q;P807K;K814S;R815I;T827F;D830G;G838A;D843C;L858T;V860P;L861N;P863A;L864E;T866E;D867Q;M869A;L877A;L878T;T883G;W886A;F888A;G891A;P897M;A899Y;Q901N;R905N;F906Q;G908Q;T912N;Q913V;N914Q;V915N;E918Q;Q920K;L922F;A924G;A930D;G932L;I934L;A942K;Q949V;Q957A;A958K;L962V;G971I;I973S;N978I;I980L;E990Q;R995G;L996I;T998L;G999R;Q1002Y;T1009Q;A1015S;I1018A;R1019L;N1023K;L1024C;A1026K;T1027G;S1030V;E1031Q;C1032G;M1050A;E1072A;C1082P;D1084H;F1089R;P1090V;E1092F;V1094S;F1095S;T1105R;Q1106P;I1115D;T1117S;N1119F;T1120N;S1123C;D1127V;I1130V;G1131N;I1132N;N1134P;N1135V;V1137D;Q1142D;L1145D;D1146F;E1150F;L1152Y;D1153F;Y1155D;P1162L;D1163L;D1165N;G1167I;D1168S;V1176I;A1190N;L1200K;Y1206P;E1207Y;G1219L;A1222V;V1230I;M1233C;C1236S;S1239K;C1248D;C1253K;F1256E;D1259L;G1267S;T1273S,183.0,218.0,221.0,72.0,100.0,141.0
root_child_0_child_0_child_1_child_0_child_0_child_0_child_0_child_1|leaf,318,0.750196,318,0.750196,317,MZ477792.1,57,0.716418,311,311,56,-136.70480930886197,-2.441157309086821,-1.4350399149338156,-1.4350399149338156,-7.5393929767724925,-1.0770561395389275,7,R346T;E340R;G485E;Q498Y;I472N;F456S;K458R,N501Y,1,N501Y;D614G,2,D614G;N501Y,2,N334P:-1.9699;L335P:-2.2661;E340R:-1.0232;A344S:-2.1548;T345Y:-2.0228;R346T:-0.7574;F347R:-2.1584;S349R:-1.9652;V350A:-3.2598;W353K:-2.7975;N354C:-1.7987;V362Y:-3.1662;Y369G:-3.1677;N370T:-2.6435;C379P:-4.2203;P384K:-2.2877;K386L:-3.0918;L390Y:-3.5850;C391Y:-4.4373;V395R:-3.2027;Q409P:-2.8574;A411N:-2.9595;Q414A:-2.1073;T415K:-2.0732;Y421K:-2.1591;N422D:-3.1461;D427C:-2.4535;V433N:-3.2052;N437S:-2.2393;D442V:-2.1816;G446Y:-1.4345;F456S:-1.2075;R457D:-1.7238;K458R:-1.2139;L461F:-1.9409;K462L:-1.4119;S469Y:-2.0590;I472N:-1.1817;S477Y:-1.2601;C480F:-1.6586;G485E:-1.0488;P491G:-1.7822;L492S:-1.7157;Q498Y:-1.1069;N501Y:-1.4350;R509L:-2.2959;V510H:-3.0555;V512A:-3.3615;L517G:-3.5635;P521V:-3.6426;T523K:-3.3015;V524G:-4.1764;C525S:-4.2948;P527L:-3.2639;S530N:-3.0123;T531V:-3.1985,T19R;L24S;V42N;F43V;A67G;K77F;R78V;D80P;L84N;N87G;S98I;I101F;W104F;I105T;N121A;K129Q;C131N;E132Q;C136D;L141H;M153E;N164T;N165F;P174Y;L176G;F194N;N196H;I197G;Y200K;K202H;I203L;Y204F;K206T;V213G;E224P;D228P;G232I;I235S;T236F;R237A;Q239A;H245D;Y248D;G252S;S254P;S256A;T259A;A260Y;E281G;G283D;T286A;C291S;P295S;G311F;I312S;F318V;R319V;P322I;V327P;R328P;N334P;L335P;E340R;A344S;T345Y;R346T;F347R;S349R;V350A;W353K;N354C;V362Y;Y369G;N370T;C379P;P384K;K386L;L390Y;C391Y;V395R;Q409P;A411N;Q414A;T415K;Y421K;N422D;D427C;V433N;N437S;D442V;G446Y;F456S;R457D;K458R;L461F;K462L;S469Y;I472N;S477Y;C480F;G485E;P491G;L492S;Q498Y;N501Y;R509L;V510H;V512A;L517G;P521V;T523K;V524G;C525S;P527L;S530N;T531V;C538F;L546V;T549F;F559A;L560F;P561Q;I569L;T572R;D574P;V576P;R577L;D586S;F592I;V595I;S596P;N603A;N606V;Q607N;V610N;Y612Q;D614G;C617T;V622Q;A626S;R634T;Y636T;T638Q;F643I;R646G;G648I;V656S;N658I;I666F;A668S;C671T;A672Q;T678S;R682A;A684Q;I692S;Y695V;V705N;Y707N;N709I;S711T;V722P;T734M;D737C;T739Y;M740C;Y741W;I742L;D745E;S746L;T747N;E748L;L752G;L753S;Y756F;C760T;Q762N;L763A;N764A;T778V;Q779K;V781A;A783K;I788Y;T791F;P792K;K795G;G799N;N801L;F802K;I805S;L806P;F817K;L822A;N824A;D830K;K835G;I844A;D848I;L858P;P862E;T866E;D867M;E868I;M869A;Q872T;Y873A;S875G;L878T;T883G;F888I;I896A;F906N;N907Y;I909Y;N914Q;N925K;Q935S;D936L;T941A;A942K;V952Q;N953Q;A956T;V963S;K964S;I973S;L977I;V987I;E988L;V991R;Q992I;I993T;D994G;R995G;L996D;T998S;L1001S;V1008L;Q1010A;L1012E;I1013N;L1024A;A1026L;M1029G;G1035R;G1046L;L1049T;M1050Q;S1055H;A1056H;G1059H;F1062H;Q1071C;K1073T;F1075T;T1076P;P1079I;A1080H;K1086P;E1092F;G1093F;V1094F;S1097T;T1105R;Q1106P;T1117F;T1120N;N1125I;V1128G;I1130E;G1131N;N1134D;N1135Y;D1139L;L1141P;Q1142S;E1144S;L1145F;D1146K;E1150S;T1160P;L1166N;G1167I;I1172Q;V1176I;V1177Q;N1178K;I1183K;E1188K;V1189A;K1191N;N1192E;E1195L;L1197E;Q1201G;G1204E;Q1208I;Y1209K;I1210G;W1217I;L1224V;I1225V;T1238V;C1250K;C1253K;C1254K;D1260Y;S1261L;L1265G;K1266V,209.0,198.0,1.0,155.0,100.0,189.0
root_child_1_child_0_child_1_child_1_child_1_child_0_child_0_child_1_child_1|leaf,319,0.749411,319,0.749411,318,MZ477792.1,43,0.78607,318,318,42,-101.13581097473516,-2.4079954993984565,-1.4350399149338156,-1.4350399149338156,-2.897791791149758,-0.9659305970499193,3,L455R;L441R;Q493P,N501Y,1,L18F;D138Y;N501Y;D614G;H655Y,5,D614G;N501Y,2,I332C:-2.8302;F338N:-3.1942;F347V:-2.4887;N354R:-1.2966;R355Y:-2.6915;Y365V:-3.4816;L368N:-2.8684;A372F:-1.3989;T376Y:-2.8990;C379S:-4.1288;K386F:-3.0381;N388T:-3.0398;L390T:-3.1993;V395I:-3.2946;S399I:-2.3064;I402G:-2.5120;G404E:-1.8275;R408I:-1.6834;G413T:-2.5829;A419L:-3.0512;D420E:-2.5811;Y421K:-2.1591;N422E:-3.1460;L425G:-3.3954;P426C:-3.3630;L441R:-0.9486;Y449S:-1.7609;L455R:-0.7754;R457P:-1.7140;G485Y:-1.5747;N487Y:-1.7183;Q493P:-1.1737;P499Y:-1.5950;N501Y:-1.4350;V503Y:-1.6807;G504P:-1.9402;Q506A:-2.2885;P507V:-2.2527;R509F:-2.2861;A520G:-3.1867;P527N:-3.5103;K528V:-2.8375,L18F;T19H;R21S;P25Y;N30T;S45L;L48T;H49Y;T51L;Q52F;W64I;S71R;T76F;K77F;L84F;D88Y;F92T;T95S;S98I;I101G;T109D;S112A;K113S;Q115T;S116V;V126C;I128E;F135S;C136D;D138Y;F140D;K150E;W152S;E156G;F157V;Y160C;S162C;A163F;T167E;V171P;S172F;Q173M;E180S;G184F;L189E;H207L;V213G;L216G;Q218A;L229I;N234R;I235R;R237L;Q239A;T240H;L242Y;L244R;S247Y;W258Y;G268D;Q271T;K278Y;T286A;A288P;V289A;C291S;A292L;L293T;L296T;S297T;K300F;C301F;I312V;T315N;F318V;R319S;P322N;S325F;I326R;R328I;I332C;F338N;F347V;N354R;R355Y;Y365V;L368N;A372F;T376Y;C379S;K386F;N388T;L390T;V395I;S399I;I402G;G404E;R408I;G413T;A419L;D420E;Y421K;N422E;L425G;P426C;L441R;Y449S;L455R;R457P;G485Y;N487Y;Q493P;P499Y;N501Y;V503Y;G504P;Q506A;P507V;R509F;A520G;P527N;K528V;L533C;V534T;L546G;T549Q;L552P;E554M;S555F;N556F;K557L;F559D;L560R;F565D;L582I;D586T;I587V;C590G;G593P;V595I;T602V;S605Q;A609V;D614G;T630Y;T645E;G648I;L650T;A653V;H655Y;Y660P;C662A;D663Y;I666Y;A672N;Q677S;I692M;A694S;G700E;A701P;N703A;N710I;V722S;T723L;T732M;S735L;C738G;D745S;C749S;S750Q;N751L;L752S;Q755L;Q762N;N764A;I770V;V772D;Q779A;T791Y;P793N;I794S;K795F;F802Q;Q804S;P807S;D808S;P812F;K814L;N824V;V826A;T827A;G832Q;C840L;G842R;I844L;R847L;L849C;I850F;L858P;L861D;M869Q;Y873A;L877I;T883G;G891I;Q895A;F898A;A899Y;M902L;R905G;F906Q;N907T;Y917Q;N919L;K921L;N925F;Q926G;F927N;N928L;G932Q;S939K;T941L;A942L;N953A;Q957T;L959T;N960L;T961K;L962V;V963Q;S967F;N969K;F970A;G971I;S975I;N978K;I993D;D994I;R995T;T998S;G999Q;A1016S;E1017S;I1018L;N1023A;L1024A;A1025T;K1028S;S1030Q;E1031V;C1032Q;L1034R;Q1036F;V1040F;G1046S;M1050S;P1053A;Q1054V;V1060L;F1062V;L1063T;T1066E;V1068K;Q1071T;E1072H;A1078P;A1087V;H1088V;R1091V;E1092N;W1102V;Q1106I;N1108V;F1109E;T1117C;F1121T;C1126G;G1131D;N1134P;N1135V;D1139Q;K1149L;Y1155N;H1159L;T1160L;P1162V;D1163V;L1166G;S1175I;V1176N;N1178E;I1179E;N1187L;E1195L;L1197E;Q1201L;Y1206Q;E1207I;Q1208P;W1212Y;W1214T;I1216V;L1218F;F1220A;I1221G;I1227V;M1229L;I1232C;L1234C;C1236Y;C1240G;S1242C;K1245L;C1253K;D1257L;D1259G;G1267H;L1270Y,16.0,175.0,1.0,20.0,107.0,8.0
root_child_0_child_0_child_0_child_1_child_1_child_1_child_0_child_0_child_0|leaf,319,0.749411,319,0.749411,318,MZ477792.1,49,0.756219,316,316,48,-110.97200340491534,-2.3119167376024023,-1.4350399149338156,-1.4350399149338156,-4.26734433341439,-1.0668360833535975,4,F490R;Y505H;K458R;T470I,N501Y,1,D138Y;N501Y;D614G;H655Y,4,D614G;N501Y,2,N331C:-2.6574;I332N:-2.6228;N334V:-1.9926;P337G:-2.7021;F338E:-3.0041;T345A:-1.8664;S349R:-1.9652;K356Y:-1.7147;D364A:-2.8198;Y365L:-2.8881;N370T:-2.6435;F374C:-2.8283;C391Y:-4.4373;A397I:-2.8788;S399G:-2.6929;V401N:-2.2797;I402G:-2.5120;D405I:-1.6062;D420L:-1.5687;N422L:-3.1081;L425C:-3.3264;P426D:-2.2753;W436S:-2.5340;N437S:-2.2393;Y449L:-1.5400;N450F:-1.4575;R454L:-1.8137;R457S:-1.7278;K458R:-1.2139;S459K:-1.3663;F464S:-2.1239;E465I:-1.7659;T470I:-1.2259;G476S:-1.2516;C480F:-1.6586;N487G:-1.3894;C488S:-2.1537;F490R:-0.6679;T500G:-1.6884;N501Y:-1.4350;Y505H:-1.1597;Y508S:-2.6816;V512F:-3.7708;P521K:-3.0410;V524G:-4.1764;C525A:-4.2230;P527L:-3.2639;S530N:-3.0123,S12F;T19L;Y28S;T33V;F43V;S45L;V47L;L54F;L56F;F59V;H66D;A67V;I68T;H69G;T76R;K77D;E96N;I100R;I101G;R102G;W104F;F106T;G107D;T109D;Q115V;A123N;T124I;V127Q;V130E;Q134N;C136P;D138Y;L141H;E156G;V159N;Y160V;N165F;P174I;F175M;M177K;Q183V;N188F;N196K;P209N;V213D;G219L;F220A;L226V;L229N;G232I;I235Q;T236Q;R237Q;F238A;Y248I;P251S;G252S;D253A;S256A;W258A;T259G;L270P;R273K;T274N;Y279D;G283V;C291S;P295C;L296E;K300N;L303G;R319Q;V327P;F329N;N331C;I332N;N334V;P337G;F338E;T345A;S349R;K356Y;D364A;Y365L;N370T;F374C;C391Y;A397I;S399G;V401N;I402G;D405I;D420L;N422L;L425C;P426D;W436S;N437S;Y449L;N450F;R454L;R457S;K458R;S459K;F464S;E465I;T470I;G476S;C480F;N487G;C488S;F490R;T500G;N501Y;Y505H;Y508S;V512F;P521K;V524G;C525A;P527L;S530N;L533C;K535N;G550S;V551T;L552S;E554N;F559P;Q563F;Q564G;I569L;A570T;D571T;D574L;R577L;D578M;D586S;G593V;P600N;T604V;A609G;D614G;N616P;C617I;H625P;L629T;V635S;Y636G;T638N;F643T;Q644A;R646I;G648A;G652K;H655Y;N658E;A668S;G669I;R682I;R685A;S691T;Y695S;M697N;L699V;A706S;N709I;N710A;I714T;I720P;S721V;V722P;M731D;C738S;T739I;M740I;Y741S;C743L;D745E;L753Y;L754F;G757T;S758F;T761K;N764A;R765I;L767G;G769V;V772Q;D775N;A783I;Q784Y;T791F;P792K;I794D;K795D;G799N;N801S;F802I;L806S;P812I;L828K;A829T;Y837D;D848I;L849K;L858P;P862D;P863L;T866E;D867Q;Q872L;T874G;T883G;G885F;W886A;G889A;A893F;F898A;M900G;A903I;R905N;F906I;G908V;Q913N;N914Q;V915Q;Q926I;F927G;I931K;G932D;I934A;D936S;S939T;A942K;L945K;Q949V;D950V;Q957N;I973D;V987L;E990A;Q992T;L996G;T998L;G999Q;L1001T;Q1005V;Y1007Q;T1009Q;A1015L;R1019L;S1021N;L1024A;A1025S;K1028L;K1038G;R1039H;S1051A;A1056H;V1060H;P1069T;A1070T;K1073A;F1075I;P1079I;G1085V;A1087E;F1089P;E1092N;V1094F;N1098T;F1103T;T1105R;Q1106F;P1112F;T1116D;N1119F;T1120N;V1122G;V1129D;I1130V;G1131N;N1134P;D1139L;S1147Y;E1150H;Y1155V;T1160V;V1164S;D1165I;G1167I;I1169G;A1174Q;V1176I;N1178G;K1181N;D1184N;V1189K;I1198K;E1202K;K1205I;E1207D;L1218F;F1220I;I1227V;T1231M;C1235M;T1238C;L1244C;C1253K;F1256V;D1259E;L1265Y;G1267L;K1269Y,54.0,77.0,1.0,139.0,107.0,62.0
root_child_1_child_1_child_1_child_1_child_0_child_0_child_0_child_0|leaf,319,0.749411,319,0.749411,318,MZ477792.1,52,0.741294,318,318,51,-119.3056715792994,-2.3393268937117533,-1.4350399149338156,-1.4350399149338156,-7.854499627241984,-1.1220713753202836,7,G446D;L455K;Q474G;F486S;A475S;S459E;I472Q,N501Y,1,D138Y;N501Y;D614G;H655Y;V1176F,5,D614G;N501Y,2,I332P:-2.8327;L335V:-1.9854;V341A:-3.0576;T345W:-1.9163;S349N:-1.8600;I358V:-3.2129;Y365L:-2.8881;K378D:-2.1911;G381T:-3.6343;L387C:-3.8029;C391T:-4.3715;T393S:-2.3504;V395S:-3.7400;G404Q:-2.1394;V407I:-2.8289;R408I:-1.6834;I410P:-2.7430;G413D:-1.9963;G416I:-2.7015;N422L:-3.1081;L425D:-2.9019;D428T:-2.0746;C432T:-4.2551;A435D:-2.8872;L441S:-1.3553;G446D:-0.9560;G447N:-1.3812;N448Y:-2.3452;L455K:-1.0570;F456L:-1.4342;R457P:-1.7140;S459E:-1.2030;R466A:-1.4586;I472Q:-1.2159;Q474G:-1.0573;A475S:-1.2023;V483F:-1.6538;F486S:-1.1630;N487Y:-1.7183;Y495P:-2.7644;F497T:-2.1204;T500G:-1.6884;N501Y:-1.4350;G502Y:-1.9119;G504P:-1.9402;P507S:-2.3708;V511F:-3.2371;V512H:-3.2491;C525T:-4.2054;P527S:-3.3537;S530V:-2.9517,F2V;L18Y;R21S;L24S;P25N;F32G;Y37D;T51L;Q52F;A67V;I68L;F79L;V83I;N87S;V90F;W104I;D111T;K113S;L118T;A123I;F133D;C136D;D138Y;F140D;Y144K;E154Y;N164C;C166F;M177E;G181F;G184F;N188E;N196F;I197G;F201Y;I210D;P217S;Q218E;G219S;F220A;G232N;I235L;T236F;F238L;L242Y;L249G;P251S;G252S;D253S;S254P;A260Y;A263Y;L276Y;T286A;A288C;V289P;C291S;L296S;E298L;L303S;F306V;K310S;I312N;T315N;V320S;I332P;L335V;V341A;T345W;S349N;I358V;Y365L;K378D;G381T;L387C;C391T;T393S;V395S;G404Q;V407I;R408I;I410P;G413D;G416I;N422L;L425D;D428T;C432T;A435D;L441S;G446D;G447N;N448Y;L455K;F456L;R457P;S459E;R466A;I472Q;Q474G;A475S;V483F;F486S;N487Y;Y495P;F497T;T500G;N501Y;G502Y;G504P;P507S;V511F;V512H;C525T;P527S;S530V;V534N;F541L;T549E;G550T;F559D;F562R;Q563I;D568I;D574V;P579I;L582I;L585S;D586C;T588C;F592T;V595G;P600S;N606A;A609G;L611S;D614G;V615P;T618V;A626V;R634Y;S640Q;T645E;G648I;I651V;G652N;H655Y;N658C;Y660D;E661G;D663Q;A668T;A672Q;Q677R;V687Y;A688M;S689A;I693S;T696L;L699V;Y707N;N710I;V722S;M731S;T732M;T734M;M740E;C743N;G744T;L752Y;L754F;C760Q;T761L;R765T;I770D;E773V;F782K;V785T;D796N;G799F;F802P;Q804S;I805D;L821F;L822D;F823L;T827G;K835L;Y837D;C840L;G842I;D843L;A845L;R847L;I850L;C851Q;F855L;G857T;L858P;T859L;V860P;P863D;L864D;L865F;E868A;M869Q;Y873S;L878S;T883G;F888G;A890L;G891A;A893Q;Q895F;I896A;M900G;M902E;F906Q;N914L;L916Q;E918I;K921I;I923Q;N928L;G932I;K933Q;I934S;D950Q;Q957T;A958L;V963F;S967I;F970A;G971I;N978K;I980A;Q992D;R995I;I997S;G999Q;S1003Y;Q1005Y;T1009Q;Q1010L;Q1011A;I1018L;N1023A;L1024A;A1025S;K1038D;V1040D;D1041F;C1043F;G1046S;H1048Q;M1050S;P1053A;A1056N;G1059Q;V1061T;H1064Y;I1081D;H1083G;G1085R;F1089V;E1092V;S1097T;V1104F;R1107Q;N1108Q;Y1110Q;E1111N;P1112V;I1115N;T1116N;T1120V;F1121D;V1122I;G1124A;C1126D;D1127V;G1131V;N1134P;D1139Q;Q1142P;S1147E;K1149L;N1158L;V1164L;I1169S;S1170I;G1171S;S1175I;V1176F;V1177T;Q1180I;V1189K;E1195I;E1207L;L1218F;G1219A;F1220A;L1224A;V1228I;I1232L;M1233T;C1236Y;S1242K;C1243K;L1244G;K1245G;C1250F;C1253K;F1256D;D1259L;K1266S;V1268H;K1269H,107.0,106.0,1.0,201.0,107.0,99.0
root_child_0_child_0_child_1_child_0_child_1_child_1_child_1_child_1_child_0_child_0|leaf,319,0.749411,319,0.749411,318,MZ477792.1,55,0.726368,313,313,54,-122.68718827969334,-2.2719849681424695,-1.4350399149338156,-1.4350399149338156,-9.339580476225228,-1.0377311640250255,9,S477R;R346T;G476K;Q498Y;G485N;T470N;F486S;E471Q;K458R,N501Y,1,N501Y;D614G,2,D614G;N501Y,2,T333P:-2.1624;N334F:-2.2519;F342A:-2.9436;T345Y:-2.0228;R346T:-0.7574;S349R:-1.9652;A352N:-1.7645;A363S:-3.7040;D364S:-2.9044;N370T:-2.6435;K378G:-2.1692;Y380S:-3.1557;S383T:-3.3231;K386N:-3.1888;L390A:-3.6562;C391Y:-4.4373;Y396S:-2.9446;A397E:-3.0999;I402D:-2.0407;D405G:-1.3426;R408T:-1.8521;Q414A:-2.1073;D420L:-1.5687;N422F:-3.0747;D427C:-2.4535;D428F:-2.2825;V433S:-3.2694;N437D:-2.4091;G446Y:-1.4345;Y449L:-1.5400;K458R:-1.2139;F464T:-2.2843;R466E:-1.7462;T470N:-1.1629;E471Q:-1.1641;I472Y:-1.3320;G476K:-0.9661;S477R:-0.6727;C480G:-1.4492;G485N:-1.1326;F486S:-1.1630;N487F:-1.4264;L492S:-1.7157;Q498Y:-1.1069;N501Y:-1.4350;Q506P:-2.4036;P507L:-2.1116;V511H:-3.0959;V512A:-3.3615;L517H:-3.1793;P521V:-3.6426;V524G:-4.1764;P527L:-3.2639;S530N:-3.0123,L24S;T29A;R34G;V36P;D40F;F43V;H49N;S50D;L56F;T63L;H69K;G72K;T76N;D80P;P82L;L84G;P85D;S98I;I100G;W104S;I105T;L110S;D111S;S116L;C136P;D138K;L141H;Y160N;P174L;L176G;M177D;G181F;Q183R;K202H;I203L;Y204F;I210L;R214G;D215P;L216F;F220V;V227I;D228I;I233R;I235S;F238L;L244S;H245S;S247Y;Y248D;G252T;S256A;G257A;T259A;A260Y;V267R;E281G;G283I;D287S;C291S;P295S;C301F;K304T;V308G;V327P;T333P;N334F;F342A;T345Y;R346T;S349R;A352N;A363S;D364S;N370T;K378G;Y380S;S383T;K386N;L390A;C391Y;Y396S;A397E;I402D;D405G;R408T;Q414A;D420L;N422F;D427C;D428F;V433S;N437D;G446Y;Y449L;K458R;F464T;R466E;T470N;E471Q;I472Y;G476K;S477R;C480G;G485N;F486S;N487F;L492S;Q498Y;N501Y;Q506P;P507L;V511H;V512A;L517H;P521V;V524G;P527L;S530N;K535N;C538F;F543L;T549L;V551N;E554L;F559A;L560F;P561G;Q563V;G566T;R567D;D568I;I569L;A570I;D574P;R577L;T581I;D586S;C590F;G593T;T599L;G601T;Y612Q;D614G;T618L;D627L;T632Y;V642A;G648I;I651E;A653Y;E654A;V656S;N657P;Y660C;A668G;S691I;A694T;E702V;V705N;Y707N;N709I;A713T;F718T;S721I;V722T;T724L;I726L;P728M;M731T;T734M;S735D;M740I;D745E;S746L;C749N;L752G;L753S;L763A;N764A;D775E;A783Y;K786Y;T791F;P793E;I794D;N801L;F802Q;P807K;I818V;T827A;D830F;G832D;Y837P;D839I;I844R;R847A;C851N;Q853S;F855G;G857V;L858P;T859L;L861P;T866E;D867M;M869S;A871T;Y873V;L878T;T883G;W886G;A899Q;M900F;R905G;F906N;I909Q;G910E;N914Q;V915E;E918A;A924F;F927Y;A942K;S943L;K947N;N953A;Q954A;V963S;L966N;N969I;G971I;I973S;N978K;S982E;R983Q;E988L;Q992D;D994L;R995L;L996D;G999S;L1004V;Q1005I;Q1010A;L1012E;A1016S;I1018Q;L1024A;A1026C;M1029G;G1044K;K1045L;G1046L;L1049S;H1058L;F1062H;V1068N;E1072Y;T1077H;C1082K;F1089N;E1092F;V1094F;F1095H;S1097T;W1102Y;T1105R;Q1106P;R1107Y;F1109T;Y1110T;I1114N;T1117N;T1120N;D1127V;I1130V;G1131N;N1134V;N1135T;T1136D;Y1138L;P1140Q;L1141D;D1146E;L1152N;Y1155Q;F1156V;H1159V;T1160P;G1167I;D1168S;I1169A;N1173E;S1175E;V1176I;V1177Q;N1178K;I1179N;V1189N;E1195G;G1204H;I1210Y;W1217G;A1222G;I1225V;M1229I;C1236T;S1239C;C1250S;C1253K;E1262L;G1267L,140.0,40.0,1.0,103.0,107.0,158.0
root_child_0_child_0_child_0_child_1_child_1_child_1_child_0_child_1_child_1|leaf,320,0.748625,320,0.748625,319,MZ477792.1,46,0.771144,317,317,45,-108.24221177601476,-2.405382483911439,-1.4350399149338156,-1.4350399149338156,-3.4139525678541816,-1.137984189284727,3,Q474G;F490S;K458R,N501Y,1,D138Y;N501Y;D614G;H655Y,4,D614G;N501Y,2,N331C:-2.6574;I332L:-2.4919;N334V:-1.9926;C336N:-4.0303;S349R:-1.9652;K356N:-2.0763;I358Y:-3.5910;D364S:-2.9044;Y365A:-3.5437;N370T:-2.6435;S373T:-2.2875;F374C:-2.8283;N388A:-2.4910;C391F:-4.2145;S399V:-2.2558;I402G:-2.5120;D405I:-1.6062;A419Y:-3.1459;D420Y:-2.0724;N422L:-3.1081;P426D:-2.2753;T430A:-2.7765;A435S:-2.7871;N437S:-2.2393;S443N:-1.7859;Y449L:-1.5400;N450F:-1.4575;K458R:-1.2139;S459K:-1.3663;E465D:-2.3690;I468Y:-1.4401;S469Q:-1.9330;Q474G:-1.0573;C480K:-1.4149;N487G:-1.3894;C488Y:-2.1144;F490S:-1.1427;T500G:-1.6884;N501Y:-1.4350;Y508S:-2.6816;P521K:-3.0410;V524G:-4.1764;C525A:-4.2230;P527L:-3.2639;S530N:-3.0123,S12F;Y28S;R34Y;F43V;S45L;V47L;L54F;L56F;H66D;A67V;I68T;V90T;A93E;I101G;W104F;F106T;G107D;T108K;T109D;T114V;L117V;A123N;V126F;V127Q;C136P;D138Y;L141H;N149R;E156G;V159N;Y160V;N165T;P174I;F175M;M177D;Q183V;N188F;F194I;K206N;P209D;P217A;Q218F;F220A;L226V;I231M;G232I;I235Q;T236Q;P251S;G252S;D253A;S256A;W258A;T259G;G261Y;Y265P;L270R;R273K;Y279D;G283P;I285D;C291S;P295C;L296E;L303G;F306E;G311Q;Y313D;R319Q;F329I;N331C;I332L;N334V;C336N;S349R;K356N;I358Y;D364S;Y365A;N370T;S373T;F374C;N388A;C391F;S399V;I402G;D405I;A419Y;D420Y;N422L;P426D;T430A;A435S;N437S;S443N;Y449L;N450F;K458R;S459K;E465D;I468Y;S469Q;Q474G;C480K;N487G;C488Y;F490S;T500G;N501Y;Y508S;P521K;V524G;C525A;P527L;S530N;K535N;G550P;L552S;T553F;F559I;Q563F;Q564R;I569L;D571T;D574L;R577L;D586S;C590I;G593V;T604N;A609G;D614G;E619P;V620F;H625P;V635S;T638N;V642G;F643T;Q644A;R646I;A647N;G648A;C649H;G652K;E654S;H655Y;A668S;R682I;R685I;Q690M;M697N;L699V;A706S;N709S;N710T;A713T;I714T;V722P;E725V;V736D;D737G;C738S;M740I;C743L;G744S;D745C;L753Y;L754F;F759K;T761N;N764A;I770D;V772N;D775N;F782V;A783I;T791F;P792K;I794D;K795N;D796Y;G798F;G799Q;N801Q;F802D;P812I;S813R;K814S;L828K;A829T;A831V;F833Q;Y837D;A846L;D848I;L858P;P862D;P863L;T866E;D867Q;T874G;L878G;A879I;T883G;F888Q;G889A;L894I;F898A;M900N;R905I;F906Q;G908V;Q913N;N914Q;V915Q;Y917N;I923Q;F927G;I931K;G932D;I934A;D936S;A942K;A944G;L945K;Q949V;Q957N;A972L;I973D;R983K;V987L;E990A;Q992T;L996G;T998L;G999Q;R1000V;L1001T;Q1005V;Y1007E;V1008Q;T1009Q;A1015L;R1019L;N1023K;L1024A;A1025S;K1028L;M1029L;K1038G;G1046L;A1056H;Q1071K;T1077H;A1078F;P1079A;C1082D;K1086F;P1090H;E1092F;V1094F;G1099R;F1103T;T1105R;Q1106F;P1112T;I1114V;T1116D;D1118N;N1119F;T1120N;I1130V;G1131P;N1134P;D1139L;L1145K;S1147Y;F1148K;E1150H;Y1155K;F1156S;T1160V;V1164L;G1167I;G1171V;A1174Q;V1176I;V1177K;N1178Q;I1179R;K1181N;D1184N;V1189L;L1193D;L1197D;I1198G;D1199E;E1202K;K1205I;E1207D;W1212L;W1214A;L1218F;F1220I;A1222V;I1227V;L1234C;C1235M;L1244C;C1253K;K1255E;F1256V;D1259E;D1260G;L1265E;G1267L,40.0,174.0,1.0,212.0,111.0,26.0
root_child_0_child_0_child_0_child_0_child_1_child_0_child_1_child_0|leaf,320,0.748625,320,0.748625,319,MZ477792.1,52,0.741294,316,316,50,-119.77055083868844,-2.3954110167737683,,,-4.214128889168059,-1.0535322222920147,4,K458L;N501V;E340K;N481V,,0,D138Y;D614G;H655Y,3,D614G,1,I332L:-2.4919;P337N:-2.2448;E340K:-1.0697;T345Y:-2.0228;A348N:-1.7057;S349R:-1.9652;V350A:-3.2598;A352V:-2.1011;W353R:-2.7154;C361V:-3.9488;V367A:-2.0755;A372F:-1.3989;T376K:-2.4331;K378G:-2.1692;L390V:-3.7422;C391Y:-4.4373;T393D:-2.3590;V395D:-3.3706;F400V:-3.5836;V401R:-1.5520;I402G:-2.5120;G404E:-1.8275;V407I:-2.8289;G413T:-2.5829;P426D:-2.2753;A435N:-3.1173;W436H:-2.4083;N437S:-2.2393;N448Y:-2.3452;R454S:-1.8175;F456L:-1.4342;K458L:-0.9273;L461I:-1.5827;D467I:-1.7135;G476V:-1.4574;C480F:-1.6586;N481V:-1.1660;V483F:-1.6538;N487Y:-1.7183;C488S:-2.1537;N501V:-1.0510;G502C:-1.7430;P507L:-2.1116;F515L:-3.1924;P521G:-3.6874;T523S:-3.3725;V524S:-3.9754;C525S:-4.2948;P527L:-3.2639;S530N:-3.0123,Y28S;T29A;F43S;L56I;A67V;T76N;R78N;V83L;L84D;V90T;T95S;W104F;I105G;F106D;V120A;T124V;V130F;D138Y;F140H;L141H;K147S;M153R;E154L;Y160V;A163N;C166F;T167N;Y170P;P174I;F175M;E180N;N185E;F186E;L189G;F194N;D198K;H207I;D215G;P225I;L226V;G232I;I235S;T236L;H245S;R246G;Y248G;L249P;P251S;G252S;S256A;W258Q;T259A;A263Q;G268F;Y269L;E281W;G283C;T286P;D290C;C291L;D294L;P295S;L296C;S297K;T302F;L303T;F306E;K310T;G311Y;F318T;P322S;S325V;V327P;F329L;I332L;P337N;E340K;T345Y;A348N;S349R;V350A;A352V;W353R;C361V;V367A;A372F;T376K;K378G;L390V;C391Y;T393D;V395D;F400V;V401R;I402G;G404E;V407I;G413T;P426D;A435N;W436H;N437S;N448Y;R454S;F456L;K458L;L461I;D467I;G476V;C480F;N481V;V483F;N487Y;C488S;N501V;G502C;P507L;F515L;P521G;T523S;V524S;C525S;P527L;S530N;V534K;E554N;K558G;F559I;Q563F;G566D;I569P;T572P;D574E;R577L;P579I;Q580E;D586C;S591V;G594T;G601N;N603Q;S605V;N606L;V608L;V610Q;L611Q;Q613T;D614G;T618E;I624Q;L629T;T630G;S640F;T645Q;R646G;G648A;L650G;H655Y;N657Y;N658Y;A668I;G669Q;C671K;S673T;Y674K;Q675T;Q677V;R682A;A684S;R685I;Q690I;M697L;A701N;S704V;Y707I;N709I;I720T;E725K;L727T;C738G;M740I;Y741C;C743D;D745S;S746C;E748S;L753S;F759T;C760L;Q762N;L763T;N764A;I770V;T778V;E780I;T791F;I794D;N801Q;I805P;P807K;S810I;R815E;I818D;E819L;D820V;L822N;K825L;V826A;K835L;Q836L;Y837I;C840D;D843T;L849F;L858T;T859I;V860L;T866E;D867Q;L878T;T883F;A899Y;Q901I;M902R;R905N;F906Q;G908Q;T912Y;N914Q;V915N;L916R;K921Q;Q926N;G932L;T941L;A942K;L945K;L948N;A958Q;I973S;N978S;R995G;L996D;T998S;Q1002L;V1008Q;T1009Q;A1016T;I1018A;S1021N;N1023E;L1024A;A1026K;M1029E;S1030L;K1038G;C1043H;Y1047L;M1050F;A1056H;H1064N;V1065A;V1068E;E1072P;K1073F;T1077K;D1084K;K1086R;R1091V;E1092F;V1094F;F1095S;T1100V;T1105R;Q1106P;T1117N;N1119F;T1120S;N1125C;C1126V;D1127P;I1130V;G1131N;N1134P;N1135V;P1143E;E1150L;L1152K;F1156T;H1159D;D1163L;D1165N;G1167E;V1176I;I1179E;Q1180E;I1183A;D1184N;E1188S;V1189N;I1198L;K1205Q;Q1208P;Y1209K;A1222V;G1223I;A1226M;S1239C;G1251C;C1253K;S1261K;K1266V;G1267S;K1269H;L1270T;Y1272T,112.0,164.0,221.0,119.0,111.0,99.0
root_child_1_child_0_child_1_child_0_child_1_child_1_child_0_child_1|leaf,320,0.748625,320,0.748625,319,MZ477787.1,54,0.731343,319,319,53,-120.27459339831054,-2.2693319509115195,-1.4350399149338156,-1.4350399149338156,-7.356073347181174,-1.050867621025882,7,L455R;K444D;Y473K;Q498G;Y505H;Y449R;Q493Y,N501Y,1,P26S;D138Y;N501Y;D614G,4,D614G;N501Y,2,N331C:-2.6574;P337G:-2.7021;F342R:-2.6477;A348Y:-1.9181;W353K:-2.7975;R355C:-2.6504;C379S:-4.1288;S383L:-3.4478;K386F:-3.0381;L387D:-3.4025;N388F:-2.6581;D398G:-3.2244;F400M:-2.8308;E406R:-1.3158;V407I:-2.8289;R408I:-1.6834;Q409A:-2.7239;G413D:-1.9963;T415K:-2.0732;A419L:-3.0512;L425D:-2.9019;V433I:-3.0051;I434H:-2.0370;A435L:-3.3866;S443Y:-1.8219;K444D:-0.8681;G446Y:-1.4345;Y449R:-1.1701;L455R:-0.7754;F456L:-1.4342;R457P:-1.7140;N460P:-1.4502;K462I:-1.4277;F464S:-2.1239;R466Q:-2.0101;Y473K:-1.0299;P479A:-1.4502;N487Y:-1.7183;Y489L:-1.9101;Q493Y:-1.2148;F497Q:-2.3818;Q498G:-1.1380;P499G:-1.6178;N501Y:-1.4350;G502Y:-1.9119;G504P:-1.9402;Y505H:-1.1597;R509F:-2.2861;E516A:-2.9572;V524P:-4.1012;C525P:-4.2599;P527L:-3.2639;S530C:-3.1615,P9S;L18V;R21S;L24S;P26S;A27N;G35Y;Y38K;S46A;T51L;D53P;H69G;S71R;K77F;R78D;F79L;D80P;P82L;P85D;D88V;I101G;R102T;G103F;W104F;G107D;K113S;Q115V;S116V;C136L;D138Y;V143N;W152S;E156G;R158A;Y160N;F168S;Q173M;L176D;G181F;G184F;F186N;L189E;E191N;K195T;F201S;Y204K;K206R;H207L;V213G;R214A;E224L;L229I;I235S;T236L;F238L;L241S;L249S;W258Y;Y265V;Y266G;V267S;L270P;K278F;D290A;C291S;P295K;T299F;C301F;L303V;K304G;Y313S;T315F;S316T;N317Q;N331C;P337G;F342R;A348Y;W353K;R355C;C379S;S383L;K386F;L387D;N388F;D398G;F400M;E406R;V407I;R408I;Q409A;G413D;T415K;A419L;L425D;V433I;I434H;A435L;S443Y;K444D;G446Y;Y449R;L455R;F456L;R457P;N460P;K462I;F464S;R466Q;Y473K;P479A;N487Y;Y489L;Q493Y;F497Q;Q498G;P499G;N501Y;G502Y;G504P;Y505H;R509F;E516A;V524P;C525P;P527L;S530C;N544L;G545T;T549Q;F559L;F562I;D574R;Q580L;L582I;I584P;G593T;G601N;L611G;Q613V;D614G;E619A;P621A;A623P;L629P;T632S;V635S;Y636A;S640V;V642I;T645E;G648I;L650T;I651A;G652N;A653V;E654Y;H655D;N658E;S659Q;Y660G;C662A;D663Y;G667I;A668S;S686I;S691L;I693Y;A701N;E702S;A706N;T724P;K733S;C738Y;T739Y;S746E;N751Q;L753A;Q755L;Y756S;G757F;C760T;N764A;R765C;T768E;D775Y;K776T;T778A;A783I;T791P;Q804S;L806P;K814E;F817I;L822K;N824V;V826G;G838D;C840L;G842A;L849A;C851F;L858P;E868Y;M869Q;A871Y;S875A;T883G;G891A;L894I;F898R;M900Y;M902L;R905G;F906V;I909V;Y917Q;K921Q;A924N;F927A;N928I;G932Q;Q935S;D936S;S939T;V952N;N953D;L959K;V963F;K964F;Q965A;L966K;S967N;N969F;F970A;S975I;N978K;L984A;D985K;E990V;V991I;Q992G;D994I;R995T;Q1002L;R1014A;I1018L;L1024A;A1025T;E1031V;V1033S;V1040P;G1044Y;K1045Y;L1049P;M1050A;S1051P;P1053A;A1056V;L1063V;V1065E;T1066V;A1070I;E1072N;N1074A;T1077K;I1081D;D1084K;P1090E;R1091S;E1092S;T1100N;H1101V;W1102Q;T1105N;Y1110I;T1116D;T1117C;G1124C;C1126G;V1129G;G1131D;V1137D;Y1138E;Q1142L;D1146K;K1149L;Y1155D;N1158L;H1159L;V1164N;S1170I;G1171V;I1172S;S1175E;V1176R;I1179K;N1194D;L1197Y;E1202K;E1207I;Y1209K;I1210L;W1212Y;Y1215W;L1218F;F1220A;I1221V;M1229V;T1231M;L1234C;C1235M;C1236L;T1238S;S1249K;C1253K;C1254D;K1266H;L1270T,118.0,39.0,1.0,117.0,111.0,141.0
root_child_0_child_0_child_1_child_0_child_1_child_1_child_0_child_0_child_1_child_0_child_0_child_1|leaf,320,0.748625,320,0.748625,319,MZ477792.1,52,0.741294,314,314,51,-122.91515757981158,-2.410101129015913,-1.4350399149338156,-1.4350399149338156,-4.07534771249502,-1.018836928123755,4,R346T;G476K;Q498G;K458R,N501Y,1,N501Y;D614G,2,D614G;N501Y,2,N334F:-2.2519;F342N:-2.7584;T345Y:-2.0228;R346T:-0.7574;A348R:-1.2580;S349R:-1.9652;V362Y:-3.1662;A363S:-3.7040;D364Y:-2.7447;Y365A:-3.5437;N370T:-2.6435;F374P:-2.8167;Y380S:-3.1557;G381S:-3.6522;S383T:-3.3231;C391Y:-4.4373;Y396S:-2.9446;A397E:-3.0999;D405G:-1.3426;E406R:-1.3158;R408T:-1.8521;Q414A:-2.1073;I418A:-3.0967;A419P:-2.7325;D420P:-2.1140;N422F:-3.0747;Y423E:-3.1689;I434K:-2.2232;D442K:-2.0312;G446Y:-1.4345;N448Q:-2.3560;Y449L:-1.5400;K458R:-1.2139;F464I:-2.2140;I472Y:-1.3320;G476K:-0.9661;C480F:-1.6586;G485C:-1.6490;F490L:-1.3377;L492S:-1.7157;Q498G:-1.1380;P499G:-1.6178;T500V:-1.4177;N501Y:-1.4350;V512A:-3.3615;L517T:-3.4471;P521V:-3.6426;V524G:-4.1764;G526N:-3.6815;P527L:-3.2639;S530N:-3.0123,L24S;R34G;D40F;F43V;Q52F;L56F;T63A;G72K;T76I;F79D;D80F;P82L;L84G;K97I;I101G;W104F;I105T;T109H;Q115L;I119T;N125I;D138L;L141H;W152F;M153Y;R158N;N164E;P174G;M177D;D178E;E180I;Q183R;V193K;K195I;N196D;K202H;I203L;Y204F;I210D;R214D;G219E;D228P;N234T;I235S;F238L;T240S;L244R;H245S;Y248D;L249S;G252S;S255T;S256A;G257A;W258L;T259A;A260Y;V267R;G268R;E281G;T284L;C291S;P295S;T299C;K300L;C301T;V308G;E309I;N317Q;P322C;T323I;V327P;F329T;N334F;F342N;T345Y;R346T;A348R;S349R;V362Y;A363S;D364Y;Y365A;N370T;F374P;Y380S;G381S;S383T;C391Y;Y396S;A397E;D405G;E406R;R408T;Q414A;I418A;A419P;D420P;N422F;Y423E;I434K;D442K;G446Y;N448Q;Y449L;K458R;F464I;I472Y;G476K;C480F;G485C;F490L;L492S;Q498G;P499G;T500V;N501Y;V512A;L517T;P521V;V524G;G526N;P527L;S530N;K537V;C538F;F543V;T549F;V551N;Q563V;I569L;D574P;R577L;Q580I;D586S;C590K;I598T;T599L;G601T;S605T;A609L;Y612Q;D614G;Q644L;G648I;I651E;V656S;I666G;A668S;C671S;Q675S;T678S;S680V;Q690Y;I693L;T696E;M697G;V705S;Y707N;N709I;S711I;F718T;T719V;V722P;T724L;I726P;T734S;S735C;M740I;D745E;S746L;C749N;S750Q;L752G;L753S;L754Q;T761L;N764A;A766Q;V772K;T778I;F782V;Q787C;T791F;P792A;I794D;F800L;N801Q;F802D;P807K;S813F;K814S;F817E;I818V;N824G;D830F;D839L;C840A;I844A;D848A;C851N;A852N;Q853S;F855L;L858P;T866S;D867Q;I870S;Y873A;L878T;T883G;W886G;F888C;G891A;A892L;F898H;M902Y;F906N;I909Q;N914Q;Y917F;F927A;T941S;A942K;N953A;T961L;V963S;N969S;I973S;N978K;D979F;E988L;Q992D;I993L;D994Q;R995T;L996D;L1004Y;Q1010A;Q1011I;L1012E;A1022L;L1024A;K1028S;M1029G;G1035D;R1039D;V1040Y;G1044L;G1046S;H1048P;A1056F;H1058F;F1062H;Y1067F;V1068K;A1070K;K1073I;N1074T;C1082K;F1089V;E1092F;V1094F;S1097T;W1102Y;T1105R;Q1106P;R1107Y;N1108Y;P1112I;I1114N;I1115V;T1117N;T1120V;I1130V;G1131N;V1133T;N1134V;T1136D;Y1138L;P1140Q;L1141P;Q1142L;D1146K;F1148D;Y1155Q;T1160P;G1167I;I1172Q;S1175E;V1176I;V1177Q;N1178K;I1179D;R1185A;V1189N;K1191S;N1192L;S1196L;I1198Q;E1202K;I1210L;Y1215W;G1219I;I1221G;M1229I;C1236T;M1237C;S1239C;C1240L;C1250E;C1253K;E1262L;K1269H,142.0,179.0,1.0,71.0,111.0,99.0
root_child_1_child_0_child_1_child_0_child_1_child_1_child_1_child_1_child_1|leaf,320,0.748625,320,0.748625,319,MZ477792.1,56,0.721393,317,317,55,-127.1872423062222,-2.312495314658586,-1.4350399149338156,-1.4350399149338156,-7.213771343188531,-1.0305387633126473,7,L455R;L441K;K444D;Q498G;K529V;Q493Y;I472Q,N501Y,1,D138Y;N501Y;D614G;H655Y,4,D614G;N501Y,2,E340S:-1.3924;V341R:-2.3635;N343R:-1.9782;A348Y:-1.9181;W353K:-2.7975;R355C:-2.6504;A363Y:-3.3175;D364Y:-2.7447;F377S:-3.0024;K378Y:-2.2888;C379S:-4.1288;G381K:-2.8824;S383L:-3.4478;K386F:-3.0381;L387D:-3.4025;N388F:-2.6581;D398R:-3.0994;F400M:-2.8308;R403V:-1.4433;R408I:-1.6834;Q409P:-2.8574;G413D:-1.9963;A419L:-3.0512;K424D:-2.2615;L425D:-2.9019;C432D:-3.8525;I434H:-2.0370;A435L:-3.3866;L441K:-0.8313;S443Y:-1.8219;K444D:-0.8681;G446Y:-1.4345;N448L:-2.1336;L455R:-0.7754;R457P:-1.7140;K462V:-1.2672;P463D:-2.2807;F464S:-2.1239;I472Q:-1.2159;Y473G:-1.6051;P479V:-1.4239;G482A:-1.2639;C488G:-1.6206;Q493Y:-1.2148;Q498G:-1.1380;N501Y:-1.4350;G502Y:-1.9119;G504P:-1.9402;Q506P:-2.4036;A520V:-3.5556;V524P:-4.1012;C525P:-4.2599;P527V:-3.1031;K529V:-1.1703;S530C:-3.1615,R21S;L24S;N30E;R34Y;V47S;T51L;H69G;V70Q;S71R;K77F;R78D;D80P;P85V;D88V;T95K;I101G;G103F;L110Q;K113S;S116V;N121A;V126E;C136L;D138Y;L141H;E156G;F157V;Y160N;S161F;F168Y;Q173M;P174L;G184F;L189E;E191I;K195T;H207L;V213G;Q218P;F220D;E224L;V227D;L229I;I235F;T236L;F238A;L244P;Y248S;L249S;D253S;W258A;T259G;A260G;A262G;Y266G;V267S;Y269Q;K278F;D290S;C291L;P295K;L296E;T299F;T302K;L303V;K304G;S305E;T315F;V327E;E340S;V341R;N343R;A348Y;W353K;R355C;A363Y;D364Y;F377S;K378Y;C379S;G381K;S383L;K386F;L387D;N388F;D398R;F400M;R403V;R408I;Q409P;G413D;A419L;K424D;L425D;C432D;I434H;A435L;L441K;S443Y;K444D;G446Y;N448L;L455R;R457P;K462V;P463D;F464S;I472Q;Y473G;P479V;G482A;C488G;Q493Y;Q498G;N501Y;G502Y;G504P;Q506P;A520V;V524P;C525P;P527V;K529V;S530C;N532K;L533V;N536C;K537V;N544L;G545T;T549Q;V551N;F559L;D571V;D578T;Q580L;L582I;F592S;G593Q;G594V;T599S;L611G;D614G;A623P;A626Q;D627L;L629Y;Y636G;G639T;S640T;V642Q;T645A;G648I;L650T;I651P;A653V;H655Y;N658E;S659E;Y660G;C662A;D663Y;G667I;A668I;R685V;I693Y;A701N;S704A;N710I;I712T;I714F;L727T;T739D;M740C;S746E;N751Q;G757F;F759K;C760T;N764V;I770V;T778A;Q787P;I788K;K790Y;I794F;K795P;F802Q;Q804S;L806D;K814E;S816F;V826A;T827F;G832Y;C840L;G842A;C851L;L858P;M869Q;A871Y;Q872L;S875G;A876L;T883G;W886F;F898R;A899N;M902N;R905G;F906Q;Y917Q;E918I;K921Q;I923Q;Q926I;F927N;N928L;G932Q;K933D;S939T;V952N;Q954A;A956Q;A958N;L959K;V963F;K964L;Q965I;L966K;S967F;N969G;F970A;G971I;A972N;S975I;V976D;N978K;S982E;R983A;L984A;V987Q;D994I;R995Q;G999T;L1004Q;I1018L;L1024A;A1025T;E1031V;V1033G;V1040P;C1043Y;G1046S;H1048M;M1050A;S1051P;P1053A;A1056V;F1062L;L1063V;H1064P;V1065E;T1066V;E1072N;N1074A;T1077K;I1081D;F1089R;E1092S;G1093V;N1098V;T1100N;W1102Q;F1103Q;T1105N;I1115T;T1117C;D1118F;C1126G;V1129G;G1131D;N1134P;Y1138E;Q1142L;K1149L;N1158V;H1159L;S1170I;I1172A;N1173Q;S1175I;V1176R;I1179K;G1204Q;E1207I;Y1209K;I1210L;W1212Y;Y1215W;I1216G;L1218F;F1220A;I1221A;L1224A;I1227T;L1234C;C1235R;C1236Y;S1242C;S1249K;C1253K;C1254D;F1256D;E1258D;P1263K;L1270T,172.0,78.0,1.0,86.0,111.0,176.0
root_child_0_child_1_child_1_child_0_child_0_child_1_child_1|leaf,320,0.748625,320,0.748625,319,MZ477792.1,55,0.726368,318,318,54,-134.02101220002808,-2.4818705962968157,-1.4350399149338156,-1.4350399149338156,-2.906980980670232,-0.9689936602234107,3,V503R;G476K;E471P,N501Y,1,D138Y;N501Y;D614G;V1176F,4,D614G;N501Y,2,I332L:-2.4919;F338T:-3.3167;E340N:-1.7671;N343Y:-2.3560;F347R:-2.1584;R357E:-1.8837;I358D:-3.1976;N360D:-1.9597;A363Y:-3.3175;K378Y:-2.2888;C379V:-4.0862;G381S:-3.6522;L387D:-3.4025;L390V:-3.7422;V395L:-3.4924;A397F:-3.4911;D398V:-3.2640;F400R:-2.7613;I402N:-2.2419;G404P:-2.4145;I410P:-2.7430;G413Y:-2.6433;D427F:-1.9055;C432V:-4.1415;V433W:-3.4957;I434N:-2.4944;W436L:-2.7359;N448Y:-2.3452;Y449L:-1.5400;N450Q:-1.4572;R457S:-1.7278;K462D:-1.3517;P463S:-2.5121;E465I:-1.7659;R466N:-2.0531;E471P:-1.0322;G476K:-0.9661;C480F:-1.6586;V483F:-1.6538;G485F:-1.4615;Y489E:-1.4866;Q498C:-1.2459;T500G:-1.6884;N501Y:-1.4350;V503R:-0.9088;Y508S:-2.6816;V510S:-3.1028;V512A:-3.3615;F515L:-3.1924;L517A:-3.5374;L518A:-2.7709;H519V:-1.7956;A522V:-3.6673;V524G:-4.1764,N17C;T19I;G35Y;Y37D;K41R;H49Y;S50D;L54F;H69N;L84F;K97N;F106T;Q115L;S116N;L117R;I119T;N122A;A123N;I128S;V130C;C131F;F133W;C136L;D138Y;V143S;K150L;E154V;V159S;Y160A;S162T;F168Y;F175E;L176R;Q183N;N185E;L189F;R190F;S205N;H207V;P209F;I210L;D215Q;F220A;E224V;I235Q;L244Y;T250G;S256A;W258G;A263L;A264Q;Y269S;Q271R;T274L;L276E;N280T;I285D;D287A;A288C;D290P;C291S;A292P;P295E;K300F;F306V;Q314N;S316R;R319E;Q321I;V327M;I332L;F338T;E340N;N343Y;F347R;R357E;I358D;N360D;A363Y;K378Y;C379V;G381S;L387D;L390V;V395L;A397F;D398V;F400R;I402N;G404P;I410P;G413Y;D427F;C432V;V433W;I434N;W436L;N448Y;Y449L;N450Q;R457S;K462D;P463S;E465I;R466N;E471P;G476K;C480F;V483F;G485F;Y489E;Q498C;T500G;N501Y;V503R;Y508S;V510S;V512A;F515L;L517A;L518A;H519V;A522V;V524G;C538G;V539N;T549L;G550T;N556L;K558P;L560F;R567A;D568T;A570S;R577L;Q580I;T581I;E583L;I584V;L585T;C590S;V595I;T599G;N606G;Q607V;V608L;D614G;C617A;E619P;H625T;T630N;R634S;V635T;S637G;T638S;G639H;Q644A;A647C;G648I;A653S;H655C;V656S;S673Y;Y674Q;T676R;N679A;R683V;A684S;V687M;S691A;I693N;E702N;N703Y;Y707A;A713N;S721F;T723E;P728K;T732D;V736D;T739Y;M740Y;C743D;D745E;C749Q;L752C;L753S;S758C;R765T;A766E;G769V;V772D;K776G;N777F;T778E;E780F;P793N;G799N;N801L;Q804L;D808S;S813I;I834G;C840I;L841R;G842I;A845L;R847Q;F855N;G857T;L858P;M869A;Q872A;L877G;I882A;T883G;W886V;T887A;F888A;G891A;A893Q;Q895P;P897M;M900G;M902T;A903I;F906Q;V911Y;T912Y;V915E;E918Q;Q920F;Q926G;S929Y;I931K;G932S;D936S;A942K;L948N;A958K;L962F;Q965G;I973N;S975F;L977D;S982E;R983L;V987A;A989V;I993R;G999Q;V1008I;I1018Y;L1024A;A1025T;A1026C;L1034Q;R1039C;K1045Y;L1049F;F1052A;Q1054G;S1055P;H1064T;E1072A;A1078I;C1082D;H1083K;A1087V;H1088R;E1092F;G1093V;W1102Y;Q1113N;I1114T;N1119V;V1129N;G1131N;V1133L;N1134Q;V1137Q;P1140D;L1141P;L1145S;D1146L;F1148L;Y1155K;H1159I;D1165I;D1168N;G1171A;I1172Q;A1174Q;S1175K;V1176F;I1183A;L1186V;E1188S;N1194S;S1196Q;Q1201E;Q1208E;W1212G;Y1215F;L1218A;A1222I;M1229I;L1234T;C1235Y;M1237C;S1242K;G1251C;C1253K;D1259K;P1263L;V1264Y;G1267L;K1269H,198.0,215.0,1.0,27.0,111.0,158.0
root_child_1_child_1_child_0_child_1_child_1_child_1_child_1_child_0_child_1|leaf,321,0.74784,321,0.74784,320,MZ477792.1,43,0.78607,319,319,42,-93.3185804635614,-2.221870963418129,-1.4350399149338156,-1.4350399149338156,-3.4038209257582284,-1.1346069752527428,3,L441D;D405S;I472Q,N501Y,1,D138Y;N501Y;V1176F,3,N501Y,1,T333P:-2.1624;N334H:-2.1748;L335V:-1.9854;T345W:-1.9163;N354I:-1.5971;R355T:-2.6817;D364Y:-2.7447;S366L:-2.4385;V367Y:-2.6067;S383N:-3.5369;T385N:-2.6302;C391T:-4.3715;V395S:-3.7400;Y396K:-2.8716;S399D:-2.3761;I402A:-2.3285;G404R:-1.5897;D405S:-1.1429;G413D:-1.9963;N422L:-3.1081;Y423F:-3.4819;L425D:-2.9019;N437K:-2.2823;L441D:-1.0451;Y449S:-1.7609;R457S:-1.7278;K462T:-1.4070;S469I:-1.7468;I472Q:-1.2159;G476L:-1.4259;G485L:-1.4369;N487G:-1.3894;Y489P:-1.7629;P491G:-1.7822;N501Y:-1.4350;G502P:-1.3416;V503Y:-1.6807;G504P:-1.9402;R509C:-2.3918;S514T:-2.9576;L518P:-3.2451;T531D:-2.9604,F2S;R21S;P26T;T29M;F32V;L48Q;T51L;S60T;W64S;Y91S;F92I;T95I;N99I;R102S;W104L;K113S;T114I;C131Q;C136D;D138Y;N164Y;F168Y;G181Q;G184F;F186N;L189V;E191V;F194Y;I197G;G199Y;F201Y;I203K;H207V;I210G;V213D;Q218L;F220D;P225D;D228N;P230G;I233L;N234F;I235R;T236F;F238I;P251S;A263Q;A264Y;V267T;Y269G;T274L;L276Y;K278T;N282D;T286A;A288C;D290P;C291S;L293C;P295K;T302E;V308I;E309N;K310S;F318V;P322E;E324P;T333P;N334H;L335V;T345W;N354I;R355T;D364Y;S366L;V367Y;S383N;T385N;C391T;V395S;Y396K;S399D;I402A;G404R;D405S;G413D;N422L;Y423F;L425D;N437K;L441D;Y449S;R457S;K462T;S469I;I472Q;G476L;G485L;N487G;Y489P;P491G;N501Y;G502P;V503Y;G504P;R509C;S514T;L518P;T531D;L533K;V534K;N536G;V539N;F541K;N542T;T549Q;E554N;F559D;F562I;Q563F;Q564D;G566I;R567T;T572Q;A575R;D578I;Q580L;L582I;D586F;T588S;S591P;G593S;Y612N;D614Y;N616P;V622D;R634S;T638S;S640R;N641Q;V642L;Q644C;T645E;G648I;H655E;N658I;Y660C;E661D;D663I;T678S;N679R;S680A;R682A;R683S;S686I;A688M;Q690I;I693L;A694L;Y695G;L699S;G700V;Y707A;N709I;N710I;T716S;N717T;I720E;T724K;E725L;I726S;S730T;K733I;S735C;G744D;L754F;T761L;E773V;N777V;Q784K;V785I;K786P;Q787P;Y789T;K790Y;T791F;G798Q;F800I;Q804S;I805P;P809R;S810P;A829Q;C840L;G842A;D843L;A846L;C851G;Q853T;L858P;V860E;L864D;M869T;Q872S;Y873S;T874A;T883G;G885T;F888G;A890L;A892F;Q895P;I896A;M902P;A903F;Y904I;F906V;G908Q;I909N;L916Q;E918A;K921F;L922N;I923N;N925I;F927G;N928L;K947V;L948V;Q954T;V963F;F970I;G971I;N978K;I980E;E988D;Q992R;I993R;T998L;G999Q;T1006Q;Q1011A;L1012R;A1016S;I1018L;A1020L;L1024A;A1025S;T1027C;K1028V;C1032S;L1034S;Q1036D;S1037V;K1038D;R1039D;D1041G;G1046S;H1048S;M1050A;P1053A;S1055H;G1059H;T1066Y;Y1067P;E1072N;A1078D;C1082V;K1086A;R1091F;E1092S;S1097W;H1101F;F1103N;N1108Q;P1112T;T1116N;D1118T;N1119I;T1120G;C1126G;D1127V;V1128T;V1129G;N1134W;P1140L;L1145S;D1146L;F1148E;K1149D;K1154H;V1164L;S1170I;A1174E;S1175I;V1176F;D1184A;N1194D;Y1206K;E1207I;L1218F;G1219L;F1220V;G1223A;V1228I;L1234S;C1236Y;S1239C;G1246S;S1249G;C1253K;C1254F;K1255S;D1260E;S1261V;V1264L;G1267Y;V1268H;K1269H,4.0,10.0,1.0,211.0,117.0,8.0
root_child_0_child_0_child_0_child_1_child_0_child_1_child_1_child_0_child_1|leaf,321,0.74784,321,0.74784,320,MZ477792.1,50,0.751244,319,319,50,-117.04475931423745,-2.340895186284749,-1.4350399149338156,-1.4350399149338156,-3.8833865936604166,-0.9708466484151042,4,E484V;K458S;E340K;F490Y,N501Y,1,N501Y;D614G;H655Y,3,D614G;N501Y,2,N331C:-2.6574;I332N:-2.6228;P337G:-2.7021;G339V:-2.1347;E340K:-1.0697;V341R:-2.3635;T345V:-1.5633;S349R:-1.9652;N354T:-1.8705;A363Y:-3.3175;N370T:-2.6435;T376C:-2.8787;F377P:-3.0968;C379T:-4.2015;C391Y:-4.4373;N394V:-2.5818;V395I:-3.2946;I402G:-2.5120;V407I:-2.8289;I418K:-2.5308;D420Y:-2.0724;K424I:-2.1773;P426D:-2.2753;F429W:-3.6467;A435L:-3.3866;W436N:-2.6391;N437S:-2.2393;D442S:-1.9014;Y449L:-1.5400;N450L:-1.5236;Y451R:-1.7521;Y453L:-2.6361;L455P:-1.4905;R457K:-2.0672;K458S:-0.8868;E465Y:-1.8043;Y473Q:-1.3706;P479A:-1.4502;C480F:-1.6586;E484V:-0.7866;N487P:-2.0089;C488S:-2.1537;F490Y:-1.1402;S494P:-1.3911;F497V:-2.4700;N501Y:-1.4350;P521A:-3.4158;V524G:-4.1764;P527L:-3.2639;S530N:-3.0123,Y28S;T33V;F43V;S50D;F65I;A67V;V70Y;S71T;F79T;N81V;L84D;G89S;T95S;S98I;G103T;W104F;F106T;K113S;V120N;N121G;V127Q;E132D;C136P;N137H;D138P;L141H;W152L;V159N;Y160V;S161C;N164C;S172P;P174L;F175M;M177L;R190V;N196D;I197G;H207P;N211L;V213R;D215Q;L226V;G232I;I235S;T236L;R237L;L241Y;A243H;T250S;P251S;G252S;D253A;S256A;W258A;T259G;Y269E;R273K;F275L;K278E;N280T;T284C;C291I;L293K;P295S;E298K;K300F;L303S;S305G;V308G;P322R;I326R;V327N;F329N;P330C;N331C;I332N;P337G;G339V;E340K;V341R;T345V;S349R;N354T;A363Y;N370T;T376C;F377P;C379T;C391Y;N394V;V395I;I402G;V407I;I418K;D420Y;K424I;P426D;F429W;A435L;W436N;N437S;D442S;Y449L;N450L;Y451R;Y453L;L455P;R457K;K458S;E465Y;Y473Q;P479A;C480F;E484V;N487P;C488S;F490Y;S494P;F497V;N501Y;P521A;V524G;P527L;S530N;N532V;L533C;N536F;K537W;C538F;V539G;L552S;T553L;N556Q;K558Q;F559I;Q563F;Q564R;F565T;R567T;I569L;D574P;R577L;D586S;C590I;F592V;V595I;N603V;L611G;D614G;T618I;P621A;D627T;Q628W;L629T;P631G;Y636T;N641Q;Q644T;T645A;C649D;H655Y;A668S;R682I;I692Y;S698E;G700I;A706S;N709I;S711I;V722P;T723D;E725P;C738S;M740I;D745E;T747N;L753S;Y756F;T761A;Q762T;N764A;G769A;V772E;Q774K;N777F;T778A;Y789G;K790Y;T791F;P792F;I794D;K795F;G798Q;N801Q;P807K;D808S;K811I;F817K;V826I;L828F;A829T;I844G;A846F;L849F;N856P;L858P;P863L;T866E;D867Q;I870L;S875G;L878T;T883G;T887D;G889P;A892M;Q895P;P897T;F898A;M902A;R905N;F906Q;G908Y;N914Q;V915I;F927Q;I931K;G932D;S939K;A942K;L945V;N955A;Q957N;L966T;S967N;G971V;I973S;L977I;R983K;L996D;I997S;T998L;Q1005V;T1009Q;A1015L;L1024A;Q1036V;F1042G;G1044F;G1046Q;F1052S;H1058V;F1062E;T1066V;Y1067P;A1070P;E1072N;I1081V;C1082D;H1083G;D1084F;R1091S;E1092H;V1094F;N1098T;H1101V;W1102N;T1105R;Q1106P;F1109P;Q1113I;T1116D;N1119S;T1120N;I1130V;G1131N;N1134P;N1135Y;L1145E;F1148E;E1150K;E1151D;D1153Y;T1160D;V1164I;G1167I;G1171N;I1172A;A1174V;S1175V;V1176I;Q1180L;E1182N;E1188S;V1189N;A1190L;S1196D;L1197E;I1198F;K1205L;Q1208H;Y1209W;K1211L;P1213L;L1218I;A1222V;I1227M;I1232C;M1233C;C1235M;C1241G;L1244C;C1250E;C1253K;F1256G;K1266T;G1267L;H1271V,89.0,108.0,1.0,29.0,117.0,74.0
root_child_0_child_0_child_0_child_1_child_0_child_1_child_1_child_1|leaf,321,0.74784,321,0.74784,320,MZ477792.1,53,0.736318,319,319,53,-120.82772663255693,-2.279768427029377,-1.4350399149338156,-1.4350399149338156,-6.276305476927678,-1.0460509128212796,6,E484V;R346N;E340K;G446N;K458N;G482S,N501Y,1,N501Y;D614G;H655Y,3,D614G;N501Y,2,N331C:-2.6574;I332N:-2.6228;P337G:-2.7021;G339Q:-1.8710;E340K:-1.0697;V341R:-2.3635;T345V:-1.5633;R346N:-0.9545;S349R:-1.9652;W353R:-2.7154;N354T:-1.8705;K356I:-1.4903;N370T:-2.6435;T376C:-2.8787;C379T:-4.2015;N388C:-2.9500;C391Y:-4.4373;T393D:-2.3590;N394V:-2.5818;V395I:-3.2946;I402G:-2.5120;V407G:-2.9996;Q414I:-2.0841;I418K:-2.5308;D420Y:-2.0724;K424I:-2.1773;P426D:-2.2753;A435N:-3.1173;W436N:-2.6391;N437S:-2.2393;D442N:-1.8971;G446N:-1.0781;Y449L:-1.5400;N450L:-1.5236;Y451R:-1.7521;Y453L:-2.6361;L455F:-1.6478;R457K:-2.0672;K458N:-1.1730;E465Y:-1.8043;Y473I:-1.4722;P479A:-1.4502;C480F:-1.6586;G482S:-1.2145;E484V:-0.7866;N487P:-2.0089;C488S:-2.1537;N501Y:-1.4350;P521A:-3.4158;V524G:-4.1764;G526L:-3.8211;P527L:-3.2639;S530N:-3.0123,Y28S;T33V;F43V;S50D;F65A;A67V;V70Y;F79T;N81V;V83Y;L84D;G89S;T95S;S98R;W104F;V120N;N121G;V127Q;C136P;D138P;L141H;V159N;Y160V;S161C;N164C;S172P;P174L;Q183G;R190V;N196D;I197G;K206T;H207P;N211L;V213R;D215Q;L226V;G232I;I235T;T236L;Q239A;L241Y;A243Y;L249P;T250S;P251S;G252S;D253A;S256A;G257A;W258A;T259G;R273K;F275L;K278E;N280T;C291S;P295S;E298K;L303S;K304F;S305G;V308G;S316V;P322R;I326R;V327N;F329N;P330C;N331C;I332N;P337G;G339Q;E340K;V341R;T345V;R346N;S349R;W353R;N354T;K356I;N370T;T376C;C379T;N388C;C391Y;T393D;N394V;V395I;I402G;V407G;Q414I;I418K;D420Y;K424I;P426D;A435N;W436N;N437S;D442N;G446N;Y449L;N450L;Y451R;Y453L;L455F;R457K;K458N;E465Y;Y473I;P479A;C480F;G482S;E484V;N487P;C488S;N501Y;P521A;V524G;G526L;P527L;S530N;L533C;N536F;K537W;V539G;L546V;L552S;S555K;N556Q;K558F;F559I;Q563F;Q564R;F565T;R567T;I569L;D574P;R577L;I584D;D586S;C590I;F592V;V595I;N603V;L611G;D614G;T618I;P621A;V622P;D627T;Q628W;L629V;P631R;Y636T;N641Q;Q644S;C649D;H655Y;A668S;R682I;R685A;S698E;G700I;N703V;A706S;N709I;S711I;V722P;T723K;E725P;C738S;M740I;D745E;L753S;F759Q;T761A;N764A;G769A;V772E;Q774K;N777F;T778A;Q787Y;Y789G;K790Y;T791F;I794D;K795N;F797I;G798Q;N801Q;S803L;L806K;P807K;D808S;K811I;F817K;V826A;L828F;A829T;I844G;A846F;R847F;L849F;N856L;L858P;P863L;T866E;D867Q;S875G;L878T;T883G;G889P;Q895P;P897T;F898A;M902A;R905N;F906Q;G908Y;N914Q;V915I;F927Q;I931K;G932D;I934A;S939T;A942K;Q957S;L966T;S967N;G971D;I973S;L977I;R983K;V987Q;R995G;L996D;I997S;T998L;Q1005V;T1009Q;A1015L;A1016R;L1024A;M1029L;Q1036V;R1039D;F1042G;G1046Q;F1052S;H1058V;F1062E;L1063P;Y1067P;E1072I;I1081V;H1083G;K1086R;A1087F;F1089S;R1091S;E1092H;V1094F;F1095S;N1098T;T1100F;T1105Y;Q1106E;F1109P;Q1113I;T1116D;N1119S;T1120N;I1130V;G1131N;N1134P;N1135Y;L1145E;F1148E;E1150K;E1151D;D1153Y;T1160D;G1167I;G1171N;A1174V;S1175V;V1176I;E1182N;E1188S;V1189N;A1190N;S1196D;L1197E;I1198K;L1200E;K1205L;Q1208H;Y1209W;K1211A;P1213L;L1218I;F1220A;A1222V;G1223A;I1225V;I1227M;M1233C;C1235M;C1243S;L1244C;C1250E;C1253K;F1256G;K1266T;G1267L;H1271V,121.0,46.0,1.0,114.0,117.0,122.0
root_child_0_child_0_child_1_child_1_child_0_child_0_child_0|leaf,321,0.74784,321,0.74784,320,MZ477792.1,54,0.731343,319,319,53,-123.13971073961305,-2.323390768671944,-1.4350399149338156,-1.4350399149338156,-7.613650094940613,-1.0876642992772305,7,R346T;L455K;Q493G;Q498H;N481K;K458R;T470I,N501Y,1,D138Y;N501Y;D614G;H655Y,4,D614G;N501Y,2,C336E:-3.7452;F338E:-3.0041;F342C:-3.1739;A344V:-1.8710;T345F:-1.7678;R346T:-0.7574;F347S:-2.6728;S349R:-1.9652;R357A:-1.8201;A363L:-3.7553;Y365R:-2.9167;S366A:-1.9824;N370T:-2.6435;S371F:-1.9489;D389Y:-3.0997;C391N:-4.1519;A397I:-2.8788;I402N:-2.2419;R403E:-1.4411;D405N:-1.7898;V407N:-2.7556;A419N:-2.9121;L425T:-3.2848;D427C:-2.4535;T430W:-2.7877;C432A:-4.2640;S438L:-1.5900;L441V:-1.5410;S443Y:-1.8219;Y449L:-1.5400;N450F:-1.4575;Y451F:-1.7325;L455K:-1.0570;K458R:-1.2139;S459L:-1.5423;S469I:-1.7468;T470I:-1.2259;C480F:-1.6586;N481K:-1.1432;L492S:-1.7157;Q493G:-1.1046;Y495N:-2.5362;Q498H:-1.1116;N501Y:-1.4350;V503L:-1.4508;R509L:-2.2959;V510E:-2.9943;F515H:-3.2990;P521V:-3.6426;T523C:-3.7458;V524G:-4.1764;P527L:-3.2639;S530N:-3.0123,L5A;R34Y;D40F;V42F;F43V;R44L;L48T;S50D;P57N;W64F;S71R;G72K;T73V;L84F;G89Y;K97N;S98G;W104F;I105T;T109D;L117E;I128V;K129F;C131E;F135N;N137D;D138Y;L141H;N149P;W152S;M153N;F157V;A163T;N164H;P174G;D178G;E180N;R190K;D198Y;F201S;I203L;Y204F;G219S;S221P;L223D;E224V;G232I;I233T;I235S;R237A;F238T;L244R;H245P;Y248T;G252S;S256A;Y265G;Y266V;Y269P;L270R;P272Y;T274L;L276K;G283I;I285A;T286A;D290A;C291S;A292D;P295S;V308G;G311Y;I312R;E324N;C336E;F338E;F342C;A344V;T345F;R346T;F347S;S349R;R357A;A363L;Y365R;S366A;N370T;S371F;D389Y;C391N;A397I;I402N;R403E;D405N;V407N;A419N;L425T;D427C;T430W;C432A;S438L;L441V;S443Y;Y449L;N450F;Y451F;L455K;K458R;S459L;S469I;T470I;C480F;N481K;L492S;Q493G;Y495N;Q498H;N501Y;V503L;R509L;V510E;F515H;P521V;T523C;V524G;P527L;S530N;V539N;T549F;G550V;V551T;L552E;E554L;N556L;F559I;P561I;Q563S;D568A;I569L;D574P;R577L;L582I;E583P;D586S;I587S;G601T;S605V;Q607Y;Y612Q;Q613I;D614G;C617H;T618A;V622Q;Q628W;T632S;W633Y;G639N;F643L;Q644R;T645A;A647C;C649E;A653H;H655Y;A668S;P681A;A684S;V687I;I692A;L699S;A701Y;N703A;Y707N;N709I;N717V;V722T;I726V;L727V;T734M;M740L;D745E;S746L;C749R;L753S;Q755L;T761L;N764A;T768I;Q787Y;T791K;P792I;I794D;N801Q;Q804D;I805P;L806P;P807K;D808P;P809K;R815I;S816M;L822K;N824V;K825A;V826K;D830F;G832D;I844A;C851K;K854V;L858V;L864T;T866E;D867Q;I870A;Y873A;L878T;G880I;I882T;T883Q;S884A;G889Q;I896Q;F898M;M902V;R905N;F906T;N907I;G908V;I909Y;G910T;N914Q;V915N;N919L;K921A;A930G;K933D;A942K;A944D;Q965G;S968G;N969A;I973S;V976N;D985E;E988Q;A989V;V991I;I993R;D994L;R995G;L996D;L1012E;R1014V;I1018S;R1019A;S1021T;L1024V;M1029E;C1032Y;P1053S;Q1054P;H1058T;F1062Q;Y1067A;Q1071N;H1088V;F1089R;R1091G;E1092F;V1094S;F1095S;G1099T;T1105R;Q1106P;N1108E;F1109T;D1118S;N1119T;T1120V;D1127V;I1130V;N1134V;P1140D;L1141P;D1146K;F1148K;E1150L;Y1155K;F1156V;K1157H;N1158S;H1159D;T1160P;S1161D;D1163I;D1165G;G1167I;V1176I;N1178K;N1187V;E1188S;V1189N;N1192E;N1194K;I1198L;Y1209K;I1210W;I1221G;G1223I;L1224I;I1232L;M1233C;C1236G;C1240S;L1244S;C1247K;C1253K,144.0,85.0,1.0,170.0,117.0,141.0
root_child_0_child_0_child_0_child_1_child_0_child_1_child_0_child_0_child_0|leaf,321,0.74784,321,0.74784,320,MZ477792.1,56,0.721393,319,319,56,-131.63512796843912,-2.3506272851506997,-1.4350399149338156,-1.4350399149338156,-5.371619618297489,-1.0743239236594977,5,E484V;E340K;Q493G;K458N;N460D,N501Y,1,N501Y;D614G;H655Y,3,D614G;N501Y,2,N331C:-2.6574;C336F:-4.0466;P337G:-2.7021;G339Q:-1.8710;E340K:-1.0697;V341R:-2.3635;T345C:-1.9999;S349R:-1.9652;N354T:-1.8705;C361V:-3.9488;D364F:-2.7217;N370T:-2.6435;S373F:-1.5128;T376C:-2.8787;C379T:-4.2015;C391Y:-4.4373;T393D:-2.3590;N394F:-2.5655;Y396S:-2.9446;D398R:-3.0994;I402G:-2.5120;V407I:-2.8289;I418K:-2.5308;D420Y:-2.0724;Y423D:-3.1262;K424F:-2.2279;P426D:-2.2753;G431V:-3.8931;W436N:-2.6391;N437S:-2.2393;D442N:-1.8971;Y449L:-1.5400;N450L:-1.5236;Y451R:-1.7521;L455P:-1.4905;R457K:-2.0672;K458N:-1.1730;N460D:-1.2377;E465Y:-1.8043;D467S:-1.7135;S469Q:-1.9330;Y473I:-1.4722;P479A:-1.4502;C480F:-1.6586;E484V:-0.7866;N487P:-2.0089;C488S:-2.1537;Q493G:-1.1046;P499N:-1.3683;N501Y:-1.4350;R509S:-2.3844;L513P:-3.6085;P521A:-3.4158;V524G:-4.1764;P527L:-3.2639;S530N:-3.0123,Y28S;T33V;F43V;S50D;T63F;F65N;H66Y;A67V;V70Y;N74T;F79T;L84D;S98R;G103F;W104F;D111F;T114I;I119N;V120N;N121G;T124C;V127Q;C136P;D138P;P139H;L141H;M153E;V159N;Y160V;S161C;N164C;S172P;P174L;F175M;R190V;N196D;I197G;H207N;N211L;V213R;D215Q;P217F;S221L;L226V;G232I;T236L;F238T;L241Y;T250S;P251S;G252S;D253A;S256A;W258A;T259A;R273K;T274L;F275L;N280T;C291S;P295S;E298K;L303S;S305G;N317R;P322R;I326R;V327N;F329N;P330C;N331C;C336F;P337G;G339Q;E340K;V341R;T345C;S349R;N354T;C361V;D364F;N370T;S373F;T376C;C379T;C391Y;T393D;N394F;Y396S;D398R;I402G;V407I;I418K;D420Y;Y423D;K424F;P426D;G431V;W436N;N437S;D442N;Y449L;N450L;Y451R;L455P;R457K;K458N;N460D;E465Y;D467S;S469Q;Y473I;P479A;C480F;E484V;N487P;C488S;Q493G;P499N;N501Y;R509S;L513P;P521A;V524G;P527L;S530N;L533C;N536F;K537W;V539G;L552S;N556Q;K558F;F559I;Q563D;Q564R;F565D;R567T;I569L;D574P;R577L;Q580L;D586S;C590I;F592V;V595I;S596P;N603V;L611G;D614G;T618I;P621A;V622Q;H625L;L629T;N641T;G648A;C649D;G652C;H655Y;A668S;T678H;R682I;S686A;I692G;G700N;A706S;N709I;S711I;T719V;V722P;T723K;E725P;C738S;M740I;D745E;L753S;T761A;Q762R;N764A;G769A;V772E;Q774K;N777F;T778Q;K786Q;Y789G;K790Y;T791F;I794D;K795N;N801Q;S803D;L806K;P807K;D808S;K811I;K814D;R815F;F817K;L821F;L828F;A829T;G838I;G842F;I844G;A846D;L849F;N856P;G857P;L858P;P863L;L864Q;T866E;D867Q;S875G;L878T;G889P;Q895P;P897T;F898A;R905N;F906Q;G908Y;V911L;N914Q;V915I;A924S;F927Q;N928I;I931K;G932D;Q935A;S939T;A942K;L962K;Q965S;L966T;I973S;S975L;L977I;R983K;E988V;D994I;R995I;L996D;I997S;T998L;Q1005V;T1009Q;A1015L;L1024A;Q1036V;D1041K;G1046Q;M1050A;F1052S;H1058V;F1062E;K1073F;I1081V;H1088V;F1089S;R1091S;V1094F;F1095H;N1098T;T1105R;Q1106P;R1107I;F1109P;T1116D;D1118N;N1119S;T1120N;S1123V;I1130V;G1131N;N1134P;N1135Y;Y1138P;L1145E;E1150K;E1151D;D1153Y;T1160D;G1167I;A1174V;S1175V;V1176I;E1182N;I1183L;E1188S;V1189N;A1190L;S1196D;L1197E;I1198K;L1200Q;K1205L;Q1208H;Y1209W;K1211A;P1213L;L1218I;A1222V;I1227M;M1233C;C1235M;S1239C;C1241G;L1244C;C1250E;C1253K;F1256Y;D1257Y;K1266T;G1267L;H1271V,190.0,117.0,1.0,149.0,117.0,176.0
root_child_0_child_0_child_1_child_0_child_0_child_0_child_1_child_1_child_0|leaf,321,0.74784,321,0.74784,320,MZ477792.1,60,0.701493,314,314,59,-137.32144222454622,-2.327482071602478,-1.4350399149338156,-1.4350399149338156,-6.551024029670162,-1.0918373382783604,6,R346A;E471G;G485E;Q498Y;F456S;K458R,N501Y,1,N501Y;D614G,2,D614G;N501Y,2,N334P:-1.9699;E340F:-1.5435;V341S:-2.9125;F342A:-2.9436;T345Y:-2.0228;R346A:-0.9806;F347R:-2.1584;S349R:-1.9652;V350T:-3.0885;W353K:-2.7975;N354R:-1.2966;V362Y:-3.1662;Y369G:-3.1677;N370T:-2.6435;S375Y:-2.1412;F377D:-2.6467;L390Y:-3.5850;C391Y:-4.4373;V395R:-3.2027;E406I:-1.6642;A411N:-2.9595;Q414A:-2.1073;T415K:-2.0732;A419Y:-3.1459;D427C:-2.4535;D428V:-2.2825;V433N:-3.2052;N437D:-2.4091;S438L:-1.5900;N440S:-1.2506;D442V:-2.1816;G446Y:-1.4345;L455Y:-1.3518;F456S:-1.2075;R457D:-1.7238;K458R:-1.2139;L461F:-1.9409;K462L:-1.4119;E471G:-0.9933;C480F:-1.6586;V483F:-1.6538;G485E:-1.0488;L492S:-1.7157;F497Y:-2.6347;Q498Y:-1.1069;P499N:-1.3683;T500Y:-1.3583;N501Y:-1.4350;R509S:-2.3844;V512A:-3.3615;L517P:-2.9521;P521V:-3.6426;A522K:-2.7637;T523K:-3.3015;V524S:-3.9754;C525S:-4.2948;P527F:-3.4986;S530N:-3.0123;T531L:-2.8851,L10C;T19R;L24S;F43V;S46H;W64I;A67G;R78V;F79P;D80P;L84N;N87G;F92T;T95I;S98I;I101F;G103I;W104F;I105T;T109D;Q115V;I119V;C131N;E132Q;F133D;L141H;M153E;E154N;S162N;N164T;N165F;P174G;L176G;Q183N;N196H;K202H;I203L;Y204F;H207P;L216Q;Q218P;E224L;D228P;G232I;I235A;T236N;F238L;Q239L;A243Y;H245T;Y248D;D253T;S256A;G257D;T259A;A260Y;Y266L;T286A;C291S;P295S;E298Q;C301L;V308K;S316F;F318V;V327P;P330V;N334P;E340F;V341S;F342A;T345Y;R346A;F347R;S349R;V350T;W353K;N354R;V362Y;Y369G;N370T;S375Y;F377D;L390Y;C391Y;V395R;E406I;A411N;Q414A;T415K;A419Y;D427C;D428V;V433N;N437D;S438L;N440S;D442V;G446Y;L455Y;F456S;R457D;K458R;L461F;K462L;E471G;C480F;V483F;G485E;L492S;F497Y;Q498Y;P499N;T500Y;N501Y;R509S;V512A;L517P;P521V;A522K;T523K;V524S;C525S;P527F;S530N;T531L;F541L;T549F;F559A;L560F;I569L;D574P;R577L;I584T;D586S;V595I;V597P;S605Q;Q607N;Y612Q;D614G;C617T;V622Q;A626Q;D627L;V635S;T638Q;R646I;G648I;V656S;N658I;S659C;A668S;T676K;R682A;A684S;A688I;Q690A;I692S;V705N;Y707N;N709I;S721T;V722E;I726T;T734M;D737C;T739K;M740I;Y741W;D745E;S746C;T747N;L753S;Y756S;C760T;Q762N;N764A;I770D;Q779K;V781K;V785Q;T791F;P792K;I794D;N801Q;F802K;S803D;D808P;F817K;L828Y;D830K;I834D;Y837G;D843C;I844T;R847I;D848I;C851L;K854G;L865I;T866E;D867M;Q872L;Y873A;L878T;G880A;T883G;S884W;F888I;M900A;Q901R;M902V;R905F;F906N;N907Y;I909Y;N914Q;S929G;G932Q;D936L;A942K;A944L;K947V;V951A;V952Q;N953A;A958N;V963S;K964S;I973S;L977I;D979F;I980D;V987I;E988V;V991M;Q992D;I993T;D994L;R995G;L996D;Q1010A;L1012E;I1013W;R1014A;A1022L;L1024A;A1026K;M1029L;C1032G;G1035R;F1042G;C1043G;G1046F;L1049Q;M1050Q;F1062H;H1064A;Y1067A;Q1071C;F1075T;T1076P;P1079I;A1080H;K1086V;P1090V;E1092F;G1093T;V1094F;S1097T;T1105R;Q1106P;E1111Q;T1117F;T1120N;N1125I;V1128G;I1130E;G1131N;N1134V;N1135Y;Y1138P;L1141P;D1146K;F1148K;K1157H;N1158S;T1160P;G1167I;V1176I;V1177Q;N1178K;I1179Q;I1183K;E1188K;V1189A;N1192E;L1197E;G1204E;Y1209K;P1213G;W1214G;I1225V;M1233S;G1246C;C1248S;C1250S;C1253K;F1256S;E1258D;D1260Y;E1262L;K1266V,214.0,94.0,1.0,177.0,117.0,218.0
root_child_1_child_1_child_0_child_1_child_1_child_1_child_0_child_1|leaf,322,0.747054,322,0.747054,321,MZ477792.1,42,0.791045,318,318,41,-92.77317175178831,-2.2627602866289833,-1.4350399149338156,-1.4350399149338156,-2.3819048269127694,-1.1909524134563847,2,N481V;I472Q,N501Y,1,D138Y;N501Y,2,N501Y,1,L335V:-1.9854;E340N:-1.7671;T345W:-1.9163;N354I:-1.5971;R355P:-2.6999;D364Y:-2.7447;S366L:-2.4385;V367Y:-2.6067;S383N:-3.5369;T385N:-2.6302;C391T:-4.3715;F392G:-3.8505;V395S:-3.7400;S399D:-2.3761;I402A:-2.3285;D405G:-1.3426;R408I:-1.6834;G413D:-1.9963;G416N:-2.5530;D420Y:-2.0724;N422L:-3.1081;L425D:-2.9019;N437K:-2.2823;Y449F:-1.3317;R457S:-1.7278;K462T:-1.4070;S469I:-1.7468;I472Q:-1.2159;G476L:-1.4259;N481V:-1.1660;N487G:-1.3894;Y489P:-1.7629;N501Y:-1.4350;G502P:-1.3416;V503Y:-1.6807;G504P:-1.9402;R509C:-2.3918;S514T:-2.9576;L518P:-3.2451;K528S:-3.1179;T531D:-2.9604,R21S;A27N;T29M;S31D;F32V;R34Y;L48T;V70N;T76L;F86Y;N87S;G89S;F92I;T95I;N99I;R102S;W104I;K113S;T114I;L117R;L118N;C131Q;C136D;D138Y;N149E;Y170S;M177G;G181Q;G184R;F186E;E191C;I197G;F201Y;I203K;Y204D;H207V;I210G;R214L;L216F;P217G;Q218L;F220D;D228N;P230G;I233F;N234Q;I235R;T236F;F238I;P251S;G261A;A263Q;A264L;V267T;L276Y;K278T;N282D;T286A;A288C;C291S;P295K;T302E;V308S;K310S;N317F;F318S;E324P;L335V;E340N;T345W;N354I;R355P;D364Y;S366L;V367Y;S383N;T385N;C391T;F392G;V395S;S399D;I402A;D405G;R408I;G413D;G416N;D420Y;N422L;L425D;N437K;Y449F;R457S;K462T;S469I;I472Q;G476L;N481V;N487G;Y489P;N501Y;G502P;V503Y;G504P;R509C;S514T;L518P;K528S;T531D;L533K;V534K;V539N;F541K;N544G;T549Q;G550S;T553P;F559D;F562I;Q563F;Q564D;G566I;R567T;T573C;A575R;L582I;E583S;D586F;N603S;D614Y;N616P;V622D;A626Y;T630R;R634S;T638S;N641T;V642L;Q644C;T645E;G648I;G652N;H655E;Y660C;E661D;D663Q;T678S;S680A;R683S;S686I;A694L;Y695G;L699S;N703V;S704A;A706N;Y707I;N709I;N710I;A713S;P715D;T716S;N717I;T724K;E725L;I726S;S730T;K733I;S735C;C743S;G744D;L754F;T761L;N764E;E773V;N777V;T778E;A783I;Q784K;V785I;Q787P;K790Y;T791F;G798Q;F800I;F802I;Q804S;I805P;S810P;S813R;L821F;A829Q;C840L;G842A;D843L;C851G;Q853T;G857P;L858P;M869Q;I870Q;Y873S;T874A;A876L;T883G;G885T;F888G;A890L;A892F;Q895P;I896A;M902P;A903F;Y904I;F906Q;G908Q;N914Q;L916Q;Y917Q;E918A;Q920N;K921F;L922N;N925I;F927G;N928L;I931D;S943L;K947D;L948V;Q949V;N953L;Q954T;A958S;V963F;S967I;F970I;G971I;N978K;A989Q;Q992D;I993T;D994L;T998L;G999Q;R1000Y;L1001S;I1018L;A1020L;L1024A;A1025S;T1027C;C1032S;L1034S;S1037M;K1038D;R1039D;D1041G;G1046S;H1048S;M1050A;F1052S;P1053A;S1055L;P1057Y;G1059H;H1064P;T1066P;E1072N;C1082V;K1086A;H1088R;E1092S;S1097W;H1101N;N1108Q;Q1113F;T1116N;N1119I;C1126V;D1127V;V1128T;V1129G;N1134D;P1140Q;L1145S;D1146L;F1148E;K1149L;K1154H;N1158V;P1162L;V1164L;I1169G;S1170N;G1171E;N1173K;S1175I;V1176N;N1178I;L1186V;N1194D;Y1206K;E1207I;L1218F;G1219A;F1220V;G1223A;V1228C;L1234S;C1236L;G1246S;C1247S;S1249G;K1255S;D1260E;V1264L;K1266F;V1268H,3.0,35.0,1.0,235.0,123.0,3.0
root_child_0_child_0_child_1_child_0_child_1_child_1_child_0_child_0_child_1_child_1|leaf,322,0.747054,322,0.747054,321,MZ477792.1,51,0.746269,316,316,50,-121.47747603111307,-2.429549520622261,-1.4350399149338156,-1.4350399149338156,-4.127701091883875,-1.0319252729709687,4,R346T;G476K;Q498T;K458R,N501Y,1,N501Y;D614G,2,D614G;N501Y,2,N331C:-2.6574;N334F:-2.2519;F342N:-2.7584;T345Y:-2.0228;R346T:-0.7574;A348R:-1.2580;S349R:-1.9652;D364Y:-2.7447;Y365A:-3.5437;L368N:-2.8684;N370F:-2.2806;T376A:-2.7987;Y380S:-3.1557;S383T:-3.3231;K386N:-3.1888;C391Y:-4.4373;Y396S:-2.9446;A397E:-3.0999;F400I:-3.4071;D405G:-1.3426;E406R:-1.3158;R408I:-1.6834;Q414A:-2.1073;A419K:-2.5527;D420P:-2.1140;N422F:-3.0747;D427C:-2.4535;C432V:-4.1415;S438L:-1.5900;G446Y:-1.4345;N448Q:-2.3560;Y449L:-1.5400;K458R:-1.2139;I472Y:-1.3320;G476K:-0.9661;G485C:-1.6490;L492S:-1.7157;Q498T:-1.1903;P499G:-1.6178;T500V:-1.4177;N501Y:-1.4350;Y508V:-2.5195;V512A:-3.3615;L517T:-3.4471;L518H:-2.9350;A520T:-3.4122;P521V:-3.6426;V524G:-4.1764;P527L:-3.2639;S530N:-3.0123,T19I;L24S;R34G;D40F;F43V;Q52F;L56F;T63A;A67G;G72K;T76I;D80F;P82L;L84G;A93T;I101G;W104F;I105T;I119T;N121T;N137D;D138L;P139L;L141H;K150S;W152L;M153Y;R158N;P174G;M177D;D178S;Q183R;K195I;N196D;I197G;Y200K;F201K;K202H;I203L;Y204F;T208L;I210D;R214L;L223D;D228P;N234T;I235S;F238L;L244T;H245S;Y248D;L249S;G252S;S255T;S256A;G257A;W258L;T259A;A260Y;V267R;K278I;E281G;T284L;V289L;C291L;A292E;P295S;T299C;K300L;C301T;V308G;V320N;P322E;T323I;V327P;F329T;N331C;N334F;F342N;T345Y;R346T;A348R;S349R;D364Y;Y365A;L368N;N370F;T376A;Y380S;S383T;K386N;C391Y;Y396S;A397E;F400I;D405G;E406R;R408I;Q414A;A419K;D420P;N422F;D427C;C432V;S438L;G446Y;N448Q;Y449L;K458R;I472Y;G476K;G485C;L492S;Q498T;P499G;T500V;N501Y;Y508V;V512A;L517T;L518H;A520T;P521V;V524G;P527L;S530N;K535N;K537G;C538F;F543L;T549F;V551N;F559C;Q563V;Q564G;I569L;D571R;D574P;R577L;P579T;Q580D;D586S;C590G;S591F;I598S;T599L;G601T;A609L;Y612V;Q613V;D614G;T618I;A647I;G648I;I651H;V656S;I666G;A668S;Y674K;Q690I;V705S;Y707N;N709I;S711I;F718T;V722P;T724L;E725P;I726P;M731D;T734M;S735C;M740I;Y741E;I742S;G744S;D745E;S746L;S750Q;L752G;L753S;Y756S;T761L;N764A;A766Q;V772D;T778I;F782A;Q787C;T791F;P792A;I794D;K795F;F797I;N801S;S803I;P807K;S813F;K814L;S816L;F817E;D830F;C840A;G842A;I844A;C851S;Q853S;F855G;L858P;P862L;T866S;D867Q;I870S;Y873A;L878T;T883G;W886G;G891A;A892L;F906N;I909Q;T912L;N914Q;V915Q;Y917F;K921A;F927A;N928K;S929I;T941S;A942L;S943Q;N953A;V963S;I973S;N978K;D979F;D985E;E988L;E990I;Q992D;I993L;R995T;L996D;I997R;L1004Y;Q1010I;Q1011T;L1012E;A1022L;L1024A;M1029C;G1035D;R1039D;V1040C;G1044L;G1046S;H1048Q;M1050F;A1056F;H1058F;F1062H;V1065Y;V1068N;N1074T;C1082K;F1089V;E1092F;V1094F;S1097T;N1098Q;H1101T;W1102Y;T1105R;Q1106P;R1107Y;N1108Y;Q1113I;I1115V;T1117N;T1120N;I1130V;G1131N;N1134V;Y1138L;P1140Q;L1141P;Q1142L;D1146K;F1148D;Y1155Q;H1159V;T1160P;G1167I;S1175E;V1176I;V1177Q;N1178K;I1179D;V1189N;N1192L;S1196L;I1198Q;I1210L;P1213G;W1217I;G1219I;M1229I;M1233A;C1236T;M1237C;T1238C;S1239C;C1253K;E1262L;H1271N,128.0,192.0,1.0,89.0,123.0,88.0
root_child_0_child_1_child_0_child_1_child_1_child_0_child_0|leaf,322,0.747054,322,0.747054,321,MZ477792.1,53,0.736318,320,320,52,-127.87774485518021,-2.459187401061158,-1.4350399149338156,-1.4350399149338156,-7.214051340084765,-1.0305787628692522,7,K444G;E471K;G476K;F490S;T470N;N481V;Q493Y,N501Y,1,N501Y;D614G;H655Y,3,D614G;N501Y,2,N331T:-2.4198;I332L:-2.4919;E340F:-1.5435;F347V:-2.4887;S349T:-2.4938;V350W:-3.2836;A352S:-2.3156;W353M:-3.3373;R355L:-2.6175;I358D:-3.1976;D364V:-2.7534;L368A:-3.1493;A372F:-1.3989;G381Y:-3.7729;V382K:-3.2429;S383N:-3.5369;L387D:-3.4025;N388L:-2.8338;L390V:-3.7422;N394F:-2.5655;F400V:-3.5836;G404V:-2.2315;A411G:-3.1893;P412T:-3.3095;G413I:-2.5114;G416Y:-2.8096;Y421T:-2.7281;K424D:-2.2615;V433S:-3.2694;I434L:-2.3325;N437L:-2.3843;S443N:-1.7859;K444G:-0.7259;Y449L:-1.5400;F464T:-2.2843;T470N:-1.1629;E471K:-0.8356;G476K:-0.9661;C480F:-1.6586;N481V:-1.1660;G485Y:-1.5747;N487L:-1.6381;F490S:-1.1427;Q493Y:-1.2148;F497V:-2.4700;N501Y:-1.4350;G504Q:-1.7347;S514A:-3.5195;E516H:-2.8405;L518P:-3.2451;A520C:-3.7635;V524S:-3.9754,V36S;K41S;Q52F;W64A;H69N;G75L;K77D;D88S;G89Y;T95I;L117I;I128S;N137P;D138L;F140D;K150L;E156S;V159S;S161T;N164Y;Q173D;F175E;L176K;N188R;L189N;R190Y;I197K;G199K;H207P;P209D;Q218E;S221V;L223P;E224V;N234L;I235Q;T236S;L244S;D253G;S255A;S256A;G261A;G268R;Q271R;L276K;L277H;Y279I;D287L;A288D;C291S;L296C;T299K;S316F;R319S;V320T;Q321V;V327I;R328L;N331T;I332L;E340F;F347V;S349T;V350W;A352S;W353M;R355L;I358D;D364V;L368A;A372F;G381Y;V382K;S383N;L387D;N388L;L390V;N394F;F400V;G404V;A411G;P412T;G413I;G416Y;Y421T;K424D;V433S;I434L;N437L;S443N;K444G;Y449L;F464T;T470N;E471K;G476K;C480F;N481V;G485Y;N487L;F490S;Q493Y;F497V;N501Y;G504Q;S514A;E516H;L518P;A520C;V524S;V539N;G550N;K558P;F559P;L560F;P561G;D568T;I569L;Q580L;I584D;D586P;T588G;C590I;S591I;G593T;S596T;T599G;T602L;N603L;N606V;Q607V;V608N;D614G;C617E;T618V;E619V;V620A;V622I;Q628P;T630V;Y636N;G639T;G648A;C649I;L650Y;H655Y;V656S;E661I;S673T;P681S;S689I;Q690D;S691A;I693T;Y695L;M697L;S698A;T716F;T723E;E725P;I726P;L727S;V729D;D745E;T747K;L752C;S758C;C760Q;L763T;A766K;K776F;N777Q;T778A;K790G;K795H;G798N;G799F;F800I;N801P;Q804L;P807S;D808S;K811E;R815D;F817L;I818L;L822N;N824V;K825T;D830L;F833K;C840A;I844L;R847Q;C851F;K854Y;L858P;L861D;P863L;M869A;I870A;Q872L;G880S;I882S;T883G;G885T;A903Y;F906Q;G908I;G910V;Q913I;N914R;V915E;Q920L;K921Q;L922A;Q926N;F927A;N928I;I931K;G932Q;K933T;S940G;A942K;L945K;G946V;L948N;D950N;L959T;N960S;Q965G;S967V;S968G;S974N;V976L;N978V;R983E;L984K;D985V;Q992I;D994I;T998L;G999Q;L1004Q;Q1005V;T1006V;Y1007V;A1015S;I1018S;N1023E;L1024A;A1025S;A1026K;T1027C;E1031L;G1035R;D1041C;F1042S;G1044F;K1045H;Q1054G;S1055P;V1061H;L1063Y;Y1067E;E1072N;T1077H;A1080K;C1082D;H1083K;H1088R;E1092F;G1093H;V1094S;T1100W;H1101Q;T1105Y;N1108Q;Y1110T;Q1113T;T1116S;D1118T;D1127I;V1128G;G1131N;I1132D;N1134P;T1136Y;V1137Q;P1143F;S1147Y;E1150D;F1156H;T1160G;G1171A;V1176L;I1179K;I1183E;L1186V;L1193E;E1195S;I1198E;Y1206W;Q1208E;K1211P;W1212L;W1214I;I1225V;V1230M;I1232L;S1242K;C1250S;G1251C;C1253K;K1255E;D1259K;P1263L;L1265V;G1267K;V1268T,175.0,207.0,1.0,87.0,123.0,122.0
root_child_1_child_0_child_0_child_1_child_0_child_1_child_1_child_0|leaf,322,0.747054,322,0.747054,321,MZ477792.1,60,0.701493,318,318,59,-129.79143978174145,-2.1998549115549393,-1.4350399149338156,-1.4350399149338156,-5.626731458448107,-0.9377885764080179,6,K444G;L455R;E471K;R346A;Q498Y;A475S,N501Y,1,D138Y;N501Y;D614G;H655Y,4,D614G;N501Y,2,N331T:-2.4198;N334C:-2.3489;L335F:-2.4471;C336G:-4.1551;P337D:-2.0684;G339I:-2.0586;N343R:-1.9782;R346A:-0.9806;F347S:-2.6728;S349N:-1.8600;S359V:-3.1119;S371F:-1.9489;K378S:-1.9727;Y380K:-2.8656;K386F:-3.0381;L387D:-3.4025;N388F:-2.6581;V395Y:-3.8042;S399D:-2.3761;G404I:-2.1620;D405N:-1.7898;R408I:-1.6834;Q409A:-2.7239;A411N:-2.9595;G413D:-1.9963;I418D:-2.5883;A419L:-3.0512;D420Y:-2.0724;N422L:-3.1081;Y423F:-3.4819;L425D:-2.9019;D427V:-2.2239;W436K:-2.1526;S438C:-1.8681;L441G:-1.5347;K444G:-0.7259;N448R:-2.0016;L455R:-0.7754;R457E:-1.4052;P463E:-2.4290;F464S:-2.1239;D467Q:-1.7687;I468T:-1.4779;E471K:-0.8356;A475S:-1.2023;G476Y:-1.3284;S477P:-1.2969;V483F:-1.6538;N487L:-1.6381;Y495F:-2.3210;F497G:-2.6886;Q498Y:-1.1069;N501Y:-1.4350;G504P:-1.9402;Q506V:-2.3494;Y508S:-2.6816;V512K:-3.1138;F515L:-3.1924;H519A:-1.8343,F4T;T19L;R21S;A27N;T33V;T51L;Q52F;K77F;N81F;P85N;D88A;F92K;K97N;W104G;K113S;A123Q;Q134D;D138Y;L141V;G142Q;N148S;W152F;Y160F;N165V;L179G;K182Q;G184F;N185E;F186L;L189F;F201K;H207V;V213G;G219E;F220L;S221L;L229I;P230N;G257A;T259Y;V267G;Q271N;R273Y;T274N;F275K;L276Y;L277N;Y279V;E281I;N282T;T286A;C291S;S297T;S305Y;T315R;N317R;Q321V;N331T;N334C;L335F;C336G;P337D;G339I;N343R;R346A;F347S;S349N;S359V;S371F;K378S;Y380K;K386F;L387D;N388F;V395Y;S399D;G404I;D405N;R408I;Q409A;A411N;G413D;I418D;A419L;D420Y;N422L;Y423F;L425D;D427V;W436K;S438C;L441G;K444G;N448R;L455R;R457E;P463E;F464S;D467Q;I468T;E471K;A475S;G476Y;S477P;V483F;N487L;Y495F;F497G;Q498Y;N501Y;G504P;Q506V;Y508S;V512K;F515L;H519A;T547L;T549Q;T553N;N556F;K558L;F559D;Q564I;F565R;D568T;V576Q;T581L;L582I;I584H;C590G;G593I;V595I;V597G;P600T;T602Q;N603A;D614G;C617H;T618E;H625K;L629P;N641L;T645E;G648I;A653V;H655Y;N657E;N658D;E661D;C662A;D663A;G669I;C671Q;Q677T;R683I;A684Q;V687Y;A688Q;L699V;V705Y;N710I;S711I;T716F;T724I;E725P;I726T;P728D;M731T;E748G;C749L;L753S;Y756T;G757S;S758T;C760R;T761N;N764A;R765V;T768F;A771E;E773D;T778V;Q779K;V781Q;V785L;K786T;P793I;F802P;Q804S;D808S;K811S;S813P;R815L;L822K;N824I;V826A;T827F;L828D;C840L;L841I;G842A;D843A;D848A;C851A;G857T;L858P;L864T;E868A;M869Q;T874G;L877I;T883G;W886A;A899Y;Y904I;R905G;F906Q;N907V;I909T;Y917Q;N919A;L922N;Q926N;N928L;G932Q;K933Q;T941K;V951N;N953T;L959T;V963F;S967F;S968L;F970A;G971I;I973D;S974V;S975I;V976N;N978K;R983K;V987A;E988I;A989Q;D994I;R995S;L996T;I997S;T998Q;Q1002V;Y1007L;E1017N;I1018L;S1021N;L1024A;A1025T;M1029V;E1031V;S1037V;V1040P;F1042Y;L1049P;M1050A;P1053A;A1056W;F1062H;V1065Y;Y1067A;V1068E;P1069Q;Q1071K;F1075I;A1078R;C1082H;H1083P;E1092S;V1096T;T1105N;Q1113V;T1117C;N1119G;C1126G;D1127V;G1131D;V1133N;N1134P;D1139S;L1145F;S1147D;K1149N;F1156N;H1159V;S1161D;V1164N;L1166D;G1167N;S1170I;S1175I;V1177I;Q1180R;V1189K;N1194G;I1198Q;L1200Y;E1207I;W1212I;W1217F;F1220A;L1224V;I1227C;M1233S;C1236Y;C1240S;L1244C;S1249K;C1253K;L1265H;H1271T,184.0,6.0,1.0,10.0,123.0,218.0
root_child_0_child_0_child_0_child_0_child_0_child_0_child_0_child_1_child_0|leaf,322,0.747054,322,0.747054,321,MZ477792.1,53,0.736318,318,318,51,-132.3970058575527,-2.5960197226971125,,,-5.416275296989113,-1.0832550593978225,5,V445E;N501V;N481V;F490T;K458R,,0,D138Y;D614G;H655Y,3,D614G,1,N331T:-2.4198;I332L:-2.4919;F338V:-3.2348;T345Y:-2.0228;A348Y:-1.9181;S349R:-1.9652;V350A:-3.2598;W353S:-3.2987;R355N:-2.7435;S359C:-3.2644;A363L:-3.7553;V367L:-2.6621;N370T:-2.6435;S373Y:-2.2911;K378G:-2.1692;C379Y:-4.2757;L390V:-3.7422;C391Y:-4.4373;F392S:-3.6929;T393D:-2.3590;I402G:-2.5120;I410P:-2.7430;N422F:-3.0747;P426D:-2.2753;D427C:-2.4535;T430N:-2.7928;I434N:-2.4944;N437D:-2.4091;S438L:-1.5900;V445E:-0.8044;N448S:-2.2166;Y449L:-1.5400;K458R:-1.2139;G476V:-1.4574;C480A:-1.9600;N481V:-1.1660;C488S:-2.1537;Y489R:-1.3853;F490T:-1.1809;N501V:-1.0510;Y508V:-2.5195;R509V:-2.2683;V512L:-3.8192;E516H:-2.8405;H519P:-1.9232;P521G:-3.6874;V524G:-4.1764;C525S:-4.2948;P527S:-3.3537;S530N:-3.0123;T531C:-3.3802,Q23F;P25Y;Y28S;T33V;F43V;S45F;T51F;L56I;N74F;V83L;L84D;V90F;G103T;W104F;D111Q;V126C;I128L;D138Y;P139D;F140D;L141H;V143N;H146T;N148M;W152S;M153F;V159I;Y160D;N165F;Y170P;P174I;D178G;E180N;N185E;G199F;V213L;P225I;L226V;D228P;G232N;I235S;R246G;L249P;P251S;G252S;S256A;T259A;A263Y;A264L;E281W;N282I;C291S;P295S;L296C;C301K;K310T;Q314S;S316P;F318Q;Q321T;S325V;I326R;F329N;N331T;I332L;F338V;T345Y;A348Y;S349R;V350A;W353S;R355N;S359C;A363L;V367L;N370T;S373Y;K378G;C379Y;L390V;C391Y;F392S;T393D;I402G;I410P;N422F;P426D;D427C;T430N;I434N;N437D;S438L;V445E;N448S;Y449L;K458R;G476V;C480A;N481V;C488S;Y489R;F490T;N501V;Y508V;R509V;V512L;E516H;H519P;P521G;V524G;C525S;P527S;S530N;T531C;V534K;N540L;F543V;F559I;P561R;Q563F;I569P;T572R;D574P;R577L;D578E;D586S;I587G;S591V;G601V;N603V;D614G;C617V;T618E;A623Q;H625P;L629T;T630V;T632R;W633Y;S640T;V642R;T645I;A647D;G648A;A653M;E654N;H655Y;N657S;E661D;D663P;G667S;A668S;G669K;A672P;Y674K;Q675T;R682A;A684I;S689I;S691I;M697E;S704A;Y707A;N709I;A713F;I714T;V722P;C738M;T739G;M740I;I742S;D745E;L753S;F759Q;L763K;N764A;V772D;E773A;A783V;K786P;Q787F;K790P;T791F;I794D;G798N;N801Q;Q804P;P807K;P812I;K814S;R815I;L822D;N824F;D830K;G842R;I850F;A852F;Q853F;K854G;L858T;P863E;T866E;D867Q;I870S;L878T;A879F;T883G;F888A;G891A;L894A;I896Q;P897M;A899Y;A903N;Y904I;R905N;F906V;G908Q;I909V;Q913V;N914Q;V915N;N919K;L922F;A930D;G932L;I934S;Q935S;A942K;A958K;V963Q;F970L;A972D;I973S;N978I;I980L;D985E;V987R;E988I;E990L;R995I;L996D;T998L;G999R;Q1005Y;T1009L;I1013R;A1015S;I1018A;R1019L;S1021T;N1023A;L1024A;A1026K;M1029L;S1030V;S1037V;G1044K;Y1047P;M1050A;P1053A;P1069A;Q1071N;E1072A;K1073F;C1082P;K1086R;R1091S;E1092F;V1094S;F1095S;H1101Y;T1105R;Q1106P;I1114V;N1119F;T1120S;F1121G;S1123C;D1127P;I1130V;G1131N;I1132N;N1134P;N1135V;V1137D;Y1138P;P1140Q;E1150Y;D1163L;D1165N;G1167I;V1176I;V1177I;K1181D;I1183K;D1184N;E1188N;V1189E;A1190N;L1200K;E1202K;L1203E;G1204I;E1207W;I1210P;W1214F;G1219L;F1220I;L1224A;V1230I;M1233C;C1236S;C1250K;C1253K;D1259L;G1267S;T1273S,194.0,247.0,221.0,161.0,123.0,122.0
root_child_0_child_0_child_0_child_0_child_0_child_1_child_0_child_0|leaf,322,0.747054,322,0.747054,321,MZ477792.1,61,0.696517,318,318,59,-150.00745406328318,-2.542499221411579,,,-6.894066863587019,-1.1490111439311699,6,N501V;G482E;N481V;Y449R;F490T;K458R,,0,D138Y;D614G;H655Y,3,D614G,1,N331C:-2.6574;I332L:-2.4919;N334D:-1.9782;L335F:-2.4471;N343T:-1.9063;T345Y:-2.0228;S349A:-2.3878;V350A:-3.2598;A352N:-1.7645;W353S:-3.2987;N354K:-1.4390;A363S:-3.7040;D364A:-2.8198;V367Y:-2.6067;N370T:-2.6435;K378G:-2.1692;C379Y:-4.2757;P384D:-2.5319;L390V:-3.7422;C391A:-4.3465;F392S:-3.6929;T393D:-2.3590;V395A:-3.6474;Y396D:-2.9504;A397S:-3.4311;D398F:-3.1789;I402G:-2.5120;V407I:-2.8289;P426D:-2.2753;C432K:-3.7795;N437S:-2.2393;S438L:-1.5900;S443N:-1.7859;N448S:-2.2166;Y449R:-1.1701;K458R:-1.2139;L461R:-1.3486;G476V:-1.4574;P479N:-1.3825;C480A:-1.9600;N481V:-1.1660;G482E:-1.1120;V483N:-1.5143;G485L:-1.4369;C488S:-2.1537;F490T:-1.1809;S494F:-1.4043;N501V:-1.0510;R509V:-2.2683;V512L:-3.8192;F515A:-3.7050;E516H:-2.8405;H519P:-1.9232;P521G:-3.6874;V524G:-4.1764;C525S:-4.2948;G526V:-3.8998;P527Y:-3.4804;T531C:-3.3802,Y28S;D40S;F43S;L56I;T63G;H69S;G75F;V83L;L84D;V90T;Y91E;K97N;G103T;W104F;D138Y;P139Y;F140D;L141H;V143N;H146T;F157V;R158N;V159I;Y160V;S161N;N165F;Y170P;P174E;E180N;N185E;G199F;Y200S;I203P;R214G;P217A;P225I;L226V;D228P;L229N;G232I;I235S;Q239N;T240H;R246G;L249G;T250D;P251G;G252S;D253Q;S256A;T259F;A263Y;Q271L;L276N;E281D;N282V;C291S;P295S;L296T;L303T;K310T;Q321I;S325V;F329N;N331C;I332L;N334D;L335F;N343T;T345Y;S349A;V350A;A352N;W353S;N354K;A363S;D364A;V367Y;N370T;K378G;C379Y;P384D;L390V;C391A;F392S;T393D;V395A;Y396D;A397S;D398F;I402G;V407I;P426D;C432K;N437S;S438L;S443N;N448S;Y449R;K458R;L461R;G476V;P479N;C480A;N481V;G482E;V483N;G485L;C488S;F490T;S494F;N501V;R509V;V512L;F515A;E516H;H519P;P521G;V524G;C525S;G526V;P527Y;T531C;V534K;N540L;L552N;E554N;K557F;F559I;P561I;Q563F;F565D;R567A;I569P;A570V;T572R;D574P;R577L;D578T;I584P;D586S;S591V;F592G;V597P;I598T;G601V;N603Q;D614G;C617V;T618E;P621A;V622Q;A623Q;L629T;T630G;P631Y;R634S;N641C;Q644R;G648A;G652N;E654N;H655Y;V656N;Y660A;E661D;D663P;I664G;G667A;A668S;A672Q;Y674K;Q675T;R682A;A684I;A688S;Q690I;S691I;M697E;S698G;A706S;N709I;A713F;V722P;T724Y;S735M;T739G;M740I;I742S;D745E;E748L;L753S;Q755S;L763T;N764A;V772D;D775A;A783Q;V785I;T791F;I794D;K795G;N801G;P807K;S813I;R815I;I818D;L821K;K825I;D830G;D843C;I844R;Q853N;K854F;F855G;P863L;L865I;T866E;D867Q;A876I;L878T;T883G;S884G;T887A;F888A;G891A;I896Q;P897M;A899Y;R905V;F906Q;G908Q;Q913V;N914Q;V915N;N919L;L922F;G932S;Q935S;A942K;L945Q;D950N;A958K;N960Q;S968G;I973S;I980L;R983E;R995G;L996S;G999R;Q1002Y;T1009Q;I1018A;R1019S;L1024K;A1026K;S1030V;E1031Q;Q1036F;K1045S;M1050A;Q1054A;P1069T;E1072A;F1075I;P1079I;I1081F;C1082Y;A1087R;E1092N;G1093F;V1094S;F1095S;S1097T;T1105R;Q1106P;R1107F;Q1113N;I1115N;T1116V;N1119F;T1120S;S1123D;G1124V;D1127P;I1130V;G1131N;N1134P;N1135V;K1157T;P1162D;D1163L;D1165N;G1167I;V1176I;D1184E;V1189N;A1190N;L1200K;Q1208I;Y1215I;G1219L;A1222V;M1229I;M1233C;L1234C;C1236L;M1237S;T1238C;S1252C;C1253K;K1255D;F1256D;D1259L;G1267S;V1268L;T1273S,241.0,237.0,221.0,221.0,123.0,227.0
root_child_0_child_0_child_0_child_0_child_0_child_0_child_0_child_1_child_1|leaf,322,0.747054,322,0.747054,321,MZ477792.1,60,0.701493,318,318,58,-152.743090759826,-2.633501564824586,,,-5.416275296989113,-1.0832550593978225,5,V445E;N501V;N481V;F490T;K458R,,0,D138Y;D614G;H655Y,3,D614G,1,N331C:-2.6574;I332L:-2.4919;L335V:-1.9854;F338V:-3.2348;T345Y:-2.0228;A348Y:-1.9181;S349R:-1.9652;V350A:-3.2598;W353S:-3.2987;R355N:-2.7435;S359C:-3.2644;A363L:-3.7553;V367Y:-2.6067;L368A:-3.1493;N370T:-2.6435;S373Y:-2.2911;K378G:-2.1692;C379Y:-4.2757;L390V:-3.7422;C391Y:-4.4373;F392S:-3.6929;T393D:-2.3590;I402G:-2.5120;I410P:-2.7430;N422F:-3.0747;P426D:-2.2753;D427C:-2.4535;I434N:-2.4944;N437D:-2.4091;S438L:-1.5900;V445E:-0.8044;N448S:-2.2166;Y449L:-1.5400;K458R:-1.2139;S459F:-1.6356;F464D:-1.7218;G476V:-1.4574;C480A:-1.9600;N481V:-1.1660;C488S:-2.1537;Y489R:-1.3853;F490T:-1.1809;N501V:-1.0510;Y508V:-2.5195;R509V:-2.2683;V512L:-3.8192;L513Q:-3.5109;E516H:-2.8405;L518V:-3.3865;H519P:-1.9232;P521G:-3.6874;A522V:-3.6673;V524G:-4.1764;C525S:-4.2948;G526V:-3.8998;P527S:-3.3537;S530N:-3.0123;T531C:-3.3802,Q23F;P25Y;Y28S;F43V;S45F;T51F;L56I;P57V;N74Y;G75F;V83L;L84D;V90F;G103T;W104F;D111Q;V126C;I128L;D138Y;P139D;F140D;L141H;V143N;H146T;N148M;W152S;M153F;E154F;V159I;Y160V;N165F;Y170P;P174I;D178G;E180N;K182F;N185E;V193K;G199F;Y204K;V213I;P225I;L226V;D228P;G232N;I235S;R246G;L249P;T250G;P251S;G252S;S256A;T259A;A263Y;A264L;L270T;E281W;N282I;C291S;P295S;L296C;C301K;K310T;Q314S;F318I;Q321T;S325V;I326R;F329N;N331C;I332L;L335V;F338V;T345Y;A348Y;S349R;V350A;W353S;R355N;S359C;A363L;V367Y;L368A;N370T;S373Y;K378G;C379Y;L390V;C391Y;F392S;T393D;I402G;I410P;N422F;P426D;D427C;I434N;N437D;S438L;V445E;N448S;Y449L;K458R;S459F;F464D;G476V;C480A;N481V;C488S;Y489R;F490T;N501V;Y508V;R509V;V512L;L513Q;E516H;L518V;H519P;P521G;A522V;V524G;C525S;G526V;P527S;S530N;T531C;V534K;G548V;F559I;L560F;Q563F;I569P;T572R;D574P;R577L;D586S;T588I;S591V;G601V;N603Q;D614G;C617V;T618E;A623Q;H625P;L629T;T630V;P631Y;W633Y;S640A;T645I;A647G;G648A;E654N;H655Y;N657S;E661D;G667S;A668S;G669K;A672T;Y674K;Q675T;R682A;A684I;A688Q;S691I;M697E;E702S;S704A;Y707A;S708I;N709I;A713F;I714T;V722P;I726L;C738S;T739G;M740I;I742S;D745E;L753S;L763K;N764A;A766G;V772D;E773A;A783V;K786I;Q787F;K790P;T791F;I794D;N801Q;P807K;P812I;K814S;R815I;L822D;N824F;D839I;I850F;A852F;L858T;T866E;D867Q;I870S;L878T;T883G;F888A;G889P;G891A;L894A;I896Q;P897M;A899Y;R905N;F906V;G908Q;Q913V;N914Q;V915N;N919K;L922F;A930D;Q935S;A942K;A958K;L959V;V963Q;F970L;I973S;N978I;I980L;D985E;V987R;E988I;E990L;D994I;R995G;L996D;T998L;G999R;Q1005Y;Y1007R;T1009Q;Q1010D;I1013R;A1015S;I1018A;R1019A;S1021T;L1024A;A1026K;T1027V;M1029L;S1030V;S1037V;G1044K;Y1047P;M1050A;P1053A;P1069A;Q1071H;E1072A;K1073P;C1082P;K1086R;R1091S;E1092F;V1094S;F1095S;H1101Y;W1102R;T1105R;Q1106P;R1107I;F1109S;I1114V;N1119F;T1120S;F1121C;S1123C;D1127P;G1131N;I1132N;N1134P;N1135V;V1137D;Y1138P;P1140Q;E1150Y;D1163L;D1165N;G1167I;A1174I;V1177I;K1181E;E1188N;V1189E;A1190N;L1200K;E1202K;E1207W;W1214F;G1219L;L1224A;V1230I;M1233C;C1236S;C1250K;C1253K;D1259L;L1265H;G1267S;T1273S,247.0,249.0,221.0,161.0,123.0,218.0
root_child_1_child_0_child_1_child_0_child_0_child_0_child_1_child_0|leaf,323,0.746269,323,0.746269,322,MZ477792.1,50,0.751244,323,323,49,-115.86312713260041,-2.3645536149510296,-1.4350399149338156,-1.4350399149338156,-4.1667424990926225,-1.0416856247731556,4,L455R;G446N;K458P;Q493Y,N501Y,1,L18F;D138Y;N501Y;D614G;H655Y;V1176F,6,D614G;N501Y,2,N331P:-2.6739;N334E:-1.9905;L335F:-2.4471;C336V:-4.0691;N343A:-1.9376;T345S:-1.3943;S349Y:-2.5458;W353K:-2.7975;N354K:-1.4390;R355C:-2.6504;V367N:-2.4510;C379S:-4.1288;V382N:-3.5462;K386F:-3.0381;N388F:-2.6581;D398F:-3.1789;F400M:-2.8308;V401R:-1.5520;R408I:-1.6834;Q409I:-2.6391;A411P:-3.1322;G413D:-1.9963;A419L:-3.0512;Y421L:-2.4822;L425D:-2.9019;D428G:-2.4078;T430V:-2.7553;V433Y:-3.4118;I434W:-2.7925;A435L:-3.3866;L441N:-1.2665;G446N:-1.0781;Y449L:-1.5400;L455R:-0.7754;R457P:-1.7140;K458P:-1.0984;N460I:-1.2385;P479A:-1.4502;N487Y:-1.7183;F490L:-1.3377;Q493Y:-1.2148;Y495S:-2.1347;N501Y:-1.4350;G502Y:-1.9119;G504Y:-2.0876;Y508V:-2.5195;V524P:-4.1012;C525P:-4.2599;S530N:-3.0123,L18F;R21S;T29C;N30T;F32G;R34Y;G35Y;V47S;T51L;D53C;L54P;T63S;V70Q;S71R;G72S;G75D;K77F;D80P;L84G;D88V;A93S;S94P;K97N;I101G;G103F;W104F;D111S;S112I;S116V;N122T;C136L;D138Y;G142D;Y160N;E169S;Q173M;D178G;K182Y;Q183N;G184F;N188V;L189E;E191I;H207L;V213G;F220D;L229I;G232I;I233T;I235S;H245P;S247P;G252S;G257A;W258A;T259Y;G261A;Y266P;V267S;Y269F;L270F;K278Y;N282I;T286A;D290A;C291S;P295K;S297F;T307I;T315F;F318T;V320P;E324P;S325P;P330T;N331P;N334E;L335F;C336V;N343A;T345S;S349Y;W353K;N354K;R355C;V367N;C379S;V382N;K386F;N388F;D398F;F400M;V401R;R408I;Q409I;A411P;G413D;A419L;Y421L;L425D;D428G;T430V;V433Y;I434W;A435L;L441N;G446N;Y449L;L455R;R457P;K458P;N460I;P479A;N487Y;F490L;Q493Y;Y495S;N501Y;G502Y;G504Y;Y508V;V524P;C525P;S530N;L533K;V534N;F541N;T549Q;F559D;P561F;F562D;D568V;T572P;D574V;Q580L;L582I;S591G;G593T;G601T;T604A;L611G;D614G;A623P;L629P;P631S;W633T;Y636N;V642L;T645L;G648Y;L650T;A653H;H655Y;N658E;S659Q;Y660G;C662A;D663Y;I664P;I670H;Q677R;P681R;S689I;Q690F;A701F;N710P;P715F;N717V;I720T;V722L;I726M;P728T;T734D;S735Y;C738I;Y741E;G744N;T747L;C749F;N751L;L754C;F759K;C760T;T761G;N764A;A771Q;N777E;T778A;T791I;K795S;D796F;F800L;F802Q;Q804S;K814E;D820V;L822N;F823K;K825D;V826A;D830Q;G838D;C840L;G842I;G857L;L858P;P863Q;D867I;M869Q;A871Y;Y873A;S875L;T883G;T887G;I896M;F898R;M902L;R905G;F906Q;Y917Q;K921Q;F927G;N928Q;G932Q;L938A;Q949V;A958N;L959T;N960Q;V963F;L966S;S967F;F970A;G971I;A972D;S975I;N978K;D979L;I980E;L984A;D994I;I997R;G999Y;L1004Y;T1009E;I1018L;S1021L;L1024A;A1025T;E1031V;L1034V;V1040C;C1043M;K1045G;L1049H;M1050A;S1051P;P1053A;A1056V;P1057G;H1058V;V1060T;L1063T;Y1067T;Q1071T;E1072N;F1075D;C1082V;H1083D;R1091S;E1092S;F1095T;S1097G;N1098D;W1102Q;T1105N;N1108Q;E1111D;T1116N;T1117C;D1127N;G1131D;N1134P;P1140D;P1143L;L1145S;D1146K;S1147E;K1149L;K1157D;H1159D;V1164L;D1165G;D1168G;I1172A;S1175I;V1176F;V1177I;E1182D;L1186K;A1190S;K1191E;S1196D;E1202K;E1207I;Q1208K;I1210L;W1212Y;L1218G;F1220A;L1224A;M1229I;V1230M;L1234C;C1235M;C1236Y;G1246C;S1249K;C1253K;C1254S;P1263V;L1270H;H1271M,84.0,132.0,1.0,106.0,130.0,74.0
root_child_0_child_0_child_0_child_1_child_1_child_0_child_1_child_1_child_0_child_1|leaf,323,0.746269,323,0.746269,322,MZ477792.1,54,0.731343,321,321,53,-117.85861967522482,-2.223747541041978,-1.4350399149338156,-1.4350399149338156,-7.237879148555216,-1.0339827355078879,7,K444G;K458L;V445N;E471Y;G447R;A475S;Q493Y,N501Y,1,D138Y;N501Y;D614G;H655Y,4,D614G;N501Y,2,N331C:-2.6574;I332N:-2.6228;N334V:-1.9926;C336P:-4.2086;V341A:-3.0576;N343V:-2.0860;T345Y:-2.0228;S349R:-1.9652;K356S:-1.9309;R357I:-1.7352;V362D:-2.7345;V367N:-2.4510;Y369L:-2.4628;N370T:-2.6435;S371F:-1.9489;F374C:-2.8283;P384K:-2.2877;T385L:-2.5021;N388Q:-3.1769;C391G:-4.1320;I402G:-2.5120;I410A:-2.8711;Q414I:-2.0841;I418A:-3.0967;P426D:-2.2753;I434D:-2.2596;N437S:-2.2393;K444G:-0.7259;V445N:-0.9878;G447R:-1.1059;L455P:-1.4905;K458L:-0.9273;S459L:-1.5423;E465Y:-1.8043;E471Y:-1.0738;A475S:-1.2023;C480F:-1.6586;G485P:-1.4617;F486L:-1.2487;N487Y:-1.7183;C488F:-1.9176;L492F:-2.2180;Q493Y:-1.2148;Y495Q:-2.4226;N501Y:-1.4350;Y505S:-1.8562;L518A:-2.7709;A520Q:-3.5366;P521T:-3.3523;V524N:-3.8778;P527L:-3.2639;K529N:-1.2485;S530N:-3.0123,L5F;V6Y;Y28S;P39F;R44L;L48Q;Q52F;L56I;F59V;S71T;D80Y;P82N;L84D;W104T;F106T;D111K;L118N;I119C;N122A;T124F;V127Q;E132Q;C136P;N137P;D138Y;L141H;N148V;K150S;S151F;M153G;V159N;Y160V;S161A;N165V;Y170P;P174I;F175M;M177G;Q183F;L189F;F201Y;K202P;S205T;I210L;L226V;D228P;G232V;I235Q;T236L;P251S;G252S;D253A;S256A;W258A;T259G;A263G;A264L;L270P;Q271T;R273K;L277T;E281N;I285L;A288L;C291S;P295S;L296E;S297L;C301V;T302V;N317S;F318V;R319S;V327F;F329N;N331C;I332N;N334V;C336P;V341A;N343V;T345Y;S349R;K356S;R357I;V362D;V367N;Y369L;N370T;S371F;F374C;P384K;T385L;N388Q;C391G;I402G;I410A;Q414I;I418A;P426D;I434D;N437S;K444G;V445N;G447R;L455P;K458L;S459L;E465Y;E471Y;A475S;C480F;G485P;F486L;N487Y;C488F;L492F;Q493Y;Y495Q;N501Y;Y505S;L518A;A520Q;P521T;V524N;P527L;K529N;S530N;V539F;N542I;F543K;L552S;S555P;F559I;F562K;Q563F;Q564R;I569L;D571T;D574V;A575I;R577L;Q580S;D586S;I587G;P589V;C590P;G594S;V597N;P600S;G601V;S605Q;A609G;L611E;Q613T;D614G;A626P;L629T;W633V;Y636T;Q644A;G648A;C649L;H655Y;V656N;E661G;I664G;A668S;A672T;Q675S;N679V;R682I;Y695A;M697L;V705E;A706S;N709I;N710T;V722P;T723I;T724L;I726P;K733V;C738S;M740I;D745E;L753S;G757F;T761A;N764A;E773S;K776Q;V781A;V785Q;T791F;P792I;I794D;K795N;F797L;G798I;N801P;F802P;P809R;N824L;V826T;L828F;A829T;Y837D;A846L;R847Q;C851Q;L858T;P862D;P863L;T866E;D867Q;A871T;L878T;T883G;W886L;T887G;G889A;A890I;A899Q;R905V;F906Q;T912V;Q913N;I923N;Q926A;F927Q;S929I;I931K;G932D;S939A;S940A;A942K;G946Q;Q949V;D950N;N953A;G971I;I973S;S974I;R983E;K986V;E988R;R995G;L996G;T998L;R1000Q;S1003Q;Q1005T;Y1007T;T1009Q;Q1010N;A1020T;L1024A;T1027L;S1030G;S1037L;K1038G;R1039G;K1045M;H1048S;Q1054C;H1058V;L1063V;H1064P;V1068Q;A1070F;E1072A;E1092F;V1094F;F1095N;V1096N;T1105R;Q1106P;I1115T;T1116D;D1118S;N1119F;T1120V;I1130V;G1131N;N1134P;D1139L;P1140D;L1141E;S1147Y;E1150H;Y1155K;P1162V;G1167I;V1176I;V1177K;L1186V;N1187V;V1189N;L1193S;I1198K;E1207D;Y1209K;I1210P;L1218F;F1220A;A1222V;A1226V;M1229I;M1233F;C1235M;T1238G;S1239C;C1241G;L1244C;C1253K;K1255E;F1256E;S1261G;G1267L;L1270Y,97.0,12.0,1.0,97.0,130.0,141.0
root_child_1_child_1_child_1_child_1_child_0_child_0_child_0_child_1|leaf,323,0.746269,323,0.746269,322,MZ477792.1,50,0.751244,321,321,49,-118.41259474212876,-2.416583566165894,-1.4350399149338156,-1.4350399149338156,-5.489252500606392,-1.0978505001212784,5,G446D;L455K;Q474G;S459E;I472Q,N501Y,1,D138Y;N501Y;D614G;H655Y,4,D614G;N501Y,2,I332L:-2.4919;L335V:-1.9854;V341A:-3.0576;T345W:-1.9163;S349N:-1.8600;I358V:-3.2129;Y365L:-2.8881;K378D:-2.1911;G381T:-3.6343;L387C:-3.8029;N388V:-2.8414;C391T:-4.3715;T393S:-2.3504;V395S:-3.7400;G404Q:-2.1394;V407I:-2.8289;R408I:-1.6834;I410P:-2.7430;G413D:-1.9963;N422L:-3.1081;L425D:-2.9019;D428T:-2.0746;C432T:-4.2551;A435D:-2.8872;L441S:-1.3553;G446D:-0.9560;N448Y:-2.3452;Y449S:-1.7609;L455K:-1.0570;F456L:-1.4342;R457P:-1.7140;S459E:-1.2030;R466A:-1.4586;D467S:-1.7135;I472Q:-1.2159;Q474G:-1.0573;N487Y:-1.7183;Y495P:-2.7644;F497T:-2.1204;T500G:-1.6884;N501Y:-1.4350;G502Y:-1.9119;G504P:-1.9402;V511F:-3.2371;V512H:-3.2491;T523V:-3.6043;C525T:-4.2054;P527S:-3.3537;S530V:-2.9517,F2V;L18Y;R21S;L24S;F32G;Y37D;T51L;Q52T;W64S;A67V;I68L;F79L;D80Y;V83I;N87S;V90F;I101F;W104T;D111T;K113S;L118T;A123I;F133D;C136D;D138Y;F140D;Y144K;E154Y;N164D;C166F;L176K;M177E;G181F;G184F;N188E;I197G;G199K;F201Y;I210D;P217G;Q218E;F220D;G232N;I235L;T236F;F238L;L242Y;P251S;G252S;D253S;S254P;A263Y;L276Y;T286A;A288C;C291S;L293C;L296T;E298L;L303S;F306V;K310S;T315N;V320S;I332L;L335V;V341A;T345W;S349N;I358V;Y365L;K378D;G381T;L387C;N388V;C391T;T393S;V395S;G404Q;V407I;R408I;I410P;G413D;N422L;L425D;D428T;C432T;A435D;L441S;G446D;N448Y;Y449S;L455K;F456L;R457P;S459E;R466A;D467S;I472Q;Q474G;N487Y;Y495P;F497T;T500G;N501Y;G502Y;G504P;V511F;V512H;T523V;C525T;P527S;S530V;V534N;F541L;T549Q;G550T;E554L;F559D;F562R;Q563I;F565I;R567I;D568V;D574V;P579I;L582I;L585S;D586T;T588C;F592T;V595G;P600S;T604V;N606A;A609G;L611T;D614G;T618V;A626V;D627L;R634Y;T638R;S640R;T645E;G648I;I651V;G652Y;H655Y;V656N;N658C;Y660D;E661G;D663A;A668T;A672Q;Q677R;V687Y;A688M;S689A;I693S;T696L;L699V;Y707N;N710I;V722S;S730V;M731S;T732K;T734M;M740E;C743N;L752Y;L754F;C760T;T761L;R765T;I770D;E773V;F782K;V785T;G799F;F802P;Q804S;I805D;L821F;L822D;F823L;T827G;K835L;Y837D;G838L;C840L;G842I;D843L;A845R;R847L;C851Q;G857T;L858P;T859L;V860P;L864D;L865F;E868A;M869Q;Y873S;L878S;T883G;F888G;A890L;G891A;A893Q;Q895F;I896A;M900G;M902E;F906Q;G910L;N914L;L916Q;E918I;K921I;I923Q;N928L;G932I;K933Q;I934S;A942L;D950Q;V952A;Q957T;A958L;T961K;V963F;Q965S;S967I;F970A;G971I;V976L;N978K;I980A;Q992D;R995L;G999Q;S1003Y;Q1005Y;Y1007T;T1009Q;Q1010L;I1018L;L1024A;A1025S;V1040D;D1041F;C1043F;G1046S;H1048Q;M1050S;P1053A;A1056N;G1059Q;V1061T;I1081D;H1083G;G1085R;F1089V;E1092V;V1094G;V1104F;R1107Q;N1108Q;E1111N;P1112V;I1115N;T1116N;T1120V;F1121D;V1122I;G1124A;C1126N;D1127V;G1131V;N1134P;D1139Q;Q1142P;S1147E;K1149L;N1158L;D1163L;V1164L;I1169S;S1170I;G1171S;S1175I;V1176K;V1177T;Q1180I;V1189K;E1195I;E1207L;Q1208I;L1218F;G1219A;F1220A;L1224A;V1228I;I1232L;M1233T;C1236Y;S1242K;C1243K;L1244G;K1245C;C1250F;C1253K;F1256K;D1259L;K1266S;V1268H;K1269H,100.0,183.0,1.0,182.0,130.0,74.0
root_child_1_child_0_child_0_child_1_child_0_child_0_child_0_child_1_child_0|leaf,323,0.746269,323,0.746269,322,MZ477792.1,52,0.741294,321,321,51,-121.35878033430524,-2.3795839281236324,-1.4350399149338156,-1.4350399149338156,-1.7560222023748084,-0.8780111011874042,2,L455R;R346A,N501Y,1,D138Y;N501Y;D614G;H655Y;V1176F,5,D614G;N501Y,2,N331T:-2.4198;N334C:-2.3489;C336G:-4.1551;G339I:-2.0586;F342T:-2.8071;N343R:-1.9782;R346A:-0.9806;F347V:-2.4887;R357N:-2.0603;V367F:-2.7463;N370F:-2.2806;S371F:-1.9489;F377N:-2.9033;K378S:-1.9727;Y380N:-2.8121;V382N:-3.5462;K386N:-3.1888;N388F:-2.6581;N394Y:-2.7453;V395Y:-3.8042;S399D:-2.3761;D405N:-1.7898;E406A:-1.7581;R408I:-1.6834;G413D:-1.9963;I418G:-3.1226;A419L:-3.0512;Y423F:-3.4819;L425D:-2.9019;C432I:-4.1433;A435N:-3.1173;W436K:-2.1526;N440D:-1.3369;N448Y:-2.3452;Y449S:-1.7609;R454N:-1.6636;L455R:-0.7754;R457E:-1.4052;L461E:-1.7119;D467Q:-1.7687;I468T:-1.4779;V483F:-1.6538;N487Y:-1.7183;N501Y:-1.4350;G504P:-1.9402;Y508L:-2.3545;F515V:-3.4093;H519A:-1.8343;A522E:-3.0738;T523K:-3.3015;S530F:-2.9142,T19R;R21S;A27N;S31Y;T33V;P39T;H49Q;T51L;F55L;N61K;K77F;P85N;D88A;V90T;F92K;A93S;E96V;R102G;W104G;T108D;D111T;K113S;A123N;K129E;D138Y;L141V;Y144N;W152G;M153F;Y160T;S172P;D178N;E180K;G184F;N185E;L189F;E191V;K202S;T208G;N211P;V213G;D215F;F220D;L223P;L229I;I235S;T236F;Q239H;L242H;R246D;G261Y;Y265Q;V267G;Q271R;R273N;Y279I;T286A;V289C;C291S;D294L;R319I;P322V;T323R;E324P;N331T;N334C;C336G;G339I;F342T;N343R;R346A;F347V;R357N;V367F;N370F;S371F;F377N;K378S;Y380N;V382N;K386N;N388F;N394Y;V395Y;S399D;D405N;E406A;R408I;G413D;I418G;A419L;Y423F;L425D;C432I;A435N;W436K;N440D;N448Y;Y449S;R454N;L455R;R457E;L461E;D467Q;I468T;V483F;N487Y;N501Y;G504P;Y508L;F515V;H519A;A522E;T523K;S530F;N532L;L533C;K535C;F541K;T547L;T549Q;L552S;N556F;F559D;F565R;D568V;V576Q;P579Y;L582I;I584F;I587F;V597G;P600T;T602Q;T604P;Q607A;V608Y;L611Q;D614G;C617H;I624C;P631C;T645E;G648I;C649A;L650S;A653H;H655Y;Y660G;E661D;C662A;D663A;G667A;G669I;C671S;Q677T;R682Q;A684Q;S686Y;A688Q;I693Y;A701V;N710I;S711I;T723P;E725P;M731T;T739Y;E748F;L753G;Y756F;G757S;T761N;N764A;T768E;A771K;E773D;T778V;Q779K;A783K;Q784I;V785L;K786Y;P793I;F802Q;Q804S;S813I;R815L;L822N;N824I;V826A;T827F;A829K;D839L;C840L;G842A;I844V;A845I;C851A;G857T;L858P;L864T;T866E;M869Q;Y873A;T874G;L878S;T883G;S884A;W886G;T887A;G889L;F898Y;A899Y;Y904Q;R905G;F906Q;N914L;Y917Q;L922N;N928L;S929G;G932Q;K933Q;S937L;A942L;Q949V;A958N;L959T;N960V;V963F;L966F;S967F;S968G;F970I;G971I;I973V;S974V;S975I;V976N;N978K;L984I;V987A;A989D;V991I;D994I;R995G;I997S;L1004T;Q1005I;Y1007L;A1015S;E1017N;I1018A;S1021L;L1024A;A1025T;M1029V;E1031V;S1037V;V1040F;C1043S;H1048Q;L1049P;M1050P;P1053A;Q1054V;F1062H;Y1067A;V1068W;P1069Q;Q1071K;N1074V;C1082D;E1092S;V1096T;T1105N;F1109Y;I1115T;T1117C;N1119G;F1121S;C1126G;D1127V;G1131D;V1133N;N1134P;D1139S;P1140K;E1144K;L1145F;K1149L;F1156N;H1159V;V1164S;D1165T;G1167I;D1168A;S1175I;V1176F;I1179E;Q1180E;I1183E;V1189K;I1198Q;E1202G;Y1206Q;E1207I;W1212Y;F1220A;I1227V;L1234C;C1236Y;C1240S;L1244C;S1249G;S1252D;C1253K;K1255E;D1259L;V1264Y,127.0,147.0,1.0,4.0,130.0,99.0
root_child_1_child_0_child_1_child_0_child_0_child_0_child_1_child_1|leaf,323,0.746269,323,0.746269,322,MZ477792.1,53,0.736318,324,324,52,-123.38652284297264,-2.3728177469802434,-1.4350399149338156,-1.4350399149338156,-3.068361817425913,-1.0227872724753044,3,L455R;G446N;Q493Y,N501Y,1,L18F;D138Y;N501Y;D614G;H655Y;V1176F,6,D614G;N501Y,2,N331P:-2.6739;N334E:-1.9905;L335F:-2.4471;C336V:-4.0691;N343R:-1.9782;T345S:-1.3943;W353K:-2.7975;N354K:-1.4390;R355C:-2.6504;N360V:-2.5934;D364S:-2.9044;V367N:-2.4510;C379S:-4.1288;K386F:-3.0381;N388F:-2.6581;D398F:-3.1789;F400M:-2.8308;V401R:-1.5520;R408I:-1.6834;Q409I:-2.6391;I410K:-2.3009;A411P:-3.1322;G413D:-1.9963;A419L:-3.0512;Y421L:-2.4822;L425D:-2.9019;D428G:-2.4078;T430V:-2.7553;G431S:-3.3635;V433I:-3.0051;I434H:-2.0370;A435L:-3.3866;L441N:-1.2665;G446N:-1.0781;N448Y:-2.3452;Y449S:-1.7609;L455R:-0.7754;R457P:-1.7140;R466E:-1.7462;S469I:-1.7468;P479A:-1.4502;N487Y:-1.7183;F490L:-1.3377;Q493Y:-1.2148;Y495S:-2.1347;N501Y:-1.4350;G502Y:-1.9119;G504P:-1.9402;Y508V:-2.5195;V524P:-4.1012;C525P:-4.2599;S530N:-3.0123,L18F;R21S;T29C;N30T;F32G;R34Y;G35Y;V47S;T51L;D53C;L54P;V70Q;S71R;K77F;L84G;D88V;S94P;I101G;G103F;I105L;D111S;N122T;F135N;C136L;D138Y;G142D;V159I;Y160N;E169S;Q173M;D178G;K182Y;Q183N;G184F;L189E;E191I;S205T;H207L;V213G;F220D;L229T;I235S;Q239H;H245P;S247P;G252S;W258A;T259Y;G261A;Y266P;V267S;Y269F;Q271T;K278Y;Y279D;N282I;T286A;D290A;C291S;P295K;T307I;T315N;V320P;E324P;P330T;N331P;N334E;L335F;C336V;N343R;T345S;W353K;N354K;R355C;N360V;D364S;V367N;C379S;K386F;N388F;D398F;F400M;V401R;R408I;Q409I;I410K;A411P;G413D;A419L;Y421L;L425D;D428G;T430V;G431S;V433I;I434H;A435L;L441N;G446N;N448Y;Y449S;L455R;R457P;R466E;S469I;P479A;N487Y;F490L;Q493Y;Y495S;N501Y;G502Y;G504P;Y508V;V524P;C525P;S530N;L533K;V534N;F541N;T549Q;F559D;P561F;F562D;T572P;D574V;Q580L;L582I;P589E;S591G;G593T;G601T;T604A;L611G;D614G;A623P;P631S;W633T;V635T;Y636N;G639V;T645L;L650T;A653H;H655Y;N658E;S659Q;Y660G;C662A;D663Y;I664P;I670H;Y674L;Q677R;S689I;Q690F;A694L;A701F;N709P;N710S;N717V;I720T;V722L;I726M;P728T;T734D;S735Y;V736Y;C738I;Y741E;G744N;T747L;C749N;N751L;L754C;F759K;C760T;T761G;N764A;L767E;A771Q;V772Q;N777E;T778A;T791I;F800L;F802Q;Q804S;K814E;D820V;F823T;V826A;D830Q;G838D;C840L;G842I;A845Q;C851N;K854V;L858P;P863Q;D867I;M869Q;A871Y;Q872S;S875L;A879N;T883G;T887G;I896M;F898R;M902L;R905G;F906Q;T912Q;Y917Q;K921Q;F927Q;N928L;G932Q;L938A;Q949V;A958N;L959T;N960Q;T961S;V963F;Q965S;L966S;S967F;F970A;G971I;A972D;S975I;D979L;I980E;L984A;D994I;R995T;I997R;L1004A;T1009E;Q1011E;I1018L;S1021N;L1024A;A1025T;T1027M;S1030P;E1031V;L1034V;K1038D;V1040C;F1042Y;L1049A;M1050A;S1051Q;F1052Y;P1053S;Q1054P;A1056V;P1057G;H1058V;L1063T;Y1067T;Q1071A;E1072N;F1075D;H1083G;F1089E;E1092S;F1095T;S1097G;N1098D;V1104F;T1105D;N1108Q;T1116N;T1117C;N1125I;D1127N;G1131D;N1134P;P1140D;P1143L;L1145S;D1146K;S1147E;K1149L;H1159D;T1160D;V1164N;D1165G;D1168G;S1170I;I1172A;S1175I;V1176F;V1177I;K1181D;E1182D;L1186K;A1190S;K1191E;N1194E;S1196D;E1202K;E1207I;I1210L;W1212Y;L1218G;F1220A;M1229I;V1230C;T1231L;L1234C;C1235M;C1236Y;G1246C;S1249K;C1253K;C1254S;P1263V;H1271M,146.0,139.0,1.0,77.0,130.0,122.0
root_child_1_child_1_child_0_child_0_child_1_child_0_child_1_child_0|leaf,323,0.746269,323,0.746269,322,MZ477792.1,51,0.746269,319,319,50,-124.32425350644253,-2.48648507012885,-1.4350399149338156,-1.4350399149338156,-1.2158723269906768,-1.2158723269906768,1,I472Q,N501Y,1,D138Y;N501Y;H655Y,3,N501Y,1,L335V:-1.9854;C336V:-4.0691;V341Q:-2.7720;N343V:-2.0860;T345W:-1.9163;A348W:-1.9566;W353R:-2.7154;N354V:-1.5952;K356C:-1.8656;A363N:-3.6745;D364Y:-2.7447;V367F:-2.7463;L368N:-2.8684;F374G:-2.9048;Y380S:-3.1557;C391T:-4.3715;F392V:-3.9394;T393D:-2.3590;V401N:-2.2797;D405A:-1.5484;V407Q:-2.4021;R408I:-1.6834;Q409A:-2.7239;G413D:-1.9963;Q414K:-1.9868;N422L:-3.1081;Y423L:-3.4325;L425D:-2.9019;T430M:-2.3526;V433Y:-3.4118;L441V:-1.5410;Y449S:-1.7609;R457N:-1.9868;F464T:-2.2843;I468Q:-1.4135;I472Q:-1.2159;Y473Q:-1.3706;N481Q:-1.6016;N487Y:-1.7183;P499N:-1.3683;T500Q:-1.6727;N501Y:-1.4350;G504P:-1.9402;Y508E:-2.1452;V512S:-3.5688;L518P:-3.2451;A522V:-3.6673;C525P:-4.2599;G526N:-3.6815;S530L:-2.8938,R21S;T22N;Q23I;L24A;P25Y;L48Q;T51L;F65R;T73R;N74M;K77I;L84V;N87S;T95H;G107T;K113S;I119N;N122V;K129Q;Q134N;C136T;D138Y;F140K;G142D;W152V;E156G;F157A;Y170S;L179G;G181Q;Q183V;G184F;N196D;I197G;Y200K;F201I;H207V;I210V;V213P;G219S;F220D;A222L;L223P;E224Q;P225G;P230G;I235S;T236F;R237L;T240R;P251S;D253S;A263F;Y265G;T274N;L276Y;Y279D;N280I;I285D;T286A;A288L;C291L;L293K;D294S;P295S;T299K;C301V;L303V;K310S;N317E;V320P;Q321I;R328T;L335V;C336V;V341Q;N343V;T345W;A348W;W353R;N354V;K356C;A363N;D364Y;V367F;L368N;F374G;Y380S;C391T;F392V;T393D;V401N;D405A;V407Q;R408I;Q409A;G413D;Q414K;N422L;Y423L;L425D;T430M;V433Y;L441V;Y449S;R457N;F464T;I468Q;I472Q;Y473Q;N481Q;N487Y;P499N;T500Q;N501Y;G504P;Y508E;V512S;L518P;A522V;C525P;G526N;S530L;V534K;V539D;N540G;F543G;T549Q;V551L;L552K;S555F;F559D;L560F;F562I;R567I;I569D;D574V;R577E;D578H;P579E;L582T;E583L;L585I;D586T;C590F;I598P;T602V;T604V;N606A;Q613E;D614Y;P631G;W633D;Y636N;T645E;A647L;G648I;A653S;H655Y;D663P;I664A;C671Q;T678V;A688M;S691I;A701N;E702S;Y707I;S708T;N710I;P715S;T724S;E725M;S735I;D745T;T747L;E748N;L754F;T761N;R765L;A766I;A771E;E773V;Q774K;V785Y;K795G;F802S;Q804P;I805P;K811F;R815T;I818D;D820L;G832I;G838L;C840A;G842A;D843L;R847T;D848C;I850A;A852G;Q853T;L858P;V860D;P863T;L864T;M869Q;Y873S;G880S;T883G;S884G;W886I;F888G;A890L;A892F;Q895P;I896A;P897A;M900G;M902P;F906Q;I909V;T912Q;L916Q;N925K;N928L;I931F;I934D;T941S;A942S;L948V;Q949V;L962S;V963F;F970A;G971I;V976N;L977R;N978R;D979L;R983E;E990D;Q992D;I993S;R995G;I997S;S1003Q;Q1005I;Q1010L;Q1011E;A1016R;I1018S;L1024A;A1025S;S1030Q;K1038D;G1046H;H1048S;M1050A;P1053A;H1058T;G1059V;V1060S;V1061Y;H1064P;V1068F;A1070E;N1074T;A1078D;A1087V;E1092N;G1093S;N1098Q;H1101F;N1108Y;F1109I;I1115G;T1116D;C1126G;D1127V;G1131N;N1134P;K1149L;E1150N;Y1155F;F1156N;P1162V;V1164L;S1175I;V1176I;N1178D;K1181A;I1183R;N1187K;N1194D;L1197Y;I1198D;L1203Y;Y1206Q;E1207I;Y1215I;I1216G;L1218F;G1219L;F1220A;V1228I;V1230S;T1231L;C1235L;C1236Y;T1238L;C1247S;S1249D;C1253K;E1262G;P1263Q;V1268H;K1269H,153.0,216.0,1.0,240.0,130.0,88.0
root_child_0_child_0_child_1_child_1_child_0_child_1|leaf,323,0.746269,323,0.746269,322,MZ477792.1,56,0.721393,321,321,55,-125.28499587171117,-2.277909015849294,-1.4350399149338156,-1.4350399149338156,-7.178932270194192,-1.0255617528848846,7,K444G;R346S;S443R;Q493G;Q498Y;N481V;K458R,N501Y,1,D138Y;N501Y;D614G;H655Y,4,D614G;N501Y,2,F342C:-3.1739;R346S:-0.8055;F347S:-2.6728;S349N:-1.8600;V350T:-3.0885;R355C:-2.6504;R357A:-1.8201;A363L:-3.7553;D364Y:-2.7447;S366A:-1.9824;N370T:-2.6435;S371F:-1.9489;A372N:-1.3456;T385N:-2.6302;C391D:-3.9020;A397I:-2.8788;I402N:-2.2419;R403E:-1.4411;V407N:-2.7556;T415D:-2.1907;N422D:-3.1461;L425T:-3.2848;D427C:-2.4535;T430W:-2.7877;C432A:-4.2640;S438L:-1.5900;L441V:-1.5410;D442T:-1.7440;S443R:-1.0561;K444G:-0.7259;Y449L:-1.5400;K458R:-1.2139;L461F:-1.9409;R466I:-1.8387;S469I:-1.7468;Y473G:-1.6051;C480F:-1.6586;N481V:-1.1660;G485F:-1.4615;Y489V:-1.5003;P491Q:-1.4963;L492S:-1.7157;Q493G:-1.1046;Q498Y:-1.1069;N501Y:-1.4350;V503L:-1.4508;P507L:-2.1116;V510H:-3.0555;F515H:-3.2990;P521V:-3.6426;T523C:-3.7458;V524G:-4.1764;G526T:-3.8718;P527L:-3.2639;S530N:-3.0123,L5A;R34Y;G35Y;V42F;F43V;R44L;L48T;S50D;L54P;P57N;I68N;T73V;L84F;D88M;G89Y;K97N;N99I;W104F;I105T;T108L;T109Q;D138Y;L141H;M153N;F157V;S161N;A163T;N164C;C166F;P174G;F175M;D178L;E180F;R190K;I197L;F201S;I203L;Y204F;K206T;N211R;G219S;L223D;L226V;V227L;G232I;I233T;I235S;R237A;F238L;H245P;Y248T;G252S;S256W;T259A;A264Y;Y265G;Y266V;Y269P;L270R;P272Y;T274F;L276K;G283T;T284V;I285D;T286E;D290A;C291S;A292D;P295S;V308G;E324F;S325R;F329T;F342C;R346S;F347S;S349N;V350T;R355C;R357A;A363L;D364Y;S366A;N370T;S371F;A372N;T385N;C391D;A397I;I402N;R403E;V407N;T415D;N422D;L425T;D427C;T430W;C432A;S438L;L441V;D442T;S443R;K444G;Y449L;K458R;L461F;R466I;S469I;Y473G;C480F;N481V;G485F;Y489V;P491Q;L492S;Q493G;Q498Y;N501Y;V503L;P507L;V510H;F515H;P521V;T523C;V524G;G526T;P527L;S530N;V539N;F543T;T549F;V551N;L552E;T553S;S555P;F559I;L560R;P561V;Q563S;D568A;I569L;D574A;R577P;L582I;E583S;L585I;D586S;I587S;S591V;G601N;S605V;Q607G;Y612Q;Q613T;D614G;T618A;Q628W;T632S;W633Y;R634N;S637F;T638Q;G639V;F643L;Q644R;T645A;G648L;C649E;A653H;H655Y;I666G;A668S;P681A;V687I;I693M;A701S;E702A;N703A;Y707N;N709I;N710I;P715T;N717I;V722T;L727S;T734M;C738G;M740L;G744K;D745E;S746L;L753S;Q755L;T761L;N764A;T768I;G769A;V772E;V785I;T791K;P792I;I794D;G799N;N801Q;F802P;Q804D;I805P;L806P;P807K;R815I;S816M;N824V;K825A;V826K;D830F;I844A;I850A;C851K;K854G;L858P;L864T;T866E;D867Q;I870A;Y873A;L878T;I882T;T883G;S884A;F888Y;I896Q;F898M;M902V;F906N;G908V;I909Y;T912N;N914Q;V915N;N919A;K921A;A930G;A942L;K947H;S968G;A972S;I973S;S974L;V976N;N978K;K986V;E988Q;A989V;I993R;D994L;R995G;L996D;L1012E;R1014A;I1018S;S1021T;N1023A;L1024A;M1029E;C1032Y;Q1036V;G1046D;S1051V;P1053S;H1058T;Y1067A;A1070F;Q1071N;H1088V;F1089R;P1090G;R1091G;E1092F;V1094F;N1098V;G1099W;T1105R;Q1106P;F1109T;E1111D;Q1113V;D1118S;N1119T;T1120V;D1127V;I1130V;G1131N;N1134V;L1141P;E1144S;L1145E;D1146K;F1148K;K1149E;E1150L;Y1155K;N1158S;S1161D;D1163I;D1165G;G1167I;V1176I;N1178K;E1188S;V1189N;N1194K;S1196I;I1198L;E1207L;I1210L;I1221G;L1224I;M1233C;C1253K;V1268H,160.0,45.0,1.0,83.0,130.0,176.0
root_child_1_child_0_child_1_child_0_child_1_child_1_child_0_child_0|leaf,323,0.746269,323,0.746269,322,MZ477792.1,57,0.716418,323,323,56,-126.74077418725258,-2.2632281104866534,-1.4350399149338156,-1.4350399149338156,-10.738270147719007,-1.0738270147719007,10,L455R;K444D;E471G;Y473K;Q498G;Y505H;G446Q;Y449R;Q493Y;G476N,N501Y,1,P26S;D138Y;N501Y;D614G;H655Y,5,D614G;N501Y,2,A348Y:-1.9181;W353K:-2.7975;R355C:-2.6504;N360V:-2.5934;A372F:-1.3989;F374C:-2.8283;C379S:-4.1288;S383L:-3.4478;K386F:-3.0381;L387D:-3.4025;N388F:-2.6581;D398G:-3.2244;F400M:-2.8308;I402R:-1.8248;V407I:-2.8289;R408I:-1.6834;Q409A:-2.7239;P412I:-2.8538;G413D:-1.9963;T415K:-2.0732;A419L:-3.0512;Y421L:-2.4822;L425D:-2.9019;V433L:-3.1623;I434G:-2.7038;A435L:-3.3866;S443Y:-1.8219;K444D:-0.8681;G446Q:-1.1634;Y449R:-1.1701;N450R:-1.2972;L455R:-0.7754;F456L:-1.4342;R457P:-1.7140;K462I:-1.4277;F464S:-2.1239;R466Q:-2.0101;D467E:-2.1884;E471G:-0.9933;Y473K:-1.0299;G476N:-1.2255;P479A:-1.4502;N487Y:-1.7183;Q493Y:-1.2148;Q498G:-1.1380;N501Y:-1.4350;G502Y:-1.9119;V503L:-1.4508;G504P:-1.9402;Y505H:-1.1597;E516A:-2.9572;T523C:-3.7458;V524P:-4.1012;C525P:-4.2599;P527L:-3.2639;S530C:-3.1615,P9S;L18V;R21S;L24S;P26S;A27N;G35Y;Y38K;S46A;T51L;Q52R;H69G;S71R;K77F;R78D;D80P;P82L;P85D;D88V;I101G;G103F;W104F;K113S;Q115V;S116V;K129Q;C136L;D138Y;V143N;W152S;E156G;R158A;Y160N;N164M;F168S;Q173M;M177D;G181F;G184F;L189E;E191N;V193K;K195T;N196G;G199I;K206T;H207L;V213G;R214A;L229I;N234I;I235S;T236L;F238A;L241S;R246T;L249S;W258Y;Y265V;Y266G;V267S;L270F;K278F;D290A;C291S;P295K;T299F;L303V;K304G;T315F;N317Q;A348Y;W353K;R355C;N360V;A372F;F374C;C379S;S383L;K386F;L387D;N388F;D398G;F400M;I402R;V407I;R408I;Q409A;P412I;G413D;T415K;A419L;Y421L;L425D;V433L;I434G;A435L;S443Y;K444D;G446Q;Y449R;N450R;L455R;F456L;R457P;K462I;F464S;R466Q;D467E;E471G;Y473K;G476N;P479A;N487Y;Q493Y;Q498G;N501Y;G502Y;V503L;G504P;Y505H;E516A;T523C;V524P;C525P;P527L;S530C;N544T;G545T;T549Q;G550K;E554N;K557F;F559L;F565L;D574R;D578I;Q580L;L582I;I584P;G593T;G601N;L611G;Q613V;D614G;E619A;P621A;A623P;L629P;V635S;Y636A;T645E;G648I;L650T;G652N;A653S;E654Y;H655Y;N658E;S659Q;Y660G;C662A;D663G;G667I;A668T;T678S;P681S;A684V;S686I;S691L;I693Y;A701N;E702S;N710I;I726V;C738Y;T739Y;S746E;N751Q;L753A;L754F;Q755L;Y756S;G757F;C760T;N764A;R765C;T768E;A771E;D775Y;K776Q;T778A;P792K;F802Q;Q804S;L806P;K814E;F817L;F823K;V826A;D830N;I834G;G838D;C840L;G842A;L849A;C851F;L858P;E868Y;M869Q;A871Y;S875A;T883G;A890I;G891A;L894I;F898R;M902L;R905G;F906V;I909V;Y917Q;K921F;A924N;N925A;F927S;N928G;G932Q;Q935S;S939T;G946L;N953D;L959Q;V963F;K964L;Q965I;L966K;S967N;N969F;F970A;G971D;S975I;N978K;L984A;D985K;E990V;V991I;D994I;R995T;Q1002L;S1003V;Q1010L;R1014A;I1018L;L1024A;A1025T;E1031V;V1033S;V1040P;L1049P;M1050A;S1051P;P1053A;A1056V;L1063V;V1065E;T1066V;A1070I;E1072N;N1074A;T1077K;I1081D;D1084K;P1090E;R1091S;E1092S;G1099F;T1100N;H1101V;W1102Q;F1103T;T1105N;N1108I;T1116D;T1117C;C1126G;V1129G;G1131D;Y1138E;Q1142L;K1149L;E1150D;N1158L;H1159L;V1164N;S1170I;G1171V;I1172A;S1175E;V1176R;I1179K;I1183E;N1194D;E1195S;L1197Y;E1202K;E1207I;Y1209K;I1210L;W1212Y;Y1215W;L1218F;F1220A;T1231M;M1233T;L1234C;C1236L;T1238S;S1249K;C1253K;C1254D;K1269Y;L1270T,167.0,37.0,1.0,148.0,130.0,189.0
root_child_0_child_0_child_1_child_0_child_1_child_0_child_1_child_1_child_0|leaf,323,0.746269,323,0.746269,322,MZ477792.1,61,0.696517,317,317,60,-135.38766118066746,-2.2564610196777917,-1.4350399149338156,-1.4350399149338156,-5.532028057250047,-0.9220046762083411,6,K444G;G446R;R346T;E471G;Q498V;K458R,N501Y,1,N501Y;D614G,2,D614G;N501Y,2,N331C:-2.6574;T333D:-1.7415;N334F:-2.2519;G339T:-1.9415;F342N:-2.7584;T345F:-1.7678;R346T:-0.7574;S349R:-1.9652;A352R:-1.8724;W353A:-3.4506;N360Y:-2.7482;S366F:-2.3912;F374G:-2.9048;S383D:-2.6849;K386T:-3.0716;L390Y:-3.5850;C391Y:-4.4373;Y396S:-2.9446;R403D:-1.4625;D405G:-1.3426;R408I:-1.6834;Q414A:-2.1073;I418D:-2.5883;D420L:-1.5687;N422F:-3.0747;D427C:-2.4535;D428V:-2.2825;G431W:-3.9957;C432S:-4.3219;N437D:-2.4091;K444G:-0.7259;G446R:-0.7516;Y449L:-1.5400;R457K:-2.0672;K458R:-1.2139;S459L:-1.5423;R466E:-1.7462;S469E:-1.7993;E471G:-0.9933;I472Y:-1.3320;G476P:-1.3326;P479N:-1.3825;C480G:-1.4492;N481A:-1.3424;G485P:-1.4617;P491S:-1.7214;L492S:-1.7157;Q498V:-1.0898;P499G:-1.6178;T500H:-1.4926;N501Y:-1.4350;V512A:-3.3615;S514N:-3.5404;F515L:-3.1924;L517A:-3.5374;P521V:-3.6426;V524G:-4.1764;P527L:-3.2639;K528L:-2.6864;S530N:-3.0123,L5V;V16I;T19R;L24S;D40F;F43S;L56F;P57S;T63A;F65T;G72K;T73S;G75L;D80P;L84D;Y91K;E96I;I101G;G103I;W104F;I105T;F106W;T108L;T124N;D138L;L141H;N165F;T167E;E169S;P174M;L176M;M177D;Q183R;N196G;Y200K;K202H;I203T;Y204F;R214D;Q218P;L223P;D228P;I235S;F238L;H245T;Y248D;G252S;S255C;S256W;G257A;T259A;A260Y;A263G;V267T;L277N;E281G;G283I;I285E;T286A;D290L;C291S;A292T;P295S;C301V;T302F;V308G;I312N;T323S;V327P;N331C;T333D;N334F;G339T;F342N;T345F;R346T;S349R;A352R;W353A;N360Y;S366F;F374G;S383D;K386T;L390Y;C391Y;Y396S;R403D;D405G;R408I;Q414A;I418D;D420L;N422F;D427C;D428V;G431W;C432S;N437D;K444G;G446R;Y449L;R457K;K458R;S459L;R466E;S469E;E471G;I472Y;G476P;P479N;C480G;N481A;G485P;P491S;L492S;Q498V;P499G;T500H;N501Y;V512A;S514N;F515L;L517A;P521V;V524G;P527L;K528L;S530N;C538F;L546G;T549F;V551N;K557V;F559A;P561D;Q563V;I569A;D571V;D574P;R577L;T581P;D586S;T588G;T599L;Y612Q;D614G;V620A;D627K;P631S;S637T;G648V;C649V;I651E;V656S;E661P;D663P;A668G;G669Q;R685A;S689A;Q690S;I692A;T696A;L699A;G700E;E702A;N703A;V705Y;Y707N;N709I;V722P;T724L;T734M;S735C;D737I;D745E;S746L;L752G;L753S;Q755S;S758C;F759P;Q762I;N764A;L767I;V772Q;E773N;D775V;N777A;Y789E;K790Y;T791F;I794D;K795G;G798Q;G799D;N801Q;L806P;P807K;P812R;D830F;K835I;L841D;G842A;I844A;A845D;D848I;C851Q;Q853F;F855G;L858P;L861P;T866E;D867Q;Y873A;L878T;T883G;W886G;P897A;M900A;M902G;Y904V;F906N;I909Q;N914Q;S929I;I931S;Q935L;A942K;N953A;N960S;V963S;Q965G;L966S;S968F;N969A;I973S;N978K;D979F;E988Q;Q992D;D994L;R995G;L996D;T998R;Q1002Y;T1006R;L1012E;A1016S;L1024A;K1028S;M1029G;C1032S;S1037L;V1040C;D1041G;G1046L;M1050F;S1051A;F1052V;H1058F;F1062H;V1068N;A1070P;F1075I;C1082H;G1093H;V1094F;V1096G;S1097T;T1105R;Q1106P;R1107F;E1111P;T1116D;T1120N;G1124M;C1126R;I1130V;G1131N;N1134V;Y1138L;P1140L;L1141P;D1146K;D1153H;Y1155T;F1156H;K1157P;H1159V;G1167I;S1170H;I1172V;V1176I;V1177Q;N1178K;I1179K;I1183E;L1186V;N1187V;E1188L;V1189N;N1194D;E1195I;S1196G;L1203K;P1213I;W1214F;W1217G;M1229I;T1238C;S1239C;C1250S;C1253K;K1255E;E1262L,205.0,32.0,1.0,7.0,130.0,227.0
root_child_0_child_0_child_0_child_1_child_1_child_0_child_0_child_1_child_1|leaf,323,0.746269,323,0.746269,322,MZ477792.1,64,0.681592,321,321,63,-152.3393450935775,-2.4180848427551984,-1.4350399149338156,-1.4350399149338156,-3.3712872968246375,-1.1237624322748792,3,V445N;Q493S;N481I,N501Y,1,D138Y;N501Y;D614G;H655Y,4,D614G;N501Y,2,N331C:-2.6574;I332N:-2.6228;N334V:-1.9926;C336P:-4.2086;N343V:-2.0860;T345Y:-2.0228;A348R:-1.2580;S349R:-1.9652;Y351W:-2.7185;A352S:-2.3156;K356I:-1.4903;V367N:-2.4510;Y369L:-2.4628;N370C:-2.5773;F374C:-2.8283;K378Y:-2.2888;Y380S:-3.1557;V382N:-3.5462;P384K:-2.2877;T385L:-2.5021;N388V:-2.8414;C391G:-4.1320;V395F:-4.0067;F400G:-3.4397;V401R:-1.5520;I402G:-2.5120;T415Y:-2.5832;G416C:-2.9056;Y421K:-2.1591;N422L:-3.1081;Y423G:-3.5716;P426D:-2.2753;D427V:-2.2239;T430I:-2.3659;V433K:-2.9060;I434A:-2.7602;N437S:-2.2393;D442N:-1.8971;V445N:-0.9878;G446Y:-1.4345;Y451F:-1.7325;R457L:-1.8119;S459L:-1.5423;E465Y:-1.8043;P479G:-1.5441;C480F:-1.6586;N481I:-1.2341;G485P:-1.4617;N487G:-1.3894;C488F:-1.9176;L492F:-2.2180;Q493S:-1.1494;N501Y:-1.4350;G502Q:-1.7630;G504P:-1.9402;L513P:-3.6085;F515L:-3.1924;L518A:-2.7709;P521G:-3.6874;V524G:-4.1764;P527L:-3.2639;K528L:-2.6864;S530N:-3.0123,T19I;Y28S;R34L;F43T;L48Q;Q52F;L56I;F59V;A67V;I68T;P82L;V90Q;W104F;F106T;K113Q;V120E;N125V;V127E;V130E;E132Q;C136L;D138Y;L141H;V159N;Y160V;S161A;Y170S;P174I;F175M;M177E;K182F;Q183F;G184I;E191I;F201K;K202I;I203L;S205T;N211V;P217A;G219L;L226I;G232I;I235Q;T236L;A243S;T250G;P251S;G252S;D253A;S256A;W258A;T259G;A263G;L270P;R273K;D287L;A288L;V289D;D290P;C291A;P295S;L296E;S297L;K304E;V308G;K310F;R319S;E324V;F329N;N331C;I332N;N334V;C336P;N343V;T345Y;A348R;S349R;Y351W;A352S;K356I;V367N;Y369L;N370C;F374C;K378Y;Y380S;V382N;P384K;T385L;N388V;C391G;V395F;F400G;V401R;I402G;T415Y;G416C;Y421K;N422L;Y423G;P426D;D427V;T430I;V433K;I434A;N437S;D442N;V445N;G446Y;Y451F;R457L;S459L;E465Y;P479G;C480F;N481I;G485P;N487G;C488F;L492F;Q493S;N501Y;G502Q;G504P;L513P;F515L;L518A;P521G;V524G;P527L;K528L;S530N;V539F;N544G;T549K;L552S;F559Q;Q563R;Q564R;I569L;A570I;D571T;D574P;R577L;I584T;D586S;P589V;C590L;S596I;V597T;P600S;G601V;S605Q;A609G;L611E;Q613V;D614G;A626Q;L629T;Q644A;C649L;G652N;A653N;H655Y;N657I;A668S;A672T;N679I;R682I;I693S;Y695E;M697N;E702H;A706S;N709I;N710T;V722P;T723E;E725P;T734V;V736G;M740I;D745E;N751G;L753S;Y756S;S758I;T761A;N764A;V772N;E773S;D775Q;K776Q;V781A;F782K;T791F;I794D;K795N;G798I;G799Q;N801E;Q804L;I805D;P812F;N824T;V826T;L828K;A829T;Q836D;Y837D;A846L;L858P;P862D;P863L;T866Q;D867Q;Y873L;L878T;G880T;T883G;G885F;F888A;G889A;Q901A;R905N;F906V;Q913V;N914Q;L916E;I923N;Q926N;F927Q;S929I;I931K;G932D;A942K;K947D;A958N;N960Q;L962F;I973S;V987I;E988R;V991R;I993T;R995G;L996G;T998L;T1009Q;Q1010N;L1024V;T1027L;S1030G;G1035H;S1037L;K1038G;K1045M;H1048S;L1049V;S1051P;Q1054P;H1064P;V1065Q;A1070F;K1073H;I1081K;C1082D;D1084H;E1092N;V1094F;F1095N;V1096N;T1105R;Q1106P;E1111D;I1115T;T1116D;N1119F;T1120N;F1121S;I1130V;G1131N;N1134P;D1139L;P1140Q;S1147Y;E1150H;E1151Y;Y1155K;H1159S;S1161L;P1162V;G1167I;I1169N;S1175N;V1176I;V1177K;I1183K;D1184E;L1186V;V1189E;L1193S;I1198K;D1199E;E1207D;Q1208L;Y1209I;W1212Y;L1218F;A1222V;I1227V;C1235M;S1239C;L1244C;G1251D;C1253K;K1255E;F1256E;E1258L;G1267L,246.0,185.0,1.0,204.0,130.0,248.0
root_child_0_child_1_child_0_child_1_child_0_child_0_child_1_child_1|leaf,324,0.745483,324,0.745483,323,MZ477792.1,42,0.791045,319,319,41,-98.73612360373808,-2.408198136676538,-1.4350399149338156,-1.4350399149338156,-2.9281167876189844,-0.9760389292063282,3,K444G;G476K;Q493T,N501Y,1,N501Y;D614G,2,D614G;N501Y,2,N331L:-2.4671;I332L:-2.4919;P337N:-2.2448;S349T:-2.4938;V350W:-3.2836;K356I:-1.4903;I358D:-3.1976;N360D:-1.9597;D364P:-2.8951;A372F:-1.3989;S373T:-2.2875;T376C:-2.8787;G381L:-3.6288;V382K:-3.2429;S383T:-3.3231;A397I:-2.8788;I402G:-2.5120;G404V:-2.2315;G413I:-2.5114;Y421T:-2.7281;F429G:-3.4790;T430W:-2.7877;V433S:-3.2694;N440D:-1.3369;S443N:-1.7859;K444G:-0.7259;Y449L:-1.5400;R454S:-1.8175;G476K:-0.9661;C480F:-1.6586;N487L:-1.6381;L492T:-1.8056;Q493T:-1.2362;F497V:-2.4700;N501Y:-1.4350;G504Q:-1.7347;V512C:-3.6811;S514A:-3.5195;E516H:-2.8405;V524G:-4.1764;K528L:-2.6864,V36P;Y37D;L48T;F59V;W64A;H66N;H69N;K77F;D80P;G89Y;A93S;T95I;W104T;I105T;S116N;I128S;Q134C;N137L;D138L;L141H;K150L;E154L;E156S;F157V;V159S;Y160S;F168Y;Q173D;P174E;F175E;L176D;E180F;N188R;L189N;F192I;I197K;G199I;Y204P;H207P;Q218E;E224V;V227I;D228P;I231L;G232I;N234F;I235Q;L241R;H245L;Y248S;D253S;S254T;S256A;V267F;G268R;Q271R;L276E;T284D;D287L;A288D;C291A;L296C;T302I;I312D;Q314A;S316F;R319S;V320T;V327P;N331L;I332L;P337N;S349T;V350W;K356I;I358D;N360D;D364P;A372F;S373T;T376C;G381L;V382K;S383T;A397I;I402G;G404V;G413I;Y421T;F429G;T430W;V433S;N440D;S443N;K444G;Y449L;R454S;G476K;C480F;N487L;L492T;Q493T;F497V;N501Y;G504Q;V512C;S514A;E516H;V524G;K528L;L533C;V539N;G545V;G550N;S555L;K557P;K558P;L560F;P561R;D568V;I569L;T573A;Q580L;I584D;D586P;I587F;P589I;S591T;G593S;S596T;V597T;T599G;Q607V;V608N;D614G;C617E;E619V;P621A;V622I;I624A;A626L;Q628P;Y636T;T645I;G648I;C649N;L650G;H655L;V656S;E661D;G667I;G669A;S673T;V687N;S691A;I693T;M697L;S698A;T716F;T723E;T724R;E725M;I726P;L727V;V729D;M731D;D745E;E748S;L752C;G757L;L763T;A766K;L767T;K776A;N777Q;I794D;K795H;G798L;G799F;F800I;N801Q;Q804L;R815I;F817L;I818L;N824V;K825T;V826A;T827D;D830L;C840Q;L841I;I844L;A846L;K854Y;L858P;L861D;P862A;P863L;D867C;M869A;A871T;Q872L;S875G;I882G;T883G;F888I;A903R;F906Q;G910V;V911Y;T912E;Y917Q;Q920N;L922A;Q926N;F927N;N928I;I931K;G932Q;K933T;S940A;A942K;L945K;L948N;Q949H;L962F;Q965G;L966G;S967N;G971V;S974N;V976L;I980V;R983E;V987A;Q992I;D994I;G999Q;Q1005I;Y1007V;N1023A;L1024A;T1027M;C1032S;Q1036R;D1041C;F1042S;G1044F;K1045P;P1053S;Q1054G;S1055V;V1061T;L1063P;Y1067A;K1073H;A1080K;C1082D;H1083K;H1088R;R1091V;E1092F;F1095L;N1098Q;H1101Q;T1105Y;N1108Q;Q1113T;I1115T;D1118T;N1125D;C1126I;D1127I;I1130T;G1131N;I1132D;N1134P;V1137Q;P1140Q;P1143F;L1145E;S1147Y;K1154F;F1156V;T1160G;P1162L;D1168N;G1171A;I1172N;I1179K;I1183L;L1186V;E1188K;V1189L;E1195Q;L1197D;I1198E;Y1206I;Q1208K;W1214Y;L1224A;V1228T;V1230I;M1233C;C1236M;T1238C;C1240S;S1242K;G1251F;C1253K;C1254D;K1255E;D1259K;P1263L;L1265V;V1268T;K1269N;L1270Y,11.0,176.0,1.0,37.0,140.0,3.0
root_child_1_child_0_child_0_child_0_child_1_child_0_child_0_child_0|leaf,324,0.745483,324,0.745483,323,MZ477792.1,46,0.771144,325,325,45,-107.63505778564982,-2.39189017301444,-1.4350399149338156,-1.4350399149338156,-3.163224150246481,-1.0544080500821604,3,L455R;K458N;Q493Y,N501Y,1,P26S;D138Y;N501Y;D614G;H655Y;V1176F,6,D614G;N501Y,2,N331T:-2.4198;T333C:-2.1241;N334C:-2.3489;T345C:-1.9999;A348R:-1.2580;N360D:-1.9597;V362Y:-3.1662;S371F:-1.9489;T376S:-2.4656;C379P:-4.2203;G381T:-3.6343;K386F:-3.0381;L387V:-3.5731;N388F:-2.6581;L390K:-3.0800;D398G:-3.2244;S399D:-2.3761;Q409A:-2.7239;I410N:-2.6030;G413I:-2.5114;T415Y:-2.5832;I418R:-2.4418;A419L:-3.0512;N422L:-3.1081;L425C:-3.3264;D428C:-2.4366;V433A:-3.4829;G447F:-2.0156;L455R:-0.7754;R457P:-1.7140;K458N:-1.1730;N460P:-1.4502;L461I:-1.5827;F464D:-1.7218;R466D:-1.9342;D467T:-1.8071;I472Y:-1.3320;N487Y:-1.7183;Q493Y:-1.2148;Y495F:-2.3210;N501Y:-1.4350;G504P:-1.9402;Y505L:-1.7403;V512L:-3.8192;V524G:-4.1764,R21S;Q23D;P26S;A27N;Y38K;D40G;T51L;F59V;F65Q;A67G;K77F;D80P;V83F;P85L;D88Y;Y91S;G103F;K113S;Q115V;A123Q;K129E;V130F;D138Y;F140L;L141V;Y144H;K147W;E156V;V159P;Y160N;N164Y;E169Y;V171F;S172L;M177E;E180K;K182F;G184F;K187Y;L189F;E191D;V193N;Y200S;F201H;K206T;V213G;Q218A;F220A;E224P;L229I;I233F;N234T;I235S;F238L;A243D;S247L;P251G;D253S;S255T;A264Q;Y269Q;E281G;G283D;I285D;T286A;D290A;A292D;C301L;T302F;F306Y;S325T;P330L;N331T;T333C;N334C;T345C;A348R;N360D;V362Y;S371F;T376S;C379P;G381T;K386F;L387V;N388F;L390K;D398G;S399D;Q409A;I410N;G413I;T415Y;I418R;A419L;N422L;L425C;D428C;V433A;G447F;L455R;R457P;K458N;N460P;L461I;F464D;R466D;D467T;I472Y;N487Y;Q493Y;Y495F;N501Y;G504P;Y505L;V512L;V524G;N532C;L533C;N544S;G545L;T549Q;E554F;N556F;F559D;F562T;Q563V;F565R;A575V;T581D;L582I;I584T;D586V;T588I;F592V;V597M;T602A;N603T;T604V;D614G;C617V;V622I;N641R;T645E;R646G;G648I;L650A;A653H;E654S;H655Y;N657S;N658C;Y660G;C662A;D663C;I666G;G669C;T678S;S680R;A684Q;A694G;M697G;S704N;N710A;S711P;T723V;E725P;V729T;K733D;D737S;Y741C;I742G;N751F;L752Q;L753G;S758L;T761K;N764A;R765T;T768I;G769A;Q779K;V785I;K786I;P792E;I794D;K795F;G799I;F802H;Q804S;P809I;P812K;K814L;R815L;F823A;K825I;V826A;A829K;I834G;K835Y;Q836G;C840A;L841D;G842A;D843A;A845R;R847I;D848N;A852K;Q853F;K854V;L858P;V860L;L864T;L865Y;M869Q;Q872T;T874G;T883G;W886G;A890Q;G891A;L894Q;I896Y;R905G;F906Q;G910Q;V911Q;Y917Q;E918K;K921N;N928L;I931S;G932Q;K933Q;K947D;Q957V;A958S;L959T;V963F;Q965S;S967F;F970A;G971D;S974V;S975I;N978R;R983D;K986E;D994R;R995T;L996T;G999S;S1003T;Q1011E;L1012E;I1013A;E1017A;I1018L;S1021N;L1024A;A1025T;A1026S;T1027C;K1028S;M1029V;E1031V;V1033G;K1038P;V1040G;D1041G;C1043R;Y1047V;L1049F;M1050S;P1053G;F1062V;L1063P;A1070E;K1073T;T1076I;C1082D;E1092S;V1096T;W1102Y;I1115F;T1117C;N1119V;F1121D;N1125G;G1131D;N1134P;E1144K;Y1155D;F1156N;K1157L;N1158S;H1159L;S1161I;V1164N;S1170A;G1171V;S1175I;V1176F;V1177E;I1179R;E1188L;Y1206Q;E1207I;Q1208P;Y1209W;W1212Y;W1217F;L1218A;F1220A;A1226L;I1227M;C1236Y;C1240G;S1249K;G1251F;S1252C;C1253K;F1256E;Y1272T,33.0,157.0,1.0,121.0,140.0,26.0
root_child_1_child_0_child_1_child_1_child_0_child_0_child_0_child_1|leaf,324,0.745483,324,0.745483,323,MZ477792.1,53,0.736318,324,324,52,-116.74625250818339,-2.2451202405419886,-1.4350399149338156,-1.4350399149338156,-7.387870330313193,-1.0554100471875991,7,L455R;R346A;L441D;Q498V;G446T;Q493S;T470I,N501Y,1,L18F;D138Y;N501Y;D614G;H655Y;V1176F,6,D614G;N501Y,2,N331T:-2.4198;N334C:-2.3489;G339A:-2.1674;A344R:-1.7712;R346A:-0.9806;F347V:-2.4887;A352S:-2.3156;W353K:-2.7975;R355C:-2.6504;N360A:-2.6835;D364S:-2.9044;A372S:-1.2799;S373N:-2.2359;C379S:-4.1288;G381V:-3.5950;V382K:-3.2429;K386F:-3.0381;L390T:-3.1993;A397S:-3.4311;G404D:-1.9441;D405P:-1.7197;E406A:-1.7581;V407G:-2.9996;R408I:-1.6834;I410T:-2.7024;P412T:-3.3095;G413D:-1.9963;A419L:-3.0512;Y421K:-2.1591;L425D:-2.9019;D428Q:-2.6061;L441D:-1.0451;G446T:-1.1216;G447N:-1.3812;Y449S:-1.7609;R454L:-1.8137;L455R:-0.7754;R457P:-1.7140;D467G:-1.3684;T470I:-1.2259;G485Y:-1.5747;N487Y:-1.7183;Y489G:-1.9465;Q493S:-1.1494;Q498V:-1.0898;T500H:-1.4926;N501Y:-1.4350;G504P:-1.9402;V512F:-3.7708;S514H:-3.3394;L518V:-3.3865;A520G:-3.1867,L18F;D40F;H49R;T51L;P57S;F65I;I68T;S71R;T73G;K77F;P85N;D88I;S98I;I100F;F106L;T109D;K113S;S116V;A123N;C136L;D138Y;Y145N;W152F;E156G;F157R;V159S;Y160N;S162T;C166F;V171Q;Q173M;F175D;K182G;G184F;N188S;L189E;E191I;Y200K;K202T;Y204K;H207L;V213G;R214F;F220A;V227P;L229I;I235S;P251D;A260V;G268D;K278Y;E281G;N282T;T286A;D290L;C291L;L293N;K300S;C301K;T302V;K304E;T307Y;I312Q;T315F;R319F;Q321E;N331T;N334C;G339A;A344R;R346A;F347V;A352S;W353K;R355C;N360A;D364S;A372S;S373N;C379S;G381V;V382K;K386F;L390T;A397S;G404D;D405P;E406A;V407G;R408I;I410T;P412T;G413D;A419L;Y421K;L425D;D428Q;L441D;G446T;G447N;Y449S;R454L;L455R;R457P;D467G;T470I;G485Y;N487Y;Y489G;Q493S;Q498V;T500H;N501Y;G504P;V512F;S514H;L518V;A520G;L533K;V534N;K537V;L546G;T549Q;Q564T;G566D;R567I;R577L;D578P;L582I;D586P;P589V;G593T;V597P;I598C;T599G;N603A;A609V;D614G;P621V;L629C;T632R;T638R;N641C;F643D;T645E;G648H;L650T;A653V;H655Y;Y660G;C662A;D663A;A668T;I670S;A672Y;N679A;A688I;Q690I;L699T;E702N;N703A;N710I;K733V;D737N;C738G;D745E;N751L;L753Q;Q755S;S758C;F759T;C760T;N764A;I770M;N777K;Q779K;F782I;A783E;I788L;K795F;F800I;F802Q;Q804S;L806D;P812F;K814D;D820V;F823G;N824V;V826A;T827F;D830F;A831Y;G832I;F833K;Y837D;C840L;G842A;D843L;I844Q;R847A;N856V;G857V;L858P;P863T;L864T;M869Q;Q872G;Y873I;L878S;I882G;T883G;T887A;A890I;A892L;F898R;M902F;R905V;F906Q;Y917Q;N919A;K921Q;L922F;F927N;N928K;G932Q;I934Q;T941A;G946L;L948Q;V952Q;L959T;V963F;S967E;F970A;G971I;S974V;L977N;N978K;S982E;R983V;I993P;D994I;R995T;L996G;G999L;S1003T;L1004T;T1009Q;I1013R;R1014A;A1015I;A1016N;E1017N;I1018L;L1024A;A1025T;K1028Q;E1031V;L1034D;G1035S;S1037V;V1040Y;D1041N;M1050S;F1052Q;P1053A;P1057D;H1064P;V1068K;E1072N;T1076P;T1077L;A1080I;G1085F;A1087R;E1092S;V1094F;W1102Q;Q1106I;N1108I;F1109A;P1112I;I1115T;S1123N;C1126G;D1127I;I1130Y;G1131D;V1137P;P1140D;E1144A;D1146K;K1149L;K1154H;F1156P;H1159L;P1162I;V1164E;L1166D;D1168N;S1175I;V1176F;Q1180E;E1195L;L1200M;Y1206Q;E1207I;W1212Y;I1216V;L1218F;F1220A;I1225V;L1234C;C1236Y;T1238C;C1240G;C1241V;C1248H;S1249K;G1251E;C1253F;F1256L;D1257K,87.0,24.0,1.0,122.0,140.0,122.0
root_child_1_child_1_child_0_child_0_child_1_child_0_child_1_child_1|leaf,324,0.745483,324,0.745483,323,MZ477792.1,52,0.741294,321,321,51,-120.67892221002958,-2.3662533766672467,-1.4350399149338156,-1.4350399149338156,-1.2158723269906768,-1.2158723269906768,1,I472Q,N501Y,1,D138Y;N501Y;H655Y,3,N501Y,1,L335V:-1.9854;V341Q:-2.7720;N343V:-2.0860;A344F:-2.1999;T345W:-1.9163;A348W:-1.9566;W353R:-2.7154;N354V:-1.5952;K356C:-1.8656;A363N:-3.6745;D364Y:-2.7447;L368N:-2.8684;Y380S:-3.1557;T385L:-2.5021;C391T:-4.3715;F392V:-3.9394;T393D:-2.3590;V395S:-3.7400;V401N:-2.2797;D405A:-1.5484;V407Q:-2.4021;R408I:-1.6834;Q409A:-2.7239;A411I:-2.8715;G413D:-1.9963;N422L:-3.1081;Y423L:-3.4325;L425D:-2.9019;T430M:-2.3526;V433Y:-3.4118;L441V:-1.5410;Y449S:-1.7609;R457N:-1.9868;F464T:-2.2843;I468Q:-1.4135;I472Q:-1.2159;Y473Q:-1.3706;A475N:-1.2433;C480G:-1.4492;N481Q:-1.6016;N487Y:-1.7183;S494G:-1.3122;T500Q:-1.6727;N501Y:-1.4350;G504P:-1.9402;Y508E:-2.1452;V512S:-3.5688;A520T:-3.4122;C525P:-4.2599;K529T:-1.2935;S530L:-2.8938,V6I;R21S;T22N;Q23R;L24A;P25Y;V42S;L48Q;T51L;F65R;T73R;N74M;K77I;L84V;P85H;N87S;I100G;G107T;K113S;S116N;N122V;K129Q;Q134N;D138Y;F140K;G142D;W152V;M153V;E156G;L179G;G181Q;Q183V;G184F;R190N;N196D;I197G;Y200K;F201I;H207V;I210V;V213P;G219S;F220D;A222L;L223P;E224F;P225G;P230G;I233F;I235S;T236F;L249Y;T250G;P251S;A263F;L276Y;Y279D;N280I;T286A;A288L;C291L;L293K;D294S;P295S;C301V;L303V;K310S;N317I;Q321I;R328T;L335V;V341Q;N343V;A344F;T345W;A348W;W353R;N354V;K356C;A363N;D364Y;L368N;Y380S;T385L;C391T;F392V;T393D;V395S;V401N;D405A;V407Q;R408I;Q409A;A411I;G413D;N422L;Y423L;L425D;T430M;V433Y;L441V;Y449S;R457N;F464T;I468Q;I472Q;Y473Q;A475N;C480G;N481Q;N487Y;S494G;T500Q;N501Y;G504P;Y508E;V512S;A520T;C525P;K529T;S530L;V534K;N540G;N542I;F543G;T549Q;V551L;L552K;T553N;S555L;F559D;L560F;F562I;R567I;I569D;D574V;D578H;P579E;L582T;E583L;L585I;D586T;C590F;V595P;I598P;Q613E;D614Y;A626Q;P631G;W633I;Y636V;N641A;T645L;A647L;G648I;I651E;A653S;H655Y;D663P;I664A;C671Q;Q675H;T678V;A688M;Q690T;S691I;M697G;A701N;E702S;Y707I;N710I;P715S;T724S;E725M;G744T;D745T;T747L;E748N;L754F;T761N;E773V;I794D;K795F;G799Q;F802S;Q804S;I805P;K811F;K814S;R815T;D820L;G832I;G838L;C840A;G842A;D843L;R847T;D848C;I850A;A852G;Q853T;L858P;V860D;P863T;L864T;D867M;E868A;M869Q;Q872G;Y873L;G880S;T883G;S884G;W886I;F888G;A890L;A892F;Q895P;I896A;P897A;M900Q;M902P;Y904D;R905G;F906Q;I909V;T912Q;L916Q;L922A;I934D;S939T;T941S;A942S;L948V;L962S;V963F;K964Q;L966A;F970A;G971I;V976S;L977R;N978R;D979L;E990A;Q992D;I993R;R995G;T998L;S1003Q;Q1005I;V1008Q;Q1011E;I1018S;L1024A;A1025S;M1029E;K1038D;G1046H;H1048S;M1050A;P1053A;H1058T;G1059V;V1060S;V1061Y;H1064P;V1068F;A1070E;A1078D;C1082K;A1087V;E1092N;G1093S;N1098Q;H1101F;V1104Y;N1108Y;F1109I;I1115G;C1126G;D1127V;I1130N;G1131N;I1132N;N1134P;K1149L;Y1155F;F1156N;N1158K;P1162V;V1164L;S1170A;S1175I;V1176I;N1178K;K1181A;E1182D;I1183R;N1187K;N1194S;L1197Y;I1198D;E1202K;E1207I;I1210W;Y1215I;L1218F;G1219L;F1220A;V1228I;T1231L;C1235L;C1236Y;T1238L;C1247S;S1249D;C1253K;E1262G;P1263Q;V1268H,120.0,134.0,1.0,240.0,140.0,99.0
root_child_1_child_0_child_1_child_0_child_1_child_1_child_1_child_0_child_0|leaf,324,0.745483,324,0.745483,323,MZ477792.1,57,0.716418,322,322,56,-125.12670996187802,-2.2344055350335363,-1.4350399149338156,-1.4350399149338156,-8.295081008160805,-1.0368851260201009,8,L455R;L441K;K444D;E471T;Q498G;K529V;Q493Y;I472Q,N501Y,1,D138Y;N501Y;D614G;H655Y,4,D614G;N501Y,2,V341R:-2.3635;N343R:-1.9782;T345V:-1.5633;A348Y:-1.9181;W353K:-2.7975;R355C:-2.6504;L368F:-2.4135;A372F:-1.3989;C379S:-4.1288;G381K:-2.8824;V382L:-3.7496;S383L:-3.4478;K386F:-3.0381;L387D:-3.4025;N388F:-2.6581;C391Y:-4.4373;D398R:-3.0994;F400M:-2.8308;R403D:-1.4625;R408I:-1.6834;Q409P:-2.8574;G413D:-1.9963;A419L:-3.0512;N422K:-2.9844;L425D:-2.9019;I434H:-2.0370;A435L:-3.3866;N440S:-1.2506;L441K:-0.8313;S443Y:-1.8219;K444D:-0.8681;G446Y:-1.4345;Y449F:-1.3317;L455R:-0.7754;R457P:-1.7140;L461P:-2.1355;K462I:-1.4277;P463D:-2.2807;F464S:-2.1239;E471T:-1.0813;I472Q:-1.2159;Y473G:-1.6051;P479V:-1.4239;N481C:-1.4017;N487L:-1.6381;Q493Y:-1.2148;Q498G:-1.1380;N501Y:-1.4350;G502Y:-1.9119;G504P:-1.9402;Q506P:-2.4036;V524T:-3.9087;C525P:-4.2599;P527V:-3.1031;K529V:-1.1703;S530C:-3.1615,L18V;T19P;R21S;L24S;P25L;R34Y;T51L;H69G;V70Q;S71R;K77F;R78D;D80P;P85V;D88V;T95K;E96R;I101G;G103F;L110Q;K113S;T114S;S116V;V126E;C131E;C136L;D138Y;L141H;E156G;F157Y;Y160N;F168Y;G184F;L189E;E191I;K195T;H207L;V213D;Q218P;F220D;P225V;L229I;I235F;T236L;F238A;Y248D;L249P;D253S;A262G;Y266G;V267S;Y269Q;Q271L;K278F;G283A;T286A;D290S;C291L;P295K;L296E;T299F;T302K;L303V;K304G;S305E;T315F;Q321I;V341R;N343R;T345V;A348Y;W353K;R355C;L368F;A372F;C379S;G381K;V382L;S383L;K386F;L387D;N388F;C391Y;D398R;F400M;R403D;R408I;Q409P;G413D;A419L;N422K;L425D;I434H;A435L;N440S;L441K;S443Y;K444D;G446Y;Y449F;L455R;R457P;L461P;K462I;P463D;F464S;E471T;I472Q;Y473G;P479V;N481C;N487L;Q493Y;Q498G;N501Y;G502Y;G504P;Q506P;V524T;C525P;P527V;K529V;S530C;L533V;N536C;K537V;C538L;N544L;G545T;T549Q;V551N;S555P;F559L;D578T;Q580L;T581D;L582I;F592S;G593Q;T599S;L611G;D614G;A623P;A626Q;L629P;Y636G;S637R;G639T;S640T;V642Q;T645E;R646G;G648I;L650T;A653V;H655Y;N658E;S659Q;Y660G;C662A;D663Y;G667I;A668T;A684V;Q690S;I693Y;A701N;N710I;I714F;L727S;S730T;T739D;M740C;S746E;N751Q;G757F;F759K;C760T;N764V;E773D;T778A;V781F;Q787P;I788K;Y789T;K790Y;K795P;F802Q;Q804S;L806D;P812R;K814E;S816F;V826A;T827F;C840L;G842A;A845D;C851L;L858P;T866E;M869Q;A871Y;S875L;A876L;L878S;T883G;W886F;A893I;F898R;M902N;Y904F;R905G;F906Q;L916K;Y917Q;K921Q;I923Q;N925I;N928L;G932Q;S939T;L948V;V952N;Q954A;N955A;A956Q;A958N;L959K;T961S;V963F;Q965I;L966G;S967F;N969V;F970A;G971I;A972N;S975N;V976D;N978K;R983A;L984A;D994I;R995Q;L1004Q;I1018A;L1024A;A1025T;S1030V;E1031V;V1033G;S1037F;V1040P;C1043Y;M1050A;S1051P;F1052K;A1056V;L1063V;H1064P;T1066V;Y1067M;V1068K;E1072N;N1074A;T1077K;I1081D;H1088V;P1090E;R1091S;E1092S;G1093V;F1095S;T1100N;W1102Q;F1103Q;T1105N;Q1113I;T1117C;F1121N;C1126G;V1129G;G1131D;N1134P;Y1138E;Q1142L;K1149L;Y1155D;H1159L;V1164N;S1170I;I1172A;S1175I;V1176R;I1179K;V1189D;L1193E;G1204Q;E1207Y;I1210Y;W1212Y;Y1215I;I1216G;F1220A;I1221A;A1226I;L1234C;C1235M;C1236Y;S1242C;K1245C;S1249K;C1253K;C1254D;F1256D;E1258D;P1263Y;G1267H;V1268H;K1269H;L1270T,159.0,19.0,1.0,102.0,140.0,189.0
root_child_1_child_1_child_1_child_1_child_1_child_0_child_1|leaf,324,0.745483,324,0.745483,323,MZ477792.1,56,0.721393,323,323,55,-126.09647655607458,-2.292663210110447,-1.4350399149338156,-1.4350399149338156,-7.808276188442473,-1.1154680269203534,7,F456K;L455K;Q474G;E340K;K529V;S459E;I472Q,N501Y,1,D138Y;N501Y;D614G;H655Y;V1176F,5,D614G;N501Y,2,N334A:-2.0009;L335V:-1.9854;E340K:-1.0697;V341A:-3.0576;A344R:-1.7712;T345N:-1.7277;F347H:-2.3599;S349N:-1.8600;V350Y:-3.1958;N354I:-1.5971;R355C:-2.6504;Y365L:-2.8881;V367L:-2.6621;F377C:-3.1146;G381T:-3.6343;C391T:-4.3715;T393S:-2.3504;V395S:-3.7400;R403G:-1.4589;G404Q:-2.1394;R408I:-1.6834;G413I:-2.5114;I418D:-2.5883;N422L:-3.1081;L425D:-2.9019;D428T:-2.0746;T430A:-2.7765;A435L:-3.3866;W436S:-2.5340;L455K:-1.0570;F456K:-1.0351;R457N:-1.9868;S459E:-1.2030;R466A:-1.4586;I468S:-1.4118;S469A:-1.7729;I472Q:-1.2159;Y473P:-1.6900;Q474G:-1.0573;G476P:-1.3326;G485P:-1.4617;N487Y:-1.7183;Y495P:-2.7644;F497T:-2.1204;N501Y:-1.4350;G502P:-1.3416;G504P:-1.9402;V511F:-3.2371;V512H:-3.2491;L513F:-3.8349;T523N:-3.5592;C525T:-4.2054;K528L:-2.6864;K529V:-1.1703;S530V:-2.9517,F2V;L18Y;R21S;P25A;Y37D;T51L;Q52F;T63H;F65T;T73G;F79L;N87S;W104I;D111T;K113S;A123I;T124N;K129Q;F133D;Q134N;D138Y;F140D;E154Y;N164C;C166F;T167E;L179G;G181F;G184F;N188E;K195H;N196G;I197G;F201Y;Y204T;P209L;I210D;D215Q;P217G;Q218E;G219E;F220A;E224P;G232R;I235Q;T236F;R237F;F238S;H245P;L249S;P251S;D253A;S256L;A263Q;A264G;Y265P;G268Q;F275N;L276Y;K278E;T286A;D287V;A288C;C291S;S297I;L303S;F306V;T307Y;K310E;G311Y;T315N;N317T;V320S;R328P;N334A;L335V;E340K;V341A;A344R;T345N;F347H;S349N;V350Y;N354I;R355C;Y365L;V367L;F377C;G381T;C391T;T393S;V395S;R403G;G404Q;R408I;G413I;I418D;N422L;L425D;D428T;T430A;A435L;W436S;L455K;F456K;R457N;S459E;R466A;I468S;S469A;I472Q;Y473P;Q474G;G476P;G485P;N487Y;Y495P;F497T;N501Y;G502P;G504P;V511F;V512H;L513F;T523N;C525T;K528L;K529V;S530V;V534N;K537V;C538F;T549Q;G550L;K557F;K558P;F559D;F562I;Q563I;F565T;G566T;D568I;A575R;V576L;P579D;D586T;T588C;F592L;V595G;T602S;A609V;D614G;T618V;A623T;T645E;G648I;C649Y;I651V;G652Y;H655Y;Y660D;D663Q;A668I;A672T;Q677N;R683S;A688M;S689A;I692S;A701S;Y707N;N710I;A713F;V722L;P728T;M731S;K733V;T734V;M740I;C743N;T747L;L752G;L754Q;C760Q;T761L;Q762L;N764L;R765T;L767G;E773V;Q784V;V785K;P793D;D796N;G799N;Q804S;I805Y;K814A;L822D;T827G;A831F;K835L;Y837G;G838D;C840A;L841A;G842A;D843L;A845L;C851G;K854N;G857T;L858P;T859D;V860L;L861P;M869Q;Y873S;L877S;L878S;F888G;A890L;Q895P;I896A;M902P;F906Q;L916Q;E918I;Q920N;I923Q;A924Q;N928L;G932Q;I934S;S937A;G946L;V952Q;A958L;V963Q;F970S;G971I;S974D;N978K;Q992D;T998S;G999Q;S1003T;Q1005Y;T1006R;Q1010R;I1018L;A1022K;N1023A;L1024A;A1025S;K1038Q;V1040G;G1046S;H1048Q;M1050S;P1053A;S1055T;A1056N;P1057F;G1059Q;V1061T;T1066E;Q1071H;F1075D;I1081D;H1083G;E1092W;G1093V;W1102V;N1108Q;F1109P;P1112V;I1114C;I1115N;V1122I;G1124A;N1125V;C1126D;D1127V;G1131V;I1132V;N1134P;V1137D;D1139Q;P1140D;L1141P;P1143F;S1147E;K1149L;P1162V;V1164L;I1169S;I1172N;V1176F;E1188L;V1189T;N1192I;E1195I;E1207I;L1218F;F1220A;G1223A;L1224A;V1228I;M1233T;C1236Y;S1242K;L1244G;C1250F;S1252E;C1253K;C1254D;F1256K;D1259L;K1266H;G1267L;V1268H;K1269H,164.0,54.0,1.0,196.0,140.0,176.0
root_child_0_child_0_child_0_child_0_child_1_child_1_child_0_child_0_child_1|leaf,324,0.745483,324,0.745483,323,MZ477792.1,54,0.731343,320,320,52,-130.49903664773979,-2.5095968586103803,,,-5.702977265439879,-1.1405954530879758,5,N501V;E340K;N481V;A475S;K458R,,0,D138Y;D614G;H655Y,3,D614G,1,N331C:-2.6574;P337N:-2.2448;E340K:-1.0697;V341A:-3.0576;T345Y:-2.0228;S349A:-2.3878;V350A:-3.2598;W353R:-2.7154;R357N:-2.0603;N360L:-2.6378;V362Y:-3.1662;D364V:-2.7534;V367Y:-2.6067;N370T:-2.6435;S371F:-1.9489;S373A:-1.9861;F374T:-2.2571;T376G:-2.8501;K378T:-1.9639;G381S:-3.6522;D389G:-2.5211;L390V:-3.7422;C391Y:-4.4373;T393D:-2.3590;A397F:-3.4911;V401R:-1.5520;I402G:-2.5120;G413A:-2.0425;P426D:-2.2753;V433S:-3.2694;A435N:-3.1173;N437S:-2.2393;Y449L:-1.5400;K458R:-1.2139;S459F:-1.6356;A475S:-1.2023;G476V:-1.4574;N481V:-1.1660;N487Y:-1.7183;C488S:-2.1537;P491Q:-1.4963;S494F:-1.4043;N501V:-1.0510;V512A:-3.3615;F515T:-3.5647;A520G:-3.1867;P521A:-3.4158;V524S:-3.9754;C525S:-4.2948;P527L:-3.2639;S530N:-3.0123;T531L:-2.8851,C15Y;Y28S;F43S;H49D;Q52F;L54S;L56I;F65M;A67V;V70F;S71E;N74F;R78N;V83L;L84G;V90P;K97R;W104F;I105G;Q115I;T124V;D138Y;F140H;L141H;G142N;K147S;M153R;Y160V;N165Y;C166F;Y170P;P174I;E180N;G184L;N185E;N188K;K195Y;D198K;K202Y;Y204H;H207P;N211L;G219E;P225V;L226V;G232I;I233T;I235S;T240L;L242Y;H245A;R246G;L249P;P251S;G252S;S256A;W258Q;T259A;A263Y;Y269L;L277N;K278T;Y279N;E281W;T286P;C291S;P295S;L296C;S297K;K310T;T315V;Q321E;S325Q;V327P;F329N;N331C;P337N;E340K;V341A;T345Y;S349A;V350A;W353R;R357N;N360L;V362Y;D364V;V367Y;N370T;S371F;S373A;F374T;T376G;K378T;G381S;D389G;L390V;C391Y;T393D;A397F;V401R;I402G;G413A;P426D;V433S;A435N;N437S;Y449L;K458R;S459F;A475S;G476V;N481V;N487Y;C488S;P491Q;S494F;N501V;V512A;F515T;A520G;P521A;V524S;C525S;P527L;S530N;T531L;V534C;K535F;K537N;G548E;L552S;E554N;N556L;K557L;F559I;Q563F;Q564G;G566D;I569P;D574P;R577L;D586S;P589S;G594T;S596I;T599G;G601V;N603Q;Q607Y;V608L;V610Y;L611N;Q613T;D614G;C617S;T618E;E619P;P621A;V622D;A626Q;Q628Y;L629V;T630G;R634F;S640G;T645Q;G648A;L650G;H655Y;N657Y;A668S;C671K;S673T;Y674K;Q675T;Q677S;R682A;A684S;Q690I;M697E;V705N;N709I;I720T;L727V;C738G;M740I;G744T;D745S;E748S;L753S;F759T;C760L;T761I;Q762N;L763T;N764A;I770V;E780I;V781A;K786T;Q787F;T791F;I794D;D796N;F800L;N801Q;P807K;S810R;P812K;S813I;R815E;F817E;I818D;E819L;D820T;N824V;V826A;K835Y;Q836L;C840D;D843A;R847I;L858T;T859I;T866E;D867Q;T874I;L878T;T883G;P897A;A899Y;R905N;F906Q;G908Q;N914Q;V915N;N919L;Q920N;K921Q;Q926S;G932L;I934T;A942K;L945K;L948A;D950V;V951Q;N955A;A958Q;N960S;I973S;N978S;S982E;D985I;I993G;R995G;L996D;T998S;T1006L;V1008Q;T1009Q;I1018A;S1021N;L1024A;A1026K;M1029E;S1030L;E1031Q;C1032G;L1034Q;K1045H;G1046Y;Y1047P;H1048P;P1057F;F1062V;H1064E;V1068Q;E1072I;T1077K;I1081D;R1091S;E1092F;V1094F;F1095L;H1101F;T1105R;Q1106R;N1119F;T1120S;F1121S;V1122G;D1127P;I1130V;G1131N;N1134P;N1135V;P1143E;L1152K;D1153N;D1163L;D1165N;V1176I;I1179D;I1183K;D1184N;V1189N;W1212L;A1222V;A1226I;I1232C;M1237K;T1238L;S1242C;C1253K;E1262K;G1267S;K1269H;L1270T,185.0,228.0,221.0,214.0,140.0,141.0
root_child_1_child_0_child_1_child_0_child_1_child_1_child_1_child_0_child_1|leaf,324,0.745483,324,0.745483,323,MZ477792.1,59,0.706468,322,322,58,-132.6113203525789,-2.2864020750444642,-1.4350399149338156,-1.4350399149338156,-6.803411534788043,-0.971915933541149,7,L455R;R346S;L441K;K444D;Q498G;K529V;Q493Y,N501Y,1,D138Y;N501Y;D614G;H655Y,4,D614G;N501Y,2,I332M:-2.8930;N334F:-2.2519;G339V:-2.1347;V341R:-2.3635;N343R:-1.9782;R346S:-0.8055;A348Y:-1.9181;W353K:-2.7975;R355T:-2.6817;C379S:-4.1288;G381K:-2.8824;V382L:-3.7496;S383L:-3.4478;K386F:-3.0381;L387D:-3.4025;N388F:-2.6581;C391Y:-4.4373;D398R:-3.0994;S399D:-2.3761;F400M:-2.8308;R403D:-1.4625;R408I:-1.6834;Q409P:-2.8574;G413D:-1.9963;A419L:-3.0512;Y423D:-3.1262;L425D:-2.9019;F429D:-3.0802;I434H:-2.0370;A435L:-3.3866;N440S:-1.2506;L441K:-0.8313;S443Y:-1.8219;K444D:-0.8681;G446Y:-1.4345;Y449F:-1.3317;L455R:-0.7754;R457P:-1.7140;L461P:-2.1355;K462D:-1.3517;P463D:-2.2807;F464S:-2.1239;I472C:-1.3904;Y473G:-1.6051;G476M:-1.5629;P479V:-1.4239;N487R:-1.6056;Q493Y:-1.2148;Q498G:-1.1380;N501Y:-1.4350;G502Y:-1.9119;G504P:-1.9402;Q506P:-2.4036;V524T:-3.9087;C525P:-4.2599;P527V:-3.1031;K529V:-1.1703;S530C:-3.1615,L18V;R21S;L24S;R34Y;D40F;T51L;H69G;V70Q;S71R;T73F;K77F;R78D;D80P;V83D;P85V;D88V;T95I;N99I;I100S;I101G;G103F;L110Q;K113S;T114S;S116V;V126E;C131E;C136L;D138Y;L141H;K150F;E156G;F157Y;Y160N;F168Y;G184F;L189E;E191I;K195T;H207L;V213G;Q218P;F220D;P225V;L229I;I235F;T236L;F238A;L249P;D253S;A262G;Y266G;V267S;Y269Q;K278G;T286A;D290S;C291L;P295K;L296E;T299F;T302K;L303V;K304G;S305E;E309I;T315F;I332M;N334F;G339V;V341R;N343R;R346S;A348Y;W353K;R355T;C379S;G381K;V382L;S383L;K386F;L387D;N388F;C391Y;D398R;S399D;F400M;R403D;R408I;Q409P;G413D;A419L;Y423D;L425D;F429D;I434H;A435L;N440S;L441K;S443Y;K444D;G446Y;Y449F;L455R;R457P;L461P;K462D;P463D;F464S;I472C;Y473G;G476M;P479V;N487R;Q493Y;Q498G;N501Y;G502Y;G504P;Q506P;V524T;C525P;P527V;K529V;S530C;L533V;N536C;K537V;N544L;G545T;T549Q;G550L;V551N;S555L;F559L;D578T;Q580L;L582I;I584P;F592S;G593Q;T599S;L611Q;D614G;V622I;A623P;A626Q;L629P;Y636G;G639T;S640T;V642F;T645E;G648I;L650T;A653V;H655Y;N658E;S659Q;Y660G;C662A;D663Y;G667I;A668T;R685I;I693Y;A701N;Y707I;N710I;I714T;L727S;T739D;M740D;S746E;N751Q;G757F;F759K;C760T;N764V;R765I;T778A;Q787P;I788K;K790Y;P793D;K795P;F802Q;Q804S;L806D;P812R;K814E;S816L;V826A;T827F;G838A;C840L;G842A;A845L;C851L;A852F;L858P;M869Q;A871Y;S875L;A876L;T883G;W886F;F898R;M902N;R905G;F906Q;G910Q;V911Q;Q913L;Y917Q;K921I;I923Q;N925I;N928L;G932Q;K933D;S939T;L948V;Q954A;A956Q;A958N;L959K;N960L;V963F;Q965I;L966K;S967F;N969G;F970A;G971I;A972N;S974L;S975F;V976D;N978K;R983A;L984A;D994I;R995Q;L1004Q;I1018L;L1024A;A1025T;E1031V;V1033G;S1037F;V1040P;F1042K;C1043Y;G1046Q;M1050A;S1051P;F1052G;S1055V;A1056V;L1063V;H1064P;V1065E;T1066V;Y1067M;E1072N;N1074A;T1077K;I1081D;H1088V;P1090E;R1091S;E1092S;G1093V;T1100N;W1102Q;F1103Q;T1105N;F1109D;T1117C;D1118V;V1122N;S1123V;C1126G;V1129G;G1131D;N1134P;Y1138E;Q1142L;K1149L;H1159S;D1163I;V1164N;D1168S;S1170I;I1172A;S1175I;V1176R;I1179K;V1189D;G1204Q;E1207I;Y1209K;I1210Y;W1212Y;Y1215W;I1216G;F1220A;I1221A;A1226V;L1234C;C1235M;C1236Y;S1239K;S1242C;S1249K;C1253K;C1254D;F1256D;E1258D;P1263Y;L1270T,195.0,50.0,1.0,31.0,140.0,208.0
root_child_0_child_1_child_1_child_1_child_1_child_1_child_1|leaf,324,0.745483,324,0.745483,323,MZ477792.1,53,0.736318,319,319,52,-134.84855353930644,-2.5932414142174314,-1.4350399149338156,-1.4350399149338156,-3.171184749970483,-1.0570615833234942,3,G476K;E471P;K458N,N501Y,1,N501Y;D614G;H655Y,3,D614G;N501Y,2,I332L:-2.4919;L335P:-2.2661;C336V:-4.0691;E340N:-1.7671;V341T:-2.8956;A344R:-1.7712;A348N:-1.7057;I358C:-3.5746;N360Y:-2.7482;C361D:-3.7131;F374Q:-2.5986;T376G:-2.8501;K378Y:-2.2888;C379Y:-4.2757;Y380V:-3.4191;G381K:-2.8824;K386L:-3.0918;L387D:-3.4025;Y396R:-2.7335;F400V:-3.5836;G404E:-1.8275;I410C:-2.7819;I418D:-2.5883;Y423D:-3.1262;T430A:-2.7765;G431I:-3.8807;C432A:-4.2640;V433S:-3.2694;A435D:-2.8872;N437I:-2.3006;V445G:-1.2643;Y449L:-1.5400;Y451R:-1.7521;L452I:-1.5860;K458N:-1.1730;K462T:-1.4070;E471P:-1.0322;I472F:-1.5222;Q474C:-1.2525;G476K:-0.9661;C480F:-1.6586;G485F:-1.4615;N501Y:-1.4350;V503H:-1.3432;V510S:-3.1028;F515L:-3.1924;L517A:-3.5374;H519C:-1.9243;A520C:-3.7635;A522V:-3.6673;V524G:-4.1764;C525P:-4.2599,Q14N;R21I;Y28F;R34Y;K41R;S45L;H69N;K77D;F79D;D80A;D88A;V90T;A93S;T95I;N99I;I105G;F106T;S112Q;K113Q;S116N;L117A;V120A;N125V;I128S;L141V;E156Y;V159S;Y160A;F168Y;V171P;F175L;L176G;M177L;Q183N;K187F;L189F;I197G;D198Y;I210D;D215Q;Q218E;S221L;E224V;P230G;I235Q;F238T;S247L;T250G;S255T;S256A;Q271R;P272L;K278T;Y279N;I285D;C291I;S297T;K304F;F306G;K310I;Q314N;S316F;N317P;R319E;Q321I;E324N;I326V;V327I;I332L;L335P;C336V;E340N;V341T;A344R;A348N;I358C;N360Y;C361D;F374Q;T376G;K378Y;C379Y;Y380V;G381K;K386L;L387D;Y396R;F400V;G404E;I410C;I418D;Y423D;T430A;G431I;C432A;V433S;A435D;N437I;V445G;Y449L;Y451R;L452I;K458N;K462T;E471P;I472F;Q474C;G476K;C480F;G485F;N501Y;V503H;V510S;F515L;L517A;H519C;A520C;A522V;V524G;C525P;N536V;C538Q;V539N;L546G;G548V;T553F;E554N;N556L;K558P;L560F;Q564A;I569T;D571F;V576T;E583L;L585T;G593V;S596G;T599G;T602V;Q607V;V608Y;A609G;Y612T;Q613T;D614G;T630N;R634S;G639H;G648I;A653S;E654P;H655Y;V656S;I664G;G667A;Q675H;T678S;N679A;R683S;V687S;S691A;I693L;A694T;E702V;N709F;N710P;A713T;S721T;T723P;I726K;P728M;T732D;T739Y;M740Y;D745E;S746L;T747C;C749Q;L752C;R765T;A766E;I770V;V772D;Q774K;D775N;N777F;A783Q;P793N;Q804L;L806P;K811S;S813I;E819L;F823I;F833Q;D839L;C840I;G842I;A846L;K854N;G857T;L858P;L865D;M869A;A871S;Q872T;A876L;G880F;I882A;T883G;F888A;G891A;Q895V;A899Q;M900F;A903V;Y904N;F906Q;V911Y;V915Y;E918N;Q920I;Q926S;A930I;I931K;Q935S;D936S;S939A;A942K;L945K;K947Q;Q949H;N960S;K964F;Q965G;I973N;S975F;V976N;V987A;A989E;E990D;V991G;I993L;D994R;G999L;L1004Q;Y1007N;V1008R;Q1010I;E1017R;L1024A;A1025T;A1026K;V1033G;L1034S;V1040C;K1045P;H1048D;M1050F;S1051A;F1052Q;Q1054P;S1055P;H1058V;G1059V;T1066P;Y1067N;T1076S;A1078F;C1082D;H1083K;G1085R;A1087V;H1088F;E1092F;G1093V;V1094S;T1105I;Q1106P;N1108E;Y1110D;N1119V;G1131N;I1132V;N1134P;V1137Q;L1145K;Y1155K;H1159L;P1162G;D1165I;G1171A;I1172Q;V1176K;I1183A;L1186V;E1188S;S1196I;I1198L;G1204Y;Y1206E;Q1208E;W1212G;I1221G;C1236S;M1237S;S1239L;S1242K;C1243K;C1250F;G1251C;S1252C;C1253K;E1258S;D1259K;K1266Q;G1267L;K1269L,202.0,246.0,1.0,124.0,140.0,122.0
root_child_0_child_1_child_0_child_0_child_1_child_1_child_0_child_0|leaf,324,0.745483,324,0.745483,323,MZ477792.1,59,0.706468,323,323,58,-137.11501533219445,-2.364051988486111,-1.4350399149338156,-1.4350399149338156,-4.367027588725062,-1.0917568971812655,4,A475K;N481F;S459R;G476N,N501Y,1,P26S;N501Y;D614G;H655Y;V1176F,5,D614G;N501Y,2,I332L:-2.4919;T333L:-1.9641;N343T:-1.9063;A344S:-2.1548;T345M:-1.9598;A348V:-1.8740;S349T:-2.4938;V350W:-3.2836;R355S:-2.7188;K356V:-1.4673;I358D:-3.1976;N360Y:-2.7482;A363S:-3.7040;D364N:-2.2158;V382K:-3.2429;D389C:-2.9995;D398K:-3.2040;F400R:-2.7613;G404V:-2.2315;Q409A:-2.7239;I410G:-2.7830;P412T:-3.3095;G413I:-2.5114;T415V:-2.4062;G416Y:-2.8096;N422K:-2.9844;Y423P:-3.6399;D427F:-1.9055;F429C:-3.5231;V433S:-3.2694;I434W:-2.7925;N440G:-1.5856;S443Y:-1.8219;Y449L:-1.5400;R454D:-1.6733;L455F:-1.6478;R457E:-1.4052;S459R:-1.1869;N460S:-1.5226;F464Y:-1.7516;R466T:-1.7115;A475K:-0.9456;G476N:-1.2255;C480F:-1.6586;N481F:-1.0091;Y489P:-1.7629;F497V:-2.4700;N501Y:-1.4350;V503Y:-1.6807;G504Q:-1.7347;Q506V:-2.3494;P507L:-2.1116;V511S:-3.2348;S514E:-3.2800;E516A:-2.9572;H519A:-1.8343;V524G:-4.1764;C525L:-4.1255,S12T;C15F;P25Y;P26S;T29N;Q52V;W64V;H69N;T76I;K77D;G89T;T95I;L110Q;S116N;L118A;T124V;I128S;C131F;G142D;K147W;S155F;E156S;C166F;F168Y;Q173D;P174L;L176D;N188E;L189F;N196D;G199I;H207P;N211L;Q218E;E224V;G232I;N234Q;I235Q;T236S;P251S;D253N;S256F;Y266P;G268T;Q271R;P272F;R273F;L276E;L277Y;Y279T;A288C;C291L;L296T;E298K;S305T;E309I;G311Y;S316F;N317S;R319E;S325R;V327L;R328N;F329N;I332L;T333L;N343T;A344S;T345M;A348V;S349T;V350W;R355S;K356V;I358D;N360Y;A363S;D364N;V382K;D389C;D398K;F400R;G404V;Q409A;I410G;P412T;G413I;T415V;G416Y;N422K;Y423P;D427F;F429C;V433S;I434W;N440G;S443Y;Y449L;R454D;L455F;R457E;S459R;N460S;F464Y;R466T;A475K;G476N;C480F;N481F;Y489P;F497V;N501Y;V503Y;G504Q;Q506V;P507L;V511S;S514E;E516A;H519A;V524G;C525L;V534N;V539N;N542F;G545T;G550N;S555L;K558P;L560F;P561R;I569L;T573V;R577E;L585I;P589I;S596G;T599G;Q607V;V608N;V610L;D614G;C617E;V622I;V635F;T645A;A647G;G648D;C649V;L650A;H655Y;V656Y;N657S;E661D;A672Q;R683S;Q690I;S691M;I693T;A694G;M697L;L699N;A701E;E702Y;V705Y;P715N;S721T;T723E;T724S;E725M;V729T;S730C;C738T;C743S;G744S;D745E;E748N;L752C;L753G;L754S;S758C;A766K;T768E;K776T;N777I;F782V;Q784Y;P792N;K795H;G799F;Q804R;P812F;S816D;I818L;E819N;N824V;K825T;A831Y;Y837D;C840A;I844L;A845T;C851L;K854Y;L858P;L861P;P863L;M869A;G880F;T883G;P897A;F906Q;G910V;N914A;E918K;N919A;Q920R;Q926N;F927Q;I931K;G932K;I934D;D936A;S937A;A942K;L945K;L948N;N953V;Q957L;N960S;Q965G;S967N;G971V;S974N;S975V;L977D;I980S;R983E;D994S;L1001T;L1004T;Q1005T;Y1007V;V1008E;I1013R;A1022M;N1023A;L1024A;T1027S;M1029L;E1031L;D1041C;F1042S;K1045P;M1050P;S1051G;F1052S;Q1054G;S1055P;G1059V;V1061L;T1066V;Y1067A;V1068N;C1082D;H1083K;H1088V;P1090F;R1091G;E1092F;V1094N;F1095S;W1102T;Q1106N;N1108Q;Q1113I;I1114V;D1118G;S1123I;G1124D;C1126G;D1127I;G1131N;I1132D;N1134P;V1137Q;D1139E;L1141D;P1143E;S1147Y;D1153Y;K1154T;T1160G;G1171A;V1176F;I1183A;D1184N;L1186V;V1189L;N1194D;E1195L;D1199E;L1200Y;K1205P;Y1206I;Q1208E;W1212L;I1216L;I1221V;V1228T;M1229L;S1242K;G1251C;C1253K;K1255E;F1256E;D1259K;D1260N;S1261V;P1263V;L1265H;V1268T;Y1272T,210.0,130.0,1.0,176.0,140.0,208.0
root_child_0_child_0_child_0_child_0_child_1_child_1_child_1_child_0_child_1|leaf,324,0.745483,324,0.745483,323,MZ477792.1,63,0.686567,322,322,61,-146.90515556731432,-2.4082812388084314,,,-6.51594096034005,-1.085990160056675,6,K444Y;N501V;E340K;F490S;N481V;K458R,,0,D138Y;D614G;H655Y;T1027I,4,D614G,1,N331C:-2.6574;T333N:-2.0435;N334D:-1.9782;P337A:-2.6955;E340K:-1.0697;V341N:-2.6586;A344D:-1.5064;T345Y:-2.0228;S349R:-1.9652;V350A:-3.2598;W353S:-3.2987;N354S:-1.8142;S359Y:-3.0222;N360V:-2.5934;A363S:-3.7040;V367Y:-2.6067;L368Q:-2.8344;N370T:-2.6435;S373A:-1.9861;S375F:-2.1605;T376G:-2.8501;K378G:-2.1692;K386T:-3.0716;D389G:-2.5211;L390V:-3.7422;C391Y:-4.4373;T393D:-2.3590;A397F:-3.4911;V401R:-1.5520;I402G:-2.5120;E406R:-1.3158;R408I:-1.6834;K424D:-2.2615;P426D:-2.2753;A435S:-2.7871;W436L:-2.7359;N437S:-2.2393;N440S:-1.2506;K444Y:-0.8725;Y449L:-1.5400;R457P:-1.7140;K458R:-1.2139;N460S:-1.5226;G476V:-1.4574;P479G:-1.5441;C480F:-1.6586;N481V:-1.1660;C488S:-2.1537;F490S:-1.1427;P491Q:-1.4963;N501V:-1.0510;V510L:-3.0655;V512L:-3.8192;F515T:-3.5647;P521G:-3.6874;V524S:-3.9754;C525T:-4.2054;P527L:-3.2639;K528S:-3.1179;S530N:-3.0123;T531L:-2.8851,L7G;Y28S;Y38K;F43S;L56I;W64I;A67V;I68T;V70G;S71E;T73F;G75D;R78N;D80P;N81V;V83L;L84D;V90T;A93E;W104F;I105G;G107S;D138Y;P139G;F140H;L141H;K147S;M153R;Y160V;C166F;Y170P;P174L;E180N;N185E;K187T;I197S;D198K;K202Y;H207I;T208I;G219E;P225I;L226V;G232I;I233N;I235S;T236F;A243H;H245S;R246G;L249P;P251D;G252S;W258Q;T259A;A263Y;L270R;E281W;T284A;T286P;C291S;A292D;P295S;L296C;S297K;T307Y;K310T;T315V;S325V;V327P;F329N;N331C;T333N;N334D;P337A;E340K;V341N;A344D;T345Y;S349R;V350A;W353S;N354S;S359Y;N360V;A363S;V367Y;L368Q;N370T;S373A;S375F;T376G;K378G;K386T;D389G;L390V;C391Y;T393D;A397F;V401R;I402G;E406R;R408I;K424D;P426D;A435S;W436L;N437S;N440S;K444Y;Y449L;R457P;K458R;N460S;G476V;P479G;C480F;N481V;C488S;F490S;P491Q;N501V;V510L;V512L;F515T;P521G;V524S;C525T;P527L;K528S;S530N;T531L;V534K;K537N;G548V;L552S;E554N;P561F;Q563F;Q564G;G566D;D574P;R577L;D586S;C590I;S591V;G594S;G601V;N603Q;V608L;V610Y;L611N;Q613A;D614G;T618E;P621A;V622A;I624A;L629T;T630G;R634F;G639T;S640R;N641R;V642F;T645Q;G648A;L650G;H655Y;V656N;N657Y;I666A;A668S;I670T;C671K;S673T;Y674K;Q675S;Q677S;R682A;A684S;Q690I;M697E;L699N;G700N;N709I;I714T;T716S;I720T;E725V;D737C;C738G;M740I;D745S;E748S;L753S;F759T;C760L;Q762N;L763T;N764A;T768I;I770V;Q774K;N777E;E780I;V781A;K786T;T791F;I794D;N801Q;L806P;P807K;P809S;S813R;R815E;I818D;E819L;V826A;K835L;Q836L;Y837M;C840D;D843T;I844A;D848G;G857L;L858T;T859D;T866E;D867T;A871G;L877A;L878T;T883G;P897M;A899Y;R905N;F906Q;G908Q;N914Q;V915N;N919F;Q920N;K921Q;A924K;Q926S;G932L;A942K;L945K;Q949V;V951Q;A958Q;N960S;A972V;I973S;N978S;I993G;R995G;L996Q;T998S;T1006V;V1008Q;T1009Q;I1018A;S1021N;A1022K;L1024A;A1026K;T1027I;M1029E;S1030L;D1041Y;Y1047P;M1050F;P1053F;Q1054G;F1062V;V1068E;E1072I;T1077K;K1086F;A1087S;R1091S;E1092F;V1094F;F1095S;W1102F;T1105R;Q1106P;N1119F;T1120S;V1122G;D1127P;I1130V;G1131V;N1134P;N1135V;P1143D;L1152K;D1153N;H1159D;D1163L;D1165N;G1167I;D1168A;N1173V;V1176I;I1183K;D1184E;V1189N;E1195Q;I1198D;Y1209P;W1212L;A1222V;I1225V;I1232C;M1237C;C1253K;G1267S;L1270T,237.0,177.0,221.0,168.0,140.0,242.0
root_child_1_child_1_child_0_child_0_child_0_child_1_child_0|leaf,324,0.745483,324,0.745483,324,MZ397166.1,60,0.701493,320,320,59,-150.11904040658757,-2.5443905153658912,-1.4350399149338156,-1.4350399149338156,-2.346721447447895,-1.1733607237239474,2,G504E;I472Q,N501Y,1,D138Y;N501Y;H655Y,3,N501Y,1,I332L:-2.4919;L335V:-1.9854;C336F:-4.0466;P337G:-2.7021;F338N:-3.1942;V341T:-2.8956;N343A:-1.9376;T345W:-1.9163;F347S:-2.6728;V350W:-3.2836;W353S:-3.2987;N354C:-1.7987;R357V:-1.6007;I358V:-3.2129;A363N:-3.6745;D364Y:-2.7447;Y365V:-3.4816;L368N:-2.8684;S371F:-1.9489;F377K:-2.5934;C379K:-3.6935;P384Y:-2.9868;K386D:-3.1081;L390A:-3.6562;C391T:-4.3715;V395S:-3.7400;A397R:-2.9209;D398R:-3.0994;S399I:-2.3064;V401N:-2.2797;R403A:-1.3613;R408I:-1.6834;I410P:-2.7430;G413D:-1.9963;N422L:-3.1081;L425D:-2.9019;D427F:-1.9055;C432I:-4.1433;I434K:-2.2232;S438H:-1.6117;S443Y:-1.8219;G446Y:-1.4345;Y449S:-1.7609;N450F:-1.4575;R454S:-1.8175;R457N:-1.9868;F464T:-2.2843;I472Q:-1.2159;N481Q:-1.6016;G485P:-1.4617;N487Y:-1.7183;T500G:-1.6884;N501Y:-1.4350;G504E:-1.1308;V512S:-3.5688;L517D:-3.1159;P521C:-3.7908;T523C:-3.7458;S530L:-2.8938,F4T;T20Q;T22N;F32G;S45H;L48Q;T51L;V70G;K77I;N81V;L84V;N87S;D88F;S94N;I100R;W104I;G107T;K113S;N122V;C136L;D138Y;S151E;V159N;S161C;F175M;M177L;G181Q;G184R;I197G;D198S;F201K;I203Y;K206I;H207P;I210V;P217A;F220D;E224F;L226V;P230T;I231Q;I235S;T236F;H245Y;P251S;W258G;A260Y;Y266R;Y269W;Q271T;T274N;L276Y;T284V;T286A;A288C;C291S;D294S;P295S;C301F;E309Q;K310Y;S316V;V320T;P322V;R328T;I332L;L335V;C336F;P337G;F338N;V341T;N343A;T345W;F347S;V350W;W353S;N354C;R357V;I358V;A363N;D364Y;Y365V;L368N;S371F;F377K;C379K;P384Y;K386D;L390A;C391T;V395S;A397R;D398R;S399I;V401N;R403A;R408I;I410P;G413D;N422L;L425D;D427F;C432I;I434K;S438H;S443Y;G446Y;Y449S;N450F;R454S;R457N;F464T;I472Q;N481Q;G485P;N487Y;T500G;N501Y;G504E;V512S;L517D;P521C;T523C;S530L;N532V;L533N;V534K;C538F;T549Q;L552K;F559D;L560F;F562I;G566I;R567I;A575T;P579T;L582I;L585T;D586T;I587E;T588C;I598N;S605Q;D614Y;V615A;T618D;H625P;A626D;N641T;T645E;A647L;G648I;I651D;E654V;H655Y;D663M;I666A;G669I;S691I;I692A;Y695M;S698V;Y707I;N710I;S711N;P715S;T716I;V722P;T724S;M731V;K733Y;T734V;S735D;I742D;T747E;L754F;C760R;T761N;V772T;E773V;Q779V;E780K;A783V;Q784V;Y789P;K790P;P793K;F797G;G799F;F802S;S803D;Q804S;I805P;D808S;K811F;S813F;R815T;F817E;D839L;C840L;G842A;D843L;Q853L;L858P;V860L;P863A;L864T;M869Q;A871S;T883S;S884G;G885A;F888G;A890L;A892Q;A893F;Q895P;I896A;M900G;M902P;F906Q;G908T;G910V;L916Q;N928L;S929A;G932I;D950A;V951A;A956T;L962Q;V963F;L966F;F970A;G971I;A972S;V976N;N978K;D979T;V987A;A989V;Q992D;I993T;L1004T;Q1011I;R1014S;I1018L;L1024A;A1025E;V1033G;D1041C;C1043M;G1046H;Y1047L;H1048F;M1050A;P1053A;P1057V;V1061P;A1070F;K1073P;A1078H;A1080D;C1082D;A1087V;F1089H;E1092S;N1098H;T1100Q;H1101F;F1103T;Q1106F;N1108Q;Y1110P;P1112T;Q1113D;D1118T;F1121N;V1122D;N1125G;C1126G;D1127V;V1128G;V1129T;G1131V;N1134P;E1144K;S1147K;K1149L;E1150L;L1152Y;K1154I;N1158T;V1164L;D1168A;S1175I;L1186K;N1194D;S1196I;L1197D;G1204Y;E1207Y;K1211P;L1218F;F1220A;V1228I;M1229I;I1232L;C1236Y;M1237D;K1245C;S1249G;C1253K;C1254D;F1256S;E1258K;P1263V;G1267K;V1268H,243.0,238.0,1.0,230.0,140.0,218.0
root_child_0_child_1_child_0_child_1_child_0_child_0_child_0_child_1|leaf,325,0.744698,325,0.744698,324,MZ477792.1,49,0.756219,322,322,49,-117.23617379875898,-2.3925749754848775,-1.4350399149338156,-1.4350399149338156,-2.9067583629410865,-0.9689194543136955,3,K444G;G476K;Q493Y,N501Y,1,N501Y;D614G,2,D614G;N501Y,2,N331L:-2.4671;N334P:-1.9699;P337F:-2.7861;V341F:-3.0958;S349T:-2.4938;V350W:-3.2836;K356I:-1.4903;I358D:-3.1976;D364P:-2.8951;A372F:-1.3989;G381Y:-3.7729;V382K:-3.2429;Y396S:-2.9446;A397I:-2.8788;I402G:-2.5120;G404V:-2.2315;Q409A:-2.7239;P412T:-3.3095;G413I:-2.5114;Q414N:-2.1970;T415D:-2.1907;D420G:-2.0798;Y421T:-2.7281;Y423F:-3.4819;T430C:-2.8977;V433S:-3.2694;N440D:-1.3369;S443N:-1.7859;K444G:-0.7259;Y449L:-1.5400;Y451D:-2.0633;F464D:-1.7218;G476K:-0.9661;C480F:-1.6586;E484D:-1.4223;N487L:-1.6381;L492T:-1.8056;Q493Y:-1.2148;F497V:-2.4700;N501Y:-1.4350;V503G:-1.7082;G504Q:-1.7347;S514A:-3.5195;F515L:-3.1924;E516H:-2.8405;V524G:-4.1764;C525S:-4.2948;K528L:-2.6864;K529N:-1.2485,V16D;P26L;V36S;Y37D;L48T;W64A;H69N;K77D;G89Y;T95I;E96I;G103S;W104T;I105T;T108L;S116N;I128S;C131D;Q134C;F135D;N137F;D138L;G142D;K150L;E156S;F157V;Y160S;S162C;C166V;F168Y;Q173D;P174G;F175E;L176D;M177D;N188R;F192I;I197K;G199I;K206I;H207P;Q218F;S221E;E224V;D228P;L229I;G232I;N234L;I235Q;Y248T;D253S;S256A;W258A;G261Y;V267F;G268R;Q271R;L276E;D287L;A288D;C291A;A292E;L296C;T302I;T307I;Q314A;T315V;S316F;R319S;V320T;V327P;N331L;N334P;P337F;V341F;S349T;V350W;K356I;I358D;D364P;A372F;G381Y;V382K;Y396S;A397I;I402G;G404V;Q409A;P412T;G413I;Q414N;T415D;D420G;Y421T;Y423F;T430C;V433S;N440D;S443N;K444G;Y449L;Y451D;F464D;G476K;C480F;E484D;N487L;L492T;Q493Y;F497V;N501Y;V503G;G504Q;S514A;F515L;E516H;V524G;C525S;K528L;K529N;V539N;T549V;G550N;S555L;N556P;K557L;K558P;L560F;P561R;D568V;I569L;T573L;R577L;I584D;D586P;I587F;P589I;C590G;S591T;G593S;S596T;T599G;T604N;Q607V;V608N;D614G;C617E;E619V;P621A;V622I;I624A;Q628P;R634D;Y636T;T645V;G648I;C649N;H655D;V656S;N658D;S659I;E661D;G667I;S673T;A688S;I693T;M697L;S698A;S708N;T716F;F718I;T723E;T724R;E725M;I726P;L727V;V729D;G744C;D745E;C749F;L752C;G757L;L763T;A766K;T768Q;G769D;K776A;N777Q;Q784I;K795H;G798L;G799F;F800I;N801P;Q804L;P809S;K811S;K814S;R815I;F817L;I818L;L822N;N824V;K825T;L828G;D830L;C840A;I844L;K854Y;L858P;L861D;P863L;M869A;A871T;Q872L;G880T;T883G;F888I;F906Q;G910V;T912E;Q920R;L922E;Q926N;F927I;N928I;G932Q;K933T;D936L;S940A;A942G;L945K;G946L;L948V;A956V;L959T;N960S;L962F;Q965G;S967N;G971V;S974N;V976L;N978F;I980V;R983E;V987A;A989D;Q992I;D994I;I997S;G999Q;Q1005V;Y1007V;A1016R;N1023A;L1024A;T1027C;D1041C;F1042G;G1044F;K1045P;Q1054G;S1055P;L1063P;H1064P;Y1067A;A1080K;C1082D;H1083K;H1088R;R1091V;E1092F;T1105Y;N1108Q;Q1113T;I1115T;D1118T;D1127I;I1130T;G1131N;I1132D;N1134P;T1136V;V1137Q;P1140Q;P1143F;L1145S;S1147Y;F1156V;T1160G;D1168N;G1171A;I1172N;A1174V;I1179K;I1183L;L1186K;E1188S;V1189L;E1195Q;K1205I;Y1206E;Q1208E;I1210G;W1214Y;I1221G;V1228M;M1229T;V1230I;M1237S;C1240S;S1242K;G1251C;C1253K;C1254D;K1255E;P1263L;L1265V;K1266H;V1268T;K1269Y,90.0,158.0,1.0,22.0,152.0,62.0
root_child_1_child_0_child_1_child_1_child_0_child_0_child_1|leaf,325,0.744698,325,0.744698,324,MZ477792.1,52,0.741294,324,324,51,-121.51575299053253,-2.3826618233437755,-1.4350399149338156,-1.4350399149338156,-4.0749925967236615,-1.0187481491809154,4,L455R;K458E;Q498Y;Q493S,N501Y,1,L18F;N501Y;D614G;H655Y,4,D614G;N501Y,2,C336N:-4.0303;A344R:-1.7712;F347V:-2.4887;W353K:-2.7975;R355C:-2.6504;K356I:-1.4903;R357S:-1.8611;N360A:-2.6835;A372S:-1.2799;S373N:-2.2359;K378G:-2.1692;C379S:-4.1288;V382K:-3.2429;K386N:-3.1888;L390T:-3.1993;A397S:-3.4311;I402G:-2.5120;D405P:-1.7197;E406A:-1.7581;R408I:-1.6834;G413D:-1.9963;Q414N:-2.1970;T415Y:-2.5832;A419L:-3.0512;Y421K:-2.1591;L425D:-2.9019;F429I:-3.6661;G431I:-3.8807;N448S:-2.2166;Y449S:-1.7609;L455R:-0.7754;R457P:-1.7140;K458E:-1.0432;K462I:-1.4277;D467G:-1.3684;G485Y:-1.5747;N487Y:-1.7183;Y489G:-1.9465;Q493S:-1.1494;Q498Y:-1.1069;T500G:-1.6884;N501Y:-1.4350;G504P:-1.9402;V512F:-3.7708;L513F:-3.8349;S514H:-3.3394;L518T:-2.9831;H519A:-1.8343;A520G:-3.1867;C525S:-4.2948;S530K:-2.6489,L18F;R21S;D40F;T51L;W64S;H66I;I68T;S71R;T73G;G75N;K77F;P85N;D88Y;S98I;I101G;F106D;T109D;K113Q;S116V;N122V;C136L;D138F;Y145N;W152F;E156G;F157R;V159S;Y160N;S162T;N164S;C166F;Q173M;F175D;K182N;G184F;N188I;L189E;K195T;K202Y;H207L;N211D;V213G;R214F;F220A;E224P;L229I;I235S;P251D;G261A;G268D;K278Y;Y279E;T286A;D290L;C291P;L293E;S297T;K300S;S305T;V308Y;I312Q;T315F;R319F;C336N;A344R;F347V;W353K;R355C;K356I;R357S;N360A;A372S;S373N;K378G;C379S;V382K;K386N;L390T;A397S;I402G;D405P;E406A;R408I;G413D;Q414N;T415Y;A419L;Y421K;L425D;F429I;G431I;N448S;Y449S;L455R;R457P;K458E;K462I;D467G;G485Y;N487Y;Y489G;Q493S;Q498Y;T500G;N501Y;G504P;V512F;L513F;S514H;L518T;H519A;A520G;C525S;S530K;N532V;L533K;V534N;K537V;N544L;T549Q;R577L;L582I;D586P;P589F;A609V;D614G;N616T;P621A;V622T;L629C;T638R;N641C;F643I;T645E;G648I;L650T;A653V;E654L;H655Y;Y660G;C662A;D663A;I664Y;G667I;G669A;I670T;A672Y;N679A;A688S;T696S;M697V;E702N;N703A;N710I;F718T;I720V;V722S;P728T;K733Y;S735M;D737N;C738G;D745E;N751L;L753Q;Q755S;F759T;N764A;L767G;I770M;N777E;Q779F;V781F;F782I;I788P;T791G;K795F;F797S;F800I;F802Q;Q804S;P807S;P809K;P812F;K814S;D820V;L821N;N824V;K825D;V826A;A831Y;F833K;Y837G;C840L;G842A;D843L;D848L;I850A;F855V;N856V;L858P;E868Q;M869Q;Y873I;T883G;W886A;T887G;A890I;A892L;F898R;M902L;Y904F;R905G;F906Q;T912L;Y917Q;N919A;K921Q;L922I;F927N;N928K;I931K;G932Q;I934Q;G946L;L948Q;A958L;L959T;L962F;V963F;S967E;F970A;G971I;S974L;S975I;L977N;N978K;I980V;S982E;R983V;A989D;V991I;Q992D;I993P;D994I;R995T;Q1002L;L1004T;Y1007S;A1015I;I1018L;R1019K;S1021L;L1024A;A1025S;T1027M;K1028Q;E1031V;L1034D;G1035S;V1040P;D1041K;M1050A;P1053A;F1062H;H1064S;V1068K;E1072N;T1077G;H1083Y;G1085P;A1087R;F1089S;R1091V;E1092S;W1102Q;V1104R;Q1106I;N1108Q;F1109A;P1112I;I1115T;T1117C;T1120S;C1126G;D1127I;I1130V;G1131D;V1137P;P1140D;L1141F;K1154H;K1157D;H1159L;V1164E;L1166D;D1168N;A1174I;S1175I;V1176R;I1179R;N1194L;E1195L;I1198D;Y1206Q;E1207I;W1212Y;I1216V;L1218F;I1225V;T1231I;M1233S;L1234C;C1235M;C1236Y;C1240G;C1247S;C1248H;S1249K;G1251C;C1253K;C1254P;K1255P;G1267Y,130.0,151.0,1.0,70.0,152.0,99.0
root_child_0_child_0_child_0_child_1_child_1_child_0_child_1_child_1_child_0_child_0|leaf,325,0.744698,325,0.744698,324,MZ477787.1,56,0.721393,323,323,55,-123.06102425262732,-2.2374731682295876,-1.4350399149338156,-1.4350399149338156,-5.837219320632175,-0.9728698867720292,6,R346S;K444V;K458L;V445N;E471Y;A475S,N501Y,1,D138Y;N501Y;D614G;H655Y,4,D614G;N501Y,2,N331C:-2.6574;I332N:-2.6228;N334V:-1.9926;C336P:-4.2086;V341A:-3.0576;N343V:-2.0860;T345Y:-2.0228;R346S:-0.8055;S349R:-1.9652;K356S:-1.9309;R357I:-1.7352;V367N:-2.4510;Y369L:-2.4628;N370T:-2.6435;S371F:-1.9489;F374C:-2.8283;T376C:-2.8787;P384K:-2.2877;T385L:-2.5021;K386D:-3.1081;L390D:-3.1928;C391G:-4.1320;I402G:-2.5120;I410A:-2.8711;P426D:-2.2753;D428C:-2.4366;C432E:-3.9101;A435T:-3.0172;N437S:-2.2393;K444V:-0.8405;V445N:-0.9878;R454L:-1.8137;R457S:-1.7278;K458L:-0.9273;S459L:-1.5423;E465Y:-1.8043;D467Y:-1.5799;I468Y:-1.4401;E471Y:-1.0738;A475S:-1.2023;C480F:-1.6586;G485L:-1.4369;F486L:-1.2487;N487G:-1.3894;C488F:-1.9176;L492F:-2.2180;N501Y:-1.4350;Y505S:-1.8562;Y508L:-2.3545;L518A:-2.7709;P521T:-3.3523;V524G:-4.1764;P527L:-3.2639;K529N:-1.2485;S530N:-3.0123,L5F;T22W;Y28S;P39F;F43V;L48Q;Q52F;L56I;F59V;D80Y;P82N;L84D;F86Y;W104F;F106T;L118N;I119C;T124F;V127Q;E132Q;C136P;D138Y;L141H;S151F;V159N;Y160V;S161A;N165V;Y170P;S172P;P174L;F175M;M177K;Q183F;L189F;E191I;Y200S;F201Y;K202P;S205T;I210L;N211L;L212N;L223F;L226V;D228P;G232I;I235Q;T236L;P251G;G252S;D253A;S256A;W258A;T259G;A263G;A264V;L270P;Q271T;R273K;T274N;L277T;E281N;I285L;T286A;A288L;C291S;P295S;L296E;S297L;C301V;T302V;R319T;F329N;N331C;I332N;N334V;C336P;V341A;N343V;T345Y;R346S;S349R;K356S;R357I;V367N;Y369L;N370T;S371F;F374C;T376C;P384K;T385L;K386D;L390D;C391G;I402G;I410A;P426D;D428C;C432E;A435T;N437S;K444V;V445N;R454L;R457S;K458L;S459L;E465Y;D467Y;I468Y;E471Y;A475S;C480F;G485L;F486L;N487G;C488F;L492F;N501Y;Y505S;Y508L;L518A;P521T;V524G;P527L;K529N;S530N;V539F;N542I;L552S;S555P;K557L;F559I;F562Q;Q563F;Q564R;I569L;D571T;D574P;R577L;Q580S;D586S;I587G;P589V;C590I;G593I;G594S;V597N;I598P;P600N;G601V;S605Q;A609G;L611E;D614G;E619G;L629T;Y636T;Q644A;G648A;C649L;H655Y;V656N;A668S;A672T;Y695A;M697N;V705S;A706S;Y707S;N709I;N710T;V722P;T723E;K733V;C738S;M740I;Y741C;D745E;C749N;L753S;G757K;T761A;Q762T;L763R;N764A;E773S;K776Q;V781A;A783V;V785Q;K786T;T791F;P792I;I794D;K795N;F797L;G798I;G799Q;N801P;S803L;P809R;N824G;V826T;T827D;L828F;A829T;D830F;I834C;Y837D;C840G;A846L;R847Q;K854T;L858T;T859P;P862D;P863L;T866E;D867Q;A871T;L878T;G880T;T883G;T887G;G889A;A890I;A899Q;R905V;F906Q;Q913N;I923N;Q926I;F927Q;S929I;I931K;G932D;A942K;L945D;G946Q;Q949V;D950N;N953A;F970A;G971I;I973S;R983E;K986V;E988R;R995L;L996G;T998L;G999R;S1003Q;Q1005T;T1009Q;Q1010N;A1020T;L1024A;T1027C;S1030G;E1031L;S1037L;K1038G;R1039G;D1041G;K1045M;H1048S;H1058V;H1064P;A1070F;E1072A;E1092F;V1094F;F1095N;V1096N;T1105R;Q1106P;I1115T;T1116D;D1118S;N1119F;T1120N;G1124C;I1130V;G1131N;N1134L;D1139L;P1140Q;L1141E;S1147Y;E1150H;Y1155K;P1162V;G1167I;V1176I;V1177K;I1183V;D1184L;L1186V;V1189N;L1193S;I1198L;E1207D;Q1208P;Y1209K;Y1215L;L1218I;A1222V;A1226I;I1227V;M1229I;C1235M;T1238G;S1239C;L1244C;C1253K;K1255E;F1256E;S1261G;G1267L,143.0,20.0,1.0,32.0,152.0,176.0
root_child_1_child_0_child_1_child_1_child_1_child_0_child_0_child_0_child_0_child_1|leaf,326,0.743912,326,0.743912,325,MZ477792.1,48,0.761194,323,323,47,-109.32906958866059,-2.3261504167800124,-1.4350399149338156,-1.4350399149338156,-5.161970239312136,-1.0323940478624272,5,L455R;K458F;I472P;Q493Y;T470I,N501Y,1,D138Y;N501Y;D614G;V1176F,4,D614G;N501Y,2,F338N:-3.1942;T345F:-1.7678;F347V:-2.4887;W353I:-3.3421;R355Y:-2.6915;Y365L:-2.8881;A372S:-1.2799;T376Y:-2.8990;K378Y:-2.2888;C379S:-4.1288;K386F:-3.0381;N388V:-2.8414;L390F:-3.7098;V395A:-3.6474;F400I:-3.4071;I402N:-2.2419;G404E:-1.8275;R408I:-1.6834;G413T:-2.5829;I418A:-3.0967;A419L:-3.0512;Y421P:-2.7258;L425D:-2.9019;P426D:-2.2753;Y449S:-1.7609;L455R:-0.7754;R457P:-1.7140;K458F:-0.8573;K462T:-1.4070;P463S:-2.5121;T470I:-1.2259;I472P:-1.0885;P479N:-1.3825;G485Y:-1.5747;N487Y:-1.7183;Y489L:-1.9101;Q493Y:-1.2148;P499Y:-1.5950;N501Y:-1.4350;G502Y:-1.9119;G504P:-1.9402;Q506A:-2.2885;R509V:-2.2683;L518H:-2.9350;A520G:-3.1867;P521V:-3.6426;K528N:-2.9849,V3G;R21S;N30T;R44F;S45L;T51L;Q52F;L54P;S71R;T76F;K77F;D88Y;G89E;F92T;S94E;T95S;S98I;N99R;T109D;S112A;K113S;Q115V;S116V;L117V;V120N;V126C;I128E;F135N;C136D;D138Y;F140D;W152S;E156G;F157V;R158I;Y160N;S162C;A163F;T167E;V171P;S172F;Q173M;E180S;L189E;R190K;K195I;F201I;I203T;H207L;N211R;V213G;D215S;L229I;I233T;I235R;R237L;L244R;H245Y;S247Y;W258Y;A262V;G268D;Q271P;R273E;K278Y;Y279E;E281D;G283V;T286D;V289A;C291S;L293T;L296T;S297T;K300F;C301F;L303V;G311Y;I312F;T315F;R319S;P322V;S325R;I326R;V327T;R328I;F338N;T345F;F347V;W353I;R355Y;Y365L;A372S;T376Y;K378Y;C379S;K386F;N388V;L390F;V395A;F400I;I402N;G404E;R408I;G413T;I418A;A419L;Y421P;L425D;P426D;Y449S;L455R;R457P;K458F;K462T;P463S;T470I;I472P;P479N;G485Y;N487Y;Y489L;Q493Y;P499Y;N501Y;G502Y;G504P;Q506A;R509V;L518H;A520G;P521V;K528N;L533C;V534T;G545T;T549Q;S555F;K557P;F559D;L560R;F565A;R567I;L582T;I587V;C590G;G593P;V597T;T602V;A609V;D614G;S637T;T645E;R646G;G648I;L650T;A653V;Y660D;C662A;D663Y;P665I;I666Y;A668G;N679A;P681S;R682V;S686Y;A688S;G700E;A701P;N703Y;A706N;N710I;V722S;T732D;K733Y;S735Y;C738G;I742G;C749N;N751L;L752S;C760Q;N764A;L767G;G769Q;I770V;V772D;Q779F;Y789F;K790D;P793N;K795F;F802Q;S803D;Q804S;P807R;P812F;K814F;E819L;L821D;N824V;V826A;A831I;C840L;G842R;I844L;L849K;I850F;L858P;P862D;M869Q;A871V;Y873G;T874A;A879T;T881F;T883G;Q895A;P897Y;F898R;M902L;R905N;F906Q;N907T;G910L;Y917Q;E918L;N919A;K921Q;F927N;N928L;G932Q;T941L;A942L;K947N;N953Q;Q957T;L959T;N960L;L962V;V963Q;S967F;S968G;N969K;F970A;G971I;S975I;N978K;K986M;E988L;E990G;I993P;D994I;R995T;G999Q;E1017A;I1018L;N1023A;L1024A;A1025T;K1028Q;M1029F;S1030D;E1031V;L1034R;V1040F;K1045Y;M1050A;P1053A;V1060L;F1062V;L1063T;H1064T;V1068K;Q1071T;E1072H;I1081D;A1087V;H1088V;E1092S;V1096Q;W1102V;V1104F;Q1106I;N1108Y;F1109D;Q1113I;T1117C;N1119G;F1121T;C1126G;G1131D;V1133D;N1134P;D1139Q;K1149L;D1153N;H1159L;T1160L;D1163V;D1168N;S1175I;V1176F;I1179D;R1185N;E1188N;E1195L;E1207I;W1212Y;I1216V;L1218F;F1220A;I1221G;A1226T;M1233S;L1234C;C1236Y;C1240G;C1253K;D1257L;D1259G;G1267T,46.0,92.0,1.0,95.0,155.0,50.0
root_child_0_child_1_child_0_child_1_child_1_child_1_child_1|leaf,326,0.743912,326,0.743912,325,MZ477792.1,48,0.761194,322,322,47,-112.66679186652428,-2.3971657843941343,-1.4350399149338156,-1.4350399149338156,-4.069668367560778,-1.0174170918901946,4,K444G;G476K;T470N;Q493Y,N501Y,1,N501Y;D614G;H655Y,3,D614G;N501Y,2,N331F:-2.4844;I332L:-2.4919;T333L:-1.9641;L335T:-2.0931;G339E:-1.4812;F347V:-2.4887;S349T:-2.4938;V350W:-3.2836;I358D:-3.1976;V362L:-3.3432;A372F:-1.3989;C379P:-4.2203;Y380D:-2.8642;G381Y:-3.7729;V382K:-3.2429;A397V:-2.9597;F400V:-3.5836;Q409T:-2.6813;A411G:-3.1893;P412T:-3.3095;G413I:-2.5114;G416Y:-2.8096;Y421T:-2.7281;V433S:-3.2694;D442V:-2.1816;S443N:-1.7859;K444G:-0.7259;Y449L:-1.5400;N450Y:-1.3610;I468T:-1.4779;T470N:-1.1629;G476K:-0.9661;C480F:-1.6586;G482F:-1.5073;N487L:-1.6381;L492S:-1.7157;Q493Y:-1.2148;F497V:-2.4700;N501Y:-1.4350;G502V:-1.9348;V503Y:-1.6807;G504Q:-1.7347;L513A:-3.7864;S514A:-3.5195;E516C:-3.0138;L518K:-2.7377;A520V:-3.5556,V36S;K41S;R44V;Q52F;L56F;W64A;H69N;T73R;G75K;K77D;D88S;G89Y;A93I;T95I;K113L;L117N;V126F;I128S;D138L;F140D;K150L;M153R;E156S;A163T;C166V;E169Y;S172F;Q173D;L176K;Q183N;N188R;L189N;I197K;G199S;H207P;T208I;P209D;R214S;P217F;Q218E;F220L;E224P;I231T;N234L;I235Q;T236S;L244S;R246L;D253G;S256A;T259G;G261A;Y266Q;G268R;L270F;Q271R;L276E;L277H;T286V;D287L;A288D;V289A;C291S;L296C;T299K;S316F;R319V;V320T;Q321V;E324P;V327P;N331F;I332L;T333L;L335T;G339E;F347V;S349T;V350W;I358D;V362L;A372F;C379P;Y380D;G381Y;V382K;A397V;F400V;Q409T;A411G;P412T;G413I;G416Y;Y421T;V433S;D442V;S443N;K444G;Y449L;N450Y;I468T;T470N;G476K;C480F;G482F;N487L;L492S;Q493Y;F497V;N501Y;G502V;V503Y;G504Q;L513A;S514A;E516C;L518K;A520V;V534L;C538L;V539N;T547R;G550T;T553F;K558P;F559Q;P561R;D568V;I569L;R577L;E583Q;D586P;P589I;S591I;G593T;S596T;T599G;T602L;N603L;Q607V;Y612I;D614G;C617E;E619V;V620A;Q628P;L629V;Y636N;T645A;G648I;C649N;L650Y;I651V;H655Y;V656S;N657Y;E661D;G667I;S673T;S686A;S691A;I693A;Y695G;M697L;S698A;T716F;T723E;E725M;I726P;L727S;V729D;T734M;C738Y;T739D;D745E;E748S;S750F;L752C;G757N;C760R;L763T;A766K;K776F;N777Q;A783R;K795N;G798N;G799F;F800I;N801Q;Q804L;P807S;D808K;K811E;R815D;F817L;L822N;N824V;K825T;D830L;D839V;C840A;I844L;K854Y;L858P;L861P;P863L;M869A;I870E;Q872L;G880S;T883G;A903Y;F906Q;G910V;V915L;Y917H;Q920L;K921Q;L922N;Q926N;F927A;N928I;I931K;G932Q;K933S;S940A;A942K;L945K;K947V;L948N;L959T;N960S;V963Q;Q965G;S967N;G971L;S974N;V976L;N978R;D979S;R983E;Q992I;D994I;G999Q;Q1002L;Q1005V;Y1007V;Q1010R;I1018A;N1023A;L1024A;T1027C;D1041C;F1042S;G1044F;K1045P;Q1054G;S1055P;V1061H;L1063P;Y1067E;E1072F;T1076C;P1079C;A1080K;C1082D;H1083K;H1088R;R1091T;E1092F;F1095H;H1101Q;T1105Y;N1108Q;Y1110T;Q1113T;D1118T;C1126V;D1127I;V1128G;I1130V;G1131N;I1132D;N1134P;V1137Q;P1143F;S1147Y;E1151H;L1152K;F1156V;T1160G;G1167S;G1171A;N1173K;I1179K;I1183E;L1186E;V1189L;N1192I;E1195S;I1198E;E1202G;G1204K;Y1206I;Q1208K;W1212L;W1214I;V1228T;M1229I;V1230M;I1232L;C1235M;S1242K;G1251C;C1253K;K1255E;D1259K;P1263L;L1265V;V1268T;T1273M,62.0,167.0,1.0,66.0,155.0,50.0
root_child_1_child_0_child_0_child_0_child_1_child_1_child_0|leaf,326,0.743912,326,0.743912,325,MZ477792.1,46,0.771144,327,327,45,-113.91274148224652,-2.531394255161033,-1.4350399149338156,-1.4350399149338156,-3.1719304688553436,-1.0573101562851146,3,L455R;I472N;Q493Y,N501Y,1,P26S;D138Y;N501Y;D614G;V1176F,5,D614G;N501Y,2,N331T:-2.4198;T333C:-2.1241;F338V:-3.2348;G339F:-2.0765;V341A:-3.0576;A348R:-1.2580;W353T:-3.3173;N354S:-1.8142;V362Y:-3.1662;S366L:-2.4385;S371F:-1.9489;T376C:-2.8787;C379P:-4.2203;G381T:-3.6343;K386F:-3.0381;L387F:-3.9116;N388F:-2.6581;D398G:-3.2244;S399D:-2.3761;A411N:-2.9595;G413T:-2.5829;T415Y:-2.5832;I418R:-2.4418;A419L:-3.0512;D420L:-1.5687;L425T:-3.2848;C432A:-4.2640;V433A:-3.4829;Y449L:-1.5400;L455R:-0.7754;R457P:-1.7140;N460P:-1.4502;P463I:-2.6545;R466D:-1.9342;D467T:-1.8071;I472N:-1.1817;N487Y:-1.7183;Q493Y:-1.2148;Y495F:-2.3210;T500L:-1.6201;N501Y:-1.4350;G504P:-1.9402;V511L:-3.5944;V512L:-3.8192;V524G:-4.1764,R21S;Q23D;P26S;A27N;T33V;R34Y;Y38D;T51L;F65Q;S71W;K77F;D80P;V83F;P85L;D88Y;I100G;I101F;G103T;I105L;K113S;Q115V;A123N;D138Y;F140D;L141V;G142D;K147W;E156I;Y160N;N164Y;F168E;E169Y;V171F;S172L;E180N;K182F;G184F;N188R;L189I;R190V;E191D;V193N;G199Y;Y200K;F201H;K206T;I210V;V213G;D215F;F220D;L229I;I235S;T240R;A243D;S247L;P251G;D253S;T259A;A263V;Y269Q;T274N;K278N;E281G;G283D;T286A;D290A;A292D;C301F;K304F;F306I;V308G;Q321S;E324F;S325F;P330L;N331T;T333C;F338V;G339F;V341A;A348R;W353T;N354S;V362Y;S366L;S371F;T376C;C379P;G381T;K386F;L387F;N388F;D398G;S399D;A411N;G413T;T415Y;I418R;A419L;D420L;L425T;C432A;V433A;Y449L;L455R;R457P;N460P;P463I;R466D;D467T;I472N;N487Y;Q493Y;Y495F;T500L;N501Y;G504P;V511L;V512L;V524G;N532C;V534N;G545L;T547G;T549Q;G550T;N556F;F559D;L560I;F562T;Q563F;F565R;A570L;T572I;T573I;V576D;T581D;L582I;I584T;F592V;N603T;T604V;D614G;C617V;V622I;P631R;T638Q;T645E;R646G;G648I;A653H;H655D;V656N;N658E;Y660G;C662A;D663Y;I666A;G669C;Q675T;S680R;A684Q;S689V;A694G;M697G;E702V;N710A;S711P;T723V;P728M;V729D;M731T;C738D;N751F;L752Q;L753G;S758L;N764A;R765G;Q774Y;N777A;Q779K;F782I;V785T;K786I;I794G;K795F;D796G;F802H;Q804S;P807K;P809I;P812K;K814L;R815L;I818L;K825I;V826A;A829K;K835Y;Q836G;C840L;G842A;D843A;I844L;A845R;R847I;D848P;L849N;A852F;L858P;V860L;L864T;L865Y;M869Q;T874G;T883G;W886G;A890Q;A892P;L894Q;I896Y;R905G;F906Q;G910T;Y917Q;K921N;N928L;G932Q;K933S;S939A;A942L;L959T;N960Q;T961V;V963F;Q965S;S967F;F970A;G971I;S974V;S975I;N978R;S982K;L984V;K986E;D994R;R995T;L996T;R1000S;S1003A;Q1011E;L1012E;R1014A;I1018L;S1021N;L1024A;A1025T;T1027M;K1028S;M1029V;E1031V;C1032G;V1033G;S1037R;V1040P;D1041G;Y1047V;L1049F;M1050S;P1053Q;A1056F;L1063P;A1070E;K1073T;K1086P;F1089S;E1092S;V1094T;V1096T;W1102Y;R1107V;I1115G;T1117C;F1121D;V1122G;G1124I;N1125G;C1126G;I1130V;G1131D;I1132Y;N1134P;E1144K;F1156N;K1157L;N1158S;H1159S;S1161G;V1164N;G1171A;A1174E;V1176F;N1187V;A1190Q;N1194I;S1196D;Y1206W;E1207I;Q1208P;Y1209W;W1212Y;W1217F;L1218A;F1220A;L1224I;A1226L;T1231L;C1236Y;C1240G;C1247S;S1249K;G1251F;S1252C;C1253K;F1256E;D1260E,70.0,234.0,1.0,125.0,155.0,26.0
root_child_1_child_1_child_0_child_1_child_1_child_1_child_0_child_0|leaf,326,0.743912,326,0.743912,325,MZ477792.1,53,0.736318,325,325,52,-119.85210235013581,-2.304848122117996,-1.4350399149338156,-1.4350399149338156,-1.2158723269906768,-1.2158723269906768,1,I472Q,N501Y,1,L18F;N501Y;V1176F,3,N501Y,1,L335V:-1.9854;E340N:-1.7671;V341A:-3.0576;T345F:-1.7678;N354I:-1.5971;R355V:-2.5487;K356E:-1.7814;D364Y:-2.7447;S366L:-2.4385;V367Y:-2.6067;F377S:-3.0024;S383N:-3.5369;T385N:-2.6302;C391T:-4.3715;N394V:-2.5818;V395S:-3.7400;S399D:-2.3761;I402A:-2.3285;D405G:-1.3426;R408I:-1.6834;A411G:-3.1893;G413D:-1.9963;I418D:-2.5883;D420Y:-2.0724;N422L:-3.1081;L425D:-2.9019;D427T:-1.9398;N437K:-2.2823;Y449S:-1.7609;R457S:-1.7278;K462T:-1.4070;F464E:-1.9340;I468T:-1.4779;S469I:-1.7468;I472Q:-1.2159;G476L:-1.4259;N487G:-1.3894;C488V:-1.9984;Y489P:-1.7629;Y495T:-2.4456;N501Y:-1.4350;G502P:-1.3416;V503Y:-1.6807;G504P:-1.9402;Y505P:-2.0928;Q506V:-2.3494;R509C:-2.3918;S514T:-2.9576;L518P:-3.2451;C525T:-4.2054;K528T:-2.9926;T531D:-2.9604,L18F;T19R;L24S;A27N;T29M;F32V;P39V;L48Q;A67C;V70N;T76L;F86Y;N87S;F92I;N99I;R102S;W104I;F106N;K113S;T114I;L117N;L118N;C131Q;D138L;N149E;M177G;G181Q;G184F;F186E;R190F;E191C;K195G;I197G;F201Y;I203K;H207V;I210G;L216A;Q218L;F220D;D228N;P230G;I233F;N234Q;I235R;T236F;F238I;P251S;A263Q;A264Y;V267T;Q271N;L276Y;K278T;N282D;T286A;A288C;D290C;C291S;P295K;T302E;V308S;K310S;F318S;E324P;F329G;L335V;E340N;V341A;T345F;N354I;R355V;K356E;D364Y;S366L;V367Y;F377S;S383N;T385N;C391T;N394V;V395S;S399D;I402A;D405G;R408I;A411G;G413D;I418D;D420Y;N422L;L425D;D427T;N437K;Y449S;R457S;K462T;F464E;I468T;S469I;I472Q;G476L;N487G;C488V;Y489P;Y495T;N501Y;G502P;V503Y;G504P;Y505P;Q506V;R509C;S514T;L518P;C525T;K528T;T531D;L533K;V534K;V539N;F541K;T549Q;F559D;F562I;Q563F;Q564D;G566I;R567T;A575R;L582I;D586F;T588V;V597P;D614Y;N616P;V622D;A626Y;R634S;T638S;N641T;V642L;Q644C;T645E;G648I;H655E;Y660C;E661D;D663Q;T678S;S680A;R683S;S686I;A694L;Y695G;L699S;N703V;Y707I;N709I;N710I;T716S;N717T;T724K;E725L;I726S;S730T;K733T;S735C;G744D;E748C;L754F;T761L;E773V;N777V;T778E;Q784K;V785I;Q787P;K790Y;T791F;I794F;G798Q;F800I;F802I;Q804S;I805P;S810P;L821F;K825A;A829Q;C840L;G842A;D843L;C851G;Q853T;G857P;L858P;V860E;M869Q;Y873S;T874A;A876S;T883G;G885T;T887G;F888G;A890L;A892F;L894A;Q895P;I896A;P897A;M902P;A903F;Y904I;F906Q;G908Q;N914L;L916Q;Y917S;Q920L;K921F;L922N;N925I;F927G;N928L;Q935S;T941S;K947D;L948V;Q949A;Q954T;V963F;S967L;F970I;G971I;N978K;V987I;E988Q;A989Q;Q992D;I993T;T998L;G999Q;I1018L;A1020L;L1024A;A1025S;T1027C;K1028L;S1030G;C1032S;L1034S;S1037M;K1038D;R1039K;D1041G;K1045M;G1046S;H1048S;M1050A;F1052S;P1053A;S1055H;G1059H;T1066Y;Q1071K;E1072N;C1082V;K1086A;A1087F;H1088R;S1097W;H1101F;W1102T;Q1106F;N1108Q;E1111T;Q1113F;T1116N;N1119I;C1126G;D1127V;V1128T;V1129G;N1134D;P1140Q;Q1142S;L1145S;D1146L;F1148E;K1149L;K1154H;P1162L;V1164L;D1168S;S1170I;N1173S;S1175I;V1176F;N1178D;R1185E;E1188L;N1194D;L1197Q;D1199Q;Y1206K;E1207I;L1218F;G1219I;F1220V;G1223A;V1228I;V1230C;L1234S;C1236S;G1246S;S1249G;K1255S;F1256S;E1258S;D1260E;V1264L;K1266F;V1268H,113.0,67.0,1.0,240.0,155.0,122.0
root_child_0_child_0_child_0_child_1_child_1_child_0_child_0_child_0_child_1|leaf,326,0.743912,326,0.743912,325,MZ477792.1,50,0.751244,324,324,49,-120.135268411294,-2.4517401716590608,-1.4350399149338156,-1.4350399149338156,-3.303636226359026,-1.1012120754530088,3,V445N;G485N;S443K,N501Y,1,D138Y;N501Y;D614G;H655Y,4,D614G;N501Y,2,N331C:-2.6574;I332N:-2.6228;N334V:-1.9926;C336N:-4.0303;N343V:-2.0860;T345Y:-2.0228;A348V:-1.8740;S349R:-1.9652;Y351K:-2.2797;Y365V:-3.4816;V367N:-2.4510;Y369L:-2.4628;N370T:-2.6435;F374C:-2.8283;K378Y:-2.2888;V382N:-3.5462;P384K:-2.2877;T385L:-2.5021;C391G:-4.1320;S399Q:-2.6785;I402G:-2.5120;Q414K:-1.9868;T415Y:-2.5832;G416C:-2.9056;Y421K:-2.1591;N422K:-2.9844;P426D:-2.2753;C432A:-4.2640;V433K:-2.9060;I434W:-2.7925;N437S:-2.2393;S443K:-1.1832;V445N:-0.9878;S459L:-1.5423;K462D:-1.3517;E465Y:-1.8043;C480F:-1.6586;G485N:-1.1326;N487F:-1.4264;C488F:-1.9176;L492F:-2.2180;F497V:-2.4700;N501Y:-1.4350;G504V:-1.9909;L518A:-2.7709;P521T:-3.3523;V524G:-4.1764;P527L:-3.2639;S530N:-3.0123,R21I;Y28S;Y37D;L48Q;D53L;L56I;P57S;F59V;F65I;A67V;I68T;T76F;P82L;V83P;L84D;P85N;T95I;W104F;G107D;V120E;T124V;V127Q;E132Q;C136L;D138Y;L141H;V159N;Y160V;S161A;Y170S;P174I;F175M;M177E;Q183F;F186L;L189F;E191I;S205T;I210L;D215N;L226V;G232I;I235Q;T236L;R237T;F238L;A243Y;L244S;P251S;G252S;D253A;S254G;S256A;W258A;T259A;A263G;L270P;R273K;A288L;C291A;L293T;P295S;L296E;S297L;K310F;I312N;R319S;E324N;R328T;F329N;N331C;I332N;N334V;C336N;N343V;T345Y;A348V;S349R;Y351K;Y365V;V367N;Y369L;N370T;F374C;K378Y;V382N;P384K;T385L;C391G;S399Q;I402G;Q414K;T415Y;G416C;Y421K;N422K;P426D;C432A;V433K;I434W;N437S;S443K;V445N;S459L;K462D;E465Y;C480F;G485N;N487F;C488F;L492F;F497V;N501Y;G504V;L518A;P521T;V524G;P527L;S530N;K535N;V539F;N544D;V551F;L552S;Q563F;Q564R;I569L;D571T;D574P;A575Q;R577L;E583D;L585C;D586S;P589V;G594P;V597N;P600S;G601V;S605Q;N606Y;A609G;L611E;Q613V;D614G;C617V;A623I;I624T;A626L;L629S;N641Q;V642L;Q644A;R646L;G648V;C649L;A653N;H655Y;V656N;A668S;I670A;A672S;T676R;P681I;R682A;Y695A;M697N;A706S;N709I;N710T;T716I;F718I;V722P;T723E;T724I;E725K;V736G;D737N;C738S;M740T;D745E;N751G;L753S;Y756S;T761A;Q762L;L763G;N764A;G769T;E773S;D775N;K776Q;V781A;I788K;T791F;P793D;I794D;K795N;G798I;G799Q;N801I;I805S;P807S;K814D;N824T;V826T;T827A;L828K;A829T;Y837G;G842A;A852G;G857V;L858P;P862D;P863L;T866E;D867Q;M869T;A871T;Y873L;L878T;T883G;G889A;A892L;R905N;F906Q;Q913N;N914Q;Y917N;I923N;A924Q;Q926N;F927Q;S929I;I931K;G932D;D936A;A942K;N955T;A956L;I973S;V987I;E988R;R995G;L996G;T998L;G999T;R1000S;Q1005T;T1009Q;Q1010A;R1019L;S1021E;A1022S;L1024A;A1026K;T1027L;S1030G;S1037L;K1038G;K1045M;Y1047M;H1048S;S1051G;F1052H;P1053S;H1064P;A1070F;Q1071T;E1072T;A1080H;R1091G;E1092F;V1094F;F1095N;V1096N;T1105R;Q1106P;I1115T;T1116D;N1119F;S1123V;G1124D;D1127G;I1130V;G1131N;N1134P;V1137P;D1139L;P1140Q;P1143L;S1147Y;E1150H;Y1155K;P1162V;G1167I;I1169S;G1171A;I1172V;V1176I;V1177K;D1184A;L1186V;N1187A;V1189N;L1193S;I1198Q;E1207D;Y1209K;L1218F;A1222V;L1224A;I1227V;V1230C;C1235M;S1239C;L1244C;G1251C;C1253S;K1255E;F1256E;S1261G;G1267L,115.0,204.0,1.0,188.0,155.0,74.0
root_child_0_child_0_child_0_child_1_child_1_child_0_child_1_child_1_child_1|leaf,326,0.743912,326,0.743912,325,MZ477792.1,53,0.736318,324,324,52,-122.42231759314738,-2.354275338329757,-1.4350399149338156,-1.4350399149338156,-4.073811180302609,-1.0184527950756523,4,K444V;V445N;K458E;A475S,N501Y,1,D138Y;N501Y;D614G;H655Y,4,D614G;N501Y,2,I332N:-2.6228;N334V:-1.9926;C336P:-4.2086;N343V:-2.0860;T345Y:-2.0228;S349R:-1.9652;A352S:-2.3156;W353C:-3.4627;R357S:-1.8611;V367N:-2.4510;Y369L:-2.4628;N370T:-2.6435;S371F:-1.9489;F374C:-2.8283;K378Y:-2.2888;P384K:-2.2877;T385L:-2.5021;D389C:-2.9995;C391Y:-4.4373;F392Y:-3.1450;A397R:-2.9209;I402G:-2.5120;I410V:-2.3296;P426A:-3.3418;C432A:-4.2640;N437S:-2.2393;K444V:-0.8405;V445N:-0.9878;K458E:-1.0432;S459L:-1.5423;E465Y:-1.8043;D467Y:-1.5799;A475S:-1.2023;C480F:-1.6586;V483G:-1.6543;G485P:-1.4617;F486L:-1.2487;N487G:-1.3894;C488F:-1.9176;Y489L:-1.9101;L492F:-2.2180;Q493N:-1.2784;P499A:-1.6345;N501Y:-1.4350;L518A:-2.7709;H519A:-1.8343;A520C:-3.7635;T523S:-3.3725;V524G:-4.1764;P527L:-3.2639;S530N:-3.0123;T531N:-3.2822,Y28S;Y37K;P39V;F43V;L48Q;Q52F;L56F;F59V;V70I;S71T;P82N;L84D;W104F;F106T;L118N;T124F;V127Q;E132Q;C136P;D138Y;L141H;M153I;V159N;Y160V;S161A;N165V;Y170S;V171L;P174I;F175M;M177G;Q183F;L189F;E191D;N196Y;S205T;I210L;L216Q;E224P;P225D;L226V;G232I;I235Q;T236L;A243Y;P251S;G252S;D253A;S256A;W258A;T259G;A263G;A264V;L270P;Q271T;R273K;E281N;N282A;I285L;A288L;C291S;P295S;L296E;S297L;E298G;T299C;T302V;S305V;E309S;F329N;I332N;N334V;C336P;N343V;T345Y;S349R;A352S;W353C;R357S;V367N;Y369L;N370T;S371F;F374C;K378Y;P384K;T385L;D389C;C391Y;F392Y;A397R;I402G;I410V;P426A;C432A;N437S;K444V;V445N;K458E;S459L;E465Y;D467Y;A475S;C480F;V483G;G485P;F486L;N487G;C488F;Y489L;L492F;Q493N;P499A;N501Y;L518A;H519A;A520C;T523S;V524G;P527L;S530N;T531N;V539F;N542G;G550L;L552S;K558L;F559I;F562K;Q563F;Q564R;G566T;I569T;D571T;D574P;R577L;D578T;T581D;D586S;P589V;S596G;V597N;P600S;G601Q;S605Q;A609G;L611E;D614G;C617I;L629T;T632S;S640F;Q644A;G648A;C649L;I651N;E654A;H655Y;V656N;E661D;A668S;A672T;R682I;Y695A;M697N;G700V;S704I;V705S;A706S;N709I;N710T;V722P;T723I;T724L;P728K;S735C;C738S;M740I;D745E;L753S;L754S;T761A;N764A;G769V;E773S;K776Q;V781A;Q784I;T791F;P792I;I794N;K795N;G798I;G799Q;N801P;S803L;P809R;S810E;N824D;V826T;L828F;A829T;Y837D;D843A;A845I;A846L;R847L;A852K;L858P;P862Y;P863L;L864T;T866E;D867Q;A871T;T874G;L878T;T883G;T887G;G889A;A890I;A893I;A899R;Q901I;R905V;F906Q;V911T;Q913N;N914L;N919L;I923N;Q926I;F927Q;S929I;I931K;G932D;A942K;G946Q;Q957L;I973S;S975N;K986V;E988R;D994S;R995G;L996G;T998L;S1003L;Q1005T;V1008Q;T1009Q;Q1010N;L1024A;T1027L;S1030G;G1035S;S1037L;K1038G;R1039G;K1045M;H1048A;L1049F;F1062Y;H1064E;A1070F;K1073I;T1076G;E1092F;V1094F;F1095N;V1096N;H1101F;V1104R;T1105F;Q1106P;I1114F;I1115T;T1116D;T1117V;D1118S;N1119F;T1120N;I1130V;G1131N;N1134P;Y1138E;D1139L;P1140Q;L1141E;S1147Y;E1150H;Y1155K;P1162V;V1164D;L1166D;G1167I;V1176I;V1177K;L1186V;E1188K;V1189N;L1193S;I1198K;E1207D;Q1208K;Y1209K;I1210Y;L1218F;G1219A;F1220I;A1222V;A1226V;I1227V;V1230M;C1235M;T1238G;L1244C;G1246C;C1253K;K1255E;F1256E;D1257E;S1261G;G1267L,137.0,120.0,1.0,69.0,155.0,122.0
root_child_0_child_0_child_1_child_0_child_1_child_1_child_0_child_0_child_1_child_0_child_1_child_0|leaf,326,0.743912,326,0.743912,325,MZ477792.1,54,0.731343,320,320,53,-123.42409841727094,-2.3287565739107725,-1.4350399149338156,-1.4350399149338156,-4.127701091883875,-1.0319252729709687,4,R346T;G476K;Q498T;K458R,N501Y,1,N501Y;D614G,2,D614G;N501Y,2,I332L:-2.4919;N334V:-1.9926;F342N:-2.7584;T345Y:-2.0228;R346T:-0.7574;A348R:-1.2580;S349R:-1.9652;W353T:-3.3173;D364Y:-2.7447;Y365A:-3.5437;N370T:-2.6435;A372S:-1.2799;T376C:-2.8787;Y380S:-3.1557;S383T:-3.3231;P384L:-2.7961;C391F:-4.2145;Y396S:-2.9446;A397E:-3.0999;S399I:-2.3064;F400K:-2.9654;V401G:-2.4730;D405G:-1.3426;E406R:-1.3158;R408T:-1.8521;Q414A:-2.1073;A419P:-2.7325;D420P:-2.1140;N422F:-3.0747;D427C:-2.4535;N440D:-1.3369;D442K:-2.0312;G446Y:-1.4345;N448Q:-2.3560;Y449L:-1.5400;K458R:-1.2139;I472Y:-1.3320;G476K:-0.9661;C480F:-1.6586;G485C:-1.6490;L492S:-1.7157;Q498T:-1.1903;P499G:-1.6178;T500V:-1.4177;N501Y:-1.4350;P507S:-2.3708;V512A:-3.3615;L513E:-3.3299;L517T:-3.4471;P521V:-3.6426;V524G:-4.1764;P527L:-3.2639;S530N:-3.0123,L24S;Y28S;R34G;D40F;F43V;Q52F;L56F;T63A;V70F;G72K;T76I;D80F;P82L;V83P;L84V;I101G;G103F;W104F;I105T;D111S;I119T;V120N;N125I;E132F;D138L;L141H;W152F;M153Y;R158N;P174G;M177D;D178E;E180I;Q183N;K195I;G199K;K202H;I203L;P209L;I210D;R214D;P217G;D228P;N234T;I235S;F238L;L244T;H245S;Y248D;L249S;G252S;S255T;S256A;G257A;W258L;T259A;A260Y;A264Y;V267R;Y279N;E281G;T284L;C291S;P295S;T299C;K300L;C301T;V308G;I312R;N317Q;F318T;P322C;T323I;V327P;F329T;I332L;N334V;F342N;T345Y;R346T;A348R;S349R;W353T;D364Y;Y365A;N370T;A372S;T376C;Y380S;S383T;P384L;C391F;Y396S;A397E;S399I;F400K;V401G;D405G;E406R;R408T;Q414A;A419P;D420P;N422F;D427C;N440D;D442K;G446Y;N448Q;Y449L;K458R;I472Y;G476K;C480F;G485C;L492S;Q498T;P499G;T500V;N501Y;P507S;V512A;L513E;L517T;P521V;V524G;P527L;S530N;K537G;C538F;F543L;T549F;G550L;V551N;F559C;Q563V;I569A;D574P;R577L;Q580I;D586S;C590G;I598T;T599L;P600S;G601Q;A609L;Y612Q;D614G;W633V;Q644L;R646G;G648I;I651E;V656S;I666G;A668S;S673A;S680V;Q690I;I693L;M697G;V705S;Y707N;N709I;S711I;I714T;N717V;F718T;T719V;V722P;T724L;I726P;T734S;S735C;M740I;C743E;D745E;S746L;S750Q;L752G;L753S;T761L;N764G;A766Q;V772K;K776N;T778V;Q787C;T791F;P792I;I794D;F800L;N801Q;I805P;P807K;S813F;K814S;F817E;I818V;L822D;D830F;C840A;I844A;Q853S;F855G;L858P;T866S;D867Q;I870S;Y873A;L878T;T883G;W886G;A890L;G891A;A892L;I896Y;F898H;M902Y;F906N;I909T;N914Q;Y917F;F927A;T941S;A942K;S943L;N953A;V963S;I973S;L977D;N978K;D979F;I980D;K986Q;E988L;Q992D;I993L;D994Q;R995T;L996D;L1004Y;Q1010A;Q1011I;L1012E;A1022L;L1024A;K1028S;M1029G;G1035D;R1039D;V1040Y;G1044L;K1045H;G1046L;H1048Q;A1056F;H1058F;F1062H;V1068N;E1072G;N1074T;C1082K;H1083V;F1089V;E1092F;V1094F;S1097T;W1102Y;T1105R;Q1106P;R1107Y;N1108Y;P1112I;Q1113K;I1115V;T1117N;T1120N;I1130V;G1131N;N1134V;T1136D;Y1138L;P1140Q;L1141P;Q1142L;D1146K;F1148D;Y1155Q;H1159V;T1160P;P1162I;G1167I;I1172Q;S1175E;V1176I;V1177Q;N1178K;I1179D;I1183V;V1189E;N1192L;S1196L;I1198Q;I1210L;K1211I;W1212F;Y1215W;G1219I;I1221G;I1225V;I1227V;M1229I;C1236T;M1237C;S1239C;C1250F;C1253K;E1262L,147.0,96.0,1.0,89.0,155.0,141.0
root_child_1_child_0_child_0_child_0_child_0_child_0_child_1_child_0|leaf,326,0.743912,326,0.743912,325,MZ477792.1,52,0.741294,326,326,51,-124.73163153180565,-2.4457182653295217,-1.4350399149338156,-1.4350399149338156,-1.9080457437494636,-0.9540228718747318,2,L455R;G485N,N501Y,1,P26S;D138Y;N501Y;D614G;H655Y;V1176F,6,D614G;N501Y,2,N331T:-2.4198;N334C:-2.3489;F342A:-2.9436;A352S:-2.3156;N354R:-1.2966;K356C:-1.8656;V362Y:-3.1662;A363Y:-3.3175;Y365V:-3.4816;L368S:-2.9690;S371F:-1.9489;C379P:-4.2203;S383N:-3.5369;K386F:-3.0381;L387F:-3.9116;N388F:-2.6581;L390F:-3.7098;C391N:-4.1519;D398G:-3.2244;S399D:-2.3761;E406I:-1.6642;I410N:-2.6030;G413D:-1.9963;Q414F:-2.1297;I418L:-2.5926;A419L:-3.0512;D420Y:-2.0724;N422T:-3.2782;L425D:-2.9019;D427F:-1.9055;V433A:-3.4829;W436S:-2.5340;N439S:-1.6521;Y449S:-1.7609;L455R:-0.7754;R457P:-1.7140;L461F:-1.9409;K462E:-1.3103;R466D:-1.9342;D467T:-1.8071;S469A:-1.7729;G476P:-1.3326;G485N:-1.1326;N487Y:-1.7183;Y495T:-2.4456;N501Y:-1.4350;G502L:-1.9457;G504P:-1.9402;P507R:-1.9179;V512L:-3.8192;G526P:-3.2643,F4L;R21S;P26S;A27N;R34V;Y38L;T51L;Q52F;F58N;W64A;K77A;D80P;V83F;P85N;D88Y;V90T;S98N;N99I;I100S;R102T;D111K;T114I;A123N;F133D;D138Y;P139L;L141V;Y160N;V171S;S172L;Q173E;L176D;G181N;G184F;N185E;K187L;Y200K;F201K;K206T;T208D;I210L;V213G;L216F;P217L;F220D;L229I;G232R;I235S;R237A;A243D;Y248V;P251D;D253S;Y269Q;L276T;E281G;G283D;T286A;D287A;D290A;A292D;C301F;L303F;F306I;K310T;Y313Q;F318P;Q321D;N331T;N334C;F342A;A352S;N354R;K356C;V362Y;A363Y;Y365V;L368S;S371F;C379P;S383N;K386F;L387F;N388F;L390F;C391N;D398G;S399D;E406I;I410N;G413D;Q414F;I418L;A419L;D420Y;N422T;L425D;D427F;V433A;W436S;N439S;Y449S;L455R;R457P;L461F;K462E;R466D;D467T;S469A;G476P;G485N;N487Y;Y495T;N501Y;G502L;G504P;P507R;V512L;G526P;N532C;K535Y;N536G;T549V;E554F;N556F;F559D;F565R;G566I;D568I;Q580F;T581D;L582I;I584T;F592V;I598G;P600N;T604V;Q613S;D614G;C617P;V622I;T638F;F643E;T645L;R646G;G648I;C649E;A653N;H655Y;V656C;N658C;E661D;C662A;D663Y;A668T;G669V;S680R;P681V;A684Q;S686A;I692A;I693V;M697G;E702S;N710I;I720V;T723V;I726T;S730T;T732S;K733S;T739I;M740S;T747S;N751F;L752Q;L753G;Q755F;S758L;N764A;R765T;A771E;V785T;K786I;Q787K;Y789T;I794S;K795F;F797G;F802Q;Q804S;P807S;P809I;K811S;P812K;K814L;R815E;L822N;V826G;T827D;A829K;Q836G;D839I;C840L;G842A;D843R;I844A;A845R;R847L;A852L;L858P;L864T;M869T;T874G;G880W;T883F;W886G;T887F;G889P;I896Y;P897A;R905G;F906Q;G910P;V911Y;Y917Q;N928L;A930Q;G932Q;Q954I;A956L;L959T;N960L;L962F;V963F;K964S;L966N;S967F;N969Q;F970A;G971I;S975I;N978L;D985L;K986E;D994R;R995T;L996G;T998S;L1004Q;T1009I;Q1010L;Q1011A;L1012E;E1017A;I1018L;S1021N;L1024S;A1025T;K1028S;M1029V;E1031S;C1032G;L1034G;G1035K;S1037F;V1040P;D1041G;F1042H;M1050S;S1051P;P1053A;Q1054P;S1055P;V1060F;H1064P;T1066I;Q1071K;K1073T;T1076D;H1088D;F1089E;E1092S;V1096T;Q1106Y;R1107Y;I1114D;I1115D;T1117C;D1118S;N1125G;C1126G;G1131D;N1134T;K1149L;F1156N;H1159L;S1161I;V1164N;I1172V;S1175I;V1176F;R1185N;D1199Q;G1204Y;K1205P;Y1206V;E1207I;Q1208P;K1211Y;W1212Y;L1218F;F1220A;G1223I;I1225V;I1232L;C1236R;G1246C;S1249K;G1251F;S1252C;C1253K;C1254M;F1256D;D1260G;G1267T,155.0,200.0,1.0,16.0,155.0,99.0
root_child_0_child_0_child_0_child_1_child_1_child_0_child_0_child_0_child_0_child_1|leaf,326,0.743912,326,0.743912,326,MZ397166.1,54,0.731343,325,325,53,-127.02223213913895,-2.396645889417716,-1.4350399149338156,-1.4350399149338156,-3.223935125976653,-1.0746450419922178,3,V445N;F486P;S443K,N501Y,1,D138Y;N501Y;D614G;H655Y,4,D614G;N501Y,2,N331C:-2.6574;I332N:-2.6228;N334V:-1.9926;N343G:-2.3331;T345Y:-2.0228;S349R:-1.9652;R355I:-2.5772;D364Y:-2.7447;V367N:-2.4510;L368F:-2.4135;Y369L:-2.4628;N370T:-2.6435;F374C:-2.8283;V382N:-3.5462;P384K:-2.2877;T385L:-2.5021;L387F:-3.9116;C391G:-4.1320;S399E:-2.4270;I402G:-2.5120;R403I:-1.3801;G404I:-2.1620;Q409T:-2.6813;G413D:-1.9963;T415Y:-2.5832;G416C:-2.9056;I418D:-2.5883;Y421K:-2.1591;P426D:-2.2753;C432A:-4.2640;V433K:-2.9060;N437S:-2.2393;S443K:-1.1832;V445N:-0.9878;S459L:-1.5423;E465D:-2.3690;I468T:-1.4779;G476S:-1.2516;C480F:-1.6586;G485P:-1.4617;F486P:-1.0529;N487G:-1.3894;C488F:-1.9176;P491L:-1.7774;L492F:-2.2180;N501Y:-1.4350;G504L:-2.0164;L518A:-2.7709;P521T:-3.3523;T523I:-3.5340;V524G:-4.1764;P527L:-3.2639;S530N:-3.0123,T20I;T22N;Y28S;F43V;L56I;P57S;F59T;N61F;W64A;F65I;A67V;I68T;G75N;T76K;F79L;P82L;L84D;N87T;I101V;R102G;W104F;V120E;V127Q;E132Q;C136L;D138Y;F140H;L141H;H146F;V159N;Y160V;S161A;N164E;Y170S;P174I;F175M;M177E;Q183F;G184K;E191D;S205T;T208I;I210L;L226V;G232I;I233F;I235Q;T236L;F238L;Q239E;A243L;L249G;P251S;G252S;D253A;S256A;W258G;T259A;A263G;L270P;R273K;A288L;C291A;P295S;L296E;S297L;E298C;K310F;T315N;R319S;E324N;F329N;N331C;I332N;N334V;N343G;T345Y;S349R;R355I;D364Y;V367N;L368F;Y369L;N370T;F374C;V382N;P384K;T385L;L387F;C391G;S399E;I402G;R403I;G404I;Q409T;G413D;T415Y;G416C;I418D;Y421K;P426D;C432A;V433K;N437S;S443K;V445N;S459L;E465D;I468T;G476S;C480F;G485P;F486P;N487G;C488F;P491L;L492F;N501Y;G504L;L518A;P521T;T523I;V524G;P527L;S530N;V539F;L552S;F559I;Q563F;Q564R;I569L;D571T;D574P;R577L;Q580F;L585C;D586S;P589V;S596T;V597N;P600S;G601V;S605Q;A609G;L611E;Q613V;D614G;A626Q;L629T;G639Y;Q644A;R646E;A647Y;C649L;A653N;H655Y;V656N;Y660E;I664A;P665S;A668S;A672T;R682I;Y695A;M697N;S698E;A706S;N709I;N710T;V722P;T723E;T724I;P728S;V729S;V736G;D737Y;C738S;M740I;G744S;D745E;N751G;L753S;Y756S;T761A;Q762L;N764A;G769A;E773F;D775N;K776Q;V781A;K790I;T791F;I794D;K795N;G798I;G799Q;N801L;K814I;N824T;K825T;V826T;L828K;A829T;Q836L;Y837D;A846L;L849F;A852G;F855G;L858P;P862D;P863L;T866S;D867Q;M869T;A876I;L878T;T881W;T883G;G885F;T887G;G889A;A892L;Y904S;R905N;F906Q;Q913N;N914Q;Y917N;N919L;L922I;I923N;A924S;Q926N;F927Q;S929I;I931K;G932D;S940G;A942K;V952N;Q957L;I973S;I980R;L984K;E988R;R995G;L996G;I997R;T998L;G999S;R1000S;Q1005T;T1006V;T1009Q;Q1010A;L1012R;A1015S;A1022L;L1024A;A1026K;T1027L;S1030G;S1037L;K1038G;K1045M;H1048S;P1053S;H1064P;T1066P;A1070E;Q1071T;A1080G;H1083F;R1091S;E1092N;V1094F;F1095N;V1096N;T1105R;Q1106P;F1109E;I1115T;T1116D;N1119F;T1120N;D1127G;I1130T;G1131N;N1134P;D1139L;P1140Q;S1147Y;E1150F;Y1155K;F1156H;K1157H;N1158T;P1162V;G1171A;S1175N;V1176I;V1177K;L1186V;V1189N;L1193S;I1198K;Y1206K;E1207D;Y1209K;L1218F;A1222V;G1223A;I1227V;V1230C;C1235M;S1239C;L1244C;C1253K;K1255E;F1256E;S1261G;G1267L;V1268T,168.0,165.0,1.0,150.0,155.0,141.0
root_child_0_child_0_child_1_child_0_child_1_child_1_child_1_child_0_child_0_child_1|leaf,326,0.743912,326,0.743912,325,MZ477792.1,55,0.726368,321,321,54,-127.13405799178892,-2.3543344072553505,-1.4350399149338156,-1.4350399149338156,-7.413635174618995,-1.059090739231285,7,R346T;G476K;E471Y;Q498Y;G485N;F486S;K458R,N501Y,1,N501Y;D614G,2,D614G;N501Y,2,I332P:-2.8327;N334F:-2.2519;E340T:-1.7716;F342N:-2.7584;T345Y:-2.0228;R346T:-0.7574;A348V:-1.8740;S349R:-1.9652;C361V:-3.9488;Y365P:-3.5956;N370T:-2.6435;Y380S:-3.1557;G381T:-3.6343;S383T:-3.3231;N388L:-2.8338;C391S:-4.3405;Y396S:-2.9446;A397E:-3.0999;I402V:-2.0698;D405G:-1.3426;R408T:-1.8521;Q409G:-2.7491;Q414A:-2.1073;G416I:-2.7015;D420L:-1.5687;N422F:-3.0747;K424P:-2.3116;D427C:-2.4535;N437D:-2.4091;V445G:-1.2643;G446Y:-1.4345;G447D:-1.5357;Y449L:-1.5400;K458R:-1.2139;D467S:-1.7135;E471Y:-1.0738;I472Y:-1.3320;G476K:-0.9661;P479F:-1.2973;C480V:-1.5840;G485N:-1.1326;F486S:-1.1630;Q498Y:-1.1069;N501Y:-1.4350;Y508L:-2.3545;V512A:-3.3615;L513E:-3.3299;S514H:-3.3394;L517H:-3.1793;P521V:-3.6426;V524G:-4.1764;P527S:-3.3537;S530N:-3.0123;T531V:-3.1985,L5F;P9Q;L24S;R34G;G35V;D40F;F43V;H49L;S50D;L56F;F59T;T63A;G72K;T76N;D80P;P82L;L84G;P85D;V90P;N99W;I100G;W104I;I105T;G107L;L110S;K113I;Q115L;S116L;N121T;I128V;C131Q;D138L;L141H;G142D;Y160N;P174L;M177D;E180N;Q183R;R190F;K202Y;I203L;Y204P;P209A;I210D;R214D;L216F;Q218E;G219P;D228I;L229N;I235S;F238L;Q239A;H245S;Y248D;T250P;G252T;D253S;G257A;T259A;A260Y;Y265V;Y266A;V267R;G268F;N280I;E281G;C291S;P295S;C301F;K304E;V308G;Q321S;I326V;V327P;I332P;N334F;E340T;F342N;T345Y;R346T;A348V;S349R;C361V;Y365P;N370T;Y380S;G381T;S383T;N388L;C391S;Y396S;A397E;I402V;D405G;R408T;Q409G;Q414A;G416I;D420L;N422F;K424P;D427C;N437D;V445G;G446Y;G447D;Y449L;K458R;D467S;E471Y;I472Y;G476K;P479F;C480V;G485N;F486S;Q498Y;N501Y;Y508L;V512A;L513E;S514H;L517H;P521V;V524G;P527S;S530N;T531V;K535N;K537F;C538F;G545T;T549F;V551N;F559A;Q563V;R567A;I569L;D574P;R577L;T581E;L582T;E583F;D586S;I587V;G593V;T599L;G601T;T604A;Y612Q;D614G;T618L;V622I;D627L;Y636V;V642T;G648I;I651E;V656S;A668G;T676H;R683S;R685S;V687I;S689F;I693G;V705N;Y707N;S708A;N709I;A713T;F718T;V722T;T724E;P728M;V729M;M731T;T734M;M740I;D745E;S746L;L752G;L753S;S758N;T761L;Q762N;L763A;N764A;V772T;D775E;A783Y;T791D;P792K;I794F;F800S;N801Q;P807K;K814S;D830F;I844A;Q853L;F855G;L858P;T859P;T866E;D867L;M869A;Y873A;L878T;G880T;T883G;G885T;W886G;F888G;P897Q;Y904G;R905G;F906N;I909Q;N914Q;E918A;N919I;A924I;N925S;F927Y;K933A;A942K;S943L;N953A;Q957S;V963S;K964L;I973S;N978K;D979F;S982E;E988L;A989R;Q992D;D994I;R995I;L996G;L1004V;Q1010Y;L1012E;I1013R;R1014E;A1016S;E1017R;S1021A;L1024A;M1029G;S1030Q;L1034Q;Q1036Y;K1045L;G1046L;H1058F;G1059T;F1062H;V1068N;A1070E;A1080T;C1082K;K1086D;F1089S;E1092F;V1094F;S1097T;N1098F;W1102Y;T1105R;Q1106P;R1107Y;F1109T;Y1110T;T1117N;T1120N;I1130V;G1131N;N1134V;N1135P;Y1138L;D1139P;L1141P;D1146F;F1148E;E1151K;Y1155Q;F1156V;H1159V;T1160P;V1164N;G1167I;I1169A;S1175E;V1176I;V1177Q;N1178Q;V1189N;K1191L;K1205E;I1210Y;P1213L;W1217G;G1219V;F1220A;A1222G;V1228T;M1229I;I1232L;C1236T;T1238L;S1239C;C1250K;C1253K;E1262L;V1264Y;L1265Y,171.0,121.0,1.0,131.0,155.0,158.0
root_child_1_child_0_child_1_child_1_child_1_child_0_child_1_child_1|leaf,326,0.743912,326,0.743912,325,MZ477792.1,55,0.726368,326,326,54,-128.60106770929826,-2.3815012538758937,-1.4350399149338156,-1.4350399149338156,-4.901136876198185,-0.9802273752396371,5,L455R;L441K;E471P;I472P;Q493P,N501Y,1,L18F;D138Y;N501Y;D614G;H655Y;V1176F,6,D614G;N501Y,2,I332F:-2.8077;C336N:-4.0303;F338E:-3.0041;G339V:-2.1347;F347V:-2.4887;R355Y:-2.6915;S359V:-3.1119;S366A:-1.9824;V367Y:-2.6067;A372S:-1.2799;T376V:-2.6801;C379S:-4.1288;K386F:-3.0381;N388V:-2.8414;D389Y:-3.0997;L390T:-3.1993;C391Y:-4.4373;N394I:-2.5091;A397R:-2.9209;S399V:-2.2558;V401G:-2.4730;G404E:-1.8275;V407Q:-2.4021;R408I:-1.6834;I410P:-2.7430;G413T:-2.5829;T415K:-2.0732;I418Y:-3.0351;A419P:-2.7325;Y421K:-2.1591;L425D:-2.9019;P426V:-3.2716;L441K:-0.8313;V445G:-1.2643;Y449S:-1.7609;L455R:-0.7754;R457P:-1.7140;S459F:-1.6356;P463D:-2.2807;E471P:-1.0322;I472P:-1.0885;Y473G:-1.6051;G485Y:-1.5747;F486Y:-1.3874;N487R:-1.6056;Q493P:-1.1737;N501Y:-1.4350;G504P:-1.9402;Q506A:-2.2885;P507L:-2.1116;L513P:-3.6085;F515L:-3.1924;A520G:-3.1867;V524S:-3.9754,L5F;L18F;R21S;S45L;T51L;Q52F;V62H;S71R;G72K;T76F;K77F;P85N;D88Y;F92T;T95S;S98I;I101G;T109D;S112A;K113S;T114S;S116V;L117I;N122F;T124K;V126C;F135S;C136L;D138Y;F140D;W152S;E156G;F157R;Y160S;S162C;A163F;V171P;Q173M;E180S;K182G;G184F;L189E;D198Y;G199F;Y200I;K202Y;K206R;H207P;V213G;R214G;L229I;G232T;N234I;I235R;R237L;F238A;T240L;L244G;Y248T;P251S;D253F;G257A;W258Y;G268D;Y269T;L270P;Q271P;T274N;K278Y;Y279I;G283T;T286A;C291S;L293S;S297T;E298K;K300T;C301F;I312F;T315F;R319S;P322V;S325F;I326R;R328I;I332F;C336N;F338E;G339V;F347V;R355Y;S359V;S366A;V367Y;A372S;T376V;C379S;K386F;N388V;D389Y;L390T;C391Y;N394I;A397R;S399V;V401G;G404E;V407Q;R408I;I410P;G413T;T415K;I418Y;A419P;Y421K;L425D;P426V;L441K;V445G;Y449S;L455R;R457P;S459F;P463D;E471P;I472P;Y473G;G485Y;F486Y;N487R;Q493P;N501Y;G504P;Q506A;P507L;L513P;F515L;A520G;V524S;N532V;V534T;N544L;T549Q;E554K;F559D;L560R;T573L;T581E;L582I;C590V;G593T;T602V;Q607S;A609V;V610G;D614G;P621Q;V622D;A626P;L629Y;T630N;Y636S;F643C;Q644R;T645E;R646G;G648E;C649I;L650T;H655Y;Y660G;C662A;D663Y;I666Y;P681V;I693T;G700E;A701P;N703A;V705Y;N710I;P715I;V722I;T723I;M731K;T732M;S735L;D737S;C738G;C749N;N751L;L752S;S758L;N764A;G769Q;I770V;V772D;Q779K;P793N;K795F;G799Q;N801I;F802Q;Q804S;L806K;P807S;P809Y;P812F;K814L;N824V;V826A;A829K;G832Q;I834Y;K835Y;C840L;G842R;I844L;R847I;L849K;G857V;L858P;P862L;P863L;L864D;M869Q;Y873G;A876T;T883G;F898R;M902L;R905G;F906Q;N907T;N914K;L916N;Y917I;N919A;K921I;A924S;F927N;N928L;G932Q;T941L;V952Q;N953A;Q957T;L959T;V963L;K964S;Q965S;S967F;S968E;N969K;F970A;G971I;S975I;N978K;D985V;I993P;D994I;R995T;Q1010E;A1015E;N1023A;L1024A;A1025R;K1028Q;E1031V;L1034R;V1040F;M1050A;P1053A;V1060L;L1063T;V1068K;E1072H;T1076G;P1079I;K1086P;A1087V;H1088V;F1089V;R1091T;E1092S;F1095N;W1102V;Q1106I;F1109E;P1112I;I1115T;T1117C;F1121T;G1124V;C1126G;G1131D;N1134P;Y1138P;K1149L;H1159A;T1160L;D1163V;V1164N;S1175I;V1176F;A1190L;E1195L;E1207I;Q1208K;W1212Y;I1216V;W1217I;F1220A;I1221G;L1224V;I1232L;L1234C;C1236Y;C1240G;C1247S;C1253D;C1254D;K1255V;D1259G;S1261G;G1267H,179.0,150.0,1.0,39.0,155.0,158.0
root_child_0_child_0_child_0_child_0_child_0_child_0_child_0_child_0|leaf,326,0.743912,326,0.743912,325,MZ477792.1,58,0.711443,322,322,56,-145.05218677078844,-2.590217620906936,,,-5.416275296989113,-1.0832550593978225,5,V445E;N501V;N481V;F490T;K458R,,0,D138Y;D614G;H655Y,3,D614G,1,N331C:-2.6574;I332V:-2.7347;F338V:-3.2348;T345Y:-2.0228;A348Y:-1.9181;S349R:-1.9652;V350A:-3.2598;W353S:-3.2987;R355N:-2.7435;I358N:-3.3629;S359C:-3.2644;A363L:-3.7553;Y365V:-3.4816;V367Y:-2.6067;N370T:-2.6435;S373A:-1.9861;K378G:-2.1692;C379Y:-4.2757;L390V:-3.7422;C391Y:-4.4373;F392S:-3.6929;T393D:-2.3590;V401G:-2.4730;I402G:-2.5120;I410P:-2.7430;N422F:-3.0747;P426D:-2.2753;D427C:-2.4535;I434N:-2.4944;N437D:-2.4091;S438L:-1.5900;V445E:-0.8044;N448S:-2.2166;Y449L:-1.5400;K458R:-1.2139;D467Y:-1.5799;G476V:-1.4574;C480A:-1.9600;N481V:-1.1660;N487V:-1.6156;C488S:-2.1537;Y489R:-1.3853;F490T:-1.1809;F497V:-2.4700;N501V:-1.0510;R509V:-2.2683;V512L:-3.8192;L513Q:-3.5109;E516H:-2.8405;H519P:-1.9232;P521K:-3.0410;V524G:-4.1764;C525S:-4.2948;P527S:-3.3537;S530N:-3.0123;T531C:-3.3802,Q23F;P25Y;Y28S;F43V;T51L;F59V;I68F;G75F;V83L;L84D;V90F;T95S;G103T;W104F;D111Q;V126C;I128L;K129F;D138Y;P139D;F140D;L141H;G142D;V143N;H146T;N148M;W152S;V159I;Y160V;N165F;Y170P;P174I;M177L;D178G;E180N;G184L;N185E;L189F;G199F;V213D;P225I;L226V;L229P;G232I;I235S;H245Q;R246G;L249P;P251S;G252S;S256A;W258A;T259A;A263Y;A264Q;G268L;Y279N;E281W;N282I;C291S;P295S;L296C;C301K;K310T;Q314S;F318I;Q321T;S325V;I326R;F329N;N331C;I332V;F338V;T345Y;A348Y;S349R;V350A;W353S;R355N;I358N;S359C;A363L;Y365V;V367Y;N370T;S373A;K378G;C379Y;L390V;C391Y;F392S;T393D;V401G;I402G;I410P;N422F;P426D;D427C;I434N;N437D;S438L;V445E;N448S;Y449L;K458R;D467Y;G476V;C480A;N481V;N487V;C488S;Y489R;F490T;F497V;N501V;R509V;V512L;L513Q;E516H;H519P;P521K;V524G;C525S;P527S;S530N;T531C;V534K;C538V;V551T;F559I;Q563F;G566D;I569P;T572R;D574P;R577L;D586S;S591V;G601V;N603Q;N606Q;Y612G;Q613V;D614G;C617V;T618E;A623H;H625P;L629T;T630V;P631Y;W633Y;V635N;T645I;A647G;G648A;C649I;H655Y;N657S;E661D;D663P;I664S;G667S;A668S;Y674K;Q675P;R682A;A684I;V687S;S691I;M697E;S704A;N709I;A713F;I714T;V722P;P728T;C738M;T739G;M740I;I742S;C743N;D745E;L753S;Y756Q;L763K;N764A;E773A;T778E;A783V;K786P;Q787F;Y789D;K790P;T791F;I794D;N801Q;P807K;P812I;K814S;R815I;E819K;L821V;L822D;N824F;R847A;I850F;A852F;L858T;T866E;D867Q;L878T;T883G;W886G;F888A;G889A;A890S;G891A;L894A;I896Q;P897M;A899Y;R905N;N907L;G908Q;Q913V;N914Q;V915N;N919K;L922F;A924Q;A930D;G932L;Q935S;A942K;L948V;A958K;V963Q;F970L;I973S;S975L;V976L;N978I;I980S;E988I;E990L;R995G;L996D;T998L;G999R;Q1005Y;T1009Q;I1013R;A1015S;I1018A;R1019A;S1021N;L1024A;A1026K;M1029L;S1030V;L1034S;S1037V;F1042L;Y1047P;M1050A;P1053A;Q1054A;V1060F;Q1071N;E1072A;K1073F;C1082P;E1092F;V1094S;F1095S;N1098F;H1101Y;T1105R;Q1106P;I1114V;N1119F;T1120S;F1121C;S1123C;C1126I;D1127P;I1130N;G1131N;I1132N;N1134P;N1135V;V1137D;Y1138P;P1140Q;E1150S;D1163L;D1165N;L1166I;V1176I;V1177I;K1181E;E1188N;V1189E;A1190N;L1200K;E1202K;E1207W;W1214F;I1216F;G1219L;A1222V;L1224A;V1230I;M1233C;C1235T;C1236S;C1250K;C1253K;D1259L;G1267S;T1273S,230.0,245.0,221.0,161.0,155.0,200.0
root_child_1_child_1_child_1_child_1_child_1_child_1_child_1|leaf,327,0.743126,327,0.743126,326,MZ477792.1,49,0.756219,326,326,48,-108.61569524864103,-2.262826984346688,-1.4350399149338156,-1.4350399149338156,-5.703486193869665,-1.140697238773933,5,L455K;Q474G;K529V;S459E;I472Q,N501Y,1,D138Y;N501Y;D614G;H655Y;V1176F,5,D614G;N501Y,2,L335V:-1.9854;V341A:-3.0576;A344R:-1.7712;T345W:-1.9163;S349N:-1.8600;V350K:-2.7241;N354I:-1.5971;Y365L:-2.8881;F377C:-3.1146;G381T:-3.6343;P384K:-2.2877;C391T:-4.3715;T393S:-2.3504;V395S:-3.7400;G404Q:-2.1394;G413D:-1.9963;I418Y:-3.0351;N422L:-3.1081;L425D:-2.9019;D428T:-2.0746;A435D:-2.8872;W436S:-2.5340;D442G:-2.0529;Y449S:-1.7609;N450D:-1.3166;L455K:-1.0570;F456L:-1.4342;R457N:-1.9868;S459E:-1.2030;E465S:-1.8798;R466A:-1.4586;I468S:-1.4118;I472Q:-1.2159;Q474G:-1.0573;G476P:-1.3326;G485P:-1.4617;N487Y:-1.7183;Y489P:-1.7629;Y495P:-2.7644;F497P:-2.3790;N501Y:-1.4350;G504P:-1.9402;V511F:-3.2371;V512H:-3.2491;C525T:-4.2054;K529V:-1.1703;S530V:-2.9517;T531V:-3.1985,F2V;L18Y;R21S;P25A;Y37D;Y38K;T51L;Q52F;S60P;H69G;T73G;F79L;N87S;W104I;D111T;K113S;S116L;A123I;T124V;F133D;D138Y;F140D;E154Y;Y160T;N164C;C166F;P174M;D178N;G181F;G184F;N188E;K195H;N196G;I197G;F201Y;Y204T;T208F;P209L;I210D;D215S;P217G;Q218E;F220A;E224P;G232R;T236F;F238S;H245G;L249S;P251S;D253A;S256L;A263Q;A264V;Y265P;L276Y;G283D;T286A;D287V;A288C;C291S;L296E;L303S;K304G;F306V;T307Y;K310E;G311Y;I312Q;T315N;N317T;V320S;R328P;L335V;V341A;A344R;T345W;S349N;V350K;N354I;Y365L;F377C;G381T;P384K;C391T;T393S;V395S;G404Q;G413D;I418Y;N422L;L425D;D428T;A435D;W436S;D442G;Y449S;N450D;L455K;F456L;R457N;S459E;E465S;R466A;I468S;I472Q;Q474G;G476P;G485P;N487Y;Y489P;Y495P;F497P;N501Y;G504P;V511F;V512H;C525T;K529V;S530V;T531V;V534N;K537V;C538F;N542G;T549Q;G550L;E554N;K557F;K558P;F559D;P561Q;F562I;Q563I;F565T;D568I;D574V;V576L;P579D;T581I;L582I;D586T;F592L;V595G;T602S;A609G;D614G;T618V;V620H;A623T;T630W;T645E;G648I;I651V;G652Y;H655Y;V656S;N657Y;Y660D;D663Q;A668T;Q677N;R683S;A688M;S689A;I692S;Y707N;N710I;V722L;E725P;P728T;M731S;K733I;T734M;M740I;C743N;T747L;L752G;L754F;Q755T;C760Q;T761L;N764L;R765T;L767G;G769A;E773V;V785K;P793D;D796N;G799N;Q804S;I805Y;L806K;K814A;L822D;T827L;A831D;I834Q;K835L;Y837D;G838D;C840A;L841A;G842A;D843L;A845L;I850A;C851G;A852F;G857T;L858P;T859D;V860L;M869Q;Y873S;T874A;L878S;T881A;F888G;A890L;A893F;Q895P;I896A;P897M;F898M;M902P;F906Q;L916N;E918I;N919L;A924Q;N928L;G932Q;I934S;D936S;S937A;G946L;A958L;V963L;F970A;G971I;N978K;Q992D;D994Q;R995I;T998S;G999L;S1003Y;Q1005Y;T1006R;Q1010R;I1018L;R1019L;L1024A;A1025S;E1031L;V1033Q;K1038Q;V1040G;G1046S;H1048Q;L1049F;M1050S;P1053A;A1056N;G1059Q;V1061T;H1064P;I1081D;H1083G;G1085A;E1092S;G1093N;S1097H;N1108Q;F1109P;P1112V;I1114C;I1115N;V1122I;G1124A;N1125V;C1126D;D1127V;G1131V;I1132V;N1134P;V1137D;D1139Q;L1141P;P1143S;S1147E;K1149L;D1153Y;V1164L;I1169S;G1171A;S1175I;V1176F;I1183V;D1184V;E1188L;V1189T;N1192I;E1195I;I1198L;E1207I;L1218F;F1220A;L1224A;V1228I;M1233T;C1236Y;S1242K;L1244G;C1248S;C1250F;S1252E;C1253K;C1254D;D1259L;K1266H;G1267L;V1268H;K1269H,42.0,36.0,1.0,215.0,167.0,62.0
root_child_1_child_1_child_0_child_0_child_1_child_0_child_0|leaf,327,0.743126,327,0.743126,326,MZ477792.1,49,0.756219,323,323,48,-113.11153997045743,-2.356490416051196,-1.4350399149338156,-1.4350399149338156,-3.266554889716576,-1.0888516299055253,3,T470K;F490Y;I472Q,N501Y,1,D138Y;N501Y;H655Y,3,N501Y,1,L335V:-1.9854;V341Q:-2.7720;N343V:-2.0860;T345W:-1.9163;A348W:-1.9566;K356C:-1.8656;A363N:-3.6745;D364Y:-2.7447;L368N:-2.8684;F377N:-2.9033;T385K:-2.1303;C391N:-4.1519;T393D:-2.3590;V395S:-3.7400;V401N:-2.2797;I402V:-2.0698;D405A:-1.5484;V407Q:-2.4021;R408I:-1.6834;Q409A:-2.7239;A411T:-3.1181;G413T:-2.5829;Q414K:-1.9868;I418D:-2.5883;N422L:-3.1081;Y423L:-3.4325;L425D:-2.9019;T430M:-2.3526;V433Y:-3.4118;Y449S:-1.7609;R457N:-1.9868;F464T:-2.2843;I468Q:-1.4135;T470K:-0.9104;I472Q:-1.2159;Y473Q:-1.3706;N481Q:-1.6016;V483F:-1.6538;N487Y:-1.7183;C488P:-2.1965;F490Y:-1.1402;T500Q:-1.6727;N501Y:-1.4350;G504P:-1.9402;V511L:-3.5944;V512S:-3.5688;F515V:-3.4093;S530L:-2.8938,V3G;R21S;T22N;L24A;P25Y;F32C;L48Q;S50D;T51L;F65I;H66S;T73R;K77I;L84N;N87S;I101F;W104I;G107T;K113S;N122V;Q134N;C136T;D138Y;F140K;W152V;E156G;S162N;L176D;G181Q;G184F;N196D;I197G;Y200K;F201I;H207V;I210V;V213P;G219S;F220D;A222L;L223P;E224F;P225G;P230G;I235S;T236F;T250L;P251S;A263F;T274N;L276Y;Y279D;N280I;T286A;A288L;V289L;C291L;A292S;D294S;P295S;K300L;K310S;Q321I;R328T;L335V;V341Q;N343V;T345W;A348W;K356C;A363N;D364Y;L368N;F377N;T385K;C391N;T393D;V395S;V401N;I402V;D405A;V407Q;R408I;Q409A;A411T;G413T;Q414K;I418D;N422L;Y423L;L425D;T430M;V433Y;Y449S;R457N;F464T;I468Q;T470K;I472Q;Y473Q;N481Q;V483F;N487Y;C488P;F490Y;T500Q;N501Y;G504P;V511L;V512S;F515V;S530L;V534K;K537N;N542G;F543G;T549Q;L552K;T553S;K558F;F559D;L560F;F562Q;R567I;D574V;D578H;P579E;L582T;E583L;L585I;D586T;P589G;C590F;I598P;S605L;Q613E;D614Y;N616E;C617E;V622Q;P631G;W633G;R634N;Y636V;G639A;T645E;A647L;G648I;A653S;E654N;H655Y;D663Q;I664A;I666A;C671Q;T678V;A688M;S691I;Y695S;A701S;E702S;A706S;Y707I;N710I;P715S;F718S;S721I;T724S;E725M;M731T;T739G;G744S;D745T;T747L;N751F;L752Y;L753Y;L754F;F759R;T761N;E773V;Q774T;K776Q;K786N;K795F;F797N;F802S;Q804S;I805P;D808S;K811F;R815T;D820L;D830I;G832I;G838L;G842A;D843L;R847T;D848C;L849A;I850A;Q853T;L858P;V860D;P863T;L864T;M869Q;Y873S;G880S;T883G;S884G;W886I;F888G;A890L;A892F;Q895P;I896A;P897A;M900Q;M902P;F906Q;I909V;T912Q;V915N;L916Q;Q920I;N925K;N928I;A930G;I934D;T941S;A942D;S943L;L945K;L948V;Q949V;L962S;V963F;F970A;V976N;L977R;N978R;D979L;V987I;E990A;Q992D;I993R;R995G;S1003T;Q1005I;Q1011A;I1018S;L1024A;A1025S;E1031V;K1038D;K1045L;G1046H;H1048S;M1050A;P1053A;S1055H;H1058T;G1059V;V1060S;V1061S;H1064P;V1068F;A1070E;A1078D;A1087V;E1092N;V1094S;N1098Q;H1101F;T1105R;N1108Y;F1109I;I1115G;S1123V;C1126G;D1127V;G1131N;N1134P;N1135P;P1140D;D1146Y;K1149L;E1150Y;E1151H;Y1155F;F1156N;P1162V;V1164L;S1175I;V1176I;N1178D;K1181A;I1183R;N1187K;N1194L;S1196R;L1197I;I1198D;Q1201E;E1207I;L1218F;F1220A;V1228I;T1231L;C1235L;C1236Y;T1238L;G1246C;C1247S;S1249D;C1253K;E1262G;P1263Q;K1266H;V1268H;K1269H,66.0,124.0,1.0,172.0,167.0,62.0
root_child_1_child_1_child_1_child_1_child_1_child_0_child_0|leaf,327,0.743126,327,0.743126,326,MZ477792.1,52,0.741294,326,326,51,-117.6682297346757,-2.3072201908759937,-1.4350399149338156,-1.4350399149338156,-5.703486193869665,-1.140697238773933,5,L455K;Q474G;K529V;S459E;I472Q,N501Y,1,D138Y;N501Y;D614G;H655Y;V1176F,5,D614G;N501Y,2,L335V:-1.9854;V341A:-3.0576;A344R:-1.7712;T345N:-1.7277;F347H:-2.3599;S349N:-1.8600;V350Y:-3.1958;Y351S:-2.7704;N354I:-1.5971;Y365L:-2.8881;L368S:-2.9690;F377C:-3.1146;C391T:-4.3715;T393S:-2.3504;V395S:-3.7400;G404Q:-2.1394;R408I:-1.6834;G413D:-1.9963;I418Y:-3.0351;N422L:-3.1081;L425D:-2.9019;D428T:-2.0746;C432A:-4.2640;A435S:-2.7871;W436S:-2.5340;S443V:-1.3660;Y449S:-1.7609;L455K:-1.0570;F456P:-1.4426;R457N:-1.9868;S459E:-1.2030;P463E:-2.4290;R466A:-1.4586;I468S:-1.4118;I472Q:-1.2159;Q474G:-1.0573;G476P:-1.3326;G485P:-1.4617;N487Y:-1.7183;Y495P:-2.7644;F497P:-2.3790;N501Y:-1.4350;G504P:-1.9402;Q506Y:-2.1203;Y508P:-2.7633;R509V:-2.2683;V511F:-3.2371;V512H:-3.2491;C525T:-4.2054;K529V:-1.1703;S530V:-2.9517,F2V;L18Y;R21S;P25A;T29I;Y37D;T51L;Q52F;W64R;F65T;V70T;T73G;F79L;N87S;N99F;W104T;D111T;K113S;A123I;T124N;F133D;Q134N;N137P;D138Y;F140D;L141V;H146W;K150G;N164C;C166F;E169V;G181F;G184K;N188E;K195H;N196G;I197G;F201Y;Y204T;P209L;I210D;N211R;D215Q;P217G;Q218E;F220A;E224P;G232R;I235S;T236F;F238S;H245P;L249S;T250W;P251S;D253A;S256L;G257A;A263Q;Y265P;G268T;F275N;L276Y;T286A;D287V;A288C;C291T;L303S;F306I;T307Y;K310E;G311Y;T315N;V320S;R328P;L335V;V341A;A344R;T345N;F347H;S349N;V350Y;Y351S;N354I;Y365L;L368S;F377C;C391T;T393S;V395S;G404Q;R408I;G413D;I418Y;N422L;L425D;D428T;C432A;A435S;W436S;S443V;Y449S;L455K;F456P;R457N;S459E;P463E;R466A;I468S;I472Q;Q474G;G476P;G485P;N487Y;Y495P;F497P;N501Y;G504P;Q506Y;Y508P;R509V;V511F;V512H;C525T;K529V;S530V;V534N;K537V;C538F;T549Q;G550L;E554F;K557F;K558P;F559D;F562I;Q563I;F565T;D568I;D574V;V576L;P579D;L582I;D586T;F592L;V595G;T602S;A609G;D614G;T618V;A623T;T645E;G648I;I651V;G652Y;H655Y;Y660D;D663Q;A668T;A672T;Q677N;R683S;A688M;S689A;I692L;A701S;S704N;Y707N;V722L;E725P;P728T;M731S;T734M;M740I;C743N;T747L;L752G;L754F;C760T;T761L;Q762L;N764L;R765T;L767G;E773V;Q784V;V785K;P793D;D796N;G799N;Q804S;I805Y;P812F;K814A;I818L;L822D;T827G;A831F;K835L;Y837D;G838D;C840A;L841A;G842A;D843L;A845L;L849C;C851G;G857T;L858P;T859D;V860L;L861P;M869Q;Y873S;L877S;L878S;S884T;F888G;A890L;Q895P;I896A;M902P;F906Q;G910A;Q913L;L916Q;E918I;A924Q;N925Q;N928L;G932Q;I934S;S937A;G946L;V952Q;A958L;N960L;V963F;F970A;G971I;N978K;Q992D;R995I;T998S;G999Q;S1003Y;Q1005Y;T1006R;Q1010R;I1018L;N1023A;L1024A;A1025S;K1038Q;V1040C;K1045L;G1046S;H1048Q;M1050S;F1052A;P1053A;A1056N;G1059Q;V1061T;F1075C;I1081D;H1083G;E1092S;G1093N;F1103K;N1108Q;F1109P;P1112V;I1114C;I1115N;V1122I;G1124D;N1125V;C1126I;D1127V;G1131V;I1132V;N1134P;V1137D;D1139Q;P1140D;L1141P;P1143F;S1147E;K1149L;F1156N;P1162V;V1164L;I1169S;S1175I;V1176F;E1188K;V1189T;N1192I;E1195I;E1202G;E1207I;L1218F;F1220A;A1222I;L1224A;V1228I;V1230I;M1233T;C1236Y;S1242K;L1244G;C1248S;C1250F;S1252E;C1253K;C1254D;K1255D;F1256K;D1259L;L1265V;K1266Y;G1267L;V1268H;K1269H,94.0,70.0,1.0,215.0,167.0,99.0
root_child_0_child_0_child_0_child_1_child_1_child_0_child_0_child_0_child_0_child_0_child_0|leaf,327,0.743126,327,0.743126,326,MZ477792.1,52,0.741294,327,327,51,-119.72394150039612,-2.34752826471365,-1.4350399149338156,-1.4350399149338156,-2.17103468110966,-1.08551734055483,2,V445N;S443K,N501Y,1,L18F;D138Y;N501Y;D614G;H655Y,5,D614G;N501Y,2,N331C:-2.6574;I332N:-2.6228;T333L:-1.9641;N334E:-1.9905;G339F:-2.0765;N343V:-2.0860;T345Y:-2.0228;S349R:-1.9652;R355I:-2.5772;A363L:-3.7553;D364Y:-2.7447;V367N:-2.4510;Y369L:-2.4628;N370T:-2.6435;F374C:-2.8283;K378S:-1.9727;V382N:-3.5462;S383D:-2.6849;P384K:-2.2877;T385L:-2.5021;C391G:-4.1320;S399Q:-2.6785;I402G:-2.5120;E406Q:-1.9887;V407Q:-2.4021;T415Y:-2.5832;G416C:-2.9056;I418D:-2.5883;Y421K:-2.1591;P426D:-2.2753;V433K:-2.9060;W436L:-2.7359;N437S:-2.2393;S443K:-1.1832;V445N:-0.9878;N448R:-2.0016;N450Y:-1.3610;S459L:-1.5423;E465Y:-1.8043;Y473I:-1.4722;C480F:-1.6586;G485P:-1.4617;N487R:-1.6056;C488F:-1.9176;L492F:-2.2180;N501Y:-1.4350;G504L:-2.0164;L518A:-2.7709;P521T:-3.3523;V524S:-3.9754;S530N:-3.0123,L5F;L18F;Y28S;S31R;F43V;L48Q;F55G;L56I;P57S;F58V;F59V;V62F;F65I;A67V;I68T;V70I;T76K;P82L;L84D;W104F;G107L;V120E;V127Q;C136L;D138Y;F140H;L141H;V143M;V159N;Y160V;S161A;Y170S;P174E;F175M;M177E;Q183F;E191I;V193K;S205T;K206I;H207L;T208I;I210L;L226V;G232I;N234Q;I235Q;T236L;F238L;A243H;P251S;G252S;D253A;S256A;W258A;T259A;A263G;A264F;L270P;R273K;D287L;A288L;C291A;P295S;L296E;S297L;E298C;L303S;S305T;F306G;E309I;K310F;R319S;E324N;F329N;N331C;I332N;T333L;N334E;G339F;N343V;T345Y;S349R;R355I;A363L;D364Y;V367N;Y369L;N370T;F374C;K378S;V382N;S383D;P384K;T385L;C391G;S399Q;I402G;E406Q;V407Q;T415Y;G416C;I418D;Y421K;P426D;V433K;W436L;N437S;S443K;V445N;N448R;N450Y;S459L;E465Y;Y473I;C480F;G485P;N487R;C488F;L492F;N501Y;G504L;L518A;P521T;V524S;S530N;V539F;L546V;V551E;L552S;T553S;F559I;Q563R;Q564A;F565D;D568A;I569L;D571T;D574P;R577L;L585C;D586S;T588G;P589V;G594P;V597N;P600S;G601V;S605Q;A609G;L611E;Q613V;D614G;H625D;A626Q;L629T;Q644A;C649L;A653N;H655Y;V656N;I666S;A668S;G669Q;A672T;R682I;Y695A;M697N;N703L;A706S;N709I;V722D;T723E;T724L;V729S;K733V;V736G;C738S;M740I;G744S;D745E;T747I;N751G;L753S;Q755S;Y756S;C760R;T761A;Q762L;N764A;R765A;E773F;D775N;K776Q;Y789T;T791F;I794D;K795F;G798I;G799Q;N801Q;P807S;N824T;V826T;L828K;A829T;Y837D;A846L;L849F;A852G;K854N;L858P;P862D;P863L;T866E;D867Q;M869T;Y873L;L877G;L878T;A879T;T883G;F888V;G889A;A890F;A892L;Q895A;R905N;F906V;Q913N;N914Q;L922D;I923N;Q926N;F927Q;S929I;I931K;G932D;A942K;N953L;Q957N;A958H;I973S;V976Q;I980R;V987I;E988R;R995I;L996G;T998L;G999S;R1000S;Q1005T;T1006L;V1008A;T1009Q;Q1010A;A1022S;L1024A;A1026K;T1027P;S1030G;S1037G;K1038G;K1045M;G1046S;H1048S;L1049H;P1053S;H1064P;A1070T;Q1071T;T1076H;H1083F;P1090N;E1092N;V1094F;F1095N;V1096N;T1105R;Q1106P;N1108Y;I1115T;T1116D;T1120N;C1126D;D1127G;I1130V;G1131N;N1134P;N1135P;D1139L;P1140Q;L1145S;S1147Y;E1150H;Y1155K;H1159G;P1162V;D1165V;G1167I;G1171A;V1176I;V1177K;L1186V;V1189N;L1193S;I1198K;E1207D;Y1209K;W1217G;L1218F;A1222V;I1227V;V1230C;C1235M;T1238C;S1239C;L1244C;G1251C;C1253K;K1255E;F1256E;S1261G;K1266V;G1267L;L1270Y,111.0,116.0,1.0,166.0,167.0,99.0
root_child_0_child_0_child_1_child_0_child_1_child_1_child_0_child_1_child_0_child_1|leaf,327,0.743126,327,0.743126,326,MZ477792.1,57,0.716418,322,322,57,-123.74707817483413,-2.171001371488318,-1.4350399149338156,-1.4350399149338156,-8.399838514842518,-1.0499798143553147,8,R346T;E484G;G476K;G447R;G485N;T478F;Q498T;K458R,N501Y,1,N501Y;D614G,2,D614G;N501Y,2,N334F:-2.2519;E340F:-1.5435;F342N:-2.7584;T345Y:-2.0228;R346T:-0.7574;A348R:-1.2580;S349A:-2.3878;D364S:-2.9044;Y365L:-2.8881;V367P:-2.6075;L368F:-2.4135;N370T:-2.6435;Y380S:-3.1557;S383T:-3.3231;C391Y:-4.4373;Y396S:-2.9446;A397E:-3.0999;F400V:-3.5836;R403S:-1.3740;D405G:-1.3426;E406G:-1.7062;R408T:-1.8521;Q409A:-2.7239;Q414A:-2.1073;A419G:-3.1317;D420L:-1.5687;N422F:-3.0747;D427C:-2.4535;C432A:-4.2640;G446Y:-1.4345;G447R:-1.1059;N448Q:-2.3560;Y449L:-1.5400;F456P:-1.4426;K458R:-1.2139;N460P:-1.4502;F464E:-1.9340;I468E:-1.2971;I472Y:-1.3320;Y473G:-1.6051;A475V:-1.2582;G476K:-0.9661;T478F:-1.1420;C480F:-1.6586;E484G:-0.8916;G485N:-1.1326;L492S:-1.7157;Q498T:-1.1903;T500V:-1.4177;N501Y:-1.4350;G502P:-1.3416;G504P:-1.9402;V512A:-3.3615;L517T:-3.4471;P521V:-3.6426;V524G:-4.1764;C525K:-3.7391,L24S;R34G;D40F;Q52F;L56F;T63A;H66A;V70I;G72K;T76I;D80A;P82L;L84G;D88Y;W104F;I105T;F106T;I119V;C136D;D138L;L141H;G142D;Y145K;K150M;M153Y;S155G;R158N;P174G;M177D;D178E;Q183R;K202H;I203L;Y204K;I210D;R214D;G219V;D228P;G232A;N234I;I235S;L241Y;H245S;Y248D;L249S;G252S;S255T;S256W;G257A;W258L;T259A;A260Y;V267Y;L276Y;K278N;E281G;C291S;P295S;E298K;T299C;K300L;C301T;K304F;V308G;Y313V;R319P;P322E;T323I;S325V;V327P;N334F;E340F;F342N;T345Y;R346T;A348R;S349A;D364S;Y365L;V367P;L368F;N370T;Y380S;S383T;C391Y;Y396S;A397E;F400V;R403S;D405G;E406G;R408T;Q409A;Q414A;A419G;D420L;N422F;D427C;C432A;G446Y;G447R;N448Q;Y449L;F456P;K458R;N460P;F464E;I468E;I472Y;Y473G;A475V;G476K;T478F;C480F;E484G;G485N;L492S;Q498T;T500V;N501Y;G502P;G504P;V512A;L517T;P521V;V524G;C525K;C538F;F541N;T549F;V551N;F559C;Q563V;I569L;D574P;R577L;D586S;G594M;T599S;G601T;A609L;Y612Q;D614G;N616V;V620I;A623C;T632S;V635F;R646G;G648I;I651E;G652N;V656S;A668G;Q675S;N679R;R685I;Y695S;V705S;Y707N;N709I;I712S;P715G;F718T;V722P;T724L;T732S;T734P;S735C;C738T;M740I;D745E;S746E;S750Q;N751L;L752G;L753S;T761L;Q762L;N764D;A766Q;I770D;V772K;T778I;Q779V;Q784I;Q787C;Y789S;T791F;P792A;I794D;N801Q;P807K;S813F;F817E;N824A;T827G;L828A;D830F;I844A;A846C;Q853S;F855G;L858P;P863T;T866S;D867Q;Y873A;L878T;T883F;W886G;G891A;L894I;A903F;F906N;I909Q;G910L;T912N;N914Q;A930S;S937F;T941S;A942K;N953A;Q954L;V963S;I973S;N978K;D979F;I980D;K986I;E990D;Q992D;D994Q;R995T;L996D;L1004V;L1012E;A1022L;L1024A;A1026G;M1029G;C1032I;V1033R;G1035D;V1040Y;C1043H;G1046S;H1048Q;P1053H;H1058F;F1062H;V1068N;Q1071A;T1076C;C1082K;G1085I;K1086V;F1089V;E1092F;V1094F;F1095S;S1097T;W1102Y;T1105Y;Q1106F;R1107Y;N1108Y;E1111P;I1115V;T1117N;T1120N;I1130V;G1131N;N1134V;Y1138L;D1139L;P1140Q;L1141P;E1144D;D1146F;F1148D;D1153N;Y1155Q;K1157D;H1159V;T1160P;D1165S;L1166S;G1167I;G1171V;S1175N;V1176I;V1177Q;N1178K;I1179D;V1189N;K1191T;N1192L;N1194S;I1198Q;Y1206H;Q1208G;I1210L;Y1215F;W1217F;G1219I;A1226I;I1227V;M1229I;V1230I;C1236T;M1237C;S1239C;C1250E;G1251D;S1252D;C1253K;S1261V;E1262L;P1263H;K1269M,149.0,2.0,1.0,116.0,167.0,189.0
root_child_1_child_0_child_0_child_1_child_0_child_1_child_0_child_1|leaf,327,0.743126,327,0.743126,326,MZ477792.1,59,0.706468,323,323,58,-129.1546610976107,-2.226804501682943,-1.4350399149338156,-1.4350399149338156,-5.221368601813559,-1.0442737203627117,5,L455R;R346A;Q498Y;E471Q;E465G,N501Y,1,N501Y;D614G;H655Y;V1176F,4,D614G;N501Y,2,N331T:-2.4198;N334V:-1.9926;C336G:-4.1551;P337D:-2.0684;G339I:-2.0586;N343R:-1.9782;A344I:-1.7874;R346A:-0.9806;F347L:-2.9197;A348R:-1.2580;S349N:-1.8600;I358Y:-3.5910;S359V:-3.1119;S371F:-1.9489;K378S:-1.9727;Y380K:-2.8656;K386F:-3.0381;N388F:-2.6581;L390N:-3.1724;N394F:-2.5655;V395D:-3.3706;S399D:-2.3761;D405Q:-1.8821;R408I:-1.6834;Q409S:-2.5938;G413Y:-2.6433;I418D:-2.5883;A419L:-3.0512;D420Y:-2.0724;N422D:-3.1461;Y423F:-3.4819;L425D:-2.9019;D427C:-2.4535;D428I:-2.2590;T430W:-2.7877;W436L:-2.7359;L441S:-1.3553;L455R:-0.7754;F456L:-1.4342;R457E:-1.4052;P463E:-2.4290;E465G:-1.1943;D467Q:-1.7687;I468T:-1.4779;E471Q:-1.1641;G476Y:-1.3284;P479C:-1.6677;V483F:-1.6538;N487L:-1.6381;Y495F:-2.3210;F497G:-2.6886;Q498Y:-1.1069;N501Y:-1.4350;G504P:-1.9402;Y508S:-2.6816;H519A:-1.8343;V524G:-4.1764;K529N:-1.2485,T19F;R21S;A27N;T33V;L48T;T51L;K77F;P85N;D88A;F92K;N99W;R102I;G103T;W104G;K113S;A123Q;L141V;W152F;M153V;E156G;Y160F;E180Q;Q183L;G184F;N185E;L189F;F201I;H207V;V213G;F220L;L229I;P230N;H245T;G257A;T259Y;V267G;Q271F;R273Y;T274N;L276Y;L277N;K278G;Y279V;E281I;T286A;C291S;S297T;T302V;T315A;Q321I;E324P;N331T;N334V;C336G;P337D;G339I;N343R;A344I;R346A;F347L;A348R;S349N;I358Y;S359V;S371F;K378S;Y380K;K386F;N388F;L390N;N394F;V395D;S399D;D405Q;R408I;Q409S;G413Y;I418D;A419L;D420Y;N422D;Y423F;L425D;D427C;D428I;T430W;W436L;L441S;L455R;F456L;R457E;P463E;E465G;D467Q;I468T;E471Q;G476Y;P479C;V483F;N487L;Y495F;F497G;Q498Y;N501Y;G504P;Y508S;H519A;V524G;K529N;V534G;N536V;F541K;T547L;T549Q;N556F;K558L;F559D;Q564I;F565R;D568T;V576Q;Q580I;T581L;L582I;I584H;V595G;V597G;T599V;P600T;T602Q;N603A;V610Y;D614G;V615C;C617H;T618E;I624A;A626V;L629P;Q644C;T645E;R646I;G648I;A653V;H655Y;N657E;Y660D;E661D;C662I;D663A;G669I;C671Q;Q677T;R683V;A684Q;V687Y;A688Q;S689I;I693G;T696A;L699V;A706S;N710I;S711I;I714N;E725P;I726T;M731T;T739I;C749L;L753G;L754F;G757S;S758Q;C760R;T761N;N764A;T768F;A771E;E773D;T778V;Q779K;V781Q;K786T;P793I;D796G;F802Q;Q804S;D808S;K811S;P812D;R815L;L822K;N824I;V826A;T827F;D830F;G838C;C840L;L841I;G842A;I844A;D848A;C851A;G857T;T859L;L864T;M869Q;T874G;T883G;W886A;A893F;A899Y;M902G;Y904Q;R905G;F906Q;N907V;V911N;V915K;Y917Q;N919A;Q926N;G932Q;K933Q;S943V;K947V;N953T;L959T;N960L;V963F;S967F;S968F;N969G;F970A;G971I;I973D;S974V;S975I;V976N;N978K;V987A;E988I;D994I;R995T;L996T;R1000Q;Y1007L;E1017N;I1018L;A1020K;S1021N;L1024A;A1025T;M1029V;E1031V;G1035V;S1037V;V1040P;F1042Y;L1049T;M1050A;P1053A;F1062H;Y1067A;P1069Q;Q1071K;N1074I;A1078R;C1082H;E1092S;V1096T;H1101N;T1105N;Q1113V;T1117C;N1119G;T1120I;N1125D;C1126G;D1127V;G1131D;I1132Y;V1133N;N1134D;T1136E;D1139S;P1143D;L1145F;S1147D;K1149N;F1156N;H1159V;V1164N;D1165S;G1167I;S1170I;N1173K;S1175I;V1176F;V1177I;N1178I;Q1180E;I1183L;V1189K;N1194G;I1198Q;L1200Y;E1207I;W1212I;F1220A;I1221A;I1227C;M1233T;C1236Y;C1240S;L1244C;S1249K;C1253K;D1260K;P1263K;L1265H;H1271T,182.0,16.0,1.0,107.0,167.0,208.0
root_child_1_child_1_child_0_child_0_child_0_child_0_child_1_child_0|leaf,327,0.743126,327,0.743126,326,MZ477792.1,56,0.721393,325,325,55,-135.65497800568448,-2.4664541455578997,-1.4350399149338156,-1.4350399149338156,-3.416442399368125,-1.1388141331227084,3,E340K;G504E;I472Q,N501Y,1,D138Y;N501Y;H655Y;V1176F,4,N501Y,1,L335V:-1.9854;E340K:-1.0697;V341K:-2.5256;N343A:-1.9376;T345Y:-2.0228;F347V:-2.4887;V350R:-2.5590;W353I:-3.3421;N354V:-1.5952;K356R:-2.0483;R357H:-2.2354;C361S:-4.0687;A363N:-3.6745;D364S:-2.9044;L368N:-2.8684;G381L:-3.6288;K386D:-3.1081;N388V:-2.8414;L390A:-3.6562;C391T:-4.3715;V395S:-3.7400;S399I:-2.3064;V401N:-2.2797;R403A:-1.3613;R408I:-1.6834;I410P:-2.7430;G413D:-1.9963;A419Y:-3.1459;Y421L:-2.4822;N422L:-3.1081;L425D:-2.9019;C432N:-4.1202;I434K:-2.2232;N440D:-1.3369;G446Y:-1.4345;Y449S:-1.7609;R457N:-1.9868;F464G:-2.0747;I472Q:-1.2159;A475C:-1.5548;N481Q:-1.6016;G485F:-1.4615;N487Y:-1.7183;C488Y:-2.1144;T500G:-1.6884;N501Y:-1.4350;G504E:-1.1308;Y505P:-2.0928;V510F:-3.5959;V512S:-3.5688;A520C:-3.7635;P521C:-3.7908;K528S:-3.1179;K529T:-1.2935;S530L:-2.8938,F4T;T22N;A27N;Y28S;R34Y;G35V;L48Q;T51L;T63Q;N74T;K77F;R78N;N81F;L84V;N87S;S94K;G103I;W104G;G107T;L110K;K113S;I119N;N122V;C136T;D138Y;Y145N;T167Y;P174L;M177E;G181Q;G184F;F186L;N188F;R190V;I197G;D198S;F201Y;S205I;H207P;I210V;R214L;F220L;E224F;L226V;D228I;P230T;I235S;T236F;F238N;H245Y;P251S;S254A;S256F;W258G;A264E;V267L;Q271T;T274N;L276Y;K278Y;T286A;A288C;C291S;D294S;P295S;C301R;K310S;Q314S;P322V;E324R;S325P;R328T;P330I;L335V;E340K;V341K;N343A;T345Y;F347V;V350R;W353I;N354V;K356R;R357H;C361S;A363N;D364S;L368N;G381L;K386D;N388V;L390A;C391T;V395S;S399I;V401N;R403A;R408I;I410P;G413D;A419Y;Y421L;N422L;L425D;C432N;I434K;N440D;G446Y;Y449S;R457N;F464G;I472Q;A475C;N481Q;G485F;N487Y;C488Y;T500G;N501Y;G504E;Y505P;V510F;V512S;A520C;P521C;K528S;K529T;S530L;N532V;V534K;N536E;F543L;G545T;T549Q;L552K;F559D;L560F;R567I;D574V;A575T;L582I;L585T;D586T;V595G;S596I;I598G;P600S;S605V;N606V;A609V;Y612V;D614Y;V615A;V620H;A623H;H625C;A626L;N641T;F643T;T645E;R646A;A647L;G648I;A653N;H655Y;V656N;N657D;D663Q;N679R;A688I;S691I;I692N;G700E;E702S;S704V;Y707I;N710I;S711Q;I712P;P715T;V722D;T724S;G744T;D745S;L754F;F759Q;T761N;N764A;E773Q;Q779V;E780F;Q784G;P793K;F797G;N801I;F802S;Q804S;I805P;P807S;D808S;R815T;L822T;Y837D;D839L;C840G;G842A;D843L;K854P;G857P;L858P;V860P;P863T;L864T;M869Q;I870Q;Q872L;Y873S;L877P;A879L;T883G;S884G;F888G;A890L;A892F;Q895P;I896A;Q901A;M902P;Y904Q;F906I;G908T;I909Y;L916Q;F927G;N928L;S929A;A930Q;G932I;D950A;N955Q;A956T;N960Q;L962Q;L966F;S967F;F970A;G971I;A972S;V976N;N978K;D979T;I980D;A989V;V991I;Q992D;Y1007I;Q1011I;R1014S;E1017S;I1018A;N1023M;L1024A;A1025S;K1028L;M1029E;S1030E;V1033G;G1035D;G1044F;G1046H;H1048S;M1050A;P1053A;P1057V;G1059P;V1061Y;V1068N;K1073D;A1080G;C1082D;D1084F;A1087V;E1092S;N1098T;G1099T;T1100F;H1101F;F1103T;Q1106P;I1114N;D1118T;V1122D;C1126G;D1127G;V1128G;G1131V;N1134P;D1139L;E1144K;S1147K;K1149L;V1164L;S1175Q;V1176F;V1177N;N1194D;L1197D;G1204Y;E1207Y;Y1209K;K1211P;L1218F;F1220A;A1226M;V1228I;M1229L;L1234C;C1236Y;S1239R;S1249G;C1253K;S1261G;P1263L;V1268M;Y1272H,206.0,209.0,1.0,213.0,167.0,176.0
root_child_0_child_0_child_0_child_0_child_0_child_1_child_1_child_0|leaf,327,0.743126,327,0.743126,326,MZ477792.1,60,0.701493,323,323,58,-145.17307438736626,-2.502984041161488,,,-7.277915693857825,-1.0397022419796893,7,F490R;G446D;N501V;F486P;N481V;Y449R;K458R,,0,D138Y;D614G;H655Y,3,D614G,1,N331C:-2.6574;I332L:-2.4919;L335F:-2.4471;T345Y:-2.0228;S349R:-1.9652;V350A:-3.2598;A352N:-1.7645;W353S:-3.2987;N354K:-1.4390;R357S:-1.8611;A363S:-3.7040;D364A:-2.8198;V367Y:-2.6067;N370T:-2.6435;K378G:-2.1692;C379Y:-4.2757;P384L:-2.7961;N388L:-2.8338;L390V:-3.7422;C391Y:-4.4373;F392D:-3.2892;T393D:-2.3590;A397S:-3.4311;F400H:-3.0949;I402G:-2.5120;V407I:-2.8289;K424T:-2.3054;L425P:-3.3719;P426D:-2.2753;D427C:-2.4535;S438L:-1.5900;G446D:-0.9560;N448S:-2.2166;Y449R:-1.1701;K458R:-1.2139;F464I:-2.2140;S469I:-1.7468;G476V:-1.4574;C480V:-1.5840;N481V:-1.1660;V483F:-1.6538;G485L:-1.4369;F486P:-1.0529;N487F:-1.4264;C488S:-2.1537;F490R:-0.6679;N501V:-1.0510;R509V:-2.2683;V512L:-3.8192;F515A:-3.7050;E516H:-2.8405;H519P:-1.9232;P521G:-3.6874;V524G:-4.1764;C525S:-4.2948;G526V:-3.8998;P527L:-3.2639;T531C:-3.3802,Y28S;F43S;S45L;H49Q;L56I;T63G;G75F;R78V;V83L;L84D;N87G;Y91D;F92E;A93S;K97N;W104F;S116T;N121A;C131F;D138Y;P139Y;F140D;L141H;V143N;Y144V;H146T;S155R;V159N;Y160T;S161N;N165F;F168S;Y170P;P174I;E180N;G184K;N185E;F186L;G199F;I203P;T208G;I210L;L216F;P217A;P225I;L226N;D228P;G232I;I233F;I235S;H245S;R246G;L249P;T250G;G252S;D253Q;S256A;T259A;G261A;A263Y;Y266G;G268Q;Q271N;K278T;E281W;C291S;P295S;L296C;S297T;E298F;K310T;F318T;Q321T;T323F;S325V;F329N;N331C;I332L;L335F;T345Y;S349R;V350A;A352N;W353S;N354K;R357S;A363S;D364A;V367Y;N370T;K378G;C379Y;P384L;N388L;L390V;C391Y;F392D;T393D;A397S;F400H;I402G;V407I;K424T;L425P;P426D;D427C;S438L;G446D;N448S;Y449R;K458R;F464I;S469I;G476V;C480V;N481V;V483F;G485L;F486P;N487F;C488S;F490R;N501V;R509V;V512L;F515A;E516H;H519P;P521G;V524G;C525S;G526V;P527L;T531C;V534K;K535A;N540L;K558F;F559I;Q563F;F565D;I569P;T572R;D574P;R577P;D586T;I587P;S591V;G601V;N603Q;D614G;C617V;T618E;V622I;A623Q;L629T;T630G;P631Y;W633S;V635Y;N641C;Q644R;A647C;G648A;E654N;H655Y;N657P;E661D;D663P;I664S;G667A;A668S;Y674S;Q675T;R682A;A684I;Q690I;S691I;M697E;A701R;A706S;N709I;A713F;V722P;T724I;V736C;T739G;M740I;Y741L;I742S;D745E;E748L;L753S;Q755S;L763T;N764G;N777V;E780Q;F782I;A783V;V785I;K786F;T791F;I794D;K795G;N801D;P807K;P812R;S813I;R815I;I818N;N824G;A829Y;D830G;F833D;Y837G;D839L;L841I;D843C;I844L;L858T;T866E;D867Q;L877A;L878T;T883G;S884N;F888A;G891A;I896Q;P897M;A899Y;A903G;R905N;F906Q;G908Q;G910V;Q913V;N914Q;V915N;L922I;G932L;A942K;A944Q;L945Q;K947V;N953A;Q957L;A958K;N960Q;I973S;N978L;I980L;V987A;R995G;L996D;T998L;G999R;T1006Q;T1009Q;I1018A;R1019S;L1024A;A1026K;S1030V;E1031Q;G1035L;K1045S;M1050A;F1052V;Q1054G;P1069T;E1072A;K1073F;F1075D;A1080Y;C1082P;A1087R;E1092F;V1094S;F1095S;S1097T;N1098G;T1105R;Q1106P;F1109E;Q1113N;D1118G;N1119F;T1120S;S1123C;D1127P;I1130V;G1131N;N1134P;N1135P;L1145F;S1147K;K1157T;N1158D;D1163L;D1165N;G1167I;V1176I;Q1180F;N1187V;V1189N;A1190N;L1200K;E1207W;G1219L;A1222V;M1233C;T1238C;L1244C;K1245C;S1252C;C1253D;K1255D;D1259L;P1263T;V1268L;T1273S,232.0,225.0,221.0,104.0,167.0,218.0
root_child_1_child_1_child_0_child_0_child_0_child_0_child_0_child_0|leaf,327,0.743126,327,0.743126,326,MZ477792.1,65,0.676617,326,326,64,-162.58629434750978,-2.5404108491798403,-1.4350399149338156,-1.4350399149338156,-4.586708387658745,-1.1466770969146862,4,E340K;G504E;K529V;I472Q,N501Y,1,D138Y;R190S;N501Y;H655Y;V1176F,5,N501Y,1,L335V:-1.9854;C336G:-4.1551;E340K:-1.0697;V341N:-2.6586;N343A:-1.9376;T345W:-1.9163;V350R:-2.5590;W353I:-3.3421;N354V:-1.5952;K356C:-1.8656;R357V:-1.6007;C361Y:-4.1689;A363N:-3.6745;D364S:-2.9044;L368N:-2.8684;C379G:-4.2352;Y380N:-2.8121;G381L:-3.6288;K386D:-3.1081;N388V:-2.8414;L390A:-3.6562;C391T:-4.3715;N394Y:-2.7453;V395S:-3.7400;Y396D:-2.9504;S399G:-2.6929;V401N:-2.2797;R403A:-1.3613;G404Q:-2.1394;R408I:-1.6834;I410P:-2.7430;G413D:-1.9963;G416Y:-2.8096;A419Y:-3.1459;Y421L:-2.4822;N422L:-3.1081;Y423P:-3.6399;L425D:-2.9019;D427P:-2.2414;C432N:-4.1202;V433A:-3.4829;I434K:-2.2232;N440D:-1.3369;D442V:-2.1816;G446Y:-1.4345;Y449S:-1.7609;R457N:-1.9868;F464T:-2.2843;I472Q:-1.2159;N481G:-1.3096;G482C:-1.5982;G485F:-1.4615;N487Y:-1.7183;C488G:-1.6206;F497N:-2.3669;T500G:-1.6884;N501Y:-1.4350;G504E:-1.1308;V510F:-3.5959;V511L:-3.5944;V512S:-3.5688;P521C:-3.7908;K529V:-1.1703;S530L:-2.8938,F4T;T22N;R34F;L48Q;T51L;R78N;F79I;N81V;L84N;N87S;V90T;W104G;I105T;G107T;L110K;K113S;N122V;C136T;N137D;D138Y;M177R;G181Q;G184F;F186L;R190S;I197S;D198S;F201Y;S205I;H207P;P209R;I210V;F220L;L226V;D228I;P230T;I235S;T236F;T240R;A243H;H245Y;P251S;S256F;W258G;T259D;Q271T;T274N;L276Y;K278T;G283A;T286A;A288C;V289S;C291L;D294P;P295S;C301R;K310S;P322V;V327P;R328T;P330I;L335V;C336G;E340K;V341N;N343A;T345W;V350R;W353I;N354V;K356C;R357V;C361Y;A363N;D364S;L368N;C379G;Y380N;G381L;K386D;N388V;L390A;C391T;N394Y;V395S;Y396D;S399G;V401N;R403A;G404Q;R408I;I410P;G413D;G416Y;A419Y;Y421L;N422L;Y423P;L425D;D427P;C432N;V433A;I434K;N440D;D442V;G446Y;Y449S;R457N;F464T;I472Q;N481G;G482C;G485F;N487Y;C488G;F497N;T500G;N501Y;G504E;V510F;V511L;V512S;P521C;K529V;S530L;N532V;V534K;T549Q;L552K;K558F;F559R;L560F;F562G;R567I;D574V;A575T;Q580T;L582I;L585T;D586T;G594T;I598G;P600S;G601N;S605Q;N606V;A609Q;L611N;D614Y;V615A;V622I;A626L;T630Y;N641T;F643T;T645E;A647L;G648I;A653N;H655Y;V656N;C662P;D663Q;I664G;N679T;I692N;G700E;E702S;S704V;V705S;Y707I;N710I;S711Q;I712P;P715T;N717I;T724S;T732M;D745S;L754F;F759Q;T761N;Q762N;N764A;G769D;E773Q;Q779V;E780F;P793K;F797G;G799S;F802S;Q804S;I805P;P807S;R815T;N824F;D839L;C840G;G842A;D843L;I844Q;K854P;G857P;L858P;V860P;P863T;L864T;M869Q;Y873S;L877P;A879L;T883G;S884G;F888G;G889L;A890L;A892F;Q895P;I896A;Q901A;M902P;Y904Q;F906Q;N907T;G908T;I909Y;L916Q;Y917L;N928L;S929G;A930Q;G932I;A942K;S943V;D950A;A956T;N960Q;L962Q;L966F;S967F;F970A;G971I;A972S;V976N;N978K;D979T;A989V;Q992D;T1009I;Q1011I;R1014S;A1015L;I1018L;L1024A;A1025S;K1028L;S1030E;V1033G;G1046H;Y1047S;H1048S;M1050A;P1053A;P1057V;G1059P;V1061Y;E1072A;K1073D;A1078H;A1080G;C1082D;H1083G;D1084H;A1087V;E1092S;G1093I;V1094D;N1098T;G1099T;T1100F;H1101F;W1102N;F1103T;I1114N;T1117V;D1118M;V1122D;C1126G;D1127G;V1128G;N1134P;D1139E;P1143L;E1144K;S1147K;K1149L;D1153P;V1164L;S1175I;V1176F;E1182N;N1194D;E1195L;L1197D;G1204Y;K1205E;E1207Y;K1211P;P1213W;L1218F;F1220A;V1228I;T1231S;L1234C;C1236Y;S1239L;S1249G;C1253K;C1254P;E1258D;S1261P;P1263L;G1267L;V1268L,250.0,236.0,1.0,219.0,167.0,249.0
root_child_1_child_0_child_1_child_1_child_0_child_0_child_0_child_0_child_0|leaf,328,0.742341,328,0.742341,327,MZ477792.1,53,0.736318,329,329,52,-114.28170538934359,-2.197725103641223,-1.4350399149338156,-1.4350399149338156,-8.49224254253299,-1.0615303178166238,8,L455R;V503R;R346V;G447R;G446T;Q493S;E471Q;T470I,N501Y,1,L18F;D138Y;N501Y;D614G;H655Y;V1176F,6,D614G;N501Y,2,F338V:-3.2348;G339F:-2.0765;E340T:-1.7716;A344R:-1.7712;R346V:-1.0410;F347V:-2.4887;A348V:-1.8740;W353K:-2.7975;R355C:-2.6504;N360A:-2.6835;D364S:-2.9044;A372S:-1.2799;S373L:-1.6394;C379S:-4.1288;V382K:-3.2429;K386F:-3.0381;L390T:-3.1993;A397S:-3.4311;D405P:-1.7197;E406A:-1.7581;R408I:-1.6834;G413D:-1.9963;A419L:-3.0512;Y421K:-2.1591;L425D:-2.9019;P426V:-3.2716;D428Q:-2.6061;C432N:-4.1202;G446T:-1.1216;G447R:-1.1059;N448L:-2.1336;Y449S:-1.7609;R454L:-1.8137;L455R:-0.7754;R457P:-1.7140;F464T:-2.2843;D467G:-1.3684;T470I:-1.2259;E471Q:-1.1641;P479C:-1.6677;G485Y:-1.5747;N487Y:-1.7183;Y489G:-1.9465;Q493S:-1.1494;T500Q:-1.6727;N501Y:-1.4350;V503R:-0.9088;G504P:-1.9402;V512F:-3.7708;S514H:-3.3394;L518T:-2.9831;A520G:-3.1867,F2H;L18F;R21S;D40F;H49R;T51L;A67G;I68T;H69L;S71N;T73G;K77F;P85N;D88Y;S98I;I100F;R102W;F106L;T109D;K113S;S116V;A123N;C136L;D138Y;Y145N;W152F;E154S;E156G;F157R;V159L;Y160N;S162T;C166F;Q173M;F175D;K182G;G184F;N188S;L189E;F192I;K202Y;H207L;V213G;R214F;G219P;F220A;L229I;I235S;P251D;A260V;A264V;G268D;L270R;Q271T;K278Y;I285A;T286A;D290L;C291S;L293V;K300S;T302V;I312Q;T315F;R319F;Q321V;F338V;G339F;E340T;A344R;R346V;F347V;A348V;W353K;R355C;N360A;D364S;A372S;S373L;C379S;V382K;K386F;L390T;A397S;D405P;E406A;R408I;G413D;A419L;Y421K;L425D;P426V;D428Q;C432N;G446T;G447R;N448L;Y449S;R454L;L455R;R457P;F464T;D467G;T470I;E471Q;P479C;G485Y;N487Y;Y489G;Q493S;T500Q;N501Y;V503R;G504P;V512F;S514H;L518T;A520G;L533K;V534N;K537V;T549Q;Q564G;R567I;T573V;R577L;D578I;L582I;D586P;P589F;G593T;S605L;A609V;D614G;P621V;H625P;L629C;W633N;Y636V;T638R;N641C;F643I;T645E;G648I;L650I;A653H;H655Y;Y660G;C662A;D663A;A668C;I670S;A672Y;N679A;A684V;V687Q;A688S;Q690T;I692L;L699T;E702N;N703A;N710I;I712P;V722S;T724S;L727T;V736Y;D737N;C738G;D745E;S750G;N751L;L753Q;Q755S;F759T;N764A;I770M;Q779K;E780F;F782I;Q784Y;V785D;K786I;I788L;K795F;F797S;F800I;F802Q;Q804S;L806D;P812F;S813T;K814S;D820V;F823G;N824V;V826A;T827G;D830F;A831Y;G832I;F833K;Y837D;C840L;G842A;D843L;A845Q;N856V;G857V;L858P;L864D;M869Q;Y873I;L878S;T883G;A892L;P897N;F898R;Q901M;M902L;R905G;F906Q;Y917Q;E918I;N919A;K921Q;F927N;N928K;G932Q;I934Q;T941A;S943G;G946L;L948Q;L959T;V963F;S967E;F970A;G971I;S974V;S975I;L977I;N978S;I980R;S982E;R983V;E988D;I993P;D994I;R995T;L1004T;A1015I;I1018L;S1021L;N1023A;L1024A;A1025T;A1026M;T1027M;K1028Q;M1029E;E1031V;L1034V;G1035S;V1040P;D1041G;M1050S;P1053A;P1057D;H1064S;V1068P;E1072N;T1077L;A1080I;G1085F;A1087R;E1092S;V1096N;W1102Q;V1104T;Q1106I;N1108Q;F1109A;P1112I;I1115T;T1117C;F1121V;C1126G;D1127I;I1130Y;G1131D;V1137P;P1140D;E1144D;S1147K;K1149L;K1154N;H1159L;P1162I;V1164E;L1166D;D1168N;G1171A;S1175I;V1176F;K1191N;N1194L;E1195L;Y1206Q;E1207I;K1211I;W1212Y;W1214G;I1216V;L1218F;F1220A;I1225V;V1230C;L1234C;C1236Y;C1240G;C1248H;S1249G;C1253F;F1256L;D1260P;K1266H;L1270T,72.0,5.0,1.0,134.0,176.0,122.0
root_child_0_child_0_child_0_child_1_child_1_child_1_child_0_child_0_child_1_child_0|leaf,328,0.742341,328,0.742341,327,MZ477792.1,49,0.756219,326,326,48,-114.88914459508483,-2.393523845730934,-1.4350399149338156,-1.4350399149338156,-2.4397990075837876,-1.2198995037918938,2,K458R;T470I,N501Y,1,D138Y;N501Y;D614G;H655Y,4,D614G;N501Y,2,N331C:-2.6574;I332N:-2.6228;N334V:-1.9926;F338E:-3.0041;T345A:-1.8664;S349R:-1.9652;K356Y:-1.7147;D364A:-2.8198;Y365V:-3.4816;N370T:-2.6435;F374C:-2.8283;Y380H:-2.8185;T385N:-2.6302;C391Y:-4.4373;S399G:-2.6929;I402E:-2.0324;D405I:-1.6062;Q409K:-2.5912;D420L:-1.5687;Y421T:-2.7281;N422L:-3.1081;P426D:-2.2753;N437S:-2.2393;S443N:-1.7859;Y449L:-1.5400;N450F:-1.4575;R454L:-1.8137;R457S:-1.7278;K458R:-1.2139;S459K:-1.3663;I468T:-1.4779;T470I:-1.2259;G476P:-1.3326;C480F:-1.6586;N487G:-1.3894;C488S:-2.1537;S494N:-1.4977;T500G:-1.6884;N501Y:-1.4350;Y508S:-2.6816;V512F:-3.7708;P521K:-3.0410;A522C:-3.7312;V524G:-4.1764;C525A:-4.2230;G526V:-3.8998;P527L:-3.2639;S530N:-3.0123,L5F;S12F;L18V;Y28S;F43V;S45L;V47L;S50D;L54F;L56F;F59V;V62I;H66D;A67V;I68T;V70G;N99G;I101G;R102G;W104F;F106T;G107D;T109D;A123N;T124I;V130E;E132D;C136V;D138Y;L141H;N148M;K150S;W152V;E156G;V159N;Y160V;N165C;T167Y;P174I;F175M;M177K;Q183N;N188F;P209N;G219D;F220A;L226V;L229N;I231M;G232I;I235Q;T236Q;L241S;R246P;P251G;G252D;D253A;S256A;W258A;T259G;L270P;P272H;R273K;L277T;K278I;Y279D;G283V;C291A;P295C;L296E;L303G;S316K;R319E;T323I;V327P;F329N;N331C;I332N;N334V;F338E;T345A;S349R;K356Y;D364A;Y365V;N370T;F374C;Y380H;T385N;C391Y;S399G;I402E;D405I;Q409K;D420L;Y421T;N422L;P426D;N437S;S443N;Y449L;N450F;R454L;R457S;K458R;S459K;I468T;T470I;G476P;C480F;N487G;C488S;S494N;T500G;N501Y;Y508S;V512F;P521K;A522C;V524G;C525A;G526V;P527L;S530N;L533C;K535N;G550P;V551T;L552S;E554N;F559I;Q563F;Q564R;I569L;A570T;D571T;D574L;R577L;D586S;S591P;G593D;P600N;N603T;A609G;D614G;N616P;A623Q;H625P;L629T;T630R;T632R;V635S;Y636G;T638N;F643T;Q644A;R646I;G648A;G652K;H655Y;A668S;T676N;R682I;R685V;V687S;M697N;L699V;A706S;N709I;N710F;I714T;V722P;T732C;K733V;C738S;M740I;C743L;D745E;L753Y;L754F;G757T;T761N;N764A;L767G;G769D;V772Q;D775N;E780V;A783I;Q787P;Y789F;T791F;P792K;I794D;K795F;G799N;N801S;F802D;Q804P;K811E;P812I;L828K;A829T;Y837D;G838D;C840E;A846L;D848I;L849K;L858P;P862D;P863L;L864T;T866E;D867Q;A871Y;T874G;G880T;T883G;S884G;G889A;A893F;F898A;M900G;Y904V;R905N;F906Q;G908V;Q913N;N914Q;V915Q;Q926I;F927G;S929G;I931K;G932D;I934A;D936S;S939T;A942K;L945K;Q949V;D950V;V952Q;N955V;Q957N;G971V;I973D;E990A;Q992T;L996G;T998L;G999Q;L1001S;S1003V;Q1005V;T1009Q;I1013S;A1015L;R1019L;L1024A;A1025S;K1028L;C1032Q;K1038G;R1039H;F1052H;A1056H;P1057F;V1068Y;A1070T;Q1071T;F1075T;P1079A;C1082D;A1087H;F1089G;E1092F;V1094F;N1098T;W1102N;F1103T;T1105R;Q1106P;P1112F;T1116D;N1119F;T1120N;V1122G;I1130V;G1131N;N1134P;Y1138P;D1139L;S1147Y;E1150H;Y1155K;F1156S;T1160V;D1165I;A1174Q;V1176I;V1177K;N1178Q;K1181L;D1184N;V1189N;N1192E;E1195L;I1198K;E1202K;K1205I;E1207D;L1218F;F1220I;A1222V;I1227V;T1231M;C1235M;S1239C;L1244G;C1253K;F1256V;D1259E;L1265Y;G1267L,77.0,160.0,1.0,245.0,176.0,62.0
root_child_1_child_0_child_0_child_1_child_0_child_0_child_1|leaf,328,0.742341,328,0.742341,327,MZ477792.1,52,0.741294,326,326,51,-117.47018764033406,-2.30333701255557,-1.4350399149338156,-1.4350399149338156,-2.7493633756733358,-0.9164544585577786,3,L455R;R346A;E471G,N501Y,1,D138Y;N501Y;D614G;H655Y;V1176F,5,D614G;N501Y,2,N331T:-2.4198;T333C:-2.1241;N334C:-2.3489;C336G:-4.1551;G339A:-2.1674;N343R:-1.9782;R346A:-0.9806;F347A:-2.4845;W353R:-2.7154;N354K:-1.4390;D364Y:-2.7447;S366A:-1.9824;S371F:-1.9489;K378S:-1.9727;Y380K:-2.8656;V382N:-3.5462;K386F:-3.0381;L387G:-3.8540;N388F:-2.6581;V395Y:-3.8042;S399D:-2.3761;D405N:-1.7898;V407I:-2.8289;R408A:-1.7172;G413D:-1.9963;I418G:-3.1226;A419L:-3.0512;D420Y:-2.0724;Y423F:-3.4819;L425D:-2.9019;T430V:-2.7553;I434N:-2.4944;W436K:-2.1526;N440D:-1.3369;Y449S:-1.7609;L455R:-0.7754;R457E:-1.4052;D467Q:-1.7687;I468T:-1.4779;T470G:-1.3796;E471G:-0.9933;G482F:-1.5073;V483F:-1.6538;N487F:-1.4264;S494F:-1.4043;N501Y:-1.4350;G504P:-1.9402;H519A:-1.8343;A522E:-3.0738;V524G:-4.1764;C525V:-4.1524,T19R;R21S;A27N;T33V;D40F;H49Q;T51L;F55L;G72N;K77F;P85N;D88V;V90F;F92K;E96V;W104G;T109D;K113S;Q115L;N121V;A123Q;V127K;D138Y;L141V;Y160S;S161N;K182L;G184F;N185E;L189F;E191N;F201S;I203S;N211I;V213G;D215P;F220D;L223P;E224P;L229I;G232N;I235S;T236F;R237A;F238L;Q239L;R246D;G257A;V267G;Q271R;P272I;R273L;Y279V;T286A;V289P;C291S;T302S;F318Y;Q321I;P322V;N331T;T333C;N334C;C336G;G339A;N343R;R346A;F347A;W353R;N354K;D364Y;S366A;S371F;K378S;Y380K;V382N;K386F;L387G;N388F;V395Y;S399D;D405N;V407I;R408A;G413D;I418G;A419L;D420Y;Y423F;L425D;T430V;I434N;W436K;N440D;Y449S;L455R;R457E;D467Q;I468T;T470G;E471G;G482F;V483F;N487F;S494F;N501Y;G504P;H519A;A522E;V524G;C525V;K535N;C538N;N540F;F541L;T547L;T549Q;T553F;K557L;K558P;F559D;F565R;V576Q;L582I;I584T;T588C;P589V;V597G;P600T;T602Q;N603Q;T604P;D614G;C617H;V622F;I624C;A626N;D627A;Q628P;S640T;T645E;G648I;L650S;A653H;H655Y;V656S;N658Y;Y660G;E661D;C662A;D663A;G669I;I670K;C671Q;A672Y;Q677T;A684Q;A688S;I693Y;S698A;G700N;N703Y;N710I;S711I;T723P;T724I;E725P;P728S;M731T;T739Y;D745C;L753G;G757S;T761N;N764A;T768E;A771E;E773D;D775E;T778V;Q779K;Q784K;V785L;K786T;T791P;P793I;F802Q;Q804S;L806P;R815L;F817I;E819K;N824I;V826A;T827F;K835D;C840L;G842A;I844A;C851N;Q853V;G857T;L858P;L864T;D867Q;M869Q;Y873A;T874G;L877G;I882L;T883G;S884A;W886G;G889A;A892N;L894G;Q895A;A899Y;Y904Q;R905G;G908V;L916N;Y917Q;Q920L;N928L;S929G;G932Q;K933L;Q935L;S943Q;L959T;N960V;V963F;S967I;S968G;F970A;G971I;I973V;S974V;S975N;V976N;L977S;N978D;S982L;V987A;D994I;R995T;I997S;G999S;L1001T;Y1007L;A1016R;E1017N;I1018L;S1021N;N1023A;L1024A;A1025T;M1029V;E1031V;S1037V;V1040F;C1043S;K1045P;H1048P;L1049P;M1050A;F1052V;P1053A;A1056G;V1060H;F1062H;Y1067A;P1069Q;A1070E;Q1071K;T1076C;C1082D;E1092S;V1096S;V1104N;T1105N;R1107F;E1111Q;T1117C;N1119G;F1121N;C1126G;G1131D;V1133N;N1134P;D1139S;E1144F;K1149L;F1156N;H1159V;V1164N;G1167I;D1168I;N1173I;S1175I;V1176F;V1177G;N1178K;Q1180E;E1182D;V1189K;N1192E;E1195S;I1198Q;E1202G;E1207I;W1212Y;F1220A;I1221G;L1224V;I1227V;M1233C;C1236Y;T1238C;C1240S;S1242K;L1244C;S1249K;C1253K;V1264L,92.0,64.0,1.0,6.0,176.0,99.0
root_child_0_child_1_child_0_child_1_child_1_child_1_child_0_child_0|leaf,328,0.742341,328,0.742341,327,MZ477792.1,52,0.741294,324,324,51,-121.24797134749052,-2.3774112028919716,-1.4350399149338156,-1.4350399149338156,-5.057477051509606,-1.0114954103019211,5,K444G;G476K;V445N;T470N;Q493Y,N501Y,1,N501Y;D614G;H655Y,3,D614G;N501Y,2,N331F:-2.4844;I332L:-2.4919;L335T:-2.0931;G339V:-2.1347;F347V:-2.4887;S349T:-2.4938;V350W:-3.2836;K356S:-1.9309;I358D:-3.1976;D364Y:-2.7447;L368A:-3.1493;A372F:-1.3989;C379P:-4.2203;G381Y:-3.7729;V382K:-3.2429;A397V:-2.9597;F400V:-3.5836;G404V:-2.2315;A411H:-2.6801;P412T:-3.3095;G413I:-2.5114;G416Y:-2.8096;Y421T:-2.7281;V433S:-3.2694;D442V:-2.1816;S443N:-1.7859;K444G:-0.7259;V445N:-0.9878;Y449L:-1.5400;N450Y:-1.3610;S459F:-1.6356;F464T:-2.2843;T470N:-1.1629;G476K:-0.9661;C480F:-1.6586;G482F:-1.5073;V483F:-1.6538;N487L:-1.6381;L492S:-1.7157;Q493Y:-1.2148;F497T:-2.1204;N501Y:-1.4350;V503Y:-1.6807;G504Q:-1.7347;S514A:-3.5195;F515L:-3.1924;E516H:-2.8405;L518K:-2.7377;A520V:-3.5556;T523K:-3.3015;G526V:-3.8998,K41S;S45L;Q52F;W64A;H69N;N74D;K77D;D88S;G89Y;T95I;T114I;Q115V;I128S;D138L;F140D;G142D;K150L;E156S;A163T;S172F;Q173D;F175E;L176K;M177L;Q183N;K187F;N188R;L189N;I197K;G199S;Y204M;K206D;H207P;P209D;R214G;P217F;Q218E;F220P;L223V;E224P;N234L;I235Q;T236S;L244C;R246L;D253G;S256A;T259G;G261A;V267Y;G268R;L270F;Q271R;L276E;L277H;D287L;A288D;V289A;C291S;L296C;S297T;T299K;L303S;K310Y;S316F;R319V;V320T;Q321V;V327P;N331F;I332L;L335T;G339V;F347V;S349T;V350W;K356S;I358D;D364Y;L368A;A372F;C379P;G381Y;V382K;A397V;F400V;G404V;A411H;P412T;G413I;G416Y;Y421T;V433S;D442V;S443N;K444G;V445N;Y449L;N450Y;S459F;F464T;T470N;G476K;C480F;G482F;V483F;N487L;L492S;Q493Y;F497T;N501Y;V503Y;G504Q;S514A;F515L;E516H;L518K;A520V;T523K;G526V;L533V;V539N;G550T;K558P;F559Q;L560F;P561R;G566A;D568V;I569L;R577L;Q580L;D586P;P589I;S591I;G593T;S596T;I598N;T599G;T602L;N606Y;Q607V;V608N;Y612I;D614G;N616P;C617E;E619V;V620A;V622I;Q628P;Y636N;N641R;G648I;C649N;L650N;I651V;H655Y;V656S;E661D;G667I;S673K;S686A;S691A;I693T;Y695L;M697L;S698A;A713I;T716F;T723E;E725M;I726P;L727S;V729D;C738E;D745E;S746N;L752C;G757N;L763T;A766K;K776F;N777Q;V781A;A783R;I794F;K795H;G798N;G799F;F800I;N801Q;Q804L;P807S;K811E;P812I;R815D;F817L;I818L;L822N;N824V;K825T;D830L;I834Y;Y837C;C840A;D843L;I844L;C851D;K854Y;L858P;L861D;P863L;M869A;Q872L;S875L;G880S;T883G;Q895A;A903Y;F906Q;G908V;G910V;V915E;Q920L;K921Q;L922A;Q926N;F927A;N928I;I931K;G932Q;K933T;S940A;A942K;L945K;K947V;L948N;A958N;L959T;N960S;Q965G;S967N;S974V;S975L;R983E;Q992I;D994I;G999R;L1004V;Q1005V;Y1007V;Q1011R;R1014M;I1018S;N1023A;L1024A;T1027C;S1030Q;L1034S;D1041C;F1042S;G1044F;K1045P;Q1054G;S1055P;V1061H;L1063P;Y1067E;N1074A;A1080K;C1082D;H1083K;H1088R;P1090F;E1092F;F1095H;G1099T;H1101Q;F1103N;T1105Y;N1108Q;Y1110T;Q1113T;D1118T;C1126V;D1127I;V1128G;G1131N;I1132D;N1134P;V1137Q;P1143F;S1147Y;F1148E;L1152K;F1156V;D1165G;G1171A;I1179K;I1183E;L1186E;V1189L;A1190E;E1195S;I1198E;G1204K;Y1206I;Q1208E;W1212L;W1214I;G1219A;G1223A;V1228T;V1230M;S1242K;C1253K;C1254D;K1255E;D1259K;E1262G;P1263L;L1265V;V1268T,125.0,145.0,1.0,60.0,176.0,99.0
root_child_0_child_0_child_0_child_0_child_1_child_1_child_0_child_0_child_0|leaf,328,0.742341,328,0.742341,327,MZ477792.1,53,0.736318,324,324,51,-127.0602481544051,-2.4913774147922565,,,-6.893290937334168,-1.148881822889028,6,N501V;E340K;N481V;Q498T;A475S;K458R,,0,D138Y;D614G;H655Y,3,D614G,1,N331C:-2.6574;P337N:-2.2448;E340K:-1.0697;V341N:-2.6586;T345Y:-2.0228;S349R:-1.9652;V350A:-3.2598;W353S:-3.2987;N360L:-2.6378;V367Y:-2.6067;N370T:-2.6435;S373A:-1.9861;T376G:-2.8501;K378G:-2.1692;G381S:-3.6522;D389G:-2.5211;L390V:-3.7422;C391Y:-4.4373;T393D:-2.3590;A397F:-3.4911;S399G:-2.6929;V401R:-1.5520;I402G:-2.5120;G404V:-2.2315;G413A:-2.0425;P426D:-2.2753;C432G:-4.3209;A435N:-3.1173;N437S:-2.2393;Y449L:-1.5400;K458R:-1.2139;S469I:-1.7468;A475S:-1.2023;G476V:-1.4574;C480F:-1.6586;N481V:-1.1660;N487Y:-1.7183;C488S:-2.1537;P491Q:-1.4963;Q498T:-1.1903;N501V:-1.0510;V512A:-3.3615;F515T:-3.5647;A520G:-3.1867;P521A:-3.4158;V524S:-3.9754;C525S:-4.2948;P527L:-3.2639;K529N:-1.2485;S530N:-3.0123;T531L:-2.8851,C15A;Y28S;F43S;Q52F;L56I;F65I;A67V;V70F;S71E;R78N;P82A;V83L;L84G;V90F;K97R;W104F;I105G;T124V;F133D;D138Y;F140H;L141H;G142N;K147S;W152E;M153R;Y160V;C166F;Y170P;P174I;F175D;E180N;G184L;N185E;N188K;K195Y;D198K;K202Y;Y204H;H207P;G219E;L226V;G232I;I233T;I235S;H245A;R246G;L249P;P251S;G252S;S256A;W258G;T259A;A263Y;A264L;Y269L;L277N;E281W;T284A;I285D;T286P;C291S;A292E;P295S;L296C;S297K;E309G;K310T;T315V;F318Q;S325V;V327P;F329N;N331C;P337N;E340K;V341N;T345Y;S349R;V350A;W353S;N360L;V367Y;N370T;S373A;T376G;K378G;G381S;D389G;L390V;C391Y;T393D;A397F;S399G;V401R;I402G;G404V;G413A;P426D;C432G;A435N;N437S;Y449L;K458R;S469I;A475S;G476V;C480F;N481V;N487Y;C488S;P491Q;Q498T;N501V;V512A;F515T;A520G;P521A;V524S;C525S;P527L;K529N;S530N;T531L;V534K;K537N;V551N;L552S;E554K;K557L;F559G;Q563F;Q564G;G566D;I569P;D574P;R577L;D586S;G594T;T599G;G601V;N603Q;V608L;V610Y;L611N;Q613T;D614G;C617E;T618E;P621A;V622D;A626Q;Q628Y;L629T;T630G;R634F;S640G;T645Q;G648A;L650G;A653S;H655Y;N657Y;P665I;A668S;C671K;S673T;Y674K;Q675T;Q677S;R682A;A684S;Q690I;M697E;S698L;G700E;N709I;F718L;I720T;S721P;D737I;C738G;M740I;G744L;D745S;E748S;L753S;L754C;F759T;C760L;T761I;Q762N;L763T;N764A;G769D;I770V;E780I;V781A;K786T;Q787P;I788A;T791P;I794D;D796N;N801Q;S803D;P807K;S813I;R815E;F817E;I818D;E819L;D820T;L821T;V826L;D830G;K835L;Q836L;C840D;D843A;L858T;T859I;T866E;D867Q;L877G;L878T;T883G;P897A;A899Y;R905N;F906Q;N907I;G908Q;N914Q;V915N;Q920N;K921Q;Q926S;G932D;A942K;L945K;D950N;V951Q;N955K;A958Q;N960S;S968G;I973S;S974L;N978S;S982E;I993G;R995G;L996D;T998S;T1006L;V1008Q;T1009Q;I1018A;S1021N;L1024A;A1026K;M1029E;S1030Q;E1031L;C1032G;L1034Q;K1045H;G1046F;Y1047P;P1057F;F1062V;H1064E;V1068E;E1072I;T1077K;I1081C;C1082G;R1091S;E1092F;G1093N;V1094F;F1095L;H1101F;T1105R;Q1106R;N1119F;T1120S;V1122G;S1123V;D1127P;I1130V;G1131N;N1134P;N1135V;P1143E;S1147L;L1152K;D1153N;N1158T;D1163L;D1165N;G1167I;I1169S;V1176I;K1181I;I1183K;D1184N;V1189N;L1197G;L1200Y;W1212L;A1222V;A1226I;I1232C;M1237C;S1242F;C1253K;C1254D;E1262K;G1267S;K1269H;L1270T;T1273K,170.0,220.0,221.0,220.0,176.0,122.0
root_child_1_child_1_child_1_child_1_child_0_child_1_child_0|leaf,328,0.742341,328,0.742341,327,MZ477792.1,60,0.701493,327,327,59,-137.25005078773444,-2.326272047249737,-1.4350399149338156,-1.4350399149338156,-7.565248600933867,-1.0807498001334095,7,K458L;G446D;L455K;Q474G;K529I;S459E;I472Q,N501Y,1,D138Y;N501Y;D614G;H655Y;V1176F,5,D614G;N501Y,2,I332L:-2.4919;T333D:-1.7415;L335V:-1.9854;V341A:-3.0576;T345W:-1.9163;S349N:-1.8600;N354K:-1.4390;I358V:-3.2129;V362D:-2.7345;Y365L:-2.8881;V367A:-2.0755;K378D:-2.1911;G381T:-3.6343;L387C:-3.8029;C391T:-4.3715;V395S:-3.7400;D398N:-3.4436;R403Q:-1.6178;G404A:-2.3458;D405P:-1.7197;R408I:-1.6834;Q409T:-2.6813;A411P:-3.1322;G413D:-1.9963;N422L:-3.1081;L425D:-2.9019;D427C:-2.4535;D428T:-2.0746;G431I:-3.8807;C432T:-4.2551;A435L:-3.3866;L441S:-1.3553;G446D:-0.9560;Y449S:-1.7609;L455K:-1.0570;F456L:-1.4342;R457P:-1.7140;K458L:-0.9273;S459E:-1.2030;R466A:-1.4586;D467C:-1.9287;I468S:-1.4118;I472Q:-1.2159;Q474G:-1.0573;N487Y:-1.7183;Y495P:-2.7644;G496Q:-1.7001;F497T:-2.1204;P499V:-1.4651;T500G:-1.6884;N501Y:-1.4350;G504P:-1.9402;V511F:-3.2371;V512H:-3.2491;L518T:-2.9831;P521V:-3.6426;C525T:-4.2054;K529I:-1.1487;S530K:-2.6489,F2V;L18Y;L24S;Y37D;F43E;T51L;Q52F;F79L;V83E;N87S;V90F;S94I;W104I;G107T;D111T;K113S;A123I;E132S;F133D;D138Y;F140D;Y144K;E154Y;N164C;C166F;G181F;G184F;K187N;N188E;N196D;I197G;Y200I;F201Y;Y204H;I210D;P217G;Q218E;F220D;S221D;V227F;L229G;G232Q;I235R;T236F;F238Q;L242S;Y248S;L249S;P251S;D253S;S254T;A263Q;P272N;L276Y;D287V;A288C;C291S;L296S;E298L;T302V;L303S;S305I;F306V;K310S;T315N;V320S;T323F;S325R;I332L;T333D;L335V;V341A;T345W;S349N;N354K;I358V;V362D;Y365L;V367A;K378D;G381T;L387C;C391T;V395S;D398N;R403Q;G404A;D405P;R408I;Q409T;A411P;G413D;N422L;L425D;D427C;D428T;G431I;C432T;A435L;L441S;G446D;Y449S;L455K;F456L;R457P;K458L;S459E;R466A;D467C;I468S;I472Q;Q474G;N487Y;Y495P;G496Q;F497T;P499V;T500G;N501Y;G504P;V511F;V512H;L518T;P521V;C525T;K529I;S530K;V534N;F541L;N544G;T549Q;G550T;L552S;F559D;F562I;Q563I;D568I;D574V;P579T;L582I;D586T;T588C;S591T;F592I;V595G;N606A;A609G;L611S;Q613V;D614G;T618V;A626V;R634Y;T645E;G648I;I651V;G652Y;H655Y;N657D;N658G;Y660I;D663Q;A668I;A672Q;Q677N;R685V;V687S;S689A;Q690Y;T696L;L699A;Y707N;N710I;I714N;N717I;I720T;V722S;M731S;T734M;M740I;I742N;C743N;L752Y;L754F;Q755S;S758T;C760Q;T761L;Q762I;R765T;E773V;Q784Y;V785K;Y789I;K790Y;K795N;Q804S;I805D;L806P;L822D;F823L;T827G;F833Q;K835L;Y837D;C840G;G842A;D843L;A845L;C851Q;G857T;T859L;V860P;M869Q;Y873S;L878S;T883G;T887G;F888G;A890Q;G891A;A893Q;Q895F;I896A;M900G;M902P;F906Q;L916Q;E918I;I923Q;A924Q;N928L;G932I;K933Q;D950A;Q957T;A958L;V963F;Q965S;F970A;G971I;I973L;S974L;L977D;N978I;I980A;Q992D;R995I;L996T;S1003Y;Q1005Y;Q1010R;L1012E;I1013A;I1018N;L1024E;A1025S;V1040D;G1046S;H1048Q;M1050S;A1056N;G1059H;V1061T;K1073F;F1075H;T1076A;I1081F;C1082D;H1083G;G1085D;F1089V;E1092V;G1093H;R1107Q;N1108P;P1112V;I1115N;T1117S;T1120V;F1121C;V1122I;G1124A;C1126D;D1127I;G1131V;N1134P;N1135P;D1139Q;S1147E;K1149L;K1154T;D1163I;V1164L;D1165N;I1169S;S1170I;G1171S;V1176F;Q1180I;K1181N;N1192I;N1194Q;E1195I;S1196D;Q1201Y;G1204Q;E1207I;L1218F;F1220A;L1224A;V1228I;I1232L;M1233T;C1235K;C1236Y;S1242K;C1243S;L1244G;S1249C;C1250F;C1253K;D1259L;K1266L;G1267L;V1268H;K1269H,212.0,93.0,1.0,158.0,176.0,218.0
root_child_0_child_1_child_0_child_1_child_1_child_1_child_0_child_1|leaf,328,0.742341,328,0.742341,327,MZ477792.1,60,0.701493,324,324,59,-141.25737598134913,-2.394192813243206,-1.4350399149338156,-1.4350399149338156,-6.92763346979607,-0.9896619242565814,7,F490R;K444G;G476K;V445N;T470N;A475S;Q493Y,N501Y,1,N501Y;D614G;H655Y,3,D614G;N501Y,2,N331F:-2.4844;I332L:-2.4919;L335T:-2.0931;F338N:-3.1942;G339A:-2.1674;F347V:-2.4887;S349T:-2.4938;V350W:-3.2836;N354S:-1.8142;I358D:-3.1976;D364Y:-2.7447;L368A:-3.1493;A372F:-1.3989;C379P:-4.2203;Y380V:-3.4191;G381Y:-3.7729;V382K:-3.2429;T385H:-2.3509;A397V:-2.9597;F400V:-3.5836;G404V:-2.2315;A411G:-3.1893;P412T:-3.3095;G413I:-2.5114;G416D:-1.6933;Y421T:-2.7281;N422P:-3.2459;C432V:-4.1415;V433S:-3.2694;D442V:-2.1816;S443N:-1.7859;K444G:-0.7259;V445N:-0.9878;N448Y:-2.3452;Y449L:-1.5400;N450Y:-1.3610;S459F:-1.6356;F464T:-2.2843;T470N:-1.1629;A475S:-1.2023;G476K:-0.9661;C480F:-1.6586;G482F:-1.5073;N487L:-1.6381;Y489S:-1.8626;F490R:-0.6679;L492R:-1.5602;Q493Y:-1.2148;F497V:-2.4700;N501Y:-1.4350;V503Y:-1.6807;G504Q:-1.7347;S514A:-3.5195;F515L:-3.1924;E516H:-2.8405;L518K:-2.7377;A520V:-3.5556;A522V:-3.6673;G526P:-3.2643,G35Y;V36S;K41S;S45L;Q52F;W64A;H69N;G75V;K77D;D88S;G89Y;T95I;I105T;I128S;D138L;F140D;K150L;E156S;A163T;Q173D;F175E;L176K;Q183N;N188R;L189N;I197K;G199S;H207P;T208R;P209D;R214G;P217F;Q218E;E224P;N234L;I235Q;T236S;L244S;R246L;G252L;D253G;S256A;T259G;G261A;A263Y;G268R;L270F;Q271R;R273F;L276E;L277H;D287L;A288D;V289A;C291S;L296C;T299K;S316F;R319V;V320T;Q321V;S325V;I326N;V327P;N331F;I332L;L335T;F338N;G339A;F347V;S349T;V350W;N354S;I358D;D364Y;L368A;A372F;C379P;Y380V;G381Y;V382K;T385H;A397V;F400V;G404V;A411G;P412T;G413I;G416D;Y421T;N422P;C432V;V433S;D442V;S443N;K444G;V445N;N448Y;Y449L;N450Y;S459F;F464T;T470N;A475S;G476K;C480F;G482F;N487L;Y489S;F490R;L492R;Q493Y;F497V;N501Y;V503Y;G504Q;S514A;F515L;E516H;L518K;A520V;A522V;G526P;N536C;V539N;G550T;K558P;F559Q;L560F;P561R;F562G;Q564R;D568V;I569L;R577L;D586P;P589F;S591I;F592G;G593T;S596T;T599G;T602L;Q607V;V608N;Y612I;D614G;C617E;E619V;V620A;V622I;Q628P;T632S;W633V;Y636N;G648I;C649N;L650Y;I651V;H655Y;V656S;E661D;G667I;S673T;S686A;S691A;I693T;Y695L;M697L;S698G;T716F;T723E;E725M;I726P;L727S;V729D;M731D;D745E;L752C;G757N;F759L;L763T;A766K;K776F;N777A;V781A;A783R;P792K;K795H;G798N;G799F;F800I;N801Q;Q804L;P807S;K811E;R815D;F817L;I818L;L822N;N824V;K825T;D830L;I834Y;C840A;I844L;K854Y;L858M;L861D;P863L;L864T;M869A;I870A;Q872L;T874S;G880S;A903Y;F906Q;G910V;V915E;Q920L;K921Q;L922A;Q926N;F927A;N928I;I931K;G932Q;K933T;S940A;A942K;L945K;K947V;L948N;L959T;N960S;Q965G;L966F;S967N;S974N;V976L;R983E;Q992I;D994I;G999Q;Q1005V;Y1007V;I1018S;A1020V;N1023A;L1024A;T1027C;S1030Q;L1034S;Q1036D;D1041C;F1042S;G1044F;K1045P;Q1054V;S1055P;V1061H;L1063P;Y1067E;E1072P;K1073T;N1074A;T1077P;A1080H;C1082D;H1083K;H1088R;P1090E;E1092F;F1095H;H1101Q;V1104N;T1105Y;N1108Q;Y1110P;P1112F;Q1113T;I1114T;D1118T;C1126V;D1127I;V1128G;G1131N;I1132D;N1134P;V1137Q;P1143F;S1147Y;L1152K;F1156V;G1171A;I1179K;I1183E;D1184A;L1186E;V1189L;A1190Y;E1195S;I1198E;L1200G;G1204E;Y1206I;Q1208E;W1212L;W1214I;G1219A;A1222V;G1223A;V1228T;V1230M;S1242K;G1251C;C1253K;K1255D;D1259K;S1261V;P1263V;L1265V;V1268T,224.0,162.0,1.0,41.0,176.0,218.0
root_child_0_child_1_child_0_child_1_child_0_child_0_child_0_child_0|leaf,329,0.741555,329,0.741555,328,MZ477792.1,47,0.766169,326,326,47,-116.35909025949296,-2.475725324670063,-1.4350399149338156,-1.4350399149338156,-2.9067583629410865,-0.9689194543136955,3,K444G;G476K;Q493Y,N501Y,1,N501Y;D614G;H655Y,3,D614G;N501Y,2,N331L:-2.4671;I332L:-2.4919;P337N:-2.2448;V341F:-3.0958;F342A:-2.9436;S349Y:-2.5458;V350W:-3.2836;K356I:-1.4903;I358D:-3.1976;D364P:-2.8951;A372F:-1.3989;F377S:-3.0024;C379G:-4.2352;G381Y:-3.7729;V382K:-3.2429;N388F:-2.6581;A397I:-2.8788;S399V:-2.2558;I402G:-2.5120;G404V:-2.2315;P412T:-3.3095;G413I:-2.5114;Q414N:-2.1970;Y421T:-2.7281;N422P:-3.2459;T430W:-2.7877;V433S:-3.2694;N440D:-1.3369;S443N:-1.7859;K444G:-0.7259;Y449L:-1.5400;G476K:-0.9661;C480F:-1.6586;E484D:-1.4223;N487L:-1.6381;L492T:-1.8056;Q493Y:-1.2148;F497V:-2.4700;N501Y:-1.4350;V503G:-1.7082;G504Q:-1.7347;L513P:-3.6085;S514A:-3.5195;F515L:-3.1924;E516H:-2.8405;V524G:-4.1764;K528L:-2.6864,T19R;V36S;Y37D;L48T;H49Q;W64A;H69N;K77D;F79N;G89Y;T95I;E96I;W104T;I105T;S116N;L118A;Q134C;F135N;N137F;D138L;K150L;E156S;F157V;Y160S;S162C;C166V;F168Y;Q173D;P174G;F175E;L176D;N188R;F192I;I197K;G199I;K206T;H207P;Q218F;S221E;E224L;L229I;G232I;N234T;I235Q;Y248T;G252S;D253S;S256W;W258T;A260Y;V267F;G268R;Q271R;F275L;L276E;D287L;A288D;C291A;L296C;T302I;T307I;Q314A;S316F;R319S;V320T;V327P;R328N;N331L;I332L;P337N;V341F;F342A;S349Y;V350W;K356I;I358D;D364P;A372F;F377S;C379G;G381Y;V382K;N388F;A397I;S399V;I402G;G404V;P412T;G413I;Q414N;Y421T;N422P;T430W;V433S;N440D;S443N;K444G;Y449L;G476K;C480F;E484D;N487L;L492T;Q493Y;F497V;N501Y;V503G;G504Q;L513P;S514A;F515L;E516H;V524G;K528L;K537N;V539N;G550N;S555L;N556P;K557L;K558P;L560F;P561R;D568V;I569L;D571R;T573A;R577L;I584G;D586P;I587F;P589I;C590G;S591T;G593S;S596T;T599G;T604A;Q607V;V608N;D614G;C617E;E619D;P621A;V622I;I624A;Q628P;R634Y;Y636T;G648I;C649N;L650A;E654S;H655Y;V656S;S659I;E661D;G667I;G669Y;S673T;S691A;I693T;M697L;S698A;S708A;T716F;F718I;S721I;T723E;T724R;E725M;I726P;L727V;V729D;D745E;C749F;L752C;Y756S;G757F;L763T;A766K;T768Q;V772N;K776A;N777Q;P792S;K795H;G798L;G799F;F800I;N801P;Q804L;P809S;K811S;R815I;F817L;I818L;L822N;N824V;K825T;D830L;K835G;C840A;I844L;Q853T;K854F;L858P;L861D;P863L;M869A;A871T;Q872L;G880T;T883G;F888I;F906Q;G910V;T912E;V915I;Q920R;L922A;Q926N;F927I;N928I;G932Q;K933T;D936L;S940A;A942G;S943G;G946L;L948V;A956V;L959T;N960S;L962F;Q965G;L966G;S967N;S968I;G971V;S974N;V976L;I980V;R983E;V987A;A989D;E990M;G999Q;Q1005V;Y1007V;V1008I;N1023A;L1024A;T1027C;K1038G;D1041C;F1042G;G1044F;K1045P;Q1054G;S1055P;L1063P;H1064P;Y1067A;P1069I;T1077D;A1080K;C1082D;H1083K;H1088R;R1091V;E1092F;T1100Q;H1101Q;T1105Y;N1108Q;Q1113T;I1115T;T1116N;D1118T;D1127V;I1130T;G1131N;I1132D;N1134P;V1137Q;P1143F;L1145S;S1147Y;K1149Y;F1156V;T1160G;D1168N;G1171A;I1172N;V1177Q;I1179K;I1183L;L1186K;E1188S;V1189L;A1190S;E1195Q;I1198E;K1205I;Y1206I;Q1208P;I1210G;W1214Y;I1221G;V1228T;M1229T;V1230I;M1237S;C1240S;S1242K;G1251C;C1253K;K1255E;D1259K;P1263H;L1265V;K1266H;V1268T;K1269Y,85.0,212.0,1.0,22.0,183.0,35.0
root_child_0_child_0_child_1_child_0_child_1_child_1_child_1_child_1_child_0_child_1|leaf,329,0.741555,329,0.741555,328,MZ477792.1,55,0.726368,323,323,54,-128.3446726668019,-2.376753197533368,-1.4350399149338156,-1.4350399149338156,-8.614351666202761,-1.0767939582753454,8,R346T;G476K;K458P;Q498Y;G485N;F486S;E471Q;T470I,N501Y,1,N501Y;D614G,2,D614G;N501Y,2,N334F:-2.2519;P337E:-2.3435;F342N:-2.7584;T345Y:-2.0228;R346T:-0.7574;S349Y:-2.5458;A352N:-1.7645;N360V:-2.5934;A363S:-3.7040;Y365N:-3.4376;S366L:-2.4385;N370T:-2.6435;Y380S:-3.1557;S383K:-3.1944;K386N:-3.1888;L390A:-3.6562;C391Y:-4.4373;Y396S:-2.9446;A397E:-3.0999;I402D:-2.0407;D405G:-1.3426;R408Q:-2.1880;Q414A:-2.1073;D420L:-1.5687;N422F:-3.0747;D427C:-2.4535;D428I:-2.2590;V433S:-3.2694;N437D:-2.4091;G446Y:-1.4345;Y449L:-1.5400;K458P:-1.0984;F464T:-2.2843;R466I:-1.8387;T470I:-1.2259;E471Q:-1.1641;I472Y:-1.3320;G476K:-0.9661;C480G:-1.4492;G485N:-1.1326;F486S:-1.1630;L492S:-1.7157;Q498Y:-1.1069;N501Y:-1.4350;G502D:-1.4722;P507L:-2.1116;V512A:-3.3615;L517H:-3.1793;P521V:-3.6426;V524G:-4.1764;C525K:-3.7391;G526S:-3.8682;P527L:-3.2639;K528T:-2.9926,L24S;T29A;R34G;V36P;Y38V;D40F;F43V;S50D;L56F;T63L;H69N;G72K;N74L;T76N;D80P;P82L;L84G;P85D;N87G;D88L;I100G;W104F;I105T;F106D;L110S;D111S;K113S;S116L;C136P;D138L;L141H;G142L;N148I;Y160N;Q173E;P174L;L176G;M177Q;G181F;Q183R;Y200I;K202H;I203L;Y204F;I210L;R214G;D215P;L216F;P217E;Q218L;V227I;D228I;L229I;I233R;I235S;T236F;F238L;L244S;H245S;S247Y;Y248D;G252T;S256A;G257A;T259A;A260Y;V267R;G268T;E281G;G283I;D287S;C291S;A292D;P295S;C301F;K304T;V308G;V327P;F329I;N334F;P337E;F342N;T345Y;R346T;S349Y;A352N;N360V;A363S;Y365N;S366L;N370T;Y380S;S383K;K386N;L390A;C391Y;Y396S;A397E;I402D;D405G;R408Q;Q414A;D420L;N422F;D427C;D428I;V433S;N437D;G446Y;Y449L;K458P;F464T;R466I;T470I;E471Q;I472Y;G476K;C480G;G485N;F486S;L492S;Q498Y;N501Y;G502D;P507L;V512A;L517H;P521V;V524G;C525K;G526S;P527L;K528T;K535N;C538F;N542T;F543L;N544L;G545K;T549L;V551N;N556K;F559A;Q563V;F565T;G566D;R567D;D568I;I569L;D574P;R577L;L585I;D586S;C590F;G593T;T599L;G601T;Y612Q;D614G;T618L;D627L;T632Y;G648I;I651E;E654A;V656S;N657P;A668G;G669I;C671S;Y674K;Q675H;E702V;V705N;Y707N;N709A;A713T;F718T;V722T;T724L;I726L;P728M;M731T;T734M;S735D;M740I;D745E;S746L;C749N;L752G;L753S;T761L;L763A;N764A;I770V;V772N;D775G;T778V;A783Q;K786Y;T791F;I794D;G799D;F800S;N801Q;F802Q;S803K;P807K;I818V;T827A;D830F;G832D;D839I;I844R;R847A;Q853S;F855G;G857V;L858P;T859L;L861I;T866E;D867M;Y873V;L878T;I882A;T883Y;W886G;F898M;A899Q;M900F;R905G;F906T;I909Q;N914Q;V915N;E918A;A924F;I934D;Q935L;A942K;S943L;N953A;Q954A;T961S;V963S;N969A;I973S;N978K;D979F;E988L;Q992D;D994L;R995L;L996G;G999S;L1004V;Q1005I;Q1010A;L1012E;I1013R;A1016L;S1021N;L1024A;A1026C;M1029V;K1038D;G1044K;K1045L;G1046L;L1049S;P1053S;H1058F;F1062H;C1082K;K1086F;E1092F;V1094F;S1097T;W1102Y;T1105R;Q1106P;R1107Y;F1109T;Y1110T;E1111I;I1114N;T1117N;N1119L;T1120N;I1130V;G1131N;N1134V;Y1138L;P1140Q;L1141D;D1146K;Y1155Q;F1156V;H1159V;T1160P;G1167I;D1168S;I1169A;S1175E;V1176I;V1177Q;N1178K;Q1180I;L1186E;V1189N;I1210Y;W1217G;A1222I;I1225V;A1226L;M1229I;C1236T;S1239C;S1242C;C1250S;C1253K;E1262L,176.0,144.0,1.0,154.0,183.0,158.0
root_child_0_child_1_child_0_child_0_child_1_child_1_child_1|leaf,329,0.741555,329,0.741555,328,MZ477792.1,56,0.721393,326,326,55,-132.92908939893033,-2.4168925345260055,-1.4350399149338156,-1.4350399149338156,-3.558698805031651,-1.1862329350105503,3,F486S;K529V;G476N,N501Y,1,N501Y;D614G;H655Y;V1176F,4,D614G;N501Y,2,I332L:-2.4919;C336E:-3.7452;N343T:-1.9063;A344S:-2.1548;S349T:-2.4938;V350R:-2.5590;R355S:-2.7188;K356V:-1.4673;I358D:-3.1976;N360Y:-2.7482;A363S:-3.7040;D364N:-2.2158;S373A:-1.9861;V382K:-3.2429;D389C:-2.9995;S399L:-2.4771;F400R:-2.7613;G404V:-2.2315;Q409T:-2.6813;I410G:-2.7830;P412T:-3.3095;G413I:-2.5114;T415K:-2.0732;G416Y:-2.8096;N422K:-2.9844;Y423P:-3.6399;F429C:-3.5231;V433S:-3.2694;I434W:-2.7925;N440G:-1.5856;S443Y:-1.8219;Y449L:-1.5400;S459F:-1.6356;N460S:-1.5226;F464Y:-1.7516;A475G:-1.3605;G476N:-1.2255;C480F:-1.6586;F486S:-1.1630;N487Y:-1.7183;Y489P:-1.7629;F497V:-2.4700;N501Y:-1.4350;V503Y:-1.6807;G504Q:-1.7347;Q506V:-2.3494;P507L:-2.1116;Y508E:-2.1452;V511S:-3.2348;S514E:-3.2800;E516A:-2.9572;H519A:-1.8343;V524G:-4.1764;C525L:-4.1255;K529V:-1.1703,V11I;S12T;C15I;P25Y;A27Y;W64V;H69N;K77D;G89Y;T95I;K97N;L110Q;S116N;L118A;T124V;I128S;C131F;K147W;K150L;S155F;E156S;F157Y;F168Y;Q173M;P174L;L176D;N188E;L189F;E191N;N196D;I197K;G199I;H207P;Q218P;S221L;E224V;G232I;N234Q;I235Q;T236S;P251S;D253N;S256F;Y265F;Y266P;G268T;Q271R;P272F;R273F;T274L;L276E;L277Y;D287L;A288C;C291L;L296T;E298K;S305T;T307E;E309I;G311Y;S316Q;N317S;R319E;V327L;R328N;F329N;I332L;C336E;N343T;A344S;S349T;V350R;R355S;K356V;I358D;N360Y;A363S;D364N;S373A;V382K;D389C;S399L;F400R;G404V;Q409T;I410G;P412T;G413I;T415K;G416Y;N422K;Y423P;F429C;V433S;I434W;N440G;S443Y;Y449L;S459F;N460S;F464Y;A475G;G476N;C480F;F486S;N487Y;Y489P;F497V;N501Y;V503Y;G504Q;Q506V;P507L;Y508E;V511S;S514E;E516A;H519A;V524G;C525L;K529V;V534N;V539N;N542G;N544L;G545T;G550N;S555L;K558P;L560F;P561R;R567A;I569L;T573V;R577E;L585I;P589I;G593T;S596G;T599G;Q607V;V608N;V610L;D614G;C617E;V622I;V635F;T645A;A647G;G648D;C649N;L650A;H655Y;N657S;E661D;I664A;A672Q;T678S;R683S;Q690I;I693T;A694G;T696E;M697L;G700D;A701E;E702Y;V705Y;P715N;T716V;T723E;E725M;C743S;G744S;D745E;E748N;N751L;L752C;L753G;L754S;S758C;C760Q;A766K;T768I;K776T;N777F;F782Q;Q784Y;V785P;K790Q;P792N;K795G;G799F;F802I;Q804R;L806K;P812F;S816I;I818L;N824V;K825T;T827D;A831I;Y837D;C840A;I844L;K854Y;L858P;L861P;P863L;M869A;A879T;G880F;T881F;T883G;Y904D;F906Q;N907Y;G910V;N919A;Q920R;L922N;Q926N;F927Q;I931F;G932S;I934D;D936A;S937A;L938A;A942K;L945K;L948N;Q957L;A958L;N960S;Q965G;S967N;G971V;S974N;R983E;D994I;L1001T;Q1005T;Y1007V;V1008I;T1009Q;I1013R;A1022M;N1023A;L1024A;T1027S;E1031L;S1037R;D1041C;F1042R;G1044K;K1045P;L1049M;M1050P;S1051G;F1052S;Q1054G;S1055P;H1058M;G1059V;V1061L;H1064N;T1066V;Y1067A;Q1071E;C1082D;H1083K;H1088V;P1090F;R1091I;E1092F;V1094N;F1095S;W1102T;V1104F;N1108Q;E1111D;Q1113I;D1118G;G1124D;C1126G;D1127I;G1131N;I1132D;N1134P;V1137Q;L1141D;S1147Y;D1153N;K1154T;T1160G;G1171A;V1176F;Q1180E;I1183A;D1184N;L1186V;V1189L;E1195L;D1199E;K1205P;Y1206I;Q1208E;W1212L;I1216L;I1221V;V1228T;C1236G;S1239G;S1242K;G1251C;C1253K;K1255E;F1256E;D1259K;P1263L;V1264Y;L1265H;V1268T,196.0,184.0,1.0,232.0,183.0,176.0
root_child_0_child_1_child_0_child_1_child_0_child_1_child_0|leaf,330,0.74077,330,0.74077,329,MZ477792.1,45,0.776119,326,326,44,-105.46247880154868,-2.3968745182170155,-1.4350399149338156,-1.4350399149338156,-2.9067583629410865,-0.9689194543136955,3,K444G;G476K;Q493Y,N501Y,1,N501Y;D614G;H655Y,3,D614G;N501Y,2,I332L:-2.4919;P337N:-2.2448;F338V:-3.2348;G339V:-2.1347;S349T:-2.4938;V350W:-3.2836;Y351N:-2.5880;K356N:-2.0763;I358D:-3.1976;D364P:-2.8951;A372F:-1.3989;K378G:-2.1692;G381Y:-3.7729;V382D:-3.2644;C391T:-4.3715;G404V:-2.2315;E406Q:-1.9887;P412T:-3.3095;G413I:-2.5114;Y421T:-2.7281;P426G:-3.2856;D427F:-1.9055;V433S:-3.2694;S443Y:-1.8219;K444G:-0.7259;N448S:-2.2166;Y449L:-1.5400;N450Y:-1.3610;F464S:-2.1239;I468Y:-1.4401;G476K:-0.9661;C480F:-1.6586;V483F:-1.6538;N487L:-1.6381;L492T:-1.8056;Q493Y:-1.2148;F497V:-2.4700;N501Y:-1.4350;G504Y:-2.0876;S514A:-3.5195;F515E:-3.2335;E516H:-2.8405;V524G:-4.1764;K528L:-2.6864,V36S;Q52R;F58N;W64A;K77D;G89Y;T95I;I100G;W104T;I105T;F106T;S116N;V120A;V126I;I128S;Q134C;C136P;D138F;G142D;N148M;K150L;M153S;E156G;F157V;T167S;F168Y;Q173M;F175E;L176D;Q183V;G184F;N188R;L189N;I197K;G199I;K202P;I203P;H207P;R214P;Q218E;F220V;L223P;E224V;D228P;G232N;N234L;I235Q;T236S;Q239H;A243L;H245L;Y248S;D253G;S256A;V267F;G268Q;Q271R;L276E;D287L;A288D;C291S;L296E;C301L;T302I;S316F;F318T;R319S;V320T;Q321E;V327P;P330G;I332L;P337N;F338V;G339V;S349T;V350W;Y351N;K356N;I358D;D364P;A372F;K378G;G381Y;V382D;C391T;G404V;E406Q;P412T;G413I;Y421T;P426G;D427F;V433S;S443Y;K444G;N448S;Y449L;N450Y;F464S;I468Y;G476K;C480F;V483F;N487L;L492T;Q493Y;F497V;N501Y;G504Y;S514A;F515E;E516H;V524G;K528L;N532C;V539N;T547L;G550N;L552T;S555L;K558P;L560F;P561R;D568A;I569L;T573A;D574R;R577L;I584D;D586P;I587F;P589I;S591T;G593T;S596T;I598T;T599G;P600T;T604Q;Q607V;V608N;D614G;C617E;T618V;E619V;P621A;V622I;Q628P;P631S;Y636T;T645A;G648I;C649N;A653S;H655Y;V656S;N657E;E661D;G667I;A672T;S673Q;A684V;S691A;I693T;A694L;Y695S;M697L;S698A;G700A;N709P;S711T;T716F;S721L;T723E;E725M;I726P;L727V;V729D;T732I;D745E;L752C;G757L;L763T;A766K;K776A;N777Q;F782I;A783V;P792F;K795H;G798N;G799F;F800I;N801Q;F802K;Q804L;I805D;P807D;K814F;R815I;F817L;I818L;N824V;K825T;D830L;C840A;I844L;K854Y;L858P;L861D;P863L;M869A;A871T;Q872L;L878T;G880T;T883G;A890L;F906V;N907T;I909N;G910V;Q920R;L922A;Q926N;F927A;N928I;S929I;I931K;G932Q;K933I;S940A;A942K;L945K;L948V;A956L;L959T;N960S;V963L;Q965F;S967N;N969A;G971V;S974V;V976L;R983E;E990G;V991D;Q992I;D994I;G999Q;R1000A;Q1005V;Y1007Q;T1009L;R1019L;S1021N;N1023A;L1024A;T1027V;R1039D;D1041C;F1042S;G1044F;K1045P;Q1054G;S1055P;H1058V;L1063V;Y1067A;E1072F;N1074W;T1076C;A1080K;C1082D;H1083K;K1086R;H1088R;R1091V;E1092F;F1095H;T1100N;H1101Q;T1105Y;N1108Q;F1109Y;Q1113T;D1118T;D1127I;G1131N;I1132D;N1134P;T1136Y;V1137Q;P1140Q;P1143F;S1147Y;T1160G;G1171A;I1172N;I1179K;Q1180I;I1183L;L1186V;E1188S;V1189L;E1195Q;I1198E;Q1201G;G1204E;Y1206I;Q1208E;Y1215F;V1228T;V1230F;T1231C;S1242K;C1253K;K1255D;D1259K;P1263L;L1265V;V1268T;K1269Y;H1271Y,25.0,166.0,1.0,22.0,186.0,22.0
root_child_1_child_0_child_0_child_0_child_1_child_0_child_1_child_0|leaf,330,0.74077,330,0.74077,329,MZ477792.1,49,0.756219,331,331,48,-109.81400670010802,-2.28779180625225,-1.4350399149338156,-1.4350399149338156,-5.070811121632979,-1.0141622243265958,5,K444G;L455R;K458N;I472N;Q493Y,N501Y,1,P26S;D138Y;N501Y;D614G;H655Y;V1176F,6,D614G;N501Y,2,N331T:-2.4198;T333C:-2.1241;N334C:-2.3489;T345C:-1.9999;A348R:-1.2580;S349L:-2.1365;V362Y:-3.1662;S371F:-1.9489;T376S:-2.4656;C379P:-4.2203;G381T:-3.6343;K386F:-3.0381;L387F:-3.9116;N388F:-2.6581;D398G:-3.2244;S399D:-2.3761;F400E:-3.0574;R408P:-2.0366;Q409T:-2.6813;I410N:-2.6030;G413I:-2.5114;T415Y:-2.5832;I418R:-2.4418;A419L:-3.0512;N422L:-3.1081;L425T:-3.2848;V433A:-3.4829;K444G:-0.7259;Y449S:-1.7609;L455R:-0.7754;R457P:-1.7140;K458N:-1.1730;N460P:-1.4502;L461I:-1.5827;R466S:-1.6238;D467T:-1.8071;I472N:-1.1817;Y473P:-1.6900;G476C:-1.5519;V483C:-1.7037;N487Y:-1.7183;Q493Y:-1.2148;Y495F:-2.3210;N501Y:-1.4350;G504P:-1.9402;V512L:-3.8192;T523N:-3.5592;K529T:-1.2935,R21S;Q23D;P26S;A27N;T29R;Y38K;T51L;F59V;F65Q;K77F;D80Y;N81V;V83F;P85L;D88Y;K113S;Q115V;A123Q;V130F;N137D;D138Y;F140L;L141V;K147W;N148M;E156V;Y160N;N164T;E169Y;V171F;S172L;E180N;K182F;G184F;L189F;E191D;V193N;Y200S;F201H;K206T;V213G;Q218A;F220A;L223P;E224P;L229I;N234T;I235S;A243D;R246D;S247L;P251G;S255T;W258A;A260Y;Y269Q;F275L;E281G;G283D;I285D;T286A;D290P;A292D;C301F;T302F;F306Y;V308T;S325T;V327I;P330L;N331T;T333C;N334C;T345C;A348R;S349L;V362Y;S371F;T376S;C379P;G381T;K386F;L387F;N388F;D398G;S399D;F400E;R408P;Q409T;I410N;G413I;T415Y;I418R;A419L;N422L;L425T;V433A;K444G;Y449S;L455R;R457P;K458N;N460P;L461I;R466S;D467T;I472N;Y473P;G476C;V483C;N487Y;Q493Y;Y495F;N501Y;G504P;V512L;T523N;K529T;N532C;L533C;G545T;T549Q;T553R;E554F;N556F;F559D;F562T;Q563V;F565R;D568A;A575V;T581V;L582I;E583F;I584T;T588I;C590F;F592S;N603T;T604V;D614G;C617V;T618P;V622I;Q628T;S640I;N641R;T645E;R646G;A647D;G648I;A653H;H655Y;N658C;Y660G;C662A;D663Y;G669C;T678S;S680R;A684L;R685Q;A694G;M697G;Y707N;N710A;S711A;I712F;T723V;V729D;I742G;E748S;N751F;L752Q;L753G;S758L;L763T;N764A;R765T;T768I;I770T;Q779V;E780K;V785T;K786I;T791I;I794D;K795F;G799P;F802H;Q804S;P809I;P812K;K814L;R815L;I818L;E819T;F823A;K825I;V826A;A829K;I834G;K835Y;Q836G;C840A;G842A;D843A;A845R;R847I;D848N;I850A;A852K;Q853F;K854D;L858P;V860L;P862N;L864T;L865Y;M869Q;T874G;S875G;T883G;W886G;T887G;A890Q;L894I;I896Y;F898M;R905G;F906Q;Y917Q;K921N;A924F;F927G;N928L;I931D;G932Q;K933Q;D936S;D950V;N955V;L959T;V963K;Q965S;S967F;F970A;G971D;S974V;S975I;N978R;K986E;D994R;R995T;L996T;S1003T;Q1011E;L1012E;I1013A;A1016E;E1017A;I1018L;S1021N;L1024A;A1025T;A1026S;T1027C;K1028S;M1029V;E1031V;C1032Q;V1033G;V1040P;D1041M;C1043R;Y1047V;H1048P;L1049F;M1050S;P1053A;P1057L;V1060T;F1062V;L1063Y;T1066E;P1069E;A1070E;K1073T;T1076I;E1092S;V1096T;S1097T;T1100Q;H1101R;W1102Y;I1115G;T1117C;N1119V;F1121D;G1124V;N1125G;I1130D;G1131D;N1134P;E1144K;F1156N;K1157L;N1158S;H1159L;S1161I;D1163I;V1164N;S1175I;V1176F;I1179R;Y1206W;E1207I;Q1208P;Y1209W;W1212Y;W1217F;L1218A;F1220I;L1224V;C1236Y;C1240G;S1249K;G1251F;S1252C;C1253K;F1256E,49.0,52.0,1.0,62.0,186.0,62.0
root_child_0_child_0_child_0_child_1_child_1_child_1_child_0_child_0_child_1_child_1|leaf,330,0.74077,330,0.74077,329,MZ477792.1,50,0.751244,327,327,49,-112.40114969212819,-2.2939010141250646,-1.4350399149338156,-1.4350399149338156,-3.5657974925176648,-1.1885991641725548,3,Q498L;K458R;T470I,N501Y,1,D138Y;N501Y;D614G;H655Y,4,D614G;N501Y,2,N331C:-2.6574;I332L:-2.4919;N334V:-1.9926;F338E:-3.0041;T345A:-1.8664;S349R:-1.9652;K356Y:-1.7147;R357V:-1.6007;D364A:-2.8198;Y365V:-3.4816;N370T:-2.6435;F374C:-2.8283;T385N:-2.6302;C391Y:-4.4373;S399G:-2.6929;I402G:-2.5120;G404E:-1.8275;D405I:-1.6062;D420L:-1.5687;N422L:-3.1081;P426D:-2.2753;N437S:-2.2393;S443N:-1.7859;Y449L:-1.5400;N450F:-1.4575;R454L:-1.8137;R457S:-1.7278;K458R:-1.2139;S459K:-1.3663;E465I:-1.7659;S469E:-1.7993;T470I:-1.2259;C480F:-1.6586;V483G:-1.6543;N487Y:-1.7183;C488S:-2.1537;S494N:-1.4977;Q498L:-1.1260;T500G:-1.6884;N501Y:-1.4350;Y505L:-1.7403;Y508S:-2.6816;V512F:-3.7708;P521K:-3.0410;V524G:-4.1764;C525A:-4.2230;G526V:-3.8998;P527L:-3.2639;S530N:-3.0123,L5F;S12F;Y28S;F43V;S45L;V47L;S50D;L54F;L56F;F59V;V62I;H66D;A67V;I68S;V70G;S71T;I101G;R102G;W104F;F106T;G107D;T109D;A123N;T124I;V127Q;V130E;E132D;C136P;D138Y;L141D;K150S;E156G;V159N;Y160V;P174I;F175M;M177K;G181Q;Q183V;N188F;P209N;F220A;E224I;L226V;L229N;I231M;G232I;I235Q;T236Q;R237L;T240A;R246P;P251S;G252S;D253A;S256A;W258A;T259G;Y269Q;L270P;R273K;K278T;Y279D;G283I;D287A;C291A;P295C;L296E;L303G;T315P;R319Q;V327P;F329N;N331C;I332L;N334V;F338E;T345A;S349R;K356Y;R357V;D364A;Y365V;N370T;F374C;T385N;C391Y;S399G;I402G;G404E;D405I;D420L;N422L;P426D;N437S;S443N;Y449L;N450F;R454L;R457S;K458R;S459K;E465I;S469E;T470I;C480F;V483G;N487Y;C488S;S494N;Q498L;T500G;N501Y;Y505L;Y508S;V512F;P521K;V524G;C525A;G526V;P527L;S530N;L533C;K535N;G545K;G550P;V551T;L552S;E554N;F559I;Q563F;Q564R;I569D;A570T;D571T;D574L;R577L;D586S;S591P;G593S;P600N;A609G;D614G;N616P;E619D;A623Q;H625P;L629T;T630R;T632R;V635S;Y636G;T638N;F643T;Q644A;R646I;G648A;G652K;H655Y;A668S;T676N;R682I;R685V;S689G;M697N;S698H;L699A;A706S;N709I;N710F;I714T;V722P;T732C;K733C;V736D;C738S;M740I;C743L;D745E;L753Y;L754F;G757T;F759N;C760G;T761N;Q762L;N764A;A766G;L767G;G769D;V772I;D775N;A783I;Q787K;T791F;P792K;I794D;K795F;G799N;N801S;F802D;S810P;P812I;L828K;A829T;Y837D;G838D;D843C;I844E;D848I;L849K;A852F;L858V;P862D;P863L;T866E;D867Q;A871Y;T874G;G880T;T881A;T883G;G889A;A893F;F898A;M900G;R905N;F906Q;G908L;Q913N;N914Q;V915Q;E918Q;I923N;N925I;Q926I;F927G;S929G;I931K;G932L;I934A;D936S;S939T;A942K;A944K;L945K;Q949V;D950V;Q957N;I973D;L984A;E990A;Q992T;L996G;T998L;G999Q;L1001T;Q1005V;T1009Q;Q1010E;A1015L;R1019L;L1024A;A1025S;K1028L;C1032Q;K1038G;R1039H;G1046H;A1056H;A1070T;F1075T;P1079A;H1083C;F1089P;E1092F;V1094F;N1098T;F1103T;Q1106P;P1112F;T1116D;N1119F;T1120N;V1122G;I1130V;G1131N;N1134P;D1139L;P1143L;S1147Y;E1150H;K1154N;Y1155K;F1156S;T1160V;V1164G;D1165I;G1167I;A1174Q;V1176I;V1177K;N1178Q;K1181N;D1184N;V1189N;N1192E;E1195L;I1198K;E1202K;K1205I;E1207D;L1218F;F1220I;A1222V;I1227V;T1231M;C1235M;S1239C;L1244C;C1253K;F1256V;D1259E;S1261G;E1262V;L1265Y;G1267L,60.0,56.0,1.0,233.0,186.0,74.0
root_child_1_child_1_child_0_child_1_child_1_child_0_child_1_child_1|leaf,330,0.74077,330,0.74077,329,MZ477792.1,53,0.736318,327,327,52,-114.3935865910501,-2.1998766652125026,-1.4350399149338156,-1.4350399149338156,-3.398818879050876,-1.132939626350292,3,T500R;K529V;Q498T,N501Y,1,D138Y;N501Y;V1176F,3,N501Y,1,N334V:-1.9926;L335V:-1.9854;T345W:-1.9163;N354I:-1.5971;R355T:-2.6817;R357A:-1.8201;V362N:-2.4511;D364Y:-2.7447;V367Y:-2.6067;L368F:-2.4135;C379T:-4.2015;S383N:-3.5369;T385N:-2.6302;D389C:-2.9995;C391T:-4.3715;Y396V:-3.1342;S399D:-2.3761;I402D:-2.0407;R403E:-1.4411;D405V:-1.6049;R408I:-1.6834;G413D:-1.9963;D420Y:-2.0724;Y421K:-2.1591;N422L:-3.1081;L425D:-2.9019;D428T:-2.0746;A435N:-3.1173;N437K:-2.2823;N439T:-1.7466;S443Y:-1.8219;Y449S:-1.7609;R457S:-1.7278;N460Y:-1.4220;K462L:-1.4119;P463D:-2.2807;S469I:-1.7468;I472A:-1.4999;A475F:-1.4114;N487G:-1.3894;Y489P:-1.7629;Q498T:-1.1903;T500R:-1.0382;N501Y:-1.4350;V503Y:-1.6807;G504P:-1.9402;Q506V:-2.3494;R509V:-2.2683;F515L:-3.1924;L518P:-3.2451;K529V:-1.1703;T531D:-2.9604,R21S;Y28L;T29F;F32V;T33V;R34Y;F43S;L48Q;T51L;F65R;H69G;K77D;P85M;N87S;V90E;Y91S;F92I;A93I;K97N;N99I;G103I;W104I;G107T;K113I;T114I;D138Y;W152N;S162F;A163E;G181Q;G184F;F186E;R190I;E191V;I197G;F201Y;K202H;H207V;I210G;Q218L;F220D;E224D;P230G;N234F;I235R;T236F;R237L;F238N;Q239R;S247L;Y248V;P251S;G252W;D253T;S255C;A260C;A262V;A263Q;V267L;Q271L;F275L;L276E;K278T;N282D;T286A;A288C;C291S;A292N;T302S;V308K;K310S;F318S;T323N;E324P;S325R;V327P;R328P;N334V;L335V;T345W;N354I;R355T;R357A;V362N;D364Y;V367Y;L368F;C379T;S383N;T385N;D389C;C391T;Y396V;S399D;I402D;R403E;D405V;R408I;G413D;D420Y;Y421K;N422L;L425D;D428T;A435N;N437K;N439T;S443Y;Y449S;R457S;N460Y;K462L;P463D;S469I;I472A;A475F;N487G;Y489P;Q498T;T500R;N501Y;V503Y;G504P;Q506V;R509V;F515L;L518P;K529V;T531D;V534K;N540L;F541K;N544L;G545S;L546V;T549Q;V551N;S555L;F559D;Q563F;A575R;L582I;D586T;F592I;V595N;V597N;I598G;T599P;G601V;T604V;D614Y;N616P;V620A;V622D;D627P;R634S;T638S;V642L;Q644C;T645E;G648A;H655E;S659T;Y660C;C662I;D663Q;I664G;A668Q;S680A;R683S;A688M;A694L;Y695G;S698A;Y707A;N709I;N710I;T716S;T723D;T724K;E725L;I726S;M731V;K733I;S735C;T739D;C743K;L754F;C760T;T761L;R765I;G769E;E773V;N777V;Q784K;V785I;Y789I;K790Y;P792F;F800I;N801S;Q804S;I805P;L806D;S810P;P812R;K814D;E819R;A829Q;G838E;C840L;G842A;D843A;A845I;Q853G;V860P;M869Q;Y873L;T874A;T883G;G885T;T887A;F888G;G889F;A890L;A892F;A893N;Q895P;I896A;Q901N;M902Y;A903F;Y904I;N907G;I909V;L916Q;E918A;N919L;F927G;N928L;G932L;T941L;K947D;Q954T;V963F;S968V;F970A;G971I;S974L;N978K;D985E;E990Q;Q992D;Y1007I;R1014I;E1017A;I1018L;L1024A;A1025E;A1026M;M1029G;V1033Q;D1041G;G1046S;H1048S;M1050A;P1053A;S1055H;P1057F;H1058M;G1059H;V1061T;F1062T;C1082V;K1086E;E1092S;S1097T;G1099F;H1101F;W1102V;Q1106P;N1108Q;P1112I;Q1113V;T1116N;D1118T;N1125D;C1126G;D1127V;V1129G;G1131E;N1134P;P1140Q;L1145S;D1146F;K1149L;K1154H;H1159D;V1164L;G1171N;S1175I;V1176F;Q1180R;K1181D;L1186A;N1192E;N1194D;L1200G;L1203K;Y1206K;E1207I;L1218F;F1220V;I1221G;G1223A;V1228I;M1233T;L1234S;C1240K;C1243S;C1247S;S1249G;C1253D;K1255S;D1260E;V1264L;V1268H,74.0,7.0,1.0,210.0,186.0,122.0
root_child_1_child_0_child_1_child_1_child_0_child_1_child_1|leaf,330,0.74077,330,0.74077,329,MZ477792.1,53,0.736318,330,330,52,-123.50438345029083,-2.375084297120978,-1.4350399149338156,-1.4350399149338156,-4.186349020421273,-1.0465872551053184,4,L455R;I472P;Q493S;K458N,N501Y,1,L18F;D138Y;N501Y;D614G;H655Y;V1176F,6,D614G;N501Y,2,A344R:-1.7712;F347V:-2.4887;W353K:-2.7975;R355C:-2.6504;R357Y:-1.7761;I358A:-3.6508;A372S:-1.2799;S373N:-2.2359;K378G:-2.1692;C379S:-4.1288;K386F:-3.0381;L390F:-3.7098;C391V:-4.2249;F392S:-3.6929;A397S:-3.4311;D398V:-3.2640;D405P:-1.7197;E406A:-1.7581;R408I:-1.6834;A411N:-2.9595;G413D:-1.9963;T415D:-2.1907;I418D:-2.5883;A419L:-3.0512;Y421K:-2.1591;Y423L:-3.4325;L425D:-2.9019;C432R:-3.6057;A435N:-3.1173;N440D:-1.3369;S443V:-1.3660;G446Y:-1.4345;N448Y:-2.3452;Y449S:-1.7609;L455R:-0.7754;R457P:-1.7140;K458N:-1.1730;D467G:-1.3684;I472P:-1.0885;G485Y:-1.5747;N487Y:-1.7183;Y489G:-1.9465;Q493S:-1.1494;N501Y:-1.4350;G504P:-1.9402;Y505P:-2.0928;P507V:-2.2527;Y508L:-2.3545;V512F:-3.7708;L518T:-2.9831;A520G:-3.1867;P527L:-3.2639,P9E;L18F;R21S;F43S;S46H;T51L;I68T;V70G;S71R;T73G;N74T;K77F;N81F;V83F;P85K;N87Y;D88Y;T109D;K113S;Q115L;S116V;V126K;C136L;D138Y;Y145N;E156G;F157R;V159S;Y160N;S162C;C166F;Q173M;F175D;L179N;K182G;G184F;N185E;F186N;N188S;L189E;E191V;K202Y;H207P;V213G;F220A;L229I;P230T;I231N;I235S;T236A;T250G;P251D;W258Y;G268D;K278Y;G283V;T286A;D290L;C291S;L293N;K300S;F306E;V308K;K310C;I312Q;T315F;S316P;R319F;A344R;F347V;W353K;R355C;R357Y;I358A;A372S;S373N;K378G;C379S;K386F;L390F;C391V;F392S;A397S;D398V;D405P;E406A;R408I;A411N;G413D;T415D;I418D;A419L;Y421K;Y423L;L425D;C432R;A435N;N440D;S443V;G446Y;N448Y;Y449S;L455R;R457P;K458N;D467G;I472P;G485Y;N487Y;Y489G;Q493S;N501Y;G504P;Y505P;P507V;Y508L;V512F;L518T;A520G;P527L;L533K;K537F;T549Q;I569D;D571T;R577L;L582T;L585S;P589F;G593T;S605Q;D614G;C617V;T618Q;L629V;W633Y;Y636N;S637G;T638R;N641C;F643I;T645E;G648I;C649P;L650T;A653V;H655Y;Y660G;E661G;C662I;D663A;I670S;C671T;A672Y;T676R;N679A;R682A;I693Y;A694S;M697E;N703A;N710I;V722S;T724P;M731D;D737I;C738G;C743D;D745E;N751L;L754I;Q755S;F759T;Q762E;N764A;I770M;Q779K;F782I;I788L;P793V;K795S;F797S;G799I;F800I;N801Q;F802Q;Q804S;L806P;S810R;P812F;K814E;F817V;N824V;V826K;G832Q;F833K;C840L;G842A;D843L;I850Q;A852V;K854T;N856V;L858P;T866D;E868T;M869Q;Y873I;T881S;T883G;F888A;A890I;F898R;M902L;R905G;F906Q;N907L;G908L;Y917Q;E918A;N919A;K921Q;L922N;F927N;N928K;S929G;A930L;G932Q;I934Q;Q935L;D936L;T941A;G946V;K947N;L948Q;Q949V;D950N;V951H;V952N;L959T;T961K;V963F;S967E;F970M;G971I;A972S;S974V;S975I;L977N;N978K;S982E;R983V;I993P;D994I;R995T;Y1007L;A1015I;E1017A;I1018L;S1021L;N1023A;L1024A;A1025T;K1028Q;E1031V;L1034D;G1035S;K1038V;V1040P;D1041N;G1046L;M1050A;P1053A;Q1054A;V1061L;L1063T;H1064S;V1068K;E1072N;T1076K;T1077G;G1085A;A1087R;R1091V;E1092S;S1097T;W1102Q;Q1106I;N1108Q;F1109A;P1112I;I1115T;T1117C;C1126A;I1130Y;G1131D;V1137P;P1140D;S1147D;K1149E;D1153Y;K1154H;H1159D;V1164N;D1168G;S1175I;V1176F;I1179E;V1189C;L1193E;E1195L;S1196L;Y1206Q;E1207I;W1212Y;I1216V;L1218F;F1220A;A1222L;I1225V;L1234C;C1236Y;T1238C;C1240G;L1244G;G1246C;C1248H;S1249K;S1252D;C1253K,148.0,141.0,1.0,115.0,186.0,122.0
root_child_1_child_1_child_1_child_1_child_0_child_1_child_1_child_1|leaf,330,0.74077,330,0.74077,329,MZ477792.1,51,0.746269,329,329,50,-123.76916297296819,-2.4753832594593645,-1.4350399149338156,-1.4350399149338156,-5.489252500606392,-1.0978505001212784,5,G446D;L455K;Q474G;S459E;I472Q,N501Y,1,D138Y;N501Y;D614G;H655Y;V1176F,5,D614G;N501Y,2,I332L:-2.4919;L335V:-1.9854;F338E:-3.0041;V341A:-3.0576;T345W:-1.9163;S349N:-1.8600;I358Y:-3.5910;A363S:-3.7040;Y365N:-3.4376;L368P:-2.9700;A372F:-1.3989;K378D:-2.1911;G381T:-3.6343;L387C:-3.8029;N388F:-2.6581;C391T:-4.3715;T393S:-2.3504;V395S:-3.7400;G404Q:-2.1394;R408I:-1.6834;G413D:-1.9963;I418Y:-3.0351;N422D:-3.1461;L425D:-2.9019;D428T:-2.0746;C432T:-4.2551;V433L:-3.1623;A435D:-2.8872;L441S:-1.3553;G446D:-0.9560;Y449S:-1.7609;L455K:-1.0570;F456L:-1.4342;R457P:-1.7140;S459E:-1.2030;R466A:-1.4586;D467C:-1.9287;I472Q:-1.2159;Q474G:-1.0573;N487Y:-1.7183;Y495P:-2.7644;F497T:-2.1204;T500G:-1.6884;N501Y:-1.4350;G504P:-1.9402;V511F:-3.2371;V512H:-3.2491;C525T:-4.2054;G526T:-3.8718;S530V:-2.9517,F2V;L18Y;R21S;L24S;Y37D;F43E;T51L;Q52F;F59V;S60T;H69N;T76N;F79L;V83D;N87S;V90F;W104I;G107T;D111T;K113I;S116L;A123K;I128L;F133D;Q134N;D138Y;F140D;Y144K;E154Y;F157S;N164Y;C166F;E169Y;G181F;Q183N;G184F;F186I;N188E;I197G;Y200I;F201Y;I210D;N211L;P217G;Q218E;F220D;S221D;G232N;I235H;T236F;F238Q;L242T;L249S;P251S;D253S;G261Y;A263G;L276Y;N280I;T286A;D287V;A288C;C291S;L296S;E298L;L303G;S305V;F306V;K310S;T315N;V320S;Q321P;E324T;I332L;L335V;F338E;V341A;T345W;S349N;I358Y;A363S;Y365N;L368P;A372F;K378D;G381T;L387C;N388F;C391T;T393S;V395S;G404Q;R408I;G413D;I418Y;N422D;L425D;D428T;C432T;V433L;A435D;L441S;G446D;Y449S;L455K;F456L;R457P;S459E;R466A;D467C;I472Q;Q474G;N487Y;Y495P;F497T;T500G;N501Y;G504P;V511F;V512H;C525T;G526T;S530V;V534N;F541L;L546G;T549Q;G550T;K557L;F559D;F562I;Q563I;G566D;D568I;D574V;A575P;P579T;L582I;D586T;T588C;P589G;S591T;F592T;G594P;V595G;N606A;A609G;L611S;D614G;T618V;A626V;L629P;R634Y;N641V;F643I;T645E;G648I;I651V;G652N;A653S;H655Y;Y660A;D663Q;A668T;Q677N;R682A;A684S;S686Y;A688M;S689A;Q690I;A694M;T696S;G700Y;A706Y;Y707N;N710I;F718I;V722S;I726M;M731S;T734D;M740I;I742T;C743N;D745N;C749L;N751Y;L752Y;L754F;Q755S;C760A;T761L;R765T;T768A;E773V;V785K;Y789F;P792F;Q804S;I805D;L806P;R815I;L822K;F823L;T827G;A829I;K835L;Y837D;C840L;G842A;D843L;A845M;A846L;C851F;G857T;T859L;V860P;M869Q;Y873S;L878S;T883G;F888G;A890L;G891A;A893Q;Q895F;I896A;M900G;M902P;F906I;G910Q;L916Q;E918I;I923Q;N928L;S929I;G932I;K933Q;I934S;D950Q;V952A;Q957T;A958L;V963Q;K964G;F970A;G971I;N978K;I980A;D985E;Q992D;R995T;L1001S;S1003Y;Q1010R;L1012E;I1018L;R1019L;L1024A;A1025S;V1040D;G1046S;H1048Q;M1050S;P1053A;A1056N;H1058L;G1059Q;V1061T;I1081D;H1083G;G1085F;A1087S;F1089V;P1090G;E1092V;G1099W;N1108Q;P1112V;I1115N;T1120V;F1121D;V1122I;G1124A;C1126D;D1127V;G1131V;I1132N;N1134P;T1136D;D1139Q;S1147L;K1149L;K1154T;T1160L;V1164L;D1165N;I1169S;S1170I;G1171S;V1176F;I1179D;Q1180I;N1192I;E1195I;L1200E;E1207I;L1218F;G1219A;F1220A;L1224A;V1228I;I1232L;M1233T;C1235M;C1236Y;S1242K;C1243S;L1244G;C1250F;G1251D;C1253K;F1256K;D1259L;K1266S;G1267Y;V1268H;K1269H,150.0,211.0,1.0,182.0,186.0,88.0
root_child_1_child_0_child_0_child_1_child_0_child_1_child_1_child_1|leaf,330,0.74077,330,0.74077,329,MZ477792.1,57,0.716418,327,327,56,-126.0060888931401,-2.2501087302346443,-1.4350399149338156,-1.4350399149338156,-5.5904813797914645,-0.9317468966319108,6,K444G;L455R;E471K;R346A;Q498Y;N481V,N501Y,1,N501Y;D614G;H655Y;V1176F,4,D614G;N501Y,2,N331T:-2.4198;N334C:-2.3489;L335F:-2.4471;C336G:-4.1551;P337D:-2.0684;G339I:-2.0586;N343R:-1.9782;R346A:-0.9806;S349N:-1.8600;S359V:-3.1119;S371F:-1.9489;K378S:-1.9727;C379V:-4.0862;Y380K:-2.8656;K386F:-3.0381;L387D:-3.4025;N388F:-2.6581;V395Y:-3.8042;S399D:-2.3761;D405N:-1.7898;R408I:-1.6834;Q409A:-2.7239;A411G:-3.1893;G413D:-1.9963;I418G:-3.1226;A419L:-3.0512;D420Y:-2.0724;N422D:-3.1461;Y423F:-3.4819;L425D:-2.9019;D427V:-2.2239;W436K:-2.1526;S438C:-1.8681;L441S:-1.3553;K444G:-0.7259;N448R:-2.0016;R454L:-1.8137;L455R:-0.7754;R457E:-1.4052;P463E:-2.4290;D467Q:-1.7687;I468T:-1.4779;E471K:-0.8356;G476Y:-1.3284;N481V:-1.1660;V483F:-1.6538;N487L:-1.6381;Y495F:-2.3210;F497G:-2.6886;Q498Y:-1.1069;N501Y:-1.4350;G504P:-1.9402;Y508S:-2.6816;F515L:-3.1924;L517T:-3.4471;H519A:-1.8343,F4T;T19L;R21S;A27N;T33V;T51L;Q52F;K77F;P85N;F86D;D88A;F92K;K97N;W104G;K113S;Q115L;A123Q;Q134D;D138F;L141V;W152L;Y160F;G184F;N185E;F186L;L189F;Y200S;F201I;H207V;P209F;V213G;F220L;S221L;L223P;L229I;P230N;T250D;G257A;T259Y;V267G;Q271F;R273Y;T274N;F275K;L276Y;L277N;Y279V;E281I;T286A;D290L;C291S;S297T;S305Y;V308G;T315A;N317R;Q321V;I326F;N331T;N334C;L335F;C336G;P337D;G339I;N343R;R346A;S349N;S359V;S371F;K378S;C379V;Y380K;K386F;L387D;N388F;V395Y;S399D;D405N;R408I;Q409A;A411G;G413D;I418G;A419L;D420Y;N422D;Y423F;L425D;D427V;W436K;S438C;L441S;K444G;N448R;R454L;L455R;R457E;P463E;D467Q;I468T;E471K;G476Y;N481V;V483F;N487L;Y495F;F497G;Q498Y;N501Y;G504P;Y508S;F515L;L517T;H519A;L533F;T547L;T549Q;T553N;N556F;F559D;Q564I;F565R;D568T;D574P;V576Q;T581L;L582I;I584H;G593I;V595I;V597G;P600T;T602Q;N603A;Q607N;D614G;C617H;T618E;H625K;L629P;T645E;G648I;A653C;H655Y;N657E;E661D;C662A;D663A;G669I;I670N;C671Q;S673T;Q677T;R683I;A684Q;V687Y;A688Q;I693L;L699V;A701V;V705Y;N710I;S711I;T719S;T724I;E725P;I726T;P728T;M731T;C738S;E748N;C749L;L753G;Y756T;G757S;S758Q;C760R;T761N;N764A;T768A;G769D;A771E;E773D;D775N;T778V;Q779K;V781Q;A783V;Q784K;V785L;K786T;P793I;F802Q;Q804S;P807S;D808S;K811S;S813P;R815L;L822K;N824I;V826A;T827F;L828D;C840L;L841I;G842A;D843A;D848A;I850L;C851A;K854T;G857T;L858P;L864T;E868A;M869Q;T874G;L877I;T883G;G885T;W886A;T887G;A899Y;M902R;Y904I;R905G;F906Q;N907V;Y917K;N919A;L922N;Q926N;N928L;G932Q;K933Q;T941K;V951L;N953L;A958T;L959T;V963F;S967F;S968L;F970A;G971I;I973D;S974V;S975I;V976N;N978K;V987A;E988I;A989Q;D994I;R995T;L996T;I997S;T998Q;Y1007L;E1017N;I1018L;S1021N;L1024A;A1025T;M1029V;E1031V;S1037V;V1040P;F1042Y;L1049P;M1050A;P1053A;F1062H;V1065Y;Y1067A;V1068E;P1069Q;Q1071K;A1078R;C1082H;E1092S;V1096T;T1105N;Q1113V;T1117C;N1119G;C1126G;D1127V;G1131D;V1133N;N1134P;D1139S;L1145F;S1147D;K1149N;F1156N;H1159V;T1160V;S1161D;V1164N;G1167N;S1170I;S1175I;V1176F;V1177I;Q1180E;E1182N;V1189K;N1194G;S1196G;I1198Q;L1200Y;E1207I;W1212I;W1217F;F1220A;I1227C;M1233S;C1236Y;C1240S;L1244C;S1249K;C1253K;F1256D;L1265H;H1271T,163.0,27.0,1.0,9.0,186.0,189.0
root_child_0_child_1_child_0_child_1_child_1_child_0_child_1|leaf,330,0.74077,330,0.74077,329,MZ477792.1,52,0.741294,328,328,51,-128.42812599271969,-2.518198548876857,-1.4350399149338156,-1.4350399149338156,-4.069668367560778,-1.0174170918901946,4,K444G;G476K;T470N;Q493Y,N501Y,1,N501Y;D614G;H655Y;T1027I,4,D614G;N501Y,2,N331T:-2.4198;I332L:-2.4919;F347V:-2.4887;S349T:-2.4938;V350W:-3.2836;A352S:-2.3156;W353M:-3.3373;I358D:-3.1976;D364V:-2.7534;L368A:-3.1493;A372F:-1.3989;Y380V:-3.4191;G381Y:-3.7729;V382K:-3.2429;S383N:-3.5369;L387D:-3.4025;N388L:-2.8338;L390V:-3.7422;F400V:-3.5836;G404V:-2.2315;D405V:-1.6049;A411G:-3.1893;P412T:-3.3095;G413I:-2.5114;G416Y:-2.8096;Y421T:-2.7281;K424D:-2.2615;P426D:-2.2753;V433S:-3.2694;I434L:-2.3325;W436S:-2.5340;N437L:-2.3843;S443N:-1.7859;K444G:-0.7259;Y449L:-1.5400;K462R:-1.3394;T470N:-1.1629;G476K:-0.9661;C480F:-1.6586;G485S:-1.2865;N487L:-1.6381;Q493Y:-1.2148;F497V:-2.4700;N501Y:-1.4350;G504Q:-1.7347;Y505P:-2.0928;S514A:-3.5195;E516H:-2.8405;L518P:-3.2451;A520C:-3.7635;T523G:-3.7037,T19I;V36S;Y38V;K41S;Q52F;W64A;H69N;G75D;K77D;D88S;G89Y;T95I;K97P;I100G;I128S;N137P;D138L;F140D;K150L;W152L;E156S;F168S;Q173D;F175E;L176K;N188R;L189N;I197K;G199K;I203K;H207P;P209L;N211V;Q218E;L223P;E224V;I233R;N234L;I235Q;T236S;L244S;T250A;D253G;S256A;G261A;G268R;Q271R;L276E;L277H;D287L;A288D;C291S;L296C;T299K;T302G;F306I;S316F;N317V;R319S;V320T;Q321V;V327P;R328L;F329I;N331T;I332L;F347V;S349T;V350W;A352S;W353M;I358D;D364V;L368A;A372F;Y380V;G381Y;V382K;S383N;L387D;N388L;L390V;F400V;G404V;D405V;A411G;P412T;G413I;G416Y;Y421T;K424D;P426D;V433S;I434L;W436S;N437L;S443N;K444G;Y449L;K462R;T470N;G476K;C480F;G485S;N487L;Q493Y;F497V;N501Y;G504Q;Y505P;S514A;E516H;L518P;A520C;T523G;V539N;G550N;K558P;F559P;L560F;P561R;D568T;I569L;R577L;L585P;D586P;S591I;G593T;S596T;T599G;T602L;N603L;Q607V;V608N;D614G;N616K;C617E;E619V;V620A;V622I;Q628P;V635F;Y636N;G639T;R646G;G648A;C649I;L650Y;H655Y;V656S;E661D;G667C;S673T;N679A;P681S;S686A;S691A;I693T;Y695L;M697L;S698A;T716F;I720L;T723E;E725P;I726P;L727S;V729D;D737I;C743T;D745E;T747S;L752C;S758C;C760Q;L763T;A766K;K776F;N777Q;K795H;G798N;G799Q;F800I;N801P;Q804L;L806D;P807S;D808S;K811E;R815D;F817L;I818L;L822N;N824V;K825T;D830L;F833K;C840A;I844L;K854Y;L858P;L861D;P863L;M869A;Q872L;G880S;T881I;I882S;T883G;G885T;A903Y;F906Q;G910V;N914R;V915E;Q920L;K921A;L922A;Q926N;F927A;N928I;I931K;G932Q;K933T;S940A;A942K;L945K;K947V;L948N;Q949N;D950N;L959T;N960Q;Q965G;S967N;S968G;N969S;S974N;V976L;R983E;D985V;E988I;Q992I;D994I;T998L;G999Q;L1004Q;Q1005V;T1006A;Y1007V;I1018S;N1023E;L1024A;T1027I;E1031G;G1035R;D1041C;F1042S;G1044F;K1045H;Q1054G;S1055P;V1061H;L1063Y;Y1067E;E1072N;T1077H;A1080K;C1082D;H1083K;H1088R;E1092F;V1094S;N1098F;H1101Q;T1105Y;N1108Q;Y1110T;Q1113T;T1116S;D1118T;V1122G;D1127I;V1128G;G1131N;I1132N;V1133Y;N1134P;V1137Q;D1139Q;P1143F;D1146L;S1147Y;E1150D;T1160L;G1171A;A1174Q;V1176L;I1179K;I1183E;L1186V;V1189L;L1193E;E1195S;I1198E;E1202G;Y1206W;Q1208E;W1212L;W1214I;G1219L;V1228T;V1230M;I1232L;M1233C;S1242K;C1247S;C1250S;G1251C;C1253K;K1255E;D1259K;P1263V;L1265V;G1267K;V1268T;K1269Y;H1271T,177.0,232.0,1.0,66.0,186.0,99.0
root_child_0_child_1_child_0_child_0_child_1_child_0_child_0|leaf,330,0.74077,330,0.74077,329,MZ477792.1,63,0.686567,325,325,62,-150.09529780286076,-2.4208919000461413,-1.4350399149338156,-1.4350399149338156,-4.361924296239948,-1.090481074059987,4,G446D;Q493F;G485N;G476N,N501Y,1,N501Y;D614G,2,D614G;N501Y,2,I332L:-2.4919;F338E:-3.0041;N343S:-2.1596;A344S:-2.1548;S349T:-2.4938;V350W:-3.2836;R355S:-2.7188;K356V:-1.4673;I358D:-3.1976;N360Y:-2.7482;A363S:-3.7040;D364N:-2.2158;G381D:-3.2607;V382K:-3.2429;D389C:-2.9995;D398K:-3.2040;F400R:-2.7613;R403E:-1.4411;G404V:-2.2315;D405P:-1.7197;R408G:-1.9042;Q409A:-2.7239;I410G:-2.7830;A411G:-3.1893;P412T:-3.3095;G413I:-2.5114;G416Y:-2.8096;Y423P:-3.6399;D427F:-1.9055;F429C:-3.5231;T430V:-2.7553;V433S:-3.2694;N440G:-1.5856;S443Y:-1.8219;G446D:-0.9560;Y449L:-1.5400;R454N:-1.6636;S459F:-1.6356;N460E:-1.2688;F464Y:-1.7516;E465S:-1.8798;T470Y:-1.4028;G476N:-1.2255;C480F:-1.6586;G485N:-1.1326;Q493F:-1.0478;Y495T:-2.4456;F497V:-2.4700;N501Y:-1.4350;V503Y:-1.6807;G504Q:-1.7347;Y505V:-1.8256;Q506V:-2.3494;Y508S:-2.6816;V511S:-3.2348;S514A:-3.5195;E516V:-2.9086;H519A:-1.8343;V524G:-4.1764;C525L:-4.1255;K528S:-3.1179;S530C:-3.1615,V11I;C15I;D40F;S46H;W64I;H69C;K77D;G89Y;V90T;T95I;W104F;L110Q;S116N;L118A;T124V;I128S;E132F;V143N;K147W;K150L;S155F;E156S;N165F;F168Y;E169F;Q173M;P174E;L176D;N188E;L189F;F192I;N196D;I197K;G199I;Y200K;H207P;N211V;Q218S;E224V;G232I;I235Q;T236S;R246G;S247T;L249S;P251S;D253N;S256F;T259A;G268T;Q271R;R273L;L276E;L277Y;T286C;D287E;A288D;C291L;L293I;D294E;L296T;E298K;S305T;F306L;G311Y;Y313V;S316N;N317E;R319Q;V327L;I332L;F338E;N343S;A344S;S349T;V350W;R355S;K356V;I358D;N360Y;A363S;D364N;G381D;V382K;D389C;D398K;F400R;R403E;G404V;D405P;R408G;Q409A;I410G;A411G;P412T;G413I;G416Y;Y423P;D427F;F429C;T430V;V433S;N440G;S443Y;G446D;Y449L;R454N;S459F;N460E;F464Y;E465S;T470Y;G476N;C480F;G485N;Q493F;Y495T;F497V;N501Y;V503Y;G504Q;Y505V;Q506V;Y508S;V511S;S514A;E516V;H519A;V524G;C525L;K528S;S530C;V534N;V539N;N542G;G545T;G550N;S555L;K558P;L560F;P561R;Q564T;I569L;A575D;R577L;D586P;P589I;G593T;S596T;T599G;Q607V;V608N;D614G;C617E;P621I;V622I;W633M;V635F;Y636S;S640Q;A647G;G648I;C649N;L650A;H655S;V656S;N657S;E661D;A672Q;R683S;Q690S;S691A;I693T;A694G;Y695G;M697L;S704V;V705Y;P715N;T723E;E725T;D737G;C743S;G744S;D745E;E748N;L752C;L753G;L754S;S758C;R765A;A766K;T768I;K776T;N777F;F782D;Q784Y;V785I;T791F;P792N;K795H;D796G;G799D;N801S;P812R;S816I;I818L;L821F;N824V;K825T;L828D;A831Y;Y837D;C840A;G842R;I844A;A845I;K854V;L858P;L861P;P863L;M869A;G880I;T883G;S884W;G885M;F906Q;I909G;G910V;Q920L;Q926N;F927Q;N928A;I931D;G932Q;I934D;D936A;S937G;A942K;L945K;L948N;D950N;Q957L;L959T;N960L;L962K;Q965G;S967N;S968I;G971L;S974N;R983E;D985V;K986E;E990I;D994I;T998Q;L1001T;Q1005T;Y1007L;V1008E;I1013R;A1015E;A1022M;N1023A;L1024A;A1026E;T1027S;C1032L;D1041Y;F1042S;K1045P;M1050G;S1051G;F1052S;Q1054G;S1055P;G1059V;F1062K;T1066V;Y1067A;C1082D;H1083K;H1088V;P1090F;V1094N;W1102T;N1108Q;Q1113I;D1118G;G1124D;D1127I;G1131N;I1132D;N1134P;V1137Q;S1147Y;D1153G;K1154T;K1157D;T1160G;G1171A;V1176I;I1183V;L1186V;E1188L;V1189L;K1191N;E1195Q;D1199E;Y1206I;Q1208W;W1212L;Y1215W;I1216L;I1232C;S1242K;G1251C;C1253K;K1255E;F1256E;D1259K;P1263L;L1265V;V1268T,242.0,189.0,1.0,174.0,186.0,242.0
root_child_0_child_1_child_0_child_0_child_1_child_0_child_1|leaf,330,0.74077,330,0.74077,329,MZ477792.1,63,0.686567,325,325,62,-152.06324661369777,-2.45263300989835,-1.4350399149338156,-1.4350399149338156,-1.2254682686841742,-1.2254682686841742,1,G476N,N501Y,1,N501Y;D614G;V1176F,3,D614G;N501Y,2,I332L:-2.4919;P337E:-2.3435;F338E:-3.0041;N343S:-2.1596;A344S:-2.1548;S349T:-2.4938;V350W:-3.2836;Y351K:-2.2797;R355S:-2.7188;K356V:-1.4673;I358D:-3.1976;N360Y:-2.7482;A363S:-3.7040;D364N:-2.2158;T376G:-2.8501;D389C:-2.9995;D398K:-3.2040;F400R:-2.7613;I402R:-1.8248;R403E:-1.4411;G404V:-2.2315;D405P:-1.7197;R408G:-1.9042;Q409A:-2.7239;I410G:-2.7830;A411G:-3.1893;P412T:-3.3095;G413I:-2.5114;G416Y:-2.8096;Y423P:-3.6399;D427F:-1.9055;F429C:-3.5231;T430V:-2.7553;V433P:-3.4223;A435D:-2.8872;N440G:-1.5856;S443Y:-1.8219;Y449L:-1.5400;R454N:-1.6636;S459F:-1.6356;N460S:-1.5226;F464Y:-1.7516;E465S:-1.8798;T470Y:-1.4028;G476N:-1.2255;C480F:-1.6586;G485C:-1.6490;Y495T:-2.4456;F497V:-2.4700;N501Y:-1.4350;V503Y:-1.6807;G504Q:-1.7347;Y505V:-1.8256;Q506V:-2.3494;V511S:-3.2348;S514A:-3.5195;E516A:-2.9572;H519A:-1.8343;V524G:-4.1764;C525L:-4.1255;K528S:-3.1179;S530C:-3.1615,V11I;C15I;D40F;S46H;W64V;H69N;K77D;G89Y;V90T;T95I;L110Q;S116N;L118A;T124V;I128S;E132F;V143N;K147W;K150L;S155F;E156S;N165F;F168Y;E169F;S172P;Q173M;P174E;L176D;N188E;L189F;N196D;I197K;G199I;Y200K;I203T;H207P;T208I;Q218S;E224V;P225I;G232I;I235Q;T236S;L249S;P251S;D253N;S256F;T259A;A262L;G268T;Q271R;R273F;F275N;L276E;L277Y;D287L;A288D;C291L;A292T;D294E;P295E;L296E;E298K;S305T;F306L;G311Y;Y313Q;S316K;N317S;F318E;R319Q;V327L;I332L;P337E;F338E;N343S;A344S;S349T;V350W;Y351K;R355S;K356V;I358D;N360Y;A363S;D364N;T376G;D389C;D398K;F400R;I402R;R403E;G404V;D405P;R408G;Q409A;I410G;A411G;P412T;G413I;G416Y;Y423P;D427F;F429C;T430V;V433P;A435D;N440G;S443Y;Y449L;R454N;S459F;N460S;F464Y;E465S;T470Y;G476N;C480F;G485C;Y495T;F497V;N501Y;V503Y;G504Q;Y505V;Q506V;V511S;S514A;E516A;H519A;V524G;C525L;K528S;S530C;V534N;V539N;N542G;G545T;G550T;K558P;L560F;P561R;I569L;A575D;R577L;P589I;G593T;S596T;T599V;Q607V;V608N;Q613V;D614G;C617E;V620A;P621I;V622I;W633M;V635F;A647G;G648I;C649N;L650A;V656S;N657S;E661D;A672Q;R683S;Q690S;S691A;I693T;A694G;M697L;G700S;V705Y;P715N;T723E;E725T;D737G;M740I;C743S;G744S;D745N;E748N;L752C;L753G;L754S;S758C;A766K;T768I;K776T;N777F;F782D;Q784Y;V785I;I788T;T791F;P792N;K795H;D796G;G799F;F800I;N801S;I805P;P809F;P812F;S816I;I818L;N824V;K825T;L828D;A831Y;Y837D;C840A;I844A;A845I;K854V;L858P;L861P;P863L;M869A;S875A;G880F;T883G;S884W;G885M;A899R;F906Q;I909G;G910V;Q920L;Q926N;F927Q;N928A;I931D;G932Q;I934D;D936A;A942K;L945K;L948N;D950N;Q957L;L959T;N960L;L962K;Q965G;S967N;G971L;S974N;R983E;K986E;E990I;D994I;L1001T;Q1005T;Y1007L;V1008E;I1013R;A1015E;A1016E;A1022M;N1023A;L1024A;T1027S;C1032K;D1041C;F1042S;K1045P;M1050G;S1051G;F1052S;Q1054G;S1055P;G1059V;F1062K;T1066V;Y1067A;C1082D;H1083K;H1088V;P1090F;V1094N;W1102T;N1108Q;Q1113I;D1118G;T1120V;G1124D;D1127I;V1129T;I1132D;N1134P;V1137Q;S1147Y;D1153G;K1154T;T1160G;G1171A;S1175I;V1176F;I1183A;L1186V;V1189L;K1191N;E1195Q;I1198L;D1199E;Y1206I;Q1208E;W1212L;Y1215W;I1216L;A1226I;V1228T;S1242K;L1244G;G1251C;C1253K;K1255E;F1256E;D1259K;P1263L;L1265V;V1268T,245.0,205.0,1.0,247.0,186.0,242.0
root_child_1_child_0_child_1_child_0_child_1_child_0_child_0_child_1_child_1|leaf,331,0.739984,331,0.739984,330,MZ477792.1,48,0.761194,328,328,47,-106.14218571654308,-2.258344376947725,-1.4350399149338156,-1.4350399149338156,-6.662421755825153,-1.1104036259708587,6,L455R;Q498G;F490S;N481V;Q493Y;G476N,N501Y,1,L18F;N501Y;D614G;H655Y,4,D614G;N501Y,2,T333A:-2.0534;P337Y:-2.9858;N343R:-1.9782;W353K:-2.7975;R355C:-2.6504;Y365L:-2.8881;C379G:-4.2352;K386F:-3.0381;N388F:-2.6581;D398G:-3.2244;F400M:-2.8308;R403S:-1.3740;E406R:-1.3158;R408I:-1.6834;G413D:-1.9963;Q414Y:-2.3327;G416D:-1.6933;A419L:-3.0512;L425D:-2.9019;F429A:-3.0314;I434H:-2.0370;A435L:-3.3866;Y449F:-1.3317;L455R:-0.7754;R457P:-1.7140;L461E:-1.7119;K462L:-1.4119;F464S:-2.1239;R466Y:-1.8177;Y473A:-1.4869;G476N:-1.2255;P479A:-1.4502;N481V:-1.1660;N487Y:-1.7183;Y489P:-1.7629;F490S:-1.1427;Q493Y:-1.2148;Q498G:-1.1380;N501Y:-1.4350;G502Y:-1.9119;G504P:-1.9402;V510A:-3.1485;T523C:-3.7458;V524P:-4.1012;C525P:-4.2599;P527V:-3.1031;S530C:-3.1615,P9G;L10E;L18F;R21S;L24S;F32L;Y38K;F43S;T51L;L54F;L56F;H69G;V70T;S71R;T73W;K77F;R78D;D80P;N81F;L84F;P85D;D88V;I101G;G103F;G107T;K113S;T114I;S116V;N122F;C136L;V143H;E156G;V159S;Y160N;S162C;F168Y;Q173F;G184F;L189E;E191I;K195T;K202H;I203T;S205I;H207L;V213Q;R214D;F220D;L229I;P230G;T236L;Q239H;W258Y;G261Y;A263Y;Y266G;V267S;R273N;K278F;T286A;D290A;C291S;A292S;L293P;P295K;L296T;E298L;K304G;K310T;T315F;S316Q;P322S;T323F;T333A;P337Y;N343R;W353K;R355C;Y365L;C379G;K386F;N388F;D398G;F400M;R403S;E406R;R408I;G413D;Q414Y;G416D;A419L;L425D;F429A;I434H;A435L;Y449F;L455R;R457P;L461E;K462L;F464S;R466Y;Y473A;G476N;P479A;N481V;N487Y;Y489P;F490S;Q493Y;Q498G;N501Y;G502Y;G504P;V510A;T523C;V524P;C525P;P527V;S530C;N536C;N542T;F543L;N544L;G545T;T549E;F559L;G566V;P579E;Q580L;T581E;L582I;P589S;C590G;G593T;I598P;Q607T;L611G;D614G;A623P;I624W;A626L;L629P;T632R;R634S;N641F;T645L;G648I;L650T;I651A;A653S;H655Y;N658E;S659C;Y660G;C662A;D663Y;I664G;G667I;A668Y;I670A;Q690I;A694L;Y695E;S704I;Y707S;N710I;N717F;T724E;P728M;V736D;C738I;Y741L;C743D;S746E;E748N;N751L;L752Q;L754Q;C760T;N764G;R765Q;A766T;T768I;T778A;Q787G;P792F;G799S;F802Q;Q804I;L806D;K814E;S816I;E819L;V826A;T827K;G832C;Q836L;G838R;C840L;G842A;R847A;I850K;F855G;L858P;P863M;M869Q;A871Y;S875G;A876L;G880W;T883G;T887S;A892L;F898A;Q901F;M902L;R905G;F906Q;I909N;G910T;Y917Q;Q920I;K921Q;N925F;F927N;N928L;I931D;G932I;S939A;A956T;L959T;V963F;K964S;Q965I;L966K;S967F;N969G;F970A;G971I;S975I;N978D;D979L;L984A;E988Q;D994G;R995T;L996I;L1001S;S1003V;L1004Y;T1009K;R1014A;I1018L;R1019T;L1024A;A1025T;K1028E;E1031K;L1034V;V1040P;D1041Y;F1042H;K1045Q;M1050A;S1051P;P1053A;A1056V;L1063T;V1065E;Q1071I;E1072N;N1074A;T1077K;I1081D;A1087G;P1090E;R1091S;E1092S;T1100N;W1102N;T1105N;N1108I;P1112C;T1117C;G1124I;C1126G;V1128I;V1129G;G1131T;N1134P;Y1138E;L1141D;Q1142L;K1149L;D1153N;K1154H;Y1155N;H1159L;V1164N;S1170I;G1171A;I1172A;S1175Q;V1176R;I1179K;E1188L;N1194L;I1198D;E1207I;Q1208I;Y1209K;I1210G;W1212Y;W1217A;L1218F;F1220V;L1234C;C1235M;C1236Y;T1238L;G1246C;C1248S;S1249K;C1253K;C1254D;G1267K;L1270T,27.0,33.0,1.0,194.0,196.0,50.0
root_child_1_child_0_child_1_child_0_child_1_child_0_child_1|leaf,331,0.739984,331,0.739984,330,MZ477792.1,48,0.761194,330,330,47,-112.51024819510674,-2.393835067980995,-1.4350399149338156,-1.4350399149338156,-6.542901534001284,-1.090483589000214,6,L455R;G447R;Q498G;F490S;N481V;Q493Y,N501Y,1,D138Y;N501Y;D614G;H655Y,4,D614G;N501Y,2,N343R:-1.9782;V350A:-3.2598;W353K:-2.7975;R355C:-2.6504;Y365L:-2.8881;A372G:-1.5907;F377S:-3.0024;C379G:-4.2352;K386F:-3.0381;N388F:-2.6581;D389C:-2.9995;D398R:-3.0994;F400M:-2.8308;R403S:-1.3740;E406R:-1.3158;R408I:-1.6834;G413D:-1.9963;G416Y:-2.8096;A419L:-3.0512;L425H:-2.9382;V433N:-3.2052;I434H:-2.0370;A435L:-3.3866;G447R:-1.1059;Y449F:-1.3317;L455R:-0.7754;R457P:-1.7140;K462E:-1.3103;F464S:-2.1239;P479A:-1.4502;N481V:-1.1660;N487Y:-1.7183;F490S:-1.1427;Q493Y:-1.2148;Q498G:-1.1380;N501Y:-1.4350;G502K:-1.4302;G504P:-1.9402;R509S:-2.3844;F515S:-3.5787;L517T:-3.4471;T523C:-3.7458;V524P:-4.1012;C525P:-4.2599;P527V:-3.1031;S530C:-3.1615;T531K:-2.9066,L18V;R21S;L24S;F32L;Y37D;Y38K;F43S;T51L;L54P;F65M;H69G;V70T;S71R;T76P;K77F;R78D;D80P;P85D;D88V;A93S;I101G;G103F;I105L;K113S;T114I;S116V;N122T;T124I;I128C;E132N;C136L;D138Y;V143H;N148S;E156G;V159S;Y160N;S162C;C166F;F168Y;Q173F;M177N;G184F;L189E;E191I;K195T;G199Y;I203T;H207L;V213Q;G219F;F220D;P225N;L229I;P230G;I235L;T236L;Q239H;L249H;T250S;W258Y;G261Y;A262Y;Y265V;Y266G;V267S;K278F;T286A;V289D;D290A;C291S;A292S;L293E;P295K;K304G;V308T;T315F;T323R;N343R;V350A;W353K;R355C;Y365L;A372G;F377S;C379G;K386F;N388F;D389C;D398R;F400M;R403S;E406R;R408I;G413D;G416Y;A419L;L425H;V433N;I434H;A435L;G447R;Y449F;L455R;R457P;K462E;F464S;P479A;N481V;N487Y;F490S;Q493Y;Q498G;N501Y;G502K;G504P;R509S;F515S;L517T;T523C;V524P;C525P;P527V;S530C;T531K;V534N;N542G;N544L;G545T;L546T;T549Q;V551N;S555Q;K558N;F559L;P561G;Q564G;V576S;Q580L;T581E;L582I;L585G;I587C;T588S;C590G;F592V;G593T;I598P;L611G;D614G;V620I;A623Q;L629P;R634S;G639V;S640N;Q644A;T645E;G648I;L650I;I651A;G652C;A653H;H655Y;N658E;S659Q;Y660G;C662A;D663Y;I664G;G667I;S680R;A688S;N710I;N717V;T724E;P728M;Y741S;S746E;N751L;C760T;N764A;R765C;T768I;V772D;K776F;T778V;V781Q;Q784P;I794D;F802Q;Q804S;L806D;K814E;I818D;V826A;D830G;Q836G;G838R;C840L;R847A;I850A;K854F;L858P;P862L;M869Q;A871Y;S875G;T883G;A892L;F898R;M902L;R905N;F906Q;G908V;G910T;Y917Q;Q920I;K921I;F927N;N928L;G932Q;S939A;L945D;K947L;L959T;V963F;K964S;Q965A;L966K;S967F;N969G;F970A;G971I;S975I;N978D;R983K;L984A;E988V;D994I;R995T;L996I;G999Q;L1004Y;A1015E;E1017R;I1018L;R1019A;L1024A;A1025T;T1027C;E1031V;V1033L;K1038D;V1040P;K1045Q;M1050A;S1051P;P1053A;A1056V;L1063T;V1065E;E1072N;K1073T;N1074A;T1077K;A1080G;I1081D;A1087G;H1088P;F1089S;P1090V;R1091S;E1092H;V1094G;T1100N;W1102Q;F1103N;T1105N;N1108I;Y1110P;P1112C;T1117S;C1126G;D1127V;V1129G;G1131T;N1134P;T1136L;Y1138E;L1141D;Q1142E;K1149L;H1159L;V1164N;L1166G;I1169G;S1170I;I1172A;S1175I;V1176N;V1177Q;I1179K;E1188N;N1194E;S1196I;I1198D;Y1206Q;E1207I;Y1209K;I1210G;W1212Y;W1217A;L1218F;F1220V;M1229V;L1234C;C1235M;C1236Y;T1238L;G1246C;S1249K;C1253K;C1254D;E1258D;D1260E;S1261V;E1262L;G1267K;L1270T,61.0,161.0,1.0,175.0,196.0,50.0
root_child_1_child_0_child_0_child_0_child_0_child_0_child_0_child_1|leaf,331,0.739984,331,0.739984,330,MZ477792.1,48,0.761194,331,331,47,-114.7181707884423,-2.440812144434942,-1.4350399149338156,-1.4350399149338156,-2.993807313789745,-0.9979357712632484,3,L455R;G446N;F490Y,N501Y,1,P26S;D138Y;N501Y;D614G;H655Y;V1176F,6,D614G;N501Y,2,N331T:-2.4198;N334C:-2.3489;A352S:-2.3156;N354R:-1.2966;K356N:-2.0763;V362Y:-3.1662;Y365V:-3.4816;S371F:-1.9489;C379P:-4.2203;G381K:-2.8824;S383K:-3.1944;K386F:-3.0381;L387F:-3.9116;N388F:-2.6581;C391S:-4.3405;D398G:-3.2244;S399D:-2.3761;E406P:-1.8268;I410N:-2.6030;G413D:-1.9963;I418R:-2.4418;A419L:-3.0512;N422T:-3.2782;L425D:-2.9019;V433A:-3.4829;N439S:-1.6521;G446N:-1.0781;Y449S:-1.7609;L455R:-0.7754;R457P:-1.7140;R466D:-1.9342;D467S:-1.7135;S469A:-1.7729;G485S:-1.2865;N487Y:-1.7183;Y489L:-1.9101;F490Y:-1.1402;L492F:-2.2180;Y495T:-2.4456;F497V:-2.4700;N501Y:-1.4350;G504P:-1.9402;P507R:-1.9179;R509E:-2.3699;V512L:-3.8192;L513P:-3.6085;A520V:-3.5556,R21S;P26S;R34V;Y38K;T51L;Q52F;F58N;K77A;D80P;V83F;P85L;D88Y;V90T;T95K;S98N;I100S;K113S;N121A;A123Q;F133D;C136D;D138Y;P139L;F140L;L141V;N149S;M153F;E156S;Y160N;V171S;L176K;G184R;K187L;E191I;K195D;Y200K;F201K;S205T;K206T;T208D;V213G;L216F;F220D;E224D;L229I;P230F;G232N;I235S;R237A;T240A;A243Y;P251D;D253S;A263Y;Y269Q;E281G;G283D;T286A;D290A;A292D;L296G;C301F;L303F;K304F;S305T;F306I;V308T;T315V;S316F;R319E;V320S;Q321E;P322I;N331T;N334C;A352S;N354R;K356N;V362Y;Y365V;S371F;C379P;G381K;S383K;K386F;L387F;N388F;C391S;D398G;S399D;E406P;I410N;G413D;I418R;A419L;N422T;L425D;V433A;N439S;G446N;Y449S;L455R;R457P;R466D;D467S;S469A;G485S;N487Y;Y489L;F490Y;L492F;Y495T;F497V;N501Y;G504P;P507R;R509E;V512L;L513P;A520V;N532C;L533N;N536G;T549Q;N556F;K557F;F559D;F565R;R577L;T581D;L582T;I584T;P589G;C590I;F592V;G594P;P600N;Q613S;D614G;N616E;E619P;V622I;W633Y;T638F;G639S;T645E;R646G;G648V;L650N;A653N;H655Y;V656C;N658C;E661D;C662A;D663I;A668T;G669A;A672Y;S680R;R682A;A684Q;S686A;Q690I;I692Y;M697G;G700S;E702S;N709S;N710I;N717I;V722T;T723V;I726V;S730T;K733Y;C738Y;M740G;T747S;C749L;N751F;L752Q;L753Y;S758L;N764A;R765T;A766G;V772E;V785T;K786I;Q787K;I794D;K795F;F802Q;Q804S;P809I;P812K;K814L;R815E;N824F;T827G;A829K;D830Y;G832K;Q836G;C840L;G842V;D843R;A845R;R847A;C851Q;A852L;L858P;L864T;M869Q;T874G;A879T;G880W;T883G;G885T;W886G;T887A;I896Y;P897A;A899Q;Q901F;A903N;R905G;F906Q;V911Y;Y917Q;N919I;N928L;A930Q;G932Q;T941A;L959T;N960L;L962F;V963F;Q965S;L966G;S967F;S968F;F970A;G971I;S975I;V976N;N978L;K986E;D994R;R995T;L996G;L1001Y;L1012E;E1017S;I1018L;S1021N;L1024S;A1025T;A1026Q;K1028S;M1029V;E1031S;C1032G;L1034G;S1037F;V1040L;D1041G;F1042H;M1050S;P1053A;P1057E;H1064Y;T1066I;P1069F;K1073P;H1088D;E1092S;V1096T;H1101F;R1107Y;F1109E;T1117C;D1118S;N1125G;C1126G;G1131D;N1134P;D1146L;K1149L;Y1155T;F1156N;N1158S;H1159L;S1161I;V1164N;N1173F;S1175I;V1176F;K1181I;I1183N;D1184R;R1185N;S1196I;Q1201G;G1204E;K1205P;Y1206W;E1207I;Q1208P;Y1209W;K1211Y;W1212Y;W1217I;L1218F;F1220A;I1232L;C1236R;C1241G;G1246C;C1247G;S1249K;G1251F;S1252C;C1253K;C1254M;D1260G;P1263V;G1267T;V1268L,76.0,197.0,1.0,51.0,196.0,50.0
root_child_1_child_0_child_0_child_0_child_0_child_1_child_1_child_1|leaf,331,0.739984,331,0.739984,330,MZ477792.1,54,0.731343,331,331,53,-136.53756435580567,-2.5761804595435027,-1.4350399149338156,-1.4350399149338156,-0.7754441985000973,-0.7754441985000973,1,L455R,N501Y,1,P26S;D138Y;N501Y;D614G;H655Y;V1176F,6,D614G;N501Y,2,N331T:-2.4198;N334C:-2.3489;F338E:-3.0041;N354R:-1.2966;R355C:-2.6504;I358V:-3.2129;V362Y:-3.1662;Y365V:-3.4816;S371A:-2.2972;C379P:-4.2203;S383K:-3.1944;T385C:-2.6549;K386F:-3.0381;L387F:-3.9116;N388F:-2.6581;L390V:-3.7422;C391S:-4.3405;D398G:-3.2244;S399D:-2.3761;F400D:-3.0072;R403D:-1.4625;D405N:-1.7898;V407G:-2.9996;I410N:-2.6030;G413D:-1.9963;I418R:-2.4418;A419L:-3.0512;N422T:-3.2782;L425D:-2.9019;V433N:-3.2052;N439S:-1.6521;Y449S:-1.7609;R454F:-1.7941;L455R:-0.7754;R457P:-1.7140;K462I:-1.4277;F464T:-2.2843;R466D:-1.9342;D467T:-1.8071;S469T:-1.5835;G485Y:-1.5747;N487Y:-1.7183;Y495T:-2.4456;N501Y:-1.4350;G504P:-1.9402;Q506F:-2.2348;P507R:-1.9179;Y508R:-2.0833;V512L:-3.8192;A520C:-3.7635;A522P:-3.6749;G526S:-3.8682;P527S:-3.3537,V16S;R21S;P26S;A27N;R34V;Y38K;T51L;Q52F;L54F;F65I;K77F;D80P;V83F;P85L;D88Y;V90T;Y91A;F92S;S98N;I100S;T108L;K113S;A123Q;V126C;F133D;D138Y;P139L;F140L;L141V;G142R;K147W;W152L;Y160N;V171F;L176D;D178Y;G184F;L189R;G199K;Y200K;K206T;V213G;G219L;F220D;L229I;I231F;G232N;I235S;R237A;A243D;Y248S;G252D;D253S;G268Y;Y269Q;Q271L;P272F;K278E;E281G;N282T;G283D;T286A;A288L;D290A;A292D;C301F;L303F;F306I;T307Y;S325V;N331T;N334C;F338E;N354R;R355C;I358V;V362Y;Y365V;S371A;C379P;S383K;T385C;K386F;L387F;N388F;L390V;C391S;D398G;S399D;F400D;R403D;D405N;V407G;I410N;G413D;I418R;A419L;N422T;L425D;V433N;N439S;Y449S;R454F;L455R;R457P;K462I;F464T;R466D;D467T;S469T;G485Y;N487Y;Y495T;N501Y;G504P;Q506F;P507R;Y508R;V512L;A520C;A522P;G526S;P527S;N532C;V539F;F541L;T549Q;G550T;T553S;E554S;F559D;F565R;D574L;T581D;L582I;I584P;F592V;P600N;Q613E;D614G;C617A;V622I;T638F;F643R;T645E;R646G;G648I;A653N;E654V;H655Y;N658C;E661D;C662A;D663Y;I664G;G667A;A668C;G669V;A672Y;S680R;P681V;A684Q;R685V;S686A;I693L;Y695E;M697G;G700Y;E702S;V705S;N710I;S721T;T723V;I726T;S730T;V736T;Y741C;D745S;T747S;E748N;N751F;L752Q;L753G;S758L;N764A;R765T;V772Q;Q774F;Q779K;V785T;K786P;Q787K;Y789N;T791P;I794D;K795F;F802Q;Q804S;D808S;P809I;P812K;K814L;R815E;T827I;A829K;Q836G;C840L;L841I;G842A;D843R;A845R;A846D;R847A;A852L;L858P;L861P;L864T;D867Y;E868Y;M869Q;T874G;G880W;T883G;W886G;F888Q;Q895F;I896Y;P897A;Q901M;R905G;F906Q;N907T;V911Y;N914Q;L916E;Y917Q;K921I;I923Q;A930Q;G932Q;K933D;L945N;L959T;N960L;L962S;V963F;K964A;L966N;S967F;S968F;F970A;G971I;S975N;N978R;D979A;R983Q;K986E;D994R;R995T;G999S;Q1002L;T1006Q;L1012E;I1018F;S1021N;L1024S;A1025T;K1028S;M1029V;E1031V;C1032D;G1035V;S1037F;V1040P;D1041G;C1043M;M1050S;P1053A;P1057T;V1060T;T1066I;E1072N;K1073T;A1078R;C1082D;K1086I;H1088P;E1092S;V1096T;S1097F;T1100F;H1101Y;T1117C;D1118H;N1119F;F1121D;N1125G;C1126G;G1131D;N1134P;L1145S;K1149L;H1159S;S1161I;V1164D;G1171S;S1175I;V1176F;I1179K;R1185N;Y1206W;E1207Y;Q1208P;Y1209K;W1212I;W1214I;Y1215W;I1216L;L1218F;F1220A;I1232L;C1235M;C1236R;S1242C;S1249K;G1251F;S1252C;C1253K;D1257K;E1258V;V1268T,208.0,243.0,1.0,2.0,196.0,141.0
root_child_0_child_0_child_0_child_0_child_1_child_1_child_1_child_0_child_0|leaf,331,0.739984,331,0.739984,330,MZ477792.1,58,0.711443,328,328,56,-140.30247615521657,-2.505401359914582,,,-7.605764535710389,-1.0865377908157698,7,K444Y;N501V;E340K;Q498V;F490S;N481V;K458R,,0,D138Y;D614G;H655Y;T1027I,4,D614G,1,N331C:-2.6574;T333N:-2.0435;P337N:-2.2448;E340K:-1.0697;V341N:-2.6586;T345Y:-2.0228;S349R:-1.9652;V350A:-3.2598;W353S:-3.2987;N360V:-2.5934;A363S:-3.7040;V367Y:-2.6067;N370T:-2.6435;A372C:-1.5642;S373P:-1.9078;F374T:-2.2571;S375F:-2.1605;T376G:-2.8501;K378G:-2.1692;G381S:-3.6522;S383I:-3.3518;K386T:-3.0716;D389G:-2.5211;L390V:-3.7422;C391D:-3.9020;T393D:-2.3590;A397F:-3.4911;V401R:-1.5520;I402G:-2.5120;N422D:-3.1461;P426D:-2.2753;F429G:-3.4790;V433K:-2.9060;A435S:-2.7871;N437S:-2.2393;K444Y:-0.8725;Y449L:-1.5400;K458R:-1.2139;S469A:-1.7729;G476V:-1.4574;C480F:-1.6586;N481V:-1.1660;C488S:-2.1537;F490S:-1.1427;P491F:-1.7373;Q498V:-1.0898;N501V:-1.0510;Q506H:-2.2788;V512L:-3.8192;F515T:-3.5647;P521G:-3.6874;V524S:-3.9754;C525S:-4.2948;P527L:-3.2639;S530N:-3.0123;T531L:-2.8851,L7G;Y28S;Y38K;F43S;L56I;F59V;A67V;I68T;S71K;T73F;T76I;R78N;P82F;V83L;V90T;F92P;A93E;W104F;I105G;G107S;N121V;D138Y;P139G;L141H;K147S;M153R;E154G;Y160V;A163Y;C166F;Y170P;P174I;E180N;N185E;D198K;K202Y;H207I;T208I;G219E;P225I;L226V;G232I;I233N;I235S;T236F;F238Y;A243H;H245S;R246G;L249P;P251S;G252S;G257T;W258Q;T259A;G261Y;A263Y;L270R;E281W;T284A;T286P;C291S;A292D;P295S;L296C;S297K;E298L;T307Y;K310T;T315V;S325V;V327F;F329N;N331C;T333N;P337N;E340K;V341N;T345Y;S349R;V350A;W353S;N360V;A363S;V367Y;N370T;A372C;S373P;F374T;S375F;T376G;K378G;G381S;S383I;K386T;D389G;L390V;C391D;T393D;A397F;V401R;I402G;N422D;P426D;F429G;V433K;A435S;N437S;K444Y;Y449L;K458R;S469A;G476V;C480F;N481V;C488S;F490S;P491F;Q498V;N501V;Q506H;V512L;F515T;P521G;V524S;C525S;P527L;S530N;T531L;V534K;K537N;L552S;E554N;F559I;P561F;Q563F;Q564G;G566D;D574P;R577L;D578T;T581L;D586S;S591V;G593S;G594T;N603Q;V608L;V610Y;L611N;Q613V;D614G;T618E;P621A;V622D;I624A;L629T;T630G;T632Y;R634F;G639T;S640R;T645Q;A647G;G648A;L650Y;H655Y;N657Y;A668S;I670T;C671K;S673T;Y674K;Q675T;Q677S;R682A;A684S;Q690I;Y695E;M697E;L699V;N709I;I714T;I720T;L727K;C738G;M740I;D745S;T747L;E748S;L753S;Y756C;S758I;F759T;C760L;Q762N;L763T;N764A;R765L;I770V;Q774K;N777E;E780I;V781A;I788Y;T791F;I794D;N801Q;L806P;P807S;P809S;S810R;S813R;R815E;I818D;E819L;V826A;K835L;Q836L;C840D;D843T;I844A;D848G;G857L;L858T;T859D;T866E;D867Q;A871G;L877A;L878T;I882S;T883G;P897M;A899Y;M900R;R905N;F906Q;G908Q;N914L;V915N;Q920N;K921I;A924K;Q926S;N928A;S929L;I931D;G932L;A942K;L945K;V951Q;A956L;A958S;N960S;V963Q;I973S;N978S;I993G;R995G;L996D;I997L;T998S;G999L;T1006V;V1008Q;T1009Q;I1018A;S1021N;A1022K;L1024A;A1026K;T1027I;M1029E;S1030L;V1033K;D1041Y;Y1047P;P1053F;Q1054G;F1062V;V1068E;E1072I;T1077K;G1085V;R1091S;E1092F;V1094F;F1095S;W1102F;T1105R;Q1106P;N1119F;T1120S;V1122N;D1127P;I1130V;G1131N;N1134P;N1135V;P1143D;L1152K;D1153N;H1159D;D1163L;V1164G;D1165N;G1167I;I1183K;D1184E;N1187E;V1189N;E1195Q;I1198D;Y1209P;I1210P;W1212L;A1222V;I1225V;I1232C;C1236S;M1237S;G1251C;C1253K;L1265V;G1267S;L1270T;H1271D,222.0,226.0,221.0,169.0,196.0,200.0
root_child_1_child_1_child_1_child_1_child_1_child_1_child_0|leaf,332,0.739199,332,0.739199,331,MZ477792.1,53,0.736318,331,331,52,-118.86757252939383,-2.285914856334497,-1.4350399149338156,-1.4350399149338156,-5.703486193869665,-1.140697238773933,5,L455K;Q474G;K529V;S459E;I472Q,N501Y,1,D138Y;N501Y;D614G;H655Y;V1176F,5,D614G;N501Y,2,N334C:-2.3489;L335V:-1.9854;V341A:-3.0576;A344R:-1.7712;T345W:-1.9163;S349N:-1.8600;V350Y:-3.1958;N354I:-1.5971;I358D:-3.1976;S359C:-3.2644;Y365L:-2.8881;F374T:-2.2571;F377C:-3.1146;G381T:-3.6343;C391F:-4.2145;T393S:-2.3504;V395S:-3.7400;G404Q:-2.1394;G413D:-1.9963;I418Y:-3.0351;N422L:-3.1081;L425D:-2.9019;D428W:-2.3028;A435D:-2.8872;W436S:-2.5340;S438L:-1.5900;Y449S:-1.7609;L455K:-1.0570;F456L:-1.4342;R457N:-1.9868;S459E:-1.2030;E465I:-1.7659;R466A:-1.4586;I468S:-1.4118;I472Q:-1.2159;Q474G:-1.0573;G476P:-1.3326;N481G:-1.3096;G485P:-1.4617;N487Y:-1.7183;Y495P:-2.7644;F497T:-2.1204;N501Y:-1.4350;V503G:-1.7082;G504P:-1.9402;Y505V:-1.8256;V511F:-3.2371;V512H:-3.2491;C525T:-4.2054;K529V:-1.1703;S530V:-2.9517;T531V:-3.1985,F2V;L18Y;R21S;P25A;Y37D;T51L;Q52F;S60P;F65T;T73G;F79L;F86D;N87S;F92T;E96N;W104I;D111T;K113S;T114S;S116L;A123I;F133D;D138Y;F140D;Y144E;M153R;E154Y;S162V;N164C;C166F;G181F;G184F;N188E;F192G;K195H;N196G;I197G;F201Y;Y204K;P209L;I210D;D215Q;P217G;Q218E;F220A;S221V;E224P;G232R;T236F;F238L;H245G;L249S;P251S;D253A;S256L;A263Q;Y265P;L276Y;N280P;T286A;D287V;A288C;C291S;T302S;L303S;K304G;F306G;T307Y;K310E;G311Y;I312Q;T315N;V320S;T323I;R328P;N334C;L335V;V341A;A344R;T345W;S349N;V350Y;N354I;I358D;S359C;Y365L;F374T;F377C;G381T;C391F;T393S;V395S;G404Q;G413D;I418Y;N422L;L425D;D428W;A435D;W436S;S438L;Y449S;L455K;F456L;R457N;S459E;E465I;R466A;I468S;I472Q;Q474G;G476P;N481G;G485P;N487Y;Y495P;F497T;N501Y;V503G;G504P;Y505V;V511F;V512H;C525T;K529V;S530V;T531V;V534N;K537V;C538F;N542T;T549Q;G550L;E554N;K557F;K558P;F559D;P561Q;F562I;Q563I;F565T;R567I;D568I;A570T;D574V;V576L;P579D;L582I;D586T;F592L;V595G;V597P;T602S;A609G;D614G;T618V;A623T;T645E;G648I;I651V;G652Y;H655Y;V656S;N657Y;Y660D;D663Q;A668T;Q677N;R683S;A688M;S689A;I692S;M697Y;Y707N;N710I;V722L;E725P;P728T;M731S;T734M;C738G;M740I;I742C;C743N;T747L;L752G;L754F;Q755T;C760Q;T761L;N764L;R765T;L767G;E773V;V785K;P793D;D796N;G799N;Q804S;I805Y;K814S;L822D;T827L;A831D;K835L;Y837D;G838D;C840A;L841R;G842A;D843L;A845L;I850A;C851G;A852F;G857T;L858P;T859D;V860L;M869Q;Y873S;L878S;A879T;F888G;A890L;A892P;Q895P;I896A;F898M;M902P;F906S;I909N;L916Q;E918I;N919L;A924Q;N928L;G932Q;I934S;D936S;S937A;G946L;A958L;V963F;F970A;G971I;N978K;A989I;Q992D;D994Q;R995I;T998S;G999Q;S1003Q;Q1005Y;T1006R;Q1010R;I1018L;L1024A;A1025S;V1033Q;K1038Q;V1040G;G1046S;H1048Q;M1050S;P1053A;A1056N;G1059K;V1061A;H1064P;K1073I;I1081D;H1083G;E1092S;G1093N;V1094I;N1108Q;F1109P;P1112V;I1114C;I1115N;V1122I;G1124A;N1125V;C1126D;D1127V;V1129I;G1131V;I1132V;N1134P;V1137D;D1139Q;L1141S;P1143F;S1147E;K1149L;D1153Y;K1154H;V1164L;D1165A;I1169S;S1175I;V1176F;D1184V;E1188L;V1189T;N1192I;E1195I;E1207I;I1210K;L1218F;F1220A;A1222V;L1224A;V1228I;M1233T;C1236Y;S1242K;L1244G;C1248S;C1250F;S1252E;C1253K;C1254D;F1256K;D1259L;K1266H;G1267L;V1268H;K1269H,103.0,48.0,1.0,215.0,201.0,122.0
root_child_1_child_0_child_0_child_1_child_1_child_0_child_1_child_0|leaf,332,0.739199,332,0.739199,331,MZ477792.1,57,0.716418,332,332,56,-119.02610280357418,-2.1254661214923956,-1.4350399149338156,-1.4350399149338156,-5.8438843416603135,-0.9739807236100523,6,T478K;L455R;K529L;Q498Y;I472N;G476N,N501Y,1,L18F;D138Y;N501Y;D614G;H655Y,5,D614G;N501Y,2,N331T:-2.4198;N334L:-2.1763;G339I:-2.0586;F342S:-2.7772;N343R:-1.9782;A344S:-2.1548;S349I:-2.1565;Y351K:-2.2797;L368N:-2.8684;S371F:-1.9489;A372F:-1.3989;F374T:-2.2571;K378S:-1.9727;V382T:-3.4542;T385L:-2.5021;K386F:-3.0381;N388F:-2.6581;A397S:-3.4311;S399D:-2.3761;I402G:-2.5120;D405N:-1.7898;R408I:-1.6834;G413D:-1.9963;G416D:-1.6933;I418F:-2.5984;A419L:-3.0512;D420P:-2.1140;N422F:-3.0747;L425D:-2.9019;G431I:-3.8807;A435S:-2.7871;L441G:-1.5347;S443Y:-1.8219;G446Y:-1.4345;Y449S:-1.7609;L455R:-0.7754;R457E:-1.4052;D467T:-1.8071;I472N:-1.1817;G476N:-1.2255;T478K:-0.6580;N481A:-1.3424;F486L:-1.2487;N487Y:-1.7183;P491S:-1.7214;Q498Y:-1.1069;P499N:-1.3683;N501Y:-1.4350;G504P:-1.9402;Y505V:-1.8256;V511D:-2.9467;H519A:-1.8343;A520T:-3.4122;P521V:-3.6426;K528T:-2.9926;K529L:-0.8964,L18F;T19R;R21S;A27N;Y38K;V47S;T51L;F55L;T76P;K77F;P85D;D88Y;G89Y;Y91A;S94N;E96I;N99I;W104G;K113S;T114S;A123N;V126D;D138Y;F140L;V143N;N148M;K150R;W152M;M153N;E156N;Y160N;S161C;S162T;M177I;G184F;F186N;K187P;L189F;V213Y;L216A;F220P;E224D;L229I;G232D;I235S;L241Y;L244D;Y248T;G252S;A260Y;Y265V;Y266P;V267G;L270F;Q271R;L276K;L277E;Y279E;E281N;T286A;C291S;C301F;K304E;S305G;E309T;I312T;F329T;N331T;N334L;G339I;F342S;N343R;A344S;S349I;Y351K;L368N;S371F;A372F;F374T;K378S;V382T;T385L;K386F;N388F;A397S;S399D;I402G;D405N;R408I;G413D;G416D;I418F;A419L;D420P;N422F;L425D;G431I;A435S;L441G;S443Y;G446Y;Y449S;L455R;R457E;D467T;I472N;G476N;T478K;N481A;F486L;N487Y;P491S;Q498Y;P499N;N501Y;G504P;Y505V;V511D;H519A;A520T;P521V;K528T;K529L;L533N;N542G;T549V;G550T;N556F;K557F;K558P;F559D;Q564C;F565R;T572R;V576D;R577T;T581C;L582I;I584T;D586P;C590S;G593V;S596I;V597T;I598Y;T602Q;V608R;D614G;C617A;T632Y;T638F;F643I;T645L;G648I;A653H;H655Y;Y660G;C662A;D663A;I666G;G669I;C671Q;A672T;N679V;A684Q;A688Q;S689A;S691I;S704A;N710I;N717T;M731T;T734M;C738G;T739M;Y741S;C749Q;N751L;L753G;Q755S;G757S;T761L;N764A;L767K;A771E;E773Q;K776F;T778E;Q779P;E780V;Q784I;V785Q;K786I;I794D;G798F;F802Q;Q804S;R815L;V826A;D830F;I834C;Y837G;G838R;C840L;G842A;L849A;C851A;A852T;L858P;T859L;V860P;L864T;T866E;M869Q;T874G;L877I;L878T;G880I;T881S;T883G;W886G;A892Q;I896A;M900G;R905G;V911N;Y917Q;N925D;Q926N;N928L;G932Q;G946N;V952N;L959T;L962N;V963Q;S967F;F970A;G971V;I973N;S974V;V976N;N978K;L981E;D985V;V991G;D994T;R995T;G999S;Y1007L;V1008I;Q1010I;R1014A;I1018L;S1021N;L1024M;A1025T;A1026K;T1027Q;M1029E;E1031V;C1032S;L1034R;S1037G;V1040C;D1041Y;G1044L;L1049Q;M1050A;P1053A;F1062Y;L1063A;H1064T;Y1067A;E1072A;K1073A;P1079S;C1082D;P1090H;E1092S;F1095T;V1096H;W1102V;R1107P;I1114N;T1117C;C1126I;G1131D;N1134P;V1137E;E1144F;K1149L;F1156N;H1159L;T1160V;V1164G;D1168V;N1173S;S1175I;V1176N;V1177I;Q1180I;N1194E;S1196I;I1198Q;L1200E;E1202K;L1203Q;E1207I;Q1208S;W1212F;P1213L;I1216L;L1218F;F1220A;I1221L;A1222L;G1223A;I1227M;L1234C;M1237C;T1238L;C1240S;L1244C;S1249K;C1253K;F1256S;D1260P;S1261P;E1262K;V1264Y;L1265T,105.0,1.0,1.0,34.0,201.0,189.0
root_child_0_child_1_child_1_child_1_child_0_child_0_child_0|leaf,332,0.739199,332,0.739199,331,MZ477792.1,54,0.731343,329,329,53,-133.82864744198278,-2.525068819660052,-1.4350399149338156,-1.4350399149338156,-3.786248738819787,-0.9465621847049468,4,E471K;K444Y;G476K;G482E,N501Y,1,D138Y;N501Y;D614G;H655Y,4,D614G;N501Y,2,I332L:-2.4919;C336V:-4.0691;E340N:-1.7671;A344S:-2.1548;I358C:-3.5746;N360Y:-2.7482;S366N:-2.3981;K378Y:-2.2888;C379G:-4.2352;Y380T:-3.3458;S383L:-3.4478;P384L:-2.7961;L387D:-3.4025;F392Q:-3.5519;D398F:-3.1789;S399V:-2.2558;G404E:-1.8275;D405V:-1.6049;E406I:-1.6642;A411N:-2.9595;Q414A:-2.1073;G416K:-2.2963;I418N:-2.8422;D427C:-2.4535;T430A:-2.7765;C432A:-4.2640;V433S:-3.2694;A435S:-2.7871;K444Y:-0.8725;Y449L:-1.5400;L452I:-1.5860;R454L:-1.8137;P463E:-2.4290;E465I:-1.7659;S469E:-1.7993;E471K:-0.8356;I472F:-1.5222;G476K:-0.9661;P479A:-1.4502;C480F:-1.6586;G482E:-1.1120;G485F:-1.4615;Y495Q:-2.4226;N501Y:-1.4350;V510S:-3.1028;S514P:-3.6237;E516T:-2.7448;L517A:-3.5374;H519C:-1.9243;A520C:-3.7635;A522V:-3.6673;V524S:-3.9754;C525P:-4.2599,Y28F;K41R;S50T;H69N;K77D;P82L;N87G;D88Y;S94N;E96S;G103F;F106T;K113Q;S116N;L117N;V120A;I128S;D138Y;P139Y;L141Y;V143N;H146S;N148K;K150L;E156S;V159S;Y160A;S161C;S162A;F168Y;E169L;V171P;F175L;L176R;M177L;Q183N;K187F;L189F;D198Y;P209I;I210D;D215Q;P217A;G219L;E224V;V227L;N234R;I235Q;R237N;T250G;G252D;S255T;S256A;A262S;Y265G;Q271R;K278T;I285D;C291S;S297T;K304F;F306D;Q314N;N317L;R319E;Q321I;S325N;I326V;V327I;I332L;C336V;E340N;A344S;I358C;N360Y;S366N;K378Y;C379G;Y380T;S383L;P384L;L387D;F392Q;D398F;S399V;G404E;D405V;E406I;A411N;Q414A;G416K;I418N;D427C;T430A;C432A;V433S;A435S;K444Y;Y449L;L452I;R454L;P463E;E465I;S469E;E471K;I472F;G476K;P479A;C480F;G482E;G485F;Y495Q;N501Y;V510S;S514P;E516T;L517A;H519C;A520C;A522V;V524S;C525P;N536V;V539N;F541N;G548V;T553F;E554N;N556L;K558G;L560F;Q564R;G566V;I569D;R577L;E583L;S591V;G593V;V597S;T599G;Q607Y;V608Y;A609G;Q613V;D614G;C617V;I624A;H625P;Q628S;T630N;R634S;Y636F;G639H;S640T;F643T;A647L;G648I;I651A;A653S;H655Y;V656S;Y660A;Y674Q;N679A;R683V;S686I;V687S;Q690A;S691E;A694T;E702V;Y707P;N709F;N710T;S721T;T723E;M731V;T732S;V736S;T739Y;M740Y;D745E;E748L;C749L;L752C;Q755G;F759N;R765T;A766E;G769D;I770V;V772D;Q774K;N777F;E780K;Q787P;Y789I;P793N;D796F;Q804L;P807S;K811S;S813I;K814S;E819L;V826I;F833H;Q836C;D839Q;C840I;G842I;A845I;K854N;G857T;L858P;L865D;M869A;Q872L;T874I;A876L;A879T;I882A;T883G;F888A;A890G;Q895P;P897A;M900H;Y904I;F906Q;G910T;V911Y;E918I;Q920I;I923N;Q926I;I931K;Q935T;D936S;S939A;S940K;A942K;S943L;L945K;N955V;A956L;N960S;K964L;Q965I;I973V;S975F;N978V;V987A;E988V;A989E;E990D;V991G;Q992I;I993L;D994R;G999S;S1003T;T1006V;Y1007H;A1020L;A1022K;L1024A;A1025T;A1026C;V1033G;L1034V;K1045P;M1050P;F1052P;Q1054A;S1055P;H1064Q;P1069F;P1079I;C1082D;H1083K;A1087E;E1092F;G1093V;T1100W;F1103E;T1105I;Q1106S;R1107F;N1119V;G1131N;N1134P;N1135V;T1136Y;V1137D;Q1142L;P1143L;L1145S;H1159L;D1165I;I1169S;G1171A;I1172Q;V1176K;E1182L;I1183A;L1186V;E1188S;S1196I;Q1201G;G1204K;Q1208E;K1211M;W1212G;G1219I;F1220I;A1226V;I1232L;M1233C;C1236S;M1237C;S1242K;C1250F;G1251C;S1252D;C1253K;D1259K;S1261P;P1263L,197.0,233.0,1.0,12.0,201.0,141.0
root_child_1_child_1_child_0_child_0_child_0_child_0_child_1_child_1|leaf,332,0.739199,332,0.739199,331,MZ477792.1,61,0.696517,330,330,60,-145.93249808115087,-2.432208301352515,-1.4350399149338156,-1.4350399149338156,-5.628560366550719,-1.1257120733101438,5,Q474I;E340K;G504E;K529V;I472Q,N501Y,1,D138Y;N501Y;H655Y;V1176F,4,N501Y,1,T333D:-1.7415;L335V:-1.9854;C336D:-3.6440;E340K:-1.0697;V341N:-2.6586;N343A:-1.9376;T345Y:-2.0228;V350R:-2.5590;A352N:-1.7645;W353I:-3.3421;N354V:-1.5952;K356R:-2.0483;R357V:-1.6007;C361Y:-4.1689;A363N:-3.6745;D364S:-2.9044;L368N:-2.8684;N370P:-2.6581;Y380N:-2.8121;G381L:-3.6288;S383D:-2.6849;K386D:-3.1081;N388V:-2.8414;L390A:-3.6562;C391T:-4.3715;V395S:-3.7400;S399G:-2.6929;V401N:-2.2797;R403A:-1.3613;R408I:-1.6834;I410P:-2.7430;G413D:-1.9963;A419Y:-3.1459;Y421L:-2.4822;N422L:-3.1081;L425D:-2.9019;C432N:-4.1202;N440D:-1.3369;G446Y:-1.4345;Y449S:-1.7609;R457N:-1.9868;K462E:-1.3103;F464T:-2.2843;I472Q:-1.2159;Q474I:-1.0419;N481Q:-1.6016;V483G:-1.6543;G485F:-1.4615;N487Y:-1.7183;P499N:-1.3683;T500G:-1.6884;N501Y:-1.4350;G504E:-1.1308;V510F:-3.5959;V512S:-3.5688;A520C:-3.7635;P521C:-3.7908;K528S:-3.1179;K529V:-1.1703;S530L:-2.8938,F4T;T22N;A27N;R34Y;F43S;L48Q;H49S;T51L;H66Q;K77I;R78N;N81V;L84V;P85D;N87S;S94K;G103I;W104G;G107T;L110K;K113S;N121T;N122V;C136T;D138Y;M177R;G181Q;G184F;F186L;R190V;I197G;D198S;F201Y;S205I;H207P;I210V;G219Q;F220L;E224F;L226V;D228I;P230T;I235S;T236F;H245Y;P251S;D253G;S254A;S255F;S256A;W258G;Y265G;V267L;Q271T;T274N;L276Y;K278Y;T286A;A288C;C291S;D294S;P295S;C301V;S305F;K310S;Q314S;R319P;P322V;E324R;R328T;P330I;T333D;L335V;C336D;E340K;V341N;N343A;T345Y;V350R;A352N;W353I;N354V;K356R;R357V;C361Y;A363N;D364S;L368N;N370P;Y380N;G381L;S383D;K386D;N388V;L390A;C391T;V395S;S399G;V401N;R403A;R408I;I410P;G413D;A419Y;Y421L;N422L;L425D;C432N;N440D;G446Y;Y449S;R457N;K462E;F464T;I472Q;Q474I;N481Q;V483G;G485F;N487Y;P499N;T500G;N501Y;G504E;V510F;V512S;A520C;P521C;K528S;K529V;S530L;N532V;V534K;N536C;T549Q;L552K;F559D;L560F;F562I;R567I;D574V;A575T;L582T;L585T;D586T;V595G;S596I;I598G;P600S;S605Q;N606V;A609V;Y612V;D614Y;V615A;A626L;N641T;F643T;T645E;A647L;G648I;A653N;H655Y;V656N;Y660I;D663Q;N679R;R685A;S691I;I692N;G700E;E702S;S704V;Y707I;N710I;S711Q;I712P;P715T;T724S;S735Q;G744T;D745S;L754F;F759Q;T761N;N764A;E773Q;Q779V;E780F;T791F;P793K;F797G;F802S;Q804S;I805P;P807S;D808F;P812K;S813R;R815T;K825T;D839L;C840G;G842A;D843L;C851N;Q853F;K854P;G857P;L858P;V860P;P863T;L864T;M869Q;Q872L;Y873S;L877P;A879L;T883G;S884G;W886A;F888G;A890L;A892F;Q895P;I896A;Q901A;M902P;Y904Q;F906Q;G908T;I909Y;L916Q;N928L;S929Q;A930Q;G932I;K933T;D950A;N955Q;A956T;L962Q;L966F;S967F;S968A;F970A;G971I;A972S;S974I;V976N;N978K;D979T;I980D;A989V;V991I;Q992D;V1008F;Q1011I;R1014S;I1018L;N1023M;L1024A;A1025S;K1028L;S1030G;V1033G;G1035D;G1046H;H1048S;M1050A;P1053A;P1057V;G1059P;V1061Y;L1063P;V1068N;K1073I;T1077P;A1080G;I1081D;C1082D;D1084F;A1087V;E1092S;N1098T;G1099T;T1100F;H1101F;F1103T;T1105R;I1114N;V1122D;S1123V;C1126G;D1127G;V1128G;G1131V;N1134P;D1139L;P1140E;E1144K;S1147K;K1149L;K1154F;V1164L;I1172N;S1175I;V1176F;L1193Q;N1194D;L1197D;G1204Y;E1207Y;Y1209K;K1211P;L1218F;F1220A;G1223T;V1228I;M1229L;L1234C;C1235T;C1236Y;S1239R;S1249G;C1253K;P1263L;K1266Y;V1268L;Y1272H,234.0,193.0,1.0,206.0,201.0,227.0
root_child_1_child_0_child_1_child_0_child_1_child_0_child_0_child_0_child_0|leaf,333,0.738413,333,0.738413,332,MZ477792.1,50,0.751244,331,331,49,-112.76994547820158,-2.3014274587388077,-1.4350399149338156,-1.4350399149338156,-7.6951953125102035,-1.0993136160728862,7,L455R;N460K;Q498G;F490S;N481V;Q493Y;G476N,N501Y,1,D138Y;N501Y;D614G;H655Y,4,D614G;N501Y,2,N334C:-2.3489;V341I:-2.4715;N343R:-1.9782;W353K:-2.7975;R355C:-2.6504;Y365L:-2.8881;K378G:-2.1692;C379G:-4.2352;K386F:-3.0381;N388F:-2.6581;C391T:-4.3715;D398F:-3.1789;S399G:-2.6929;F400M:-2.8308;R403S:-1.3740;E406R:-1.3158;R408I:-1.6834;A411I:-2.8715;G413D:-1.9963;A419L:-3.0512;L425D:-2.9019;F429A:-3.0314;I434H:-2.0370;A435L:-3.3866;Y449F:-1.3317;Y453T:-2.4260;L455R:-0.7754;R457P:-1.7140;N460K:-1.0328;L461E:-1.7119;K462I:-1.4277;F464S:-2.1239;R466I:-1.8387;G476N:-1.2255;P479A:-1.4502;N481V:-1.1660;N487Y:-1.7183;F490S:-1.1427;L492S:-1.7157;Q493Y:-1.2148;Q498G:-1.1380;N501Y:-1.4350;G502Y:-1.9119;G504P:-1.9402;T523C:-3.7458;V524P:-4.1012;C525P:-4.2599;P527V:-3.1031;S530C:-3.1615,P9G;L18V;R21S;L24S;F32L;Y38K;F43S;T51L;L54F;L56F;H69G;V70T;S71R;K77F;R78D;D80P;L84F;P85D;D88V;K97I;I101G;G103F;D111S;K113E;T114I;S116V;N122T;C131F;C136L;D138Y;V143H;E156G;V159S;Y160N;S162C;F168Y;Q173F;E180S;G184F;L189E;E191I;K195T;N196I;K202H;I203T;Y204K;H207L;V213Q;R214D;F220D;L229I;P230G;T236L;Q239H;L242H;S255G;W258Y;G261Y;Y266G;V267S;K278F;T286A;V289P;D290A;C291S;A292S;L293E;P295K;E298L;C301F;K304G;T315F;P322S;T323F;E324F;N334C;V341I;N343R;W353K;R355C;Y365L;K378G;C379G;K386F;N388F;C391T;D398F;S399G;F400M;R403S;E406R;R408I;A411I;G413D;A419L;L425D;F429A;I434H;A435L;Y449F;Y453T;L455R;R457P;N460K;L461E;K462I;F464S;R466I;G476N;P479A;N481V;N487Y;F490S;L492S;Q493Y;Q498G;N501Y;G502Y;G504P;T523C;V524P;C525P;P527V;S530C;N532K;N536C;N542T;N544L;G545T;T549Q;F559L;Q580L;T581I;L582I;I584D;T588C;P589S;C590G;G593T;I598P;T604A;N606Y;V610E;L611P;Y612V;D614G;A623P;I624W;A626W;L629P;T632R;R634S;S640V;T645E;G648I;L650T;I651A;A653H;H655Y;N657I;N658E;S659Q;Y660G;C662A;D663Y;I664G;P665E;G667I;T676N;S691G;A694S;E702V;V705A;Y707S;N710T;N717F;V722L;T724I;P728M;V729M;S746E;N751L;C760T;N764A;R765Q;T768I;I770V;Q774N;T778A;T791F;P792F;P793S;F797I;G799S;F802Q;Q804S;L806D;K814E;R815L;S816I;E819L;L821F;V826A;T827K;Q836L;G838R;C840L;G842A;R847A;I850K;F855G;L858P;P863E;L864I;E868Q;M869Q;A871Y;S875L;G880W;T883G;T887S;A892L;F898R;Q901A;M902L;R905G;F906Q;G910T;Y917Q;Q920I;K921Q;L922N;N925F;F927N;N928L;G932I;S939T;A942D;L945K;L959T;V963F;K964S;Q965I;L966K;S967K;N969G;F970A;G971N;S975I;N978D;D979L;L984A;E988Q;D994I;R995T;L996I;L1004Y;T1009K;I1018L;L1024A;A1025T;E1031V;S1037V;V1040P;D1041G;K1045Q;M1050A;S1051P;P1053A;A1056V;L1063T;V1065E;E1072N;N1074P;T1077K;I1081D;A1087G;P1090E;R1091S;E1092S;T1100N;W1102N;T1105N;N1108I;F1109I;P1112C;T1117C;G1124I;C1126G;V1129G;G1131T;N1134P;N1135P;Y1138E;L1141D;Q1142L;K1149L;H1159L;V1164N;D1165G;S1170I;I1172A;S1175I;V1176R;I1179K;E1188L;N1194L;I1198D;E1207I;Y1209K;I1210G;W1212Y;W1214F;W1217A;L1218F;F1220V;I1225V;L1234C;C1235M;C1236Y;T1238L;G1246C;S1249K;C1250K;C1253K;C1254D;D1259L;S1261V;P1263K;G1267K;L1270T,63.0,61.0,1.0,184.0,205.0,74.0
root_child_1_child_1_child_0_child_1_child_1_child_1_child_1_child_1|leaf,333,0.738413,333,0.738413,332,MZ477792.1,51,0.746269,330,330,50,-116.41914817496433,-2.328382963499287,-1.4350399149338156,-1.4350399149338156,-4.490799672507554,-1.1226999181268884,4,Q474K;G446N;F490Y;I472Q,N501Y,1,D138Y;N501Y;V1176F,3,N501Y,1,N334D:-1.9782;L335V:-1.9854;T345W:-1.9163;N354I:-1.5971;R355T:-2.6817;D364Y:-2.7447;S366L:-2.4385;V367Y:-2.6067;L368Y:-3.0598;A372S:-1.2799;T376C:-2.8787;S383N:-3.5369;T385N:-2.6302;C391Y:-4.4373;V395S:-3.7400;Y396D:-2.9504;S399D:-2.3761;I402A:-2.3285;D405G:-1.3426;G413D:-1.9963;T415Y:-2.5832;D420Y:-2.0724;N422L:-3.1081;K424D:-2.2615;L425D:-2.9019;F429I:-3.6661;C432I:-4.1433;N437K:-2.2823;G446N:-1.0781;Y449N:-1.3508;R457S:-1.7278;L461F:-1.9409;K462T:-1.4070;S469I:-1.7468;I472Q:-1.2159;Q474K:-1.0566;G476L:-1.4259;G485Y:-1.5747;N487G:-1.3894;F490Y:-1.1402;N501Y:-1.4350;G502P:-1.3416;V503Y:-1.6807;Q506F:-2.2348;R509C:-2.3918;S514T:-2.9576;L518P:-3.2451;C525P:-4.2599;S530N:-3.0123;T531N:-3.2822,T19I;R21S;F32V;R44L;L48Q;T51L;H66I;N74T;P82L;N87S;G89S;F92I;N99I;I101G;R102S;W104L;I105L;K113S;T114I;L117N;V130E;C131Q;E132P;D138Y;V159R;S161C;F168Y;M177G;G181Q;G184F;F186N;K187F;N188E;E191V;N196I;I197G;F201Y;I203K;H207V;I210G;Q218L;F220D;S221T;D228N;P230G;N234F;I235R;T236F;F238T;P251S;S255A;A263G;Y265G;V267T;T274Y;L276Y;K278T;Y279E;N282D;T286A;D287C;A288C;C291S;L293C;P295K;T302K;V308S;K310S;Y313T;F318S;E324P;N334D;L335V;T345W;N354I;R355T;D364Y;S366L;V367Y;L368Y;A372S;T376C;S383N;T385N;C391Y;V395S;Y396D;S399D;I402A;D405G;G413D;T415Y;D420Y;N422L;K424D;L425D;F429I;C432I;N437K;G446N;Y449N;R457S;L461F;K462T;S469I;I472Q;Q474K;G476L;G485Y;N487G;F490Y;N501Y;G502P;V503Y;Q506F;R509C;S514T;L518P;C525P;S530N;T531N;L533K;V534K;V539N;F541K;N542T;T549Q;S555K;F559D;F562Q;Q563F;Q564D;F565R;G566I;R567T;A575R;Q580L;T581I;L582I;E583P;D586F;I587R;I598T;L611G;D614Y;N616P;V622D;D627T;Q628W;R634S;T638S;N641T;V642L;Q644C;T645E;G648I;H655E;Y660C;E661D;D663I;T678S;S680A;P681S;R683S;V687Q;A688G;I693L;A694L;Y695G;L699S;Y707I;N709I;N710I;T716S;N717T;I720E;V722L;T724K;E725L;I726S;L727S;P728I;S730T;K733I;S735C;I742D;G744D;L754F;T761L;A766T;E773V;N777V;Q784K;V785I;Y789T;K790Y;T791F;G798Q;F800I;Q804S;I805Y;S810P;F823V;A829Q;I834Q;C840L;G842A;D843A;C851N;Q853T;K854T;F855G;L858P;V860E;M869Q;Q872S;Y873L;T874A;L877A;T883G;S884A;F888G;G889P;A890L;A892F;Q895P;I896A;M902G;A903F;Y904I;F906Q;G908Q;T912N;V915Q;L916Q;E918A;K921L;L922N;A924I;N925I;F927N;N928L;A942L;K947V;L948V;Q954T;V963F;F970I;G971I;N978K;S982A;K986Q;Q992D;I993T;I997Y;T998L;G999Q;V1008Q;T1009R;I1018L;A1020L;L1024A;A1025S;T1027M;K1028V;C1032S;L1034S;S1037M;K1038D;D1041G;G1046S;H1048S;M1050A;P1053A;S1055H;T1066Y;V1068T;A1070E;E1072N;C1082V;K1086A;E1092S;G1093V;H1101F;N1108Q;E1111Q;Q1113G;T1116N;N1119I;G1124D;C1126G;D1127V;V1128T;V1129G;N1134W;T1136Y;P1140D;L1145S;D1146Y;F1148E;K1149L;K1154H;V1164L;D1165G;S1170I;S1175I;V1176F;D1184V;N1187E;N1194D;Y1206K;E1207I;L1218F;G1219L;F1220V;G1223A;V1228I;L1234S;C1236Y;M1237S;S1239C;S1242K;K1245S;G1246S;S1249G;C1253K;K1255S;D1260E;V1264L;V1268H,86.0,95.0,1.0,202.0,205.0,88.0
root_child_0_child_0_child_0_child_1_child_0_child_1_child_0_child_1|leaf,333,0.738413,333,0.738413,332,MZ477792.1,51,0.746269,331,331,51,-118.61502995742009,-2.325784901125884,-1.4350399149338156,-1.4350399149338156,-5.356831010544369,-1.0713662021088737,5,E484V;E340K;Q498V;K458N;N460D,N501Y,1,N501Y;D614G;H655Y,3,D614G;N501Y,2,N331F:-2.4844;I332N:-2.6228;P337G:-2.7021;G339Q:-1.8710;E340K:-1.0697;V341R:-2.3635;T345V:-1.5633;S349R:-1.9652;W353R:-2.7154;N354T:-1.8705;N370T:-2.6435;T376C:-2.8787;C379T:-4.2015;C391T:-4.3715;N394V:-2.5818;Y396S:-2.9446;A397R:-2.9209;I402G:-2.5120;V407I:-2.8289;T415I:-2.3373;I418K:-2.5308;K424L:-2.2126;P426C:-3.3630;D428V:-2.2825;T430W:-2.7877;W436N:-2.6391;N437S:-2.2393;S438K:-1.4481;D442N:-1.8971;Y449L:-1.5400;N450L:-1.5236;Y451R:-1.7521;L455P:-1.4905;R457K:-2.0672;K458N:-1.1730;N460D:-1.2377;E465Y:-1.8043;P479A:-1.4502;C480F:-1.6586;E484V:-0.7866;N487P:-2.0089;C488S:-2.1537;Q498V:-1.0898;N501Y:-1.4350;R509S:-2.3844;L513P:-3.6085;P521A:-3.4158;V524G:-4.1764;P527L:-3.2639;K528G:-2.7337;S530N:-3.0123,Y28S;T33V;F43V;S50D;Q52F;F65N;A67V;V70Y;N74T;R78V;F79T;L84D;A93T;S98R;R102G;W104F;Q115V;V120N;N121G;F133D;C136P;D138P;P139H;L141H;R158Y;V159N;Y160V;S161C;N164C;S172P;P174L;F175M;N188E;R190V;N196D;I197G;H207P;I210L;N211L;V213D;D215Q;S221L;L226V;D228I;G232I;N234R;I235T;T236L;T240S;L241Y;L242Y;H245Y;T250S;P251S;G252S;D253A;S256A;W258A;T259A;G261Y;R273K;F275L;N280T;D290F;C291S;P295S;E298K;C301L;T302L;L303S;K304E;S305G;P322R;I326R;V327N;F329N;P330C;N331F;I332N;P337G;G339Q;E340K;V341R;T345V;S349R;W353R;N354T;N370T;T376C;C379T;C391T;N394V;Y396S;A397R;I402G;V407I;T415I;I418K;K424L;P426C;D428V;T430W;W436N;N437S;S438K;D442N;Y449L;N450L;Y451R;L455P;R457K;K458N;N460D;E465Y;P479A;C480F;E484V;N487P;C488S;Q498V;N501Y;R509S;L513P;P521A;V524G;P527L;K528G;S530N;L533C;N536F;K537F;V539G;N544T;L546G;L552S;N556Q;K558F;F559I;P561S;Q563F;Q564R;R567T;I569L;D574P;R577L;D586S;C590I;F592V;V595I;S596G;N603C;L611G;D614G;N616P;T618I;P621A;V622Q;A626T;L629T;N641Q;G648A;C649D;H655Y;V656S;S659C;G667I;A668S;T678H;R682I;G700N;A701V;A706S;N709I;N710T;S711I;N717T;V722P;T723K;E725P;K733I;C738S;M740I;D745E;T747L;L753S;G757Q;T761A;N764A;G769A;V772E;Q774K;N777F;T778A;Y789G;K790Y;T791F;I794D;K795N;N801Q;S803D;L806K;P807S;D808S;P809F;K811P;F817K;L821F;T827G;L828F;A829T;G842F;A846D;D848A;L849F;C851G;N856P;L858P;P863L;T866E;D867Q;Y873A;S875G;L878T;A879I;G880S;W886L;G889P;A892Q;Q895P;P897T;F898A;M902R;R905I;F906Q;G908Y;N914Q;V915I;N925F;F927Q;I931K;G932D;D936N;S937A;S939A;A942K;K947Q;L966T;A972S;I973S;L977I;R983K;E988V;R995G;L996D;I997S;T998L;L1001S;Q1005V;T1009Q;A1015L;A1016I;I1018A;L1024A;E1031D;L1034D;Q1036V;D1041K;G1046Q;S1051V;F1052S;P1053S;H1058V;F1062E;I1081V;F1089S;R1091S;E1092H;V1094F;V1096S;N1098T;T1105R;Q1106P;F1109P;Q1113T;T1116D;D1118N;N1119S;T1120N;I1130V;G1131N;N1134P;N1135Y;L1145E;E1150K;E1151D;D1153Y;T1160D;G1167I;A1174V;S1175V;V1176I;I1179D;E1182D;E1188S;V1189N;A1190L;S1196D;L1197E;I1198K;K1205L;Q1208H;Y1209W;K1211A;P1213L;L1218I;A1222V;G1223A;I1227M;M1233C;C1235M;T1238C;C1241G;L1244C;C1250E;C1253K;F1256Y;K1266T;G1267L;V1268H;H1271V;Y1272S,101.0,90.0,1.0,145.0,205.0,88.0
root_child_1_child_0_child_1_child_0_child_1_child_1_child_1_child_1_child_0|leaf,333,0.738413,333,0.738413,332,MZ477792.1,55,0.726368,330,330,54,-121.2332526584209,-2.245060234415202,-1.4350399149338156,-1.4350399149338156,-8.006851498542165,-1.0008564373177706,8,K444G;L455R;L441K;N460R;Q493G;Q498G;K529V;I472Q,N501Y,1,N501Y;D614G;H655Y,3,D614G;N501Y,2,T333F:-1.9397;F338E:-3.0041;V341R:-2.3635;N343R:-1.9782;A348V:-1.8740;W353K:-2.7975;R355C:-2.6504;S366L:-2.4385;N370T:-2.6435;K378Y:-2.2888;C379S:-4.1288;G381K:-2.8824;S383L:-3.4478;K386F:-3.0381;L387D:-3.4025;N388F:-2.6581;D398R:-3.0994;F400M:-2.8308;R403V:-1.4433;R408I:-1.6834;Q409N:-2.5607;G413D:-1.9963;A419L:-3.0512;L425D:-2.9019;I434H:-2.0370;A435N:-3.1173;L441K:-0.8313;S443G:-1.7566;K444G:-0.7259;G446Y:-1.4345;Y449F:-1.3317;L455R:-0.7754;R457P:-1.7140;N460R:-1.0455;K462I:-1.4277;P463D:-2.2807;F464S:-2.1239;I472Q:-1.2159;Y473G:-1.6051;P479V:-1.4239;C488G:-1.6206;Q493G:-1.1046;F497P:-2.3790;Q498G:-1.1380;N501Y:-1.4350;G502Y:-1.9119;G504P:-1.9402;Q506P:-2.4036;A520V:-3.5556;V524P:-4.1012;C525P:-4.2599;P527V:-3.1031;K529V:-1.1703;S530C:-3.1615,R21S;L24S;P26T;T33V;R34V;V47S;T51L;H69G;V70Q;S71R;G72N;G75V;K77F;R78D;D80P;P85V;D88V;T95K;I101G;R102S;G103F;L110Q;K113S;T114L;S116V;L117N;N121A;V126E;C136L;D138F;L141H;E156G;F157V;Y160N;S161F;F168Y;S172M;Q173K;G184F;L189E;E191I;V193I;K195D;D198Y;G199N;H207L;V213G;Q218P;F220D;V227D;L229I;I235F;T236L;F238A;L244R;L249S;D253S;W258T;A262G;Y266G;V267S;Y269Q;L276E;K278F;T286A;D290S;C291L;P295K;L296E;T299F;T302K;L303V;K304G;S305E;T315F;T323S;T333F;F338E;V341R;N343R;A348V;W353K;R355C;S366L;N370T;K378Y;C379S;G381K;S383L;K386F;L387D;N388F;D398R;F400M;R403V;R408I;Q409N;G413D;A419L;L425D;I434H;A435N;L441K;S443G;K444G;G446Y;Y449F;L455R;R457P;N460R;K462I;P463D;F464S;I472Q;Y473G;P479V;C488G;Q493G;F497P;Q498G;N501Y;G502Y;G504P;Q506P;A520V;V524P;C525P;P527V;K529V;S530C;N532K;L533V;N536C;K537V;N544L;G545T;T549Q;V551N;F559L;G566A;T572D;D578T;Q580L;L582I;F592S;G593M;G594I;T599S;L611G;D614G;A623P;A626Q;L629P;R634T;Y636Q;S640T;N641F;V642Q;T645A;G648I;L650T;A653V;H655Y;N657D;N658E;S659E;Y660G;C662A;D663Y;G667I;A668C;N679R;I693Y;A701N;Y707N;N710I;I714F;L727S;T739D;M740C;C743D;S746E;S750L;N751Q;G757N;F759K;C760T;T761K;L763A;N764V;T778A;V785Q;Q787P;I788K;K790Y;K795P;F802Q;Q804S;L806K;K814E;S816F;V826A;T827G;L828F;D839L;C840L;G842A;I844A;C851L;L858P;P862I;T866A;M869Q;A871Y;S875G;A876L;T883G;W886F;F898R;M902N;R905Q;F906Q;V911L;Y917Q;K921Q;I923Q;F927N;N928L;I931D;G932Q;K933D;D936A;S939L;A944L;G946L;Q949V;Q954A;A956Q;A958T;L959K;V963F;K964L;Q965I;L966K;S967F;N969G;F970A;G971I;A972N;S975I;V976D;N978K;R983A;L984A;D994I;R995Q;G999T;L1004Q;I1018A;L1024A;A1025T;V1033G;V1040P;C1043Y;G1044L;M1050A;S1051P;P1053A;A1056V;F1062L;L1063V;H1064P;V1065E;T1066V;E1072A;N1074A;T1077K;I1081F;P1090E;R1091S;E1092S;G1093V;N1098V;T1100N;W1102T;F1103Q;T1105N;T1117C;V1122D;C1126G;V1129G;G1131D;V1133T;N1134P;Y1138E;P1140D;Q1142L;K1149L;N1158V;H1159L;V1164N;S1170I;I1172A;N1173Q;S1175I;V1176R;I1179K;G1204Q;Y1206Q;E1207Y;Y1209K;I1210L;W1212Y;Y1215W;L1218F;F1220A;I1221A;L1224A;T1231L;L1234C;C1235R;C1236Y;S1242C;S1249K;C1253K;C1254D;F1256D;E1258D;P1263K;L1270T,124.0,23.0,1.0,56.0,205.0,158.0
root_child_1_child_1_child_1_child_1_child_0_child_1_child_1_child_0|leaf,333,0.738413,333,0.738413,332,MZ477792.1,51,0.746269,332,332,50,-124.07306981638104,-2.4814613963276217,-1.4350399149338156,-1.4350399149338156,-4.273380173615715,-1.0683450434039288,4,G446D;L455K;Q474G;S459E,N501Y,1,D138Y;N501Y;D614G;H655Y;V1176F,5,D614G;N501Y,2,I332L:-2.4919;L335V:-1.9854;V341A:-3.0576;A344R:-1.7712;T345W:-1.9163;S349F:-2.3451;I358V:-3.2129;A363S:-3.7040;Y365N:-3.4376;L368P:-2.9700;K378D:-2.1911;G381T:-3.6343;T385C:-2.6549;L387C:-3.8029;C391T:-4.3715;T393S:-2.3504;V395S:-3.7400;G404Q:-2.1394;R408I:-1.6834;G413D:-1.9963;I418Y:-3.0351;N422D:-3.1461;L425D:-2.9019;D428T:-2.0746;C432T:-4.2551;V433L:-3.1623;A435L:-3.3866;L441S:-1.3553;G446D:-0.9560;Y449S:-1.7609;L455K:-1.0570;F456L:-1.4342;R457P:-1.7140;S459E:-1.2030;F464S:-2.1239;R466A:-1.4586;D467C:-1.9287;Q474G:-1.0573;V483F:-1.6538;N487Y:-1.7183;Y495P:-2.7644;F497T:-2.1204;T500G:-1.6884;N501Y:-1.4350;G504P:-1.9402;V511F:-3.2371;V512H:-3.2491;P521V:-3.6426;C525T:-4.2054;S530V:-2.9517,F2V;L18Y;R21S;L24S;Y37D;Y38T;F43E;T51L;Q52F;S60T;S71T;V83D;L84G;N87S;V90F;W104D;G107T;D111T;K113I;A123I;V126K;F133D;D138Y;F140D;Y144K;E154Y;N164Y;C166F;E169Y;M177E;G181F;G184F;N188E;I197G;Y200I;F201Y;K202H;I210D;N211R;P217G;Q218E;F220D;S221D;G232N;I235S;T236F;F238Q;L242Y;L249S;P251S;D253S;A263Y;G268L;L276Y;T286A;D287V;A288C;C291P;L296S;E298L;L303S;S305V;F306V;K310S;T315N;V320S;Q321P;F329I;I332L;L335V;V341A;A344R;T345W;S349F;I358V;A363S;Y365N;L368P;K378D;G381T;T385C;L387C;C391T;T393S;V395S;G404Q;R408I;G413D;I418Y;N422D;L425D;D428T;C432T;V433L;A435L;L441S;G446D;Y449S;L455K;F456L;R457P;S459E;F464S;R466A;D467C;Q474G;V483F;N487Y;Y495P;F497T;T500G;N501Y;G504P;V511F;V512H;P521V;C525T;S530V;N532V;V534N;F541L;T549Q;G550T;F559D;F562I;Q563I;D568I;D574V;P579T;L582I;E583L;D586T;T588C;S591T;F592T;V595G;N603S;N606A;A609G;L611S;D614G;V615T;T618V;A626V;R634Y;F643I;T645E;G648I;I651V;G652Y;H655Y;Y660A;D663Q;A668T;Q677N;S680R;A688M;S689A;Q690I;S691M;A694M;T696S;G700Y;V705S;Y707N;N710I;I712D;F718I;I720V;V722S;M731S;T734M;M740I;I742N;C743N;C749L;L752Y;L754F;Q755S;S758L;C760A;T761L;N764A;R765T;E773V;Q779V;E780V;V785K;Y789F;N801S;F802P;S803I;Q804S;I805D;L806P;K814S;L822D;F823L;T827G;A829I;F833K;K835L;Y837D;C840L;L841D;G842A;D843L;A845M;D848S;C851Q;G857T;T859L;V860P;P863A;M869Q;Y873S;L878S;T883G;W886A;F888G;A890L;G891A;A893Q;Q895F;I896A;M900G;M902P;Y904G;F906I;I909T;G910Q;L916Q;E918I;Q920A;I923N;N928L;G932I;K933Q;I934S;D950Q;Q954A;Q957T;V963F;K964G;F970A;G971I;N978K;I980A;D985E;Q992D;R995I;S1003Y;Q1005Y;Q1010R;L1012E;I1018L;L1024A;A1025S;V1040D;C1043K;G1046S;Y1047S;H1048Q;M1050S;P1053A;A1056N;H1058L;G1059Q;V1061D;T1076P;T1077A;I1081D;H1083G;G1085F;F1089V;P1090G;E1092V;V1094H;F1095H;N1098V;Q1106N;N1108Q;P1112V;I1115N;T1120V;F1121D;V1122I;G1124A;C1126D;D1127V;G1131V;N1134P;T1136D;D1139Q;S1147E;K1149L;K1154T;V1164L;D1165N;I1169S;S1170I;G1171S;S1175N;V1176F;Q1180I;E1182N;N1192I;E1195I;L1197H;E1207I;L1218F;G1219A;F1220A;L1224A;V1228I;T1231L;I1232L;M1233T;C1235M;C1236Y;S1242K;C1243S;L1244G;C1248S;C1250F;S1252K;C1253K;F1256K;D1259L;K1266S;V1268H;K1269H,151.0,214.0,1.0,143.0,205.0,88.0
root_child_0_child_0_child_0_child_1_child_1_child_0_child_0_child_0_child_0_child_0_child_1|leaf,333,0.738413,333,0.738413,332,MZ477792.1,55,0.726368,331,331,54,-124.10260273330441,-2.2981963469130444,-1.4350399149338156,-1.4350399149338156,-2.17103468110966,-1.08551734055483,2,V445N;S443K,N501Y,1,D138Y;N501Y;D614G;H655Y,4,D614G;N501Y,2,N331C:-2.6574;I332N:-2.6228;T333L:-1.9641;N334V:-1.9926;G339F:-2.0765;N343V:-2.0860;T345Y:-2.0228;S349R:-1.9652;R355I:-2.5772;K356I:-1.4903;D364Y:-2.7447;V367N:-2.4510;Y369L:-2.4628;N370T:-2.6435;F374C:-2.8283;K378Y:-2.2888;V382N:-3.5462;P384K:-2.2877;T385L:-2.5021;C391G:-4.1320;S399Q:-2.6785;I402G:-2.5120;T415Y:-2.5832;G416C:-2.9056;I418D:-2.5883;Y421P:-2.7258;P426D:-2.2753;F429G:-3.4790;V433K:-2.9060;N437S:-2.2393;S443K:-1.1832;V445N:-0.9878;N450Y:-1.3610;F456P:-1.4426;S459L:-1.5423;N460E:-1.2688;L461R:-1.3486;E465Y:-1.8043;I468Y:-1.4401;Y473I:-1.4722;C480F:-1.6586;G482Y:-1.5861;G485P:-1.4617;N487R:-1.6056;C488F:-1.9176;L492F:-2.2180;N501Y:-1.4350;G504L:-2.0164;L518A:-2.7709;P521T:-3.3523;V524G:-4.1764;G526L:-3.8211;K528N:-2.9849;S530N:-3.0123,Y28S;F43V;L48Q;L56I;P57S;F58V;F59V;V62F;F65I;H66S;A67V;I68T;T76K;P82L;L84D;W104F;G107L;V120E;N121A;V127Q;E132Q;C136L;D138Y;F140H;L141H;F157S;V159N;Y160V;S161A;Y170S;P174I;F175M;M177E;Q183F;G184F;E191I;V193D;S205T;T208I;I210L;V213L;I231T;G232I;N234Q;I235Q;T236L;F238L;A243H;P251S;G252S;D253A;S256A;W258A;T259A;A260G;A263G;L270P;R273K;A288L;C291A;P295S;L296E;S297L;E298C;S305V;F306G;E309I;K310F;I312N;R319S;E324N;F329N;N331C;I332N;T333L;N334V;G339F;N343V;T345Y;S349R;R355I;K356I;D364Y;V367N;Y369L;N370T;F374C;K378Y;V382N;P384K;T385L;C391G;S399Q;I402G;T415Y;G416C;I418D;Y421P;P426D;F429G;V433K;N437S;S443K;V445N;N450Y;F456P;S459L;N460E;L461R;E465Y;I468Y;Y473I;C480F;G482Y;G485P;N487R;C488F;L492F;N501Y;G504L;L518A;P521T;V524G;G526L;K528N;S530N;N536F;K537G;V539F;F543L;L552S;T553S;K558P;F559I;Q563F;Q564A;I569L;D571T;D574P;R577L;D578Y;Q580L;E583D;L585C;D586S;P589V;G594P;V597N;I598P;P600S;G601V;S605Q;A609G;L611E;Y612G;Q613V;D614G;H625D;A626Q;L629T;S637F;Q644A;A647C;C649L;A653N;E654N;H655Y;V656N;E661C;C662P;P665G;I666S;A668S;A672T;R682I;Y695A;M697N;E702S;A706S;Y707N;N709I;V722D;T723E;V729S;M731A;K733V;V736G;C738S;M740I;G744S;D745E;T747I;N751G;L753S;Q755S;Y756S;C760R;T761A;Q762L;N764A;R765A;L767E;E773F;D775N;K776Q;V781Q;K790I;T791F;I794D;K795N;G798I;G799Q;N801Q;N824T;V826T;L828K;A829T;Y837D;D839Y;L841D;A846L;L849F;A852G;K854N;F855V;L858P;P862D;P863L;T866E;D867Q;M869T;L878T;T883A;G889A;A892L;Q895A;R905N;F906V;Q913N;N914Q;L922I;I923N;Q926N;F927Q;S929I;I931K;G932D;A942K;N953L;Q957N;I973S;V976Q;V987I;E988R;R995G;L996G;T998L;G999S;R1000S;Q1005T;T1006V;V1008A;T1009E;Q1010A;L1024A;A1026K;T1027P;S1030G;S1037L;K1038G;K1045M;H1048S;L1049H;P1053S;H1064P;A1070E;Q1071T;P1079G;H1083F;G1085R;K1086F;E1092N;V1094F;F1095N;V1096N;T1105R;Q1106P;Q1113I;I1115T;T1116D;N1119F;T1120N;D1127G;I1130V;G1131N;N1134P;D1139L;P1140Q;S1147D;E1150H;E1151L;Y1155K;H1159L;P1162V;G1167I;G1171A;V1176I;V1177D;L1186V;V1189N;A1190I;L1193S;I1198K;E1207D;Y1209K;I1216L;L1218F;A1222V;I1227V;V1230C;I1232L;C1235M;S1239C;L1244C;C1253K;K1255E;F1256E;S1261G;K1266V;G1267L;L1270T,152.0,59.0,1.0,166.0,205.0,158.0
root_child_0_child_0_child_1_child_0_child_1_child_1_child_0_child_0_child_1_child_0_child_0_child_0|leaf,333,0.738413,333,0.738413,332,MZ477792.1,57,0.716418,327,327,56,-135.0331049319922,-2.411305445214146,-1.4350399149338156,-1.4350399149338156,-4.127701091883875,-1.0319252729709687,4,R346T;G476K;Q498T;K458R,N501Y,1,N501Y;D614G,2,D614G;N501Y,2,N334F:-2.2519;C336V:-4.0691;V341N:-2.6586;F342N:-2.7584;A344Y:-2.3970;T345Y:-2.0228;R346T:-0.7574;F347R:-2.1584;A348R:-1.2580;S349R:-1.9652;W353C:-3.4627;D364Y:-2.7447;Y365A:-3.5437;N370T:-2.6435;F374P:-2.8167;Y380S:-3.1557;G381S:-3.6522;S383T:-3.3231;P384A:-2.2912;N388V:-2.8414;C391Y:-4.4373;Y396S:-2.9446;A397E:-3.0999;D405G:-1.3426;E406R:-1.3158;R408T:-1.8521;Q414A:-2.1073;I418A:-3.0967;A419P:-2.7325;D420P:-2.1140;N422F:-3.0747;D427C:-2.4535;I434K:-2.2232;D442K:-2.0312;G446Y:-1.4345;N448Q:-2.3560;Y449L:-1.5400;R457N:-1.9868;K458R:-1.2139;I472Y:-1.3320;G476K:-0.9661;C480F:-1.6586;G485C:-1.6490;F490L:-1.3377;L492S:-1.7157;Q498T:-1.1903;P499G:-1.6178;T500V:-1.4177;N501Y:-1.4350;V512A:-3.3615;L517T:-3.4471;P521V:-3.6426;V524G:-4.1764;G526N:-3.6815;P527L:-3.2639;S530N:-3.0123,L24S;R34Y;D40F;F43V;Q52F;L56F;T63A;G72K;T76R;D80F;P82L;L84G;I101G;W104F;I105T;T109H;I119T;N125I;D138L;L141H;W152F;M153Y;R158N;P174G;M177D;D178E;E180N;Q183R;V193K;K195I;K202H;I203L;Y204F;I210D;R214D;G219A;D228P;N234T;I235S;F238L;T240S;L244R;H245S;Y248D;L249S;G252S;S255T;S256A;G257A;W258G;T259A;A260Y;V267R;G268R;E281G;T284L;C291S;D294S;P295S;E298S;T299C;K300L;C301T;V308G;E309Q;N317Q;P322C;T323I;V327P;F329T;N334F;C336V;V341N;F342N;A344Y;T345Y;R346T;F347R;A348R;S349R;W353C;D364Y;Y365A;N370T;F374P;Y380S;G381S;S383T;P384A;N388V;C391Y;Y396S;A397E;D405G;E406R;R408T;Q414A;I418A;A419P;D420P;N422F;D427C;I434K;D442K;G446Y;N448Q;Y449L;R457N;K458R;I472Y;G476K;C480F;G485C;F490L;L492S;Q498T;P499G;T500V;N501Y;V512A;L517T;P521V;V524G;G526N;P527L;S530N;K537V;C538F;F543L;T549F;V551N;K558P;F559C;Q563V;I569L;D571I;T572Y;D574P;R577L;Q580I;D586S;I587P;C590G;S596V;I598T;T599L;G601T;S605T;A609L;Y612Q;Q613V;D614G;V622I;R634Y;Q644L;G648I;I651E;V656S;I666G;A668S;C671S;A672Y;Q675S;S680V;Q690Y;I693L;T696E;M697G;V705S;Y707N;N709L;S711I;F718T;T719V;V722P;T723L;T724P;I726P;T732D;T734S;S735C;M740I;D745E;S746L;T747L;C749N;S750Q;L752G;L753S;L754Q;T761L;N764A;A766Q;V772K;T778I;F782V;Q787C;T791F;P792F;I794D;F800L;N801Q;I805P;P807K;D808S;S813F;K814S;F817E;I818V;N824G;D830F;C840A;I844A;D848A;A852N;Q853S;K854G;F855L;L858P;T866S;D867Q;I870S;Y873A;L878T;T883G;S884G;W886G;G891A;A892L;I896Q;F898H;M902Y;A903F;F906N;I909Q;N914Q;Y917F;F927A;T941S;A942K;N953A;V963S;I973S;V976F;N978K;D979F;E988L;Q992D;I993L;D994Q;R995T;L996D;G999L;L1001Q;L1004Y;Q1010A;Q1011I;L1012E;A1022L;L1024A;K1028S;M1029G;G1035D;R1039D;V1040Y;G1044L;G1046H;H1048Q;A1056F;H1058F;F1062H;Y1067F;V1068N;A1070K;K1073I;N1074T;C1082K;F1089V;E1092F;V1094F;S1097T;W1102Y;T1105R;Q1106P;R1107Y;N1108Y;P1112I;I1115V;T1117N;T1120N;N1125I;I1130V;G1131N;V1133T;N1134V;T1136D;Y1138L;P1140Q;L1141P;Q1142L;D1146K;F1148D;Y1155Q;H1159V;G1167I;I1172K;S1175E;V1176I;V1177Q;N1178K;I1179D;V1189K;N1192L;S1196L;I1198Q;I1210L;Y1215W;G1219I;I1221G;M1229I;M1237C;S1239C;C1240L;C1250E;C1253K;E1262L;K1269H,203.0,180.0,1.0,89.0,205.0,189.0
root_child_0_child_1_child_0_child_1_child_0_child_0_child_1_child_0|leaf,334,0.737628,334,0.737628,333,MZ477792.1,46,0.771144,329,329,45,-106.91705642956491,-2.375934587323665,-1.4350399149338156,-1.4350399149338156,-4.101095016612912,-1.025273754153228,4,K444G;G476K;K458N;Q493T,N501Y,1,N501Y;D614G,2,D614G;N501Y,2,N331L:-2.4671;I332L:-2.4919;P337N:-2.2448;E340N:-1.7671;V341F:-3.0958;F347S:-2.6728;S349T:-2.4938;V350W:-3.2836;K356I:-1.4903;I358D:-3.1976;D364P:-2.8951;S371F:-1.9489;A372F:-1.3989;G381Y:-3.7729;V382K:-3.2429;L387N:-3.6376;A397I:-2.8788;I402G:-2.5120;G404V:-2.2315;P412N:-2.9096;G413I:-2.5114;Y421T:-2.7281;D427V:-2.2239;T430W:-2.7877;V433S:-3.2694;I434N:-2.4944;N440D:-1.3369;K444G:-0.7259;Y449L:-1.5400;N450Y:-1.3610;K458N:-1.1730;G476K:-0.9661;C480F:-1.6586;N487L:-1.6381;L492T:-1.8056;Q493T:-1.2362;F497V:-2.4700;N501Y:-1.4350;G504Q:-1.7347;Q506V:-2.3494;S514A:-3.5195;E516H:-2.8405;V524G:-4.1764;P527C:-3.6157;K528L:-2.6864,F2S;V36P;Y37D;Y38K;L48T;W64A;H69N;K77F;N81V;G89Y;T95S;W104T;I105T;S116N;N122F;I128F;Q134C;N137L;D138L;K150L;W152G;E154L;E156S;F157V;Y160S;F168Y;Q173D;F175E;L176D;D178L;N188R;L189N;F192I;I197K;G199I;H207P;Q218E;E224V;V227I;D228P;G232I;N234L;I235Q;Q239D;T240L;Y248S;D253S;S256A;W258P;V267F;G268R;Q271L;T274F;L276T;T284V;D287L;A288D;C291A;A292P;L296C;T299L;T302I;I312F;Q314A;S316F;R319S;V320T;V327P;N331L;I332L;P337N;E340N;V341F;F347S;S349T;V350W;K356I;I358D;D364P;S371F;A372F;G381Y;V382K;L387N;A397I;I402G;G404V;P412N;G413I;Y421T;D427V;T430W;V433S;I434N;N440D;K444G;Y449L;N450Y;K458N;G476K;C480F;N487L;L492T;Q493T;F497V;N501Y;G504Q;Q506V;S514A;E516H;V524G;P527C;K528L;V539N;N540G;G545V;G550N;S555L;N556F;K557P;K558P;L560F;P561R;D568V;I569L;T573A;I584D;D586P;I587F;P589I;S591T;G593S;S596T;T599G;Q607V;V608N;D614G;N616E;C617E;E619V;P621A;V622I;I624A;A626L;Q628P;Y636T;G648I;C649N;E654Y;H655L;V656S;N657S;S659K;E661D;I666A;G667I;G669A;C671K;S673T;A684S;A688I;S691A;I693T;M697L;S698A;T716F;T723E;T724R;E725L;I726P;L727V;V729D;T732D;V736G;D745E;T747C;L752C;G757L;L763T;A766K;L767I;K776A;N777Q;T778E;K786T;K795H;G798L;G799F;F800I;N801Q;S803L;Q804L;R815I;F817L;I818L;E819L;F823G;N824V;K825T;V826A;D830L;G838L;C840Q;L841I;I844L;A846L;Q853F;K854Y;L858P;L861D;P863L;M869A;A871T;Q872L;G880T;T883G;W886F;Q901N;A903R;Y904F;R905V;F906Q;G910V;V911Y;T912E;Y917Q;Q920R;L922A;Q926N;F927I;N928I;I931K;G932Q;K933T;S940A;A942K;L945K;L948V;L962F;Q965G;L966G;S967N;G971V;S974N;V976L;L977R;N978D;I980V;R983E;V987A;Q992I;D994I;G999Q;Q1005I;Y1007V;R1014A;N1023A;L1024A;T1027M;C1032S;Q1036R;D1041C;F1042S;G1044F;K1045P;Q1054G;S1055V;V1061T;L1063P;Y1067P;A1080K;C1082Y;H1083K;K1086I;A1087W;H1088R;R1091V;E1092F;G1099V;H1101Q;T1105Y;N1108Q;Q1113T;I1115T;D1118T;D1127I;I1130T;G1131N;I1132D;N1134P;V1137Q;P1140Q;P1143F;L1145S;S1147Y;F1156V;T1160G;P1162L;D1165N;D1168N;G1171A;I1172N;I1179K;I1183L;L1186V;E1188S;V1189L;E1195Q;I1198E;Y1206I;Q1208K;W1214G;L1224A;I1227M;V1228T;V1230I;M1233C;C1236M;T1238C;C1240S;S1242K;G1251C;C1253K;K1255E;D1259E;P1263L;L1265V;V1268T;L1270Y,30.0,143.0,1.0,80.0,212.0,26.0
root_child_1_child_1_child_0_child_1_child_1_child_0_child_0_child_0|leaf,334,0.737628,334,0.737628,333,MZ477792.1,48,0.761194,331,331,47,-112.79911377396539,-2.3999811441269228,-1.4350399149338156,-1.4350399149338156,-1.0898235753703394,-1.0898235753703394,1,Q498V,N501Y,1,P26S;D138Y;N501Y,3,N501Y,1,L335V:-1.9854;F342N:-2.7584;T345E:-1.5011;V350N:-2.9890;N354I:-1.5971;R355C:-2.6504;D364Y:-2.7447;Y365L:-2.8881;V367Y:-2.6067;L368F:-2.4135;S373T:-2.2875;Y380T:-3.3458;S383N:-3.5369;T385N:-2.6302;C391T:-4.3715;V395S:-3.7400;S399D:-2.3761;F400R:-2.7613;I402D:-2.0407;R403S:-1.3740;D405V:-1.6049;G413D:-1.9963;T415I:-2.3373;D420Y:-2.0724;N422L:-3.1081;Y423P:-3.6399;L425D:-2.9019;F429I:-3.6661;N437K:-2.2823;Y449S:-1.7609;R457S:-1.7278;K462L:-1.4119;S469I:-1.7468;I472M:-1.4193;N487G:-1.3894;Y489P:-1.7629;L492S:-1.7157;Q498V:-1.0898;N501Y:-1.4350;G504P:-1.9402;P507V:-2.2527;F515L:-3.1924;L518P:-3.2451;P527S:-3.3537;K529T:-1.2935;S530L:-2.8938;T531D:-2.9604,V16F;R21S;P26S;Y28L;T29F;F32V;T33V;R34Y;F43S;L48Q;T51L;H66S;N87S;Y91S;F92I;K97N;N99I;G103T;W104I;K113T;T114I;A123V;N137F;D138Y;L141K;S162N;A163T;F175E;M177L;G181Q;G184F;F186E;R190I;E191V;I197G;D198I;G199F;F201Y;K202H;I203E;H207V;I210G;Q218L;G219L;F220D;P230G;N234F;I235R;T236R;F238N;S247L;P251S;S255C;A262V;A263Y;V267L;G268E;Y269L;Q271L;L276Y;K278E;N282D;T286A;D287A;A288C;V289L;C291S;A292N;C301T;T302S;K310S;G311N;F318S;Q321I;E324P;I326F;V327P;L335V;F342N;T345E;V350N;N354I;R355C;D364Y;Y365L;V367Y;L368F;S373T;Y380T;S383N;T385N;C391T;V395S;S399D;F400R;I402D;R403S;D405V;G413D;T415I;D420Y;N422L;Y423P;L425D;F429I;N437K;Y449S;R457S;K462L;S469I;I472M;N487G;Y489P;L492S;Q498V;N501Y;G504P;P507V;F515L;L518P;P527S;K529T;S530L;T531D;V534K;N536C;F541K;F543N;T549Q;V551F;T553A;Q563F;G566I;A575R;V576P;L582I;D586T;V595N;T599P;D614Y;N616P;V620A;V622D;H625L;R634S;T638S;V642L;Q644R;T645E;G648A;H655E;V656D;S659C;Y660C;D663Q;A668S;Y674T;S680A;R683S;A684R;A688M;A694L;Y695E;Y707A;N709I;N710I;S711T;A713T;T716S;N717S;T723D;T724K;E725L;I726S;M731V;K733I;S735C;D737G;C743K;N751F;L754F;T761L;R765V;E773V;D775E;N777V;T778E;Q784K;V785I;K790Y;P792F;F800I;S803D;Q804S;I805P;S810P;K811F;K814D;E819R;D820L;K825V;A829Q;I834Q;Q836G;Y837A;G838E;C840I;G842R;D843A;Q853N;K854V;L858P;V860P;L864M;M869Q;I870Y;Y873S;T874A;A879G;I882G;T883G;G885T;F888G;A890L;A892F;Q895P;I896A;Q901N;M902P;A903F;Y904I;R905Q;F906Q;N907G;I909V;L916Q;N919L;K921F;N925F;F927G;N928L;G932L;S937A;S939A;A942L;G946L;K947D;Q954T;S968V;F970A;G971I;S974L;S975F;N978K;R983Q;E990Q;Q992D;Y1007I;R1014E;I1018L;L1024A;A1025M;A1026L;V1033Q;L1034S;D1041Y;K1045Y;G1046S;H1048S;M1050A;F1052H;P1053A;H1058G;G1059H;T1077I;A1080H;C1082V;K1086R;E1092S;G1099F;H1101F;W1102V;Q1106P;N1108Q;E1111T;T1116N;D1118T;F1121D;C1126G;D1127V;V1129G;G1131T;N1134P;P1140Q;L1141D;L1145S;D1146F;K1149L;D1153N;K1154H;S1161V;V1164L;L1166D;S1175Q;V1177I;Q1180R;E1182D;N1194D;L1200G;Y1206K;E1207I;K1211I;L1218F;F1220V;I1221G;G1223A;V1228I;M1233T;L1234S;C1236Y;C1240K;C1247S;S1249C;C1253K;C1254D;K1255S;D1260L;S1261P;V1264L;V1268H;H1271L,64.0,170.0,1.0,173.0,212.0,50.0
root_child_1_child_0_child_1_child_0_child_0_child_1_child_1|leaf,334,0.737628,334,0.737628,333,MZ477792.1,53,0.736318,334,334,52,-123.26031141923349,-2.3703906042160288,-1.4350399149338156,-1.4350399149338156,-4.736298827823722,-1.1840747069559305,4,F490S;T470N;Q493Y;I472Q,N501Y,1,L18F;D138Y;N501Y;D614G;H655Y;V1176F,6,D614G;N501Y,2,N334L:-2.1763;L335F:-2.4471;P337N:-2.2448;N343R:-1.9782;W353I:-3.3421;R355C:-2.6504;D364N:-2.2158;C379S:-4.1288;K386F:-3.0381;N388F:-2.6581;L390N:-3.1724;F392N:-3.6122;F400M:-2.8308;V401I:-2.2084;R408I:-1.6834;G413D:-1.9963;T415D:-2.1907;G416Y:-2.8096;A419L:-3.0512;Y421L:-2.4822;N422K:-2.9844;L425D:-2.9019;D427T:-1.9398;D428G:-2.4078;T430V:-2.7553;I434N:-2.4944;A435L:-3.3866;W436L:-2.7359;L441N:-1.2665;D442Y:-2.0449;S443G:-1.7566;N448L:-2.1336;Y449S:-1.7609;Y451F:-1.7325;L455N:-1.3758;R457P:-1.7140;E465S:-1.8798;T470N:-1.1629;I472Q:-1.2159;P479A:-1.4502;C480N:-1.7664;N487Y:-1.7183;F490S:-1.1427;Q493Y:-1.2148;N501Y:-1.4350;G502Y:-1.9119;G504P:-1.9402;T523C:-3.7458;V524P:-4.1012;C525V:-4.1524;P527V:-3.1031;S530N:-3.0123,L18F;T19N;R21T;V47S;S50D;T51L;D53N;L54D;L56F;P57S;F65I;H66Y;V70Q;S71R;K77F;D80P;N81V;F86N;D88V;E96I;I101G;G103F;W104M;D111S;T114I;S116V;I119N;V130E;F133Q;C136P;D138Y;E156G;F157Y;R158N;V159S;Y160N;S162C;C166Q;E169S;Q173M;P174G;D178G;K182G;Q183N;G184F;L189E;E191I;F194D;I203T;H207L;T208G;N211R;V213G;R214F;D215S;Q218L;F220D;E224V;L229I;I235S;L244P;H245P;T250G;G252S;T259Y;A264R;Y266P;V267S;K278Y;Y279I;I285D;A288P;C291S;A292E;P295K;C301K;T307I;T315F;V320P;N334L;L335F;P337N;N343R;W353I;R355C;D364N;C379S;K386F;N388F;L390N;F392N;F400M;V401I;R408I;G413D;T415D;G416Y;A419L;Y421L;N422K;L425D;D427T;D428G;T430V;I434N;A435L;W436L;L441N;D442Y;S443G;N448L;Y449S;Y451F;L455N;R457P;E465S;T470N;I472Q;P479A;C480N;N487Y;F490S;Q493Y;N501Y;G502Y;G504P;T523C;V524P;C525V;P527V;S530N;L533K;V534K;N536C;T549Q;V551E;N556K;F559D;F562D;Q564A;F565G;T572P;Q580L;L582I;I587D;F592T;G593T;G601T;T602S;A609Y;L611G;D614G;V615A;A623P;H625R;Q628T;P631S;W633Y;V635S;T638V;N641Q;V642Q;Q644A;T645C;G648I;L650T;A653H;H655Y;N658G;S659D;Y660G;C662A;D663Y;Y674N;S689I;Q690T;S698G;A706N;N710I;S721I;T723E;T724I;P728T;K733I;D745C;T747L;C749Y;N751L;Q755C;S758L;C760T;N764A;A771Q;Q774D;T778A;E780I;V781I;F782I;K786P;F800L;N801S;F802P;Q804S;P812R;K814E;V826G;G838D;C840A;G842A;D843A;D848N;C851N;G857L;L858P;M869Q;S875G;T883G;T887G;F888G;I896M;F898R;M902L;A903V;R905G;F906Q;Y917Q;Q920N;K921Q;F927N;N928L;G932Q;L938A;S940L;D950H;L959T;V963F;S967F;F970A;G971I;I973D;S975I;D979L;S982E;R983A;L984V;E988L;A989V;D994I;R995T;L1001T;L1004I;T1006Q;T1009E;Q1010R;I1018L;S1021I;N1023M;L1024M;A1025T;K1028E;E1031V;G1035V;S1037K;V1040P;K1045Y;H1048F;L1049H;M1050A;S1051P;P1053A;A1056V;L1063T;V1068A;E1072N;N1074C;F1075D;H1083D;E1092S;F1095G;V1096N;S1097F;W1102Q;T1105N;Q1106N;N1108I;T1117C;T1120S;S1123N;C1126I;G1131D;N1134P;P1143L;S1147E;F1148E;K1149L;F1156V;H1159D;V1164N;D1168G;S1170I;I1172A;S1175I;V1176F;V1177I;E1188K;V1189L;N1192K;E1195Q;S1196G;D1199K;Q1201I;E1202K;G1204F;E1207I;I1210L;W1212Y;W1214L;Y1215I;L1218G;F1220A;A1226V;I1227M;M1229I;M1233S;L1234C;C1235M;C1236Y;S1242L;L1244C;S1249K;S1252C;C1253F;P1263V;K1269T,145.0,135.0,1.0,231.0,212.0,122.0
root_child_0_child_1_child_0_child_1_child_0_child_1_child_1_child_0|leaf,335,0.736842,335,0.736842,334,MZ477792.1,43,0.78607,331,331,42,-102.51184584846428,-2.4407582344872445,-1.4350399149338156,-1.4350399149338156,-2.9067583629410865,-0.9689194543136955,3,K444G;G476K;Q493Y,N501Y,1,N501Y;D614G;H655Y,3,D614G;N501Y,2,I332L:-2.4919;P337F:-2.7861;G339V:-2.1347;S349T:-2.4938;V350W:-3.2836;Y351N:-2.5880;K356N:-2.0763;I358D:-3.1976;D364P:-2.8951;A372F:-1.3989;C379P:-4.2203;G381Y:-3.7729;V382L:-3.7496;L390G:-3.2701;G404V:-2.2315;E406Q:-1.9887;P412T:-3.3095;G413I:-2.5114;Y421T:-2.7281;P426G:-3.2856;D427F:-1.9055;V433S:-3.2694;S443N:-1.7859;K444G:-0.7259;N448S:-2.2166;Y449L:-1.5400;N450Y:-1.3610;I468Y:-1.4401;G476K:-0.9661;C480F:-1.6586;N487L:-1.6381;L492T:-1.8056;Q493Y:-1.2148;F497V:-2.4700;N501Y:-1.4350;G504Y:-2.0876;Q506Y:-2.1203;V511S:-3.2348;S514A:-3.5195;E516H:-2.8405;V524G:-4.1764;K528L:-2.6864,V36S;Q52R;F58N;W64M;H69N;V70T;K77D;G89Y;T95I;I100G;I105T;F106T;S116I;V120A;V126I;I128S;Q134C;C136P;D138F;K150L;M153S;E156G;F157V;A163Y;T167S;F168Y;Q173M;F175E;L176D;Q183N;G184K;F186K;N188R;L189N;K195N;I197K;G199I;K202P;I203P;H207P;Q218E;F220V;L223P;E224V;P225D;D228P;G232N;N234L;I235Q;T236S;Q239H;Y248S;D253G;S256A;V267F;G268Q;Q271R;L276E;D287L;A288D;C291S;D294L;L296E;C301L;T302I;S316F;N317V;R319S;V320T;Q321E;V327P;I332L;P337F;G339V;S349T;V350W;Y351N;K356N;I358D;D364P;A372F;C379P;G381Y;V382L;L390G;G404V;E406Q;P412T;G413I;Y421T;P426G;D427F;V433S;S443N;K444G;N448S;Y449L;N450Y;I468Y;G476K;C480F;N487L;L492T;Q493Y;F497V;N501Y;G504Y;Q506Y;V511S;S514A;E516H;V524G;K528L;N532C;V539N;L546V;T547L;G550N;T553L;S555L;K558P;L560F;P561R;D568A;I569L;T573A;D574R;R577L;E583D;I584D;D586P;I587F;P589I;S591T;G593T;S596T;T599G;T604Q;Q607V;V608N;D614G;C617E;T618V;E619V;V620A;P621A;V622I;Q628T;P631S;V635N;Y636T;T638S;G648V;C649N;E654A;H655Y;V656S;E661D;G667I;A672S;S673Q;A684V;Q690Y;S691A;I693T;M697L;S698A;G700A;S711T;T716F;S721L;T723E;E725M;I726E;L727V;V729D;T732I;S735T;M740C;D745E;E748S;L752C;G757L;L763T;A766K;V772Q;E773T;K776A;N777Q;F782I;A783V;P792G;K795H;G798N;G799F;F800I;N801Q;F802K;Q804L;R815I;F817L;I818L;N824V;K825T;A829K;D830L;C840A;D843L;I844L;K854E;L858P;L861D;P863L;M869A;A871T;Q872L;G880T;T883G;R905W;F906Q;N907T;G910V;E918A;Q920R;K921L;L922A;Q926N;F927A;N928I;S929I;I931K;G932Q;K933T;S940A;A942K;L945K;L948N;D950N;A956T;L959T;N960S;V963L;Q965G;S967N;N969A;G971V;A972S;S974V;V976L;R983E;Q992I;D994I;G999V;R1000A;Q1005V;Y1007Q;R1019L;S1021N;N1023A;L1024T;T1027V;M1029A;R1039D;D1041C;F1042S;G1044F;K1045P;F1052V;Q1054G;S1055H;H1058V;V1061H;F1062V;L1063V;Y1067A;N1074W;A1080K;C1082D;H1083K;K1086R;H1088R;R1091V;E1092F;F1095H;N1098V;T1100N;H1101Q;V1104F;T1105Y;N1108Q;Q1113T;D1118T;S1123G;C1126N;D1127I;G1131N;I1132D;V1137Q;P1140Q;P1143F;S1147Y;T1160G;L1166D;G1171A;I1172N;I1179K;Q1180I;I1183L;L1186V;N1187L;E1188S;V1189D;E1195Q;I1198E;Q1201G;G1204E;Y1206I;Q1208E;V1228M;V1230I;C1235L;S1242K;G1246S;G1251C;C1253K;K1255E;D1259K;P1263L;L1265V;V1268H;K1269Y,19.0,196.0,1.0,22.0,215.0,8.0
root_child_1_child_0_child_1_child_0_child_0_child_0_child_0_child_1|leaf,335,0.736842,335,0.736842,334,MZ477792.1,48,0.761194,330,330,47,-113.0033929911757,-2.4043275104505475,-1.4350399149338156,-1.4350399149338156,-1.9902459212525538,-0.9951229606262769,2,L455R;Q493Y,N501Y,1,N501Y;D614G;H655Y,3,D614G;N501Y,2,L335F:-2.4471;V341A:-3.0576;N343R:-1.9782;T345S:-1.3943;W353K:-2.7975;V367N:-2.4510;N370A:-2.2564;S375G:-2.5995;C379S:-4.1288;K386F:-3.0381;N388F:-2.6581;F400M:-2.8308;G404I:-2.1620;R408I:-1.6834;A411P:-3.1322;P412A:-3.1454;G413D:-1.9963;I418Y:-3.0351;A419L:-3.0512;Y421L:-2.4822;L425D:-2.9019;D428G:-2.4078;T430V:-2.7553;I434H:-2.0370;A435L:-3.3866;N440V:-1.3774;L441N:-1.2665;Y449S:-1.7609;L455R:-0.7754;R457P:-1.7140;K462I:-1.4277;R466E:-1.7462;Q474C:-1.2525;P479A:-1.4502;N487Y:-1.7183;C488P:-2.1965;Q493Y:-1.2148;N501Y:-1.4350;G502Y:-1.9119;G504P:-1.9402;E516H:-2.8405;A522V:-3.6673;V524P:-4.1012;C525P:-4.2599;P527V:-3.1031;S530N:-3.0123;T531E:-3.0181,P9T;R21L;L24S;P26T;D40F;V47S;L48T;T51L;D53N;F59V;V70I;S71R;K77F;D80P;N87F;D88V;Y91E;I101G;G103F;D111S;S116V;V126K;C136L;N148W;Y160N;S162C;E169S;Y170P;Q173M;K182N;Q183N;G184R;K187R;L189E;Y200S;K206N;H207L;V213G;P217A;Q218S;G219V;F220D;L229I;I235S;A243H;H245P;R246Y;G252T;T259Y;G261A;A262V;R273L;T274Y;K278Y;T286A;C291S;P295K;E298G;T307I;T315F;V320P;E324P;S325F;P330T;L335F;V341A;N343R;T345S;W353K;V367N;N370A;S375G;C379S;K386F;N388F;F400M;G404I;R408I;A411P;P412A;G413D;I418Y;A419L;Y421L;L425D;D428G;T430V;I434H;A435L;N440V;L441N;Y449S;L455R;R457P;K462I;R466E;Q474C;P479A;N487Y;C488P;Q493Y;N501Y;G502Y;G504P;E516H;A522V;V524P;C525P;P527V;S530N;T531E;N532C;L533K;V534N;V539F;F541N;T549F;K558G;F559D;L560F;P561G;F562D;I569D;T572P;Q580L;L582I;G593T;I598N;G601T;T604A;V610G;L611G;Y612N;D614G;V615C;P621I;A623P;I624D;L629W;P631W;W633T;N641F;T645L;G648I;L650T;A653H;H655Y;N658E;S659L;Y660G;C662A;D663I;A668F;C671T;A672T;Q677S;P681R;A688Y;S689I;Q690T;S691A;I693T;A706I;N710I;N717V;V722L;T724P;P728T;C743D;G744C;T747L;E748S;C749N;N751L;L754Y;C760I;L763T;N764Q;G769V;I770C;A771Q;V772N;D775Y;N777E;T778A;I794F;K795F;G798D;G799D;F800L;F802Q;Q804S;P809K;P812I;S813I;K814E;D820V;V826A;A829Y;D830Q;G832I;G838D;C840L;G842A;C851N;G857L;L858P;D867I;M869Q;A871L;S875G;G880I;T883G;W886A;T887G;G889L;F898R;Q901K;M902L;R905G;F906Q;G910V;Y917Q;Q920L;K921Q;F927S;N928G;G932Q;I934A;L938A;S939T;A942D;S943L;G946V;A958N;L959T;V963F;L966S;S967F;F970A;G971I;A972S;S975I;L977K;D979L;R983D;L984A;V987I;V991I;D994I;R995T;L1001S;L1004Y;Q1010I;I1013A;I1018L;L1024A;A1025T;M1029E;E1031V;L1034Q;V1040P;H1048A;L1049H;M1050A;S1051P;F1052S;P1053A;Q1054V;A1056V;P1057G;L1063T;Y1067T;Q1071A;E1072N;F1075D;T1076I;A1078K;P1079I;H1083G;R1091V;E1092S;F1095T;N1098T;W1102Q;T1105N;F1109Q;I1115F;T1116V;T1117C;C1126G;N1134P;V1137D;D1139W;P1143L;D1146K;S1147E;F1148E;K1149L;Y1155T;H1159D;V1164N;L1166I;D1168G;S1170I;I1172Q;S1175I;V1177I;N1178D;Q1180D;K1191E;I1198L;E1202K;E1207I;I1210L;W1212Y;L1218G;F1220A;I1227M;M1229I;M1233C;L1234C;C1235M;C1236Y;T1238C;S1249K;C1253K;C1254S;P1263V;K1266Y,65.0,173.0,1.0,47.0,215.0,50.0
root_child_1_child_0_child_1_child_0_child_1_child_0_child_0_child_0_child_1|leaf,335,0.736842,335,0.736842,334,MZ477792.1,50,0.751244,333,333,49,-113.27134058491367,-2.3116600119370134,-1.4350399149338156,-1.4350399149338156,-7.6951953125102035,-1.0993136160728862,7,L455R;N460K;Q498G;F490S;N481V;Q493Y;G476N,N501Y,1,D138Y;N501Y;D614G;H655Y,4,D614G;N501Y,2,V341I:-2.4715;N343R:-1.9782;A344S:-2.1548;W353K:-2.7975;R355C:-2.6504;Y365L:-2.8881;K378G:-2.1692;C379G:-4.2352;K386F:-3.0381;N388F:-2.6581;C391T:-4.3715;V395D:-3.3706;D398F:-3.1789;S399G:-2.6929;F400M:-2.8308;R403S:-1.3740;E406R:-1.3158;R408I:-1.6834;A411I:-2.8715;G413D:-1.9963;A419L:-3.0512;L425D:-2.9019;F429A:-3.0314;I434H:-2.0370;A435L:-3.3866;Y449F:-1.3317;L455R:-0.7754;R457P:-1.7140;N460K:-1.0328;L461E:-1.7119;K462I:-1.4277;F464S:-2.1239;R466I:-1.8387;G476N:-1.2255;P479A:-1.4502;N481V:-1.1660;F486C:-1.4666;N487Y:-1.7183;F490S:-1.1427;Q493Y:-1.2148;Q498G:-1.1380;N501Y:-1.4350;G502Y:-1.9119;G504P:-1.9402;T523C:-3.7458;V524P:-4.1012;C525P:-4.2599;P527V:-3.1031;S530C:-3.1615,P9G;L18V;R21S;L24S;Y28R;F32L;Y38K;F43S;T51L;L54F;L56F;H66S;H69G;V70T;S71R;K77F;R78D;D80P;N81F;L84F;P85D;F86D;D88V;E96N;I101G;G103F;G107I;L110D;D111T;K113E;T114I;S116V;N122T;C136L;D138Y;V143H;E156V;V159S;Y160N;S162C;F168Y;Q173F;G184F;L189E;E191I;K195T;N196I;K202H;I203T;K206P;H207L;V213Q;R214D;F220D;L229I;P230G;I235L;T236L;Q239H;L242H;P251V;W258Y;G261Y;Y266G;V267S;K278F;T286A;V289P;D290A;C291S;A292S;L293E;P295K;E298L;C301F;K304G;T315F;P322S;T323F;V341I;N343R;A344S;W353K;R355C;Y365L;K378G;C379G;K386F;N388F;C391T;V395D;D398F;S399G;F400M;R403S;E406R;R408I;A411I;G413D;A419L;L425D;F429A;I434H;A435L;Y449F;L455R;R457P;N460K;L461E;K462I;F464S;R466I;G476N;P479A;N481V;F486C;N487Y;F490S;Q493Y;Q498G;N501Y;G502Y;G504P;T523C;V524P;C525P;P527V;S530C;N536C;N542T;N544L;G545T;T549Q;G550S;T553N;F559L;Q580L;T581I;L582I;I584D;P589S;C590G;G593T;V595G;I598P;T604A;S605V;N606Y;V610E;L611P;D614G;A623P;I624W;A626P;L629P;T632R;R634S;T645E;G648I;L650T;I651A;A653H;H655Y;N657I;N658E;S659Q;Y660G;C662A;D663Y;I664G;G667I;I670T;T676N;Q677N;V705A;Y707S;N710I;N717F;V722P;T723L;T724E;P728M;V729M;T732S;S746E;N751L;C760T;N764A;R765N;T768I;I770V;Q774N;T778A;P792F;P793D;D796G;G799S;F802Q;Q804S;L806D;K814E;S816I;E819L;L821V;V826A;T827K;Q836L;G838R;C840L;G842A;R847A;I850K;F855G;G857P;L858P;V860T;L864I;E868Q;M869Q;A871Y;S875L;G880W;I882F;T883G;T887S;A892L;F898R;Q901A;M902L;R905G;F906Q;G910T;Y917Q;Q920I;K921Q;L922N;N925F;F927N;N928L;G932I;S939T;A942D;L945K;L959T;V963F;K964S;Q965I;L966K;S967K;N969G;F970A;G971N;S975I;N978D;D979L;L984A;E988Q;D994I;R995T;L996Q;L1001S;L1004Y;T1009K;I1018L;L1024A;A1025T;E1031V;V1040P;K1045Q;G1046F;M1050A;S1051P;P1053A;A1056V;L1063T;V1065E;E1072N;N1074A;T1077K;I1081D;K1086H;A1087G;P1090E;R1091S;E1092S;G1093V;T1100N;W1102N;T1105N;N1108I;P1112C;T1117C;G1124I;C1126G;V1129G;G1131T;N1134P;N1135P;T1136Q;Y1138E;L1141D;Q1142L;K1149L;H1159L;V1164N;D1165V;S1170I;I1172A;S1175I;V1176R;I1179K;E1188L;N1194L;I1198D;Y1206K;E1207I;Y1209K;I1210G;W1212I;W1217A;L1218F;F1220V;I1227V;L1234C;C1235M;C1236Y;T1238L;G1246C;S1249K;C1253K;C1254D;G1267K;L1270T,67.0,76.0,1.0,184.0,215.0,74.0
root_child_0_child_1_child_0_child_0_child_1_child_1_child_0_child_1|leaf,335,0.736842,335,0.736842,334,MZ477792.1,59,0.706468,334,334,58,-140.29331354444687,-2.4188502335249464,-1.4350399149338156,-1.4350399149338156,-3.357969668698081,-1.1193232228993604,3,A475K;S459R;G476N,N501Y,1,P26S;N501Y;D614G;H655Y;V1176F,5,D614G;N501Y,2,I332L:-2.4919;T333L:-1.9641;F338C:-3.4392;N343T:-1.9063;A344S:-2.1548;T345M:-1.9598;S349T:-2.4938;V350W:-3.2836;R355S:-2.7188;K356V:-1.4673;I358V:-3.2129;N360Y:-2.7482;A363S:-3.7040;D364N:-2.2158;T376P:-2.9473;V382K:-3.2429;D398K:-3.2040;F400R:-2.7613;G404V:-2.2315;Q409A:-2.7239;I410G:-2.7830;P412T:-3.3095;G413I:-2.5114;T415V:-2.4062;G416Y:-2.8096;N422K:-2.9844;Y423P:-3.6399;D427F:-1.9055;F429C:-3.5231;V433S:-3.2694;I434W:-2.7925;N440G:-1.5856;S443Y:-1.8219;N448W:-2.2140;Y449L:-1.5400;R454D:-1.6733;R457E:-1.4052;S459R:-1.1869;N460S:-1.5226;F464Y:-1.7516;R466T:-1.7115;A475K:-0.9456;G476N:-1.2255;C480F:-1.6586;Y489P:-1.7629;F497V:-2.4700;N501Y:-1.4350;V503Y:-1.6807;G504Q:-1.7347;Y505P:-2.0928;Q506V:-2.3494;P507L:-2.1116;V511S:-3.2348;S514E:-3.2800;E516A:-2.9572;H519A:-1.8343;V524G:-4.1764;C525L:-4.1255,V11I;S12T;C15F;P25Y;P26S;T29F;Q52R;P57D;W64V;H69N;G72Y;K77D;P85A;G89Y;T95I;L110Q;S116N;L117N;L118A;T124V;I128S;C131F;G142D;K147W;K150L;S155F;E156S;F157S;V159I;C166F;F168Y;Q173D;P174L;L176D;N188E;L189F;N196D;I197K;G199I;H207P;N211L;V213E;Q218E;E224V;G232I;N234Q;I235Q;T236S;P251S;D253N;S256F;Y266P;G268T;Q271R;P272F;R273F;L276E;L277Y;K278I;Y279T;A288C;C291L;L296T;E298K;S305T;K310Q;G311Y;S316F;N317S;R319E;P322R;S325R;V327L;R328N;F329N;I332L;T333L;F338C;N343T;A344S;T345M;S349T;V350W;R355S;K356V;I358V;N360Y;A363S;D364N;T376P;V382K;D398K;F400R;G404V;Q409A;I410G;P412T;G413I;T415V;G416Y;N422K;Y423P;D427F;F429C;V433S;I434W;N440G;S443Y;N448W;Y449L;R454D;R457E;S459R;N460S;F464Y;R466T;A475K;G476N;C480F;Y489P;F497V;N501Y;V503Y;G504Q;Y505P;Q506V;P507L;V511S;S514E;E516A;H519A;V524G;C525L;V534N;C538N;V539N;N542G;G545T;G550N;T553F;S555L;K558P;L560F;P561R;I569L;T573V;A575D;R577E;L585I;P589I;G593T;V595Y;S596G;T599G;G601T;Q607V;V608N;V610L;D614G;C617E;V622I;P631S;V635F;T645A;A647G;G648D;C649N;L650A;G652Y;H655Y;V656Y;N657S;E661D;G669A;A672Q;R683S;Q690I;I693T;A694G;M697L;L699S;A701E;E702Y;V705Y;P715N;T723E;E725M;V729T;C743S;G744S;D745E;E748N;L752C;L753G;L754S;S758C;A766K;T768E;K776T;N777I;F782V;Q784Y;P792N;K795H;G799F;Q804D;P812F;S816I;I818L;E819N;N824V;K825T;A831Y;F833Y;Y837D;C840A;I844L;A845T;K854Y;L858P;L861P;P863L;M869A;G880F;T881W;T883G;S884W;P897A;F906Q;G910V;N914A;N919A;Q920R;Q926N;F927Q;A930D;I931K;G932Q;I934D;D936A;S937A;A942K;A944Q;L945K;L948N;D950N;Q957L;N960S;Q965G;S967N;G971V;S974N;I980S;R983E;E988S;D994S;L1001T;Q1002T;Q1005T;Y1007V;V1008E;I1013R;R1014E;A1022M;N1023A;L1024A;T1027S;K1028S;E1031L;D1041C;F1042S;K1045P;M1050P;S1051G;F1052S;Q1054G;S1055P;G1059V;V1061L;T1066V;Y1067A;V1068N;C1082D;H1083K;H1088V;P1090F;R1091G;E1092F;V1094N;F1095N;W1102T;N1108Q;Q1113I;D1118G;G1124D;C1126G;D1127I;G1131N;I1132D;N1134P;V1137Q;D1139E;L1141E;P1143E;S1147Y;K1154T;T1160G;G1171A;V1176F;I1183A;D1184N;L1186V;V1189L;N1194D;E1195L;D1199E;K1205P;Y1206I;Q1208E;W1212L;I1216L;I1221V;V1228T;S1242K;G1251C;C1253K;C1254D;K1255E;F1256E;D1259K;D1260N;P1263L;L1265H;V1268T,221.0,187.0,1.0,198.0,215.0,208.0
root_child_0_child_0_child_0_child_1_child_1_child_1_child_1_child_0_child_1|leaf,335,0.736842,335,0.736842,334,MZ477787.1,61,0.696517,330,330,60,-144.82381855875295,-2.4137303093125495,-1.4350399149338156,-1.4350399149338156,-4.75616537384584,-1.18904134346146,4,E471N;A475S;K458R;T470I,N501Y,1,N501Y;D614G;H655Y,3,D614G;N501Y,2,N331C:-2.6574;I332N:-2.6228;N334V:-1.9926;P337A:-2.6955;F338E:-3.0041;T345Y:-2.0228;F347A:-2.4845;S349R:-1.9652;R355F:-2.6172;I358A:-3.6508;D364S:-2.9044;V367S:-2.0383;N370T:-2.6435;S373A:-1.9861;F374C:-2.8283;S375P:-2.7356;K378V:-1.9625;K386R:-2.9464;L390F:-3.7098;C391Y:-4.4373;V395I:-3.2946;S399G:-2.6929;I402G:-2.5120;D405V:-1.6049;N422L:-3.1081;L425D:-2.9019;P426D:-2.2753;N437S:-2.2393;S443N:-1.7859;N448Y:-2.3452;Y449L:-1.5400;N450F:-1.4575;Y451R:-1.7521;R454H:-2.1465;K458R:-1.2139;S459K:-1.3663;F464T:-2.2843;E465I:-1.7659;T470I:-1.2259;E471N:-1.1141;A475S:-1.2023;P479N:-1.3825;C480F:-1.6586;N487G:-1.3894;C488S:-2.1537;P499G:-1.6178;T500G:-1.6884;N501Y:-1.4350;G502Y:-1.9119;V503I:-1.3418;Y508S:-2.6816;F515P:-3.4412;P521K:-3.0410;A522G:-3.7617;T523C:-3.7458;V524G:-4.1764;C525A:-4.2230;P527L:-3.2639;S530L:-2.8938;T531N:-3.2822,Y28S;F43V;S45L;V47L;L54F;L56F;A67V;L84D;Y91A;I101G;G103L;W104F;F106T;T109D;L110S;T114S;A123N;Q134P;C136P;E156G;V159N;Y160S;P174I;F175M;D178E;Q183V;N188V;V193D;F201H;Q218F;G219S;L223R;E224D;L226V;I231T;G232I;I235Q;T236Q;Q239A;P251G;G252S;D253A;S256A;W258A;T259G;A263G;R273K;K278I;Y279D;D287A;V289A;C291S;P295S;L296E;T299S;L303T;E309Q;S316F;R319Q;F329N;N331C;I332N;N334V;P337A;F338E;T345Y;F347A;S349R;R355F;I358A;D364S;V367S;N370T;S373A;F374C;S375P;K378V;K386R;L390F;C391Y;V395I;S399G;I402G;D405V;N422L;L425D;P426D;N437S;S443N;N448Y;Y449L;N450F;Y451R;R454H;K458R;S459K;F464T;E465I;T470I;E471N;A475S;P479N;C480F;N487G;C488S;P499G;T500G;N501Y;G502Y;V503I;Y508S;F515P;P521K;A522G;T523C;V524G;C525A;P527L;S530L;T531N;V534C;K535N;G550S;L552S;F559I;Q563F;Q564R;G566A;I569L;D571T;D574L;A575R;R577L;D586S;C590V;S591G;G593V;I598N;G601Q;N603Q;A609G;D614G;T618V;L629T;W633Y;V635S;F643T;Q644A;G648I;L650G;G652K;H655Y;I666T;A668S;S680V;R682I;R685V;S689A;M697N;L699V;S704A;A706S;N709P;N710T;A713T;I714T;N717I;F718T;I720V;V722P;T724V;K733Y;C738S;M740I;C743L;G744T;D745E;L753Y;L754F;S758C;F759R;T761N;Q762I;N764A;R765T;D775N;A783I;V785I;K786Y;T791F;P792K;I794D;K795N;G799Q;N801Q;F802I;I805P;P812I;S816D;E819N;L828K;A829T;Y837D;A846L;D848I;L858P;P862D;P863L;T866E;D867Q;E868M;L878T;I882G;T883G;T887G;F888I;G889A;L894A;I896A;M900G;R905N;F906Q;I909N;Q913N;N914Q;V915Q;Q926I;F927G;I931K;G932D;I934A;D936S;S939A;T941A;A942K;A944L;L945K;Q949D;V951H;Q957N;L962N;V963G;A972S;I973D;S975L;V976R;N978R;S982A;E990A;L996G;T998L;G999Q;Q1002L;Q1005V;T1009Q;E1017N;I1018V;R1019L;A1022S;L1024A;A1025S;K1028L;S1030K;K1038G;D1041F;Q1054V;H1058K;F1062V;Y1067Q;Q1071T;K1073A;T1077A;A1078I;E1092F;V1094F;N1098H;V1104F;T1105R;Q1106R;R1107Q;P1112F;Q1113K;T1116D;N1119F;T1120N;G1124C;I1130V;G1131N;V1133L;N1134P;N1135C;D1139E;P1140Q;Q1142D;P1143Y;S1147Y;K1149L;E1150H;Y1155K;T1160V;G1167I;A1174Q;V1176I;V1177Q;N1178Q;K1181I;D1184N;V1189N;N1194D;S1196E;I1198K;K1205I;E1207D;Q1208P;I1210Y;A1222V;I1225V;I1227V;M1229L;T1231L;C1235M;L1244C;K1245C;C1253K;F1256V;D1259E;L1265G;K1266V;G1267L;V1268L,229.0,181.0,1.0,234.0,215.0,227.0
root_child_1_child_0_child_0_child_0_child_0_child_1_child_0|leaf,336,0.736057,336,0.736057,335,MZ477792.1,55,0.726368,336,336,54,-126.67942125555804,-2.3459152084362604,-1.4350399149338156,-1.4350399149338156,-1.443318038207826,-0.721659019103913,2,F490R;L455R,N501Y,1,P26S;D138Y;N501Y;D614G;H655Y;V1176F,6,D614G;N501Y,2,N331T:-2.4198;N334C:-2.3489;L335E:-1.5880;S349Y:-2.5458;N354R:-1.2966;R355I:-2.5772;I358V:-3.2129;S359V:-3.1119;V362Y:-3.1662;Y365F:-2.8640;S371F:-1.9489;C379P:-4.2203;G381L:-3.6288;S383K:-3.1944;K386F:-3.0381;L387F:-3.9116;N388F:-2.6581;C391S:-4.3405;D398G:-3.2244;S399D:-2.3761;R403S:-1.3740;D405I:-1.6062;I410N:-2.6030;G413D:-1.9963;I418R:-2.4418;A419L:-3.0512;N422Y:-3.2100;L425D:-2.9019;V433N:-3.2052;S438H:-1.6117;N439S:-1.6521;S443G:-1.7566;Y449T:-1.7466;R454F:-1.7941;L455R:-0.7754;R457P:-1.7140;K462F:-1.3898;F464T:-2.2843;R466E:-1.7462;D467T:-1.8071;P479N:-1.3825;C480V:-1.5840;G485Y:-1.5747;N487Y:-1.7183;F490R:-0.6679;Y495T:-2.4456;F497P:-2.3790;N501Y:-1.4350;G504P:-1.9402;Y505V:-1.8256;Q506F:-2.2348;P507R:-1.9179;V512L:-3.8192;G526K:-3.4148,S13V;V16S;R21S;P26S;A27N;R34V;Y38K;H49F;T51L;Q52F;F58N;I68T;K77F;D80P;V83F;P85L;D88Y;V90T;E96S;S98N;I100S;T108L;K113S;T114Q;A123Q;F133D;D138Y;P139L;F140L;L141V;G142D;K147W;W152V;Y160N;A163N;V171F;L176D;M177L;G184F;L189R;Y200K;I203S;S205I;K206P;T208D;Q218S;F220D;V227P;L229I;G232N;I235S;R237A;T240L;A243D;G252D;D253S;S255E;Y269Q;K278T;E281G;N282T;G283D;T284I;T286A;A288L;D290A;A292D;C301F;L303S;F306I;S316V;F318P;R319S;N331T;N334C;L335E;S349Y;N354R;R355I;I358V;S359V;V362Y;Y365F;S371F;C379P;G381L;S383K;K386F;L387F;N388F;C391S;D398G;S399D;R403S;D405I;I410N;G413D;I418R;A419L;N422Y;L425D;V433N;S438H;N439S;S443G;Y449T;R454F;L455R;R457P;K462F;F464T;R466E;D467T;P479N;C480V;G485Y;N487Y;F490R;Y495T;F497P;N501Y;G504P;Y505V;Q506F;P507R;V512L;G526K;N532C;K537T;T549Q;F559D;L560D;F565R;G566I;D571P;Q580C;T581D;L582I;L585T;F592V;V597N;T599S;P600N;Q613S;D614G;C617A;E619S;V622I;P631W;T638F;T645E;R646G;A647G;G648I;C649Y;G652F;A653N;H655Y;N657S;N658C;E661D;C662A;D663Y;G667D;A668C;G669V;S680R;A684Q;S686A;A688T;T696L;M697G;E702S;V705S;N710I;P715N;N717L;F718T;T723V;I726T;S730T;D737I;T739D;T747S;N751F;L752Q;L753G;S758L;L763A;N764A;R765T;A766E;G769I;I770T;D775E;K776V;Q779K;F782I;Q784K;V785T;K786I;Q787K;P792L;I794D;K795F;F802Q;Q804S;P809I;S810P;P812K;K814L;R815E;I818D;D820F;A829K;K835Y;Q836G;C840L;G842A;D843R;A845F;A846D;R847A;A852L;L858P;L861P;L864T;E868Y;M869Q;T874G;G880W;T881A;T883G;W886G;F888A;I896Y;P897A;F898Y;Q901N;A903G;R905G;F906Q;V911Y;Y917Q;N919G;N928L;A930Q;G932Q;N955V;L959T;N960L;L962S;L966N;S967F;S968F;F970A;G971I;S974L;N978R;K986E;R995T;L996G;G999S;Q1005V;A1016I;I1018L;S1021N;L1024S;A1025T;A1026E;K1028S;M1029V;E1031V;C1032D;S1037F;V1040G;D1041G;C1043L;K1045P;M1050S;S1051R;P1053A;Q1054G;T1066I;K1073T;T1076C;A1078R;H1083F;D1084K;H1088D;E1092S;V1096T;S1097H;N1098F;T1117C;D1118H;N1125G;C1126G;G1131D;N1134L;N1135P;T1136Y;D1139Q;Q1142E;K1149L;E1151K;F1156N;H1159S;S1161I;V1164N;S1175I;V1176F;I1183L;R1185K;N1194D;E1195S;L1203E;K1205P;Y1206W;E1207I;Q1208I;W1212Y;W1214I;L1218F;F1220A;I1232L;C1236R;T1238L;C1240W;S1249K;G1251F;S1252C;C1253K;V1264K;V1268T;Y1272T,166.0,112.0,1.0,1.0,220.0,158.0
root_child_0_child_1_child_0_child_0_child_0_child_1_child_0|leaf,336,0.736057,336,0.736057,335,MZ477792.1,62,0.691542,332,332,61,-146.28718781961655,-2.398150619993714,-1.4350399149338156,-1.4350399149338156,-3.2434267627998263,-1.0811422542666087,3,E471K;I472N;R403P,N501Y,1,D138Y;N501Y;D614G;V1176F,4,D614G;N501Y,2,N331C:-2.6574;I332L:-2.4919;C336F:-4.0466;N343T:-1.9063;A344F:-2.1999;S349T:-2.4938;V350W:-3.2836;N354K:-1.4390;R355S:-2.7188;K356V:-1.4673;I358D:-3.1976;S359D:-2.9092;N360Y:-2.7482;C361V:-3.9488;D364N:-2.2158;A372F:-1.3989;F374T:-2.2571;T376G:-2.8501;K378Y:-2.2888;V382K:-3.2429;D389C:-2.9995;F400R:-2.7613;R403P:-1.2261;G404V:-2.2315;Q409A:-2.7239;I410G:-2.7830;P412T:-3.3095;G413I:-2.5114;Q414T:-2.3301;G416I:-2.7015;I418Y:-3.0351;K424D:-2.2615;P426D:-2.2753;F429C:-3.5231;V433S:-3.2694;S438N:-1.7582;N440G:-1.5856;S443Y:-1.8219;Y449L:-1.5400;Y453G:-2.7121;S459L:-1.5423;F464S:-2.1239;S469C:-1.9969;E471K:-0.8356;I472N:-1.1817;Y473G:-1.6051;A475I:-1.3586;G476P:-1.3326;C480F:-1.6586;F497P:-2.3790;N501Y:-1.4350;V503Y:-1.6807;G504Q:-1.7347;R509V:-2.2683;V511S:-3.2348;S514A:-3.5195;F515L:-3.1924;E516A:-2.9572;H519A:-1.8343;V524G:-4.1764;K528S:-3.1179,C15I;P39V;W64A;H69N;T76D;K77D;D88Y;G89Y;T95I;L110Q;K113L;S116N;L118A;T124V;I128V;D138Y;H146K;K147W;K150M;M153S;E156S;N165S;F168Y;Y170L;Q173M;P174E;G184L;N188E;L189F;N196D;G199I;K206I;H207P;Q218E;S221Y;E224V;G232I;I235Q;T236S;P251G;D253G;S256A;G268T;Q271R;R273F;L276E;L277Y;E281T;I285D;D287L;A288D;C291L;A292S;L296C;S305T;K310I;G311Y;T315Q;S316C;N317S;R319C;Q321S;P322E;S325P;V327F;R328I;N331C;I332L;C336F;N343T;A344F;S349T;V350W;N354K;R355S;K356V;I358D;S359D;N360Y;C361V;D364N;A372F;F374T;T376G;K378Y;V382K;D389C;F400R;R403P;G404V;Q409A;I410G;P412T;G413I;Q414T;G416I;I418Y;K424D;P426D;F429C;V433S;S438N;N440G;S443Y;Y449L;Y453G;S459L;F464S;S469C;E471K;I472N;Y473G;A475I;G476P;C480F;F497P;N501Y;V503Y;G504Q;R509V;V511S;S514A;F515L;E516A;H519A;V524G;K528S;N532V;V534N;V539N;F541T;N542G;N544L;G545T;G548T;T549L;G550N;S555L;K558P;L560F;P561R;Q563F;R567E;I569L;D571A;R577L;I587S;P589I;G593T;V595T;S596T;T599G;G601N;Q607V;V608N;A609V;L611E;D614G;C617E;V620P;V622I;R634T;Y636N;A647I;G648I;C649N;L650A;E654S;V656S;N658Y;Y660D;E661D;A672Q;R683S;Q690S;I693T;A694G;T696L;M697L;G700S;N703V;N710A;P715N;T716S;V722M;T723E;E725M;I726P;S735Y;Y741G;I742T;C743S;D745E;E748L;L752C;L753G;L754S;A766K;G769Q;N777F;E780F;I788K;P792N;K795H;F797N;G799N;P807S;P812F;S816I;I818L;D820L;F823A;N824T;K825T;V826K;D830F;Y837D;C840A;D848G;K854Y;L858P;L861D;P863L;M869S;A876S;G880F;T883G;F888M;Q901N;F906Q;G910V;L916N;Q920R;A924Q;Q926N;F927S;I931K;G932Q;D936A;A942K;L945K;L948N;Q957L;L959T;N960S;Q965A;S967N;G971L;S974H;R983E;D994I;R1000Q;Q1005V;Y1007Q;V1008A;I1013R;R1014A;N1023A;L1024A;D1041C;F1042S;K1045P;M1050A;F1052S;Q1054G;S1055P;H1058R;G1059V;L1063H;T1066V;Y1067A;P1069E;A1070C;Q1071A;N1074T;T1076P;C1082D;H1083K;H1088R;E1092F;V1094N;H1101Q;W1102T;N1108Q;Q1113I;T1117N;D1118T;N1119V;G1124D;D1127I;V1128G;I1130S;G1131N;I1132D;N1134P;V1137Q;S1147Y;K1154N;Y1155A;T1160G;I1169G;G1171A;V1176F;I1183A;L1186V;N1187V;V1189N;E1195Q;D1199E;G1204K;Y1206I;E1207Y;Q1208S;W1212L;I1216L;I1225T;V1228T;M1229T;I1232M;M1237C;S1242K;K1245G;S1249G;G1251C;C1253K;K1255E;E1258P;D1259K;P1263I;G1267Y;V1268T;L1270Y,235.0,169.0,1.0,159.0,220.0,237.0
root_child_1_child_0_child_1_child_1_child_0_child_1_child_0_child_0|leaf,337,0.735271,337,0.735271,336,MZ477792.1,48,0.761194,338,338,47,-108.04825640938117,-2.2988990725400247,-1.4350399149338156,-1.4350399149338156,-4.987904040988181,-0.9975808081976363,5,L455R;K529L;G446N;I472P;Q493S,N501Y,1,L18F;D138Y;N501Y;D614G;H655Y;V1176F,6,D614G;N501Y,2,N331T:-2.4198;A344R:-1.7712;F347V:-2.4887;W353K:-2.7975;R355C:-2.6504;R357Y:-1.7761;I358A:-3.6508;V367Y:-2.6067;A372S:-1.2799;S373T:-2.2875;C379S:-4.1288;G381S:-3.6522;V382K:-3.2429;K386F:-3.0381;L390F:-3.7098;A397S:-3.4311;D405P:-1.7197;E406A:-1.7581;R408I:-1.6834;A411N:-2.9595;G413D:-1.9963;A419L:-3.0512;Y421K:-2.1591;L425D:-2.9019;P426M:-3.2961;C432R:-3.6057;W436L:-2.7359;N440D:-1.3369;S443V:-1.3660;G446N:-1.0781;Y449S:-1.7609;L455R:-0.7754;R457P:-1.7140;E465T:-1.9293;D467G:-1.3684;I472P:-1.0885;G485S:-1.2865;N487Y:-1.7183;Y489G:-1.9465;Q493S:-1.1494;N501Y:-1.4350;G504P:-1.9402;Y508V:-2.5195;V512F:-3.7708;L518T:-2.9831;A520G:-3.1867;K529L:-0.8964,P9E;L18F;R21S;D40R;F43S;T51L;S60T;W64I;I68T;S71N;T73G;N74T;K77P;N81T;P85L;N87G;D88Y;Y91D;S98I;T109D;L110D;K113S;Q115L;S116V;F133P;C136L;D138Y;Y145N;E156G;F157V;V159S;Y160N;S162C;C166F;Q173M;F175D;D178E;L179N;K182G;G184F;N185E;F186N;N188S;L189E;R190F;E191V;K202Y;H207L;V213G;P217S;G219F;F220A;L229I;P230T;I235S;T236A;P251D;W258Y;V267F;F275E;K278Y;G283V;T284C;I285C;T286A;D290L;C291S;L293N;K300S;T307K;V308K;K310C;G311Q;I312Q;T315F;S316R;R319F;P330G;N331T;A344R;F347V;W353K;R355C;R357Y;I358A;V367Y;A372S;S373T;C379S;G381S;V382K;K386F;L390F;A397S;D405P;E406A;R408I;A411N;G413D;A419L;Y421K;L425D;P426M;C432R;W436L;N440D;S443V;G446N;Y449S;L455R;R457P;E465T;D467G;I472P;G485S;N487Y;Y489G;Q493S;N501Y;G504P;Y508V;V512F;L518T;A520G;K529L;L533K;K537F;V539L;T549Q;T553F;N556P;R567A;D571T;T572A;R577L;T581P;L582I;I584D;L585S;P589F;G593T;I598P;N606A;D614G;C617A;T618A;L629C;W633Y;Y636N;S637G;T638R;N641C;F643I;Q644C;T645E;A647L;G648I;C649P;L650T;A653V;H655Y;Y660G;C662A;D663A;I670S;A672Y;T676R;N679A;R682A;I693Y;M697E;N703A;V705I;N710I;V722T;E725T;M731N;D737I;C738G;C743D;D745E;N751L;L752Q;L754C;Q755S;G757T;F759T;Q762N;N764A;R765T;I770M;Q779K;F782I;I788L;K795F;F797S;G799N;F800I;F802Q;S803I;Q804S;L806D;S810R;P812F;K814E;D820T;L822N;N824V;V826K;D830G;G832Q;F833K;Y837L;C840L;G842A;D843L;A852V;N856V;L858P;M869Q;Y873I;T883G;A890I;G891A;A892L;F898R;M902L;R905G;F906Q;N907L;G908V;N914Q;Y917Q;N919A;K921Q;L922N;F927N;N928K;A930F;G932Q;I934Q;D936L;T941A;A942K;G946L;K947N;L948Q;D950N;V951N;L959T;V963F;S967E;S968A;F970A;G971I;S974V;S975I;L977N;N978K;S982E;R983V;I993P;D994I;R995T;Y1007L;R1014E;A1015I;E1017A;I1018L;A1020N;S1021L;A1022E;N1023A;L1024A;A1025T;K1028Q;E1031V;L1034D;G1035S;K1038V;V1040F;D1041N;M1050A;P1053A;Q1054A;L1063T;H1064P;V1068K;E1072N;T1076K;T1077D;A1087R;R1091S;E1092S;W1102Q;Q1106I;N1108Q;F1109A;P1112I;T1117C;C1126G;I1130Y;G1131D;V1137D;P1140F;K1149L;D1153Y;K1154H;H1159D;V1164N;L1166D;D1168G;I1169S;S1175I;V1176F;I1179E;N1187E;V1189C;E1195L;G1204E;Y1206Q;E1207I;W1212Y;I1216V;L1218F;F1220A;I1221G;A1222I;I1225V;L1234C;C1236Y;C1240G;C1241G;L1244G;G1246C;C1248H;S1249K;C1253K,37.0,60.0,1.0,50.0,222.0,50.0
root_child_1_child_1_child_0_child_1_child_1_child_1_child_1_child_0_child_0|leaf,337,0.735271,337,0.735271,336,MZ477792.1,49,0.756219,335,335,48,-110.83239753745863,-2.3090082820303883,-1.4350399149338156,-1.4350399149338156,-2.23748324053779,-1.118741620268895,2,F486N;I472Q,N501Y,1,D138Y;N501Y;V1176F,3,N501Y,1,T333D:-1.7415;L335V:-1.9854;N343A:-1.9376;T345W:-1.9163;N354I:-1.5971;R355T:-2.6817;C361L:-3.9821;D364Y:-2.7447;S366L:-2.4385;V367Y:-2.6067;N370T:-2.6435;S373A:-1.9861;S383N:-3.5369;T385N:-2.6302;C391T:-4.3715;V395S:-3.7400;Y396K:-2.8716;S399D:-2.3761;I402A:-2.3285;G404V:-2.2315;D405G:-1.3426;R408I:-1.6834;G413D:-1.9963;I418D:-2.5883;N422L:-3.1081;L425D:-2.9019;C432I:-4.1433;N437K:-2.2823;Y449S:-1.7609;R457S:-1.7278;K462T:-1.4070;S469I:-1.7468;I472Q:-1.2159;G476L:-1.4259;G485Y:-1.5747;F486N:-1.0216;N487G:-1.3894;Y489P:-1.7629;N501Y:-1.4350;G502P:-1.3416;V503P:-1.6554;G504P:-1.9402;R509C:-2.3918;S514T:-2.9576;L518P:-3.2451;H519P:-1.9232;A520V:-3.5556;T531D:-2.9604,R21S;P26T;T29M;F32V;L48Q;T51L;H69N;N87S;S98N;N99I;R102S;W104L;T109S;D111K;K113S;T114I;I128M;C131Q;D138Y;N164Y;F168Y;M177G;G181Q;K182G;G184F;F186N;L189V;E191V;I197G;D198I;G199Y;F201Y;I203K;H207V;T208A;I210G;V213D;Q218L;F220D;D228N;P230G;N234F;I235R;T236L;F238I;P251S;A262G;A263Q;A264Y;V267T;Y269G;L276Y;K278T;N282D;T286A;A288C;C291S;L293C;P295K;T302E;K304T;S305T;V308I;E309N;K310S;I312T;F318H;P322E;E324P;T333D;L335V;N343A;T345W;N354I;R355T;C361L;D364Y;S366L;V367Y;N370T;S373A;S383N;T385N;C391T;V395S;Y396K;S399D;I402A;G404V;D405G;R408I;G413D;I418D;N422L;L425D;C432I;N437K;Y449S;R457S;K462T;S469I;I472Q;G476L;G485Y;F486N;N487G;Y489P;N501Y;G502P;V503P;G504P;R509C;S514T;L518P;H519P;A520V;T531D;L533K;V534K;V539N;F541K;N542T;G548E;T549Q;G550L;T553V;E554N;N556L;K558Q;F559D;F562I;Q563F;Q564D;G566I;R567T;A570V;T572Q;A575R;Q580L;L582I;D586F;T588S;P600N;Y612N;D614Y;N616P;V622D;R634S;T638S;N641Q;V642L;Q644C;T645I;G648I;L650G;H655E;Y660C;E661D;D663I;I666C;T678S;S680A;R683S;A684V;R685G;S686I;V687I;A688M;I693L;A694L;Y695G;M697V;L699S;S704V;Y707I;N709I;N710P;A713P;T716S;N717T;I720E;T724K;E725L;I726S;L727S;S730T;K733I;S735C;D737S;T739I;G744D;L754F;T761L;N764G;E773V;D775T;N777V;Q784K;V785I;K786P;Q787P;Y789T;K790Y;T791F;G798Q;F800I;Q804S;I805P;P809R;S810P;A829Q;C840L;G842A;D843L;C851G;Q853T;F855G;L858P;V860E;M869T;Q872S;Y873I;T874A;T883G;G885T;W886G;F888G;A890L;A892F;Q895P;I896A;A899Y;M902P;A903F;Y904I;F906Q;G908Q;I909V;L916Q;E918A;K921F;L922N;I923N;N925I;F927G;N928L;S929I;I931S;K947V;L948V;Q954T;T961S;V963A;F970I;G971I;N978K;I980E;E990L;Q992D;I993T;T998L;G999Q;T1006V;L1012A;I1018L;A1020L;A1025S;T1027S;K1028V;C1032S;L1034S;Q1036D;S1037M;K1038D;R1039D;D1041G;G1046S;H1048S;M1050A;P1053A;S1055H;G1059H;F1062Y;T1066Y;Y1067P;E1072N;A1078D;C1082V;K1086A;H1088V;R1091F;E1092S;S1097W;H1101F;F1103Q;N1108Q;T1116N;N1119I;C1126G;D1127V;V1128T;V1129G;G1131T;N1134W;P1140L;L1145S;D1146L;F1148E;K1149L;K1154H;V1164L;S1170I;S1175I;V1176F;D1184A;N1194D;L1197D;Y1206K;E1207I;L1218F;G1219L;F1220V;G1223A;V1228I;L1234S;C1236Y;S1239K;G1246S;S1249G;C1253K;K1255S;D1260E;V1264L;G1267T;V1268H,53.0,73.0,1.0,197.0,222.0,62.0
root_child_1_child_1_child_0_child_1_child_1_child_0_child_1_child_0|leaf,337,0.735271,337,0.735271,336,MZ477792.1,51,0.746269,334,334,50,-114.25484203758062,-2.2850968407516126,-1.4350399149338156,-1.4350399149338156,-3.2983287825269265,-1.0994429275089754,3,T500R;Q498V;K529V,N501Y,1,D138Y;N501Y;V1176F,3,N501Y,1,T333D:-1.7415;N334V:-1.9926;L335V:-1.9854;T345W:-1.9163;V350N:-2.9890;N354I:-1.5971;R355T:-2.6817;C361V:-3.9488;V362N:-2.4511;D364Y:-2.7447;Y365L:-2.8881;V367Y:-2.6067;L368F:-2.4135;S383N:-3.5369;C391T:-4.3715;V395S:-3.7400;S399D:-2.3761;I402D:-2.0407;D405I:-1.6062;R408I:-1.6834;Q409T:-2.6813;G413D:-1.9963;D420Y:-2.0724;N422L:-3.1081;Y423G:-3.5716;L425D:-2.9019;A435C:-3.3838;N437K:-2.2823;S438K:-1.4481;N439T:-1.7466;Y449S:-1.7609;R457S:-1.7278;K462L:-1.4119;P463D:-2.2807;S469I:-1.7468;I472A:-1.4999;C480Y:-1.7713;N487G:-1.3894;Y489P:-1.7629;F497P:-2.3790;Q498V:-1.0898;T500R:-1.0382;N501Y:-1.4350;V503Y:-1.6807;G504P:-1.9402;R509V:-2.2683;F515L:-3.1924;L518P:-3.2451;K529V:-1.1703;T531D:-2.9604,R21S;Y28L;T29F;N30T;F32V;T33V;R34Y;F43S;L48Q;T51L;H69G;P85M;N87S;Y91S;F92I;K97N;N99I;G103I;W104I;G107T;K113I;T114I;D138Y;Y145H;E154F;A163E;G181Q;G184F;F186E;R190I;E191V;I197G;F201Y;K202H;S205I;H207V;T208A;I210G;Q218L;F220D;P230G;I233T;N234H;I235R;T236F;F238N;S247L;L249T;P251S;G252W;S255C;S256A;A262V;A263Y;V267L;Q271L;T274Y;L276Y;K278T;N282D;T286A;A288C;C291S;A292N;T302K;V308K;K310S;F318S;T323N;E324P;S325V;V327P;R328P;F329L;T333D;N334V;L335V;T345W;V350N;N354I;R355T;C361V;V362N;D364Y;Y365L;V367Y;L368F;S383N;C391T;V395S;S399D;I402D;D405I;R408I;Q409T;G413D;D420Y;N422L;Y423G;L425D;A435C;N437K;S438K;N439T;Y449S;R457S;K462L;P463D;S469I;I472A;C480Y;N487G;Y489P;F497P;Q498V;T500R;N501Y;V503Y;G504P;R509V;F515L;L518P;K529V;T531D;V534K;K537V;N540F;F541K;G545S;L546V;T549Q;V551F;E554F;K557P;F559D;F562Q;Q563F;G566K;D571C;D574V;A575R;L582I;D586T;F592S;V595N;T599P;Q607L;D614Y;N616P;V620A;V622D;R634S;T638S;V642L;Q644C;T645L;G648A;G652E;H655E;S659T;Y660C;C662I;D663Q;I664G;A668S;S680A;P681S;R683S;R685V;A688M;A694L;Y695G;S698G;Y707A;N709I;N710I;T716S;T723D;T724K;E725L;I726S;M731V;K733I;S735C;C743K;D745N;L754F;S758R;T761L;E773V;N777V;Q784K;V785I;Y789V;K790Y;P792F;F800I;N801S;Q804S;I805P;S810P;K811F;P812R;K814D;F817L;E819R;V826T;T827M;A829Q;K835G;G838E;C840L;D843A;A845I;A846Q;Q853G;V860P;M869Q;Y873S;T874A;A879I;T883G;G885T;F888G;A890L;A892F;A893N;Q895P;I896A;A899M;Q901I;M902P;A903F;Y904I;N907G;I909V;L916Q;E918A;N919L;L922F;F927G;N928L;I931L;G932L;K947D;Q954T;V963F;Q965F;S968V;F970A;G971I;S974L;N978K;E990Q;Q992D;T998L;L1001T;Q1002Y;Y1007I;R1014I;E1017A;I1018L;L1024A;A1025S;S1037K;D1041Y;C1043H;G1046S;H1048S;L1049S;M1050A;P1053A;P1057F;F1062T;V1065Y;P1069D;C1082V;K1086E;E1092S;F1095S;S1097T;G1099F;H1101F;W1102V;Q1106P;N1108Q;E1111D;P1112L;I1115T;T1116N;D1118T;F1121G;G1124D;N1125I;C1126G;D1127V;V1129G;G1131E;N1134P;P1140Q;L1145S;D1146F;S1147L;K1149L;K1154H;H1159D;V1164L;S1175I;V1176F;Q1180R;K1181D;E1188K;N1194D;L1200G;L1203K;G1204F;Y1206K;E1207I;L1218F;F1220V;I1221G;G1223A;V1228I;L1234S;C1240K;C1243S;C1247S;S1249G;C1253K;K1255S;D1260E;V1264L;L1265T;V1268H,71.0,47.0,1.0,186.0,222.0,88.0
root_child_1_child_0_child_0_child_1_child_1_child_0_child_0|leaf,337,0.735271,337,0.735271,336,MZ477792.1,55,0.726368,338,338,54,-117.58238812179177,-2.1774516318850314,-1.4350399149338156,-1.4350399149338156,-3.4367315253733497,-0.8591828813433374,4,T478K;L455R;K529L;Q498Y,N501Y,1,L18F;D138Y;N501Y;D614G;H655Y;V1176F,6,D614G;N501Y,2,N331T:-2.4198;N334C:-2.3489;G339I:-2.0586;F342V:-3.3415;N343R:-1.9782;A344S:-2.1548;A348E:-1.4560;S349I:-2.1565;Y351K:-2.2797;R357L:-1.8086;N360V:-2.5934;L368N:-2.8684;S371F:-1.9489;A372F:-1.3989;F374T:-2.2571;K378S:-1.9727;V382T:-3.4542;T385L:-2.5021;N388F:-2.6581;A397I:-2.8788;S399I:-2.3064;F400I:-3.4071;I402G:-2.5120;G404V:-2.2315;D405N:-1.7898;R408I:-1.6834;G413D:-1.9963;G416D:-1.6933;I418F:-2.5984;A419L:-3.0512;D420P:-2.1140;N422F:-3.0747;Y423L:-3.4325;L425D:-2.9019;G431I:-3.8807;A435S:-2.7871;S443Y:-1.8219;Y449S:-1.7609;N450Y:-1.3610;L455R:-0.7754;R457E:-1.4052;D467T:-1.8071;T478K:-0.6580;N481A:-1.3424;N487Y:-1.7183;Q498Y:-1.1069;P499N:-1.3683;N501Y:-1.4350;G504P:-1.9402;Y505V:-1.8256;L517A:-3.5374;H519A:-1.8343;K528T:-2.9926;K529L:-0.8964,L18F;R21S;A27N;Y38K;P39V;V47S;T51L;F55L;T63H;I68N;K77F;L84N;P85L;D88Y;Y91A;S94N;E96I;N99I;W104G;K113S;T114S;A123Q;V126D;I128F;D138Y;F140L;V143N;N148M;W152F;E156N;Y160N;S161C;S162T;M177N;F186N;L189F;Y200K;V213Y;F220P;L223P;E224D;L229I;G232D;I235S;F238R;L244D;S247L;Y248T;G252S;D253G;A260Y;Y265V;Y266P;V267G;Y269P;L270F;Q271R;R273Y;L277E;Y279E;T286A;D290L;C291S;E309T;I312T;F329T;N331T;N334C;G339I;F342V;N343R;A344S;A348E;S349I;Y351K;R357L;N360V;L368N;S371F;A372F;F374T;K378S;V382T;T385L;N388F;A397I;S399I;F400I;I402G;G404V;D405N;R408I;G413D;G416D;I418F;A419L;D420P;N422F;Y423L;L425D;G431I;A435S;S443Y;Y449S;N450Y;L455R;R457E;D467T;T478K;N481A;N487Y;Q498Y;P499N;N501Y;G504P;Y505V;L517A;H519A;K528T;K529L;L533N;N542G;T549Q;G550T;N556F;K557F;F559D;L560R;F562D;Q564C;F565R;G566I;V576T;R577T;T581C;L582I;I584T;I587G;S596I;V597P;I598Y;T602Q;V608R;Q613E;D614G;P631R;W633I;T638F;Q644L;T645E;G648I;A653H;H655Y;Y660G;C662A;D663A;I666G;A668S;G669I;I670S;C671Q;N679V;R683S;A684Q;A688Q;S689A;S691A;G700V;A701S;S704A;N710I;N717T;M731I;T734M;C738G;T739M;Y741S;G744T;C749Q;N751L;L752S;L753G;Q755S;G757S;T761L;N764A;A771E;E773Q;K776F;Q779K;E780V;Q784I;V785Q;K786I;Y789T;K795F;G798T;F802Q;Q804S;D808F;S810K;P812D;R815L;S816L;V826A;D830K;I834C;G838R;C840L;G842A;D848P;C851A;A852T;K854Q;L858P;T859L;L864T;T866E;M869Q;T874G;L878T;G880I;T881S;T883G;W886G;A890P;A892Q;Q895M;I896A;Q901A;R905G;F906Q;V911N;Q913V;Y917N;K921I;Q926N;N928I;G932Q;G946K;V952N;L959T;V963Q;S967F;F970A;G971V;A972S;I973N;S974V;V976N;N978K;L981E;D985V;V991G;D994I;R995T;L996T;G999S;Y1007L;I1013S;R1014A;I1018L;S1021N;L1024M;A1025T;A1026K;T1027Q;M1029Q;E1031V;C1032S;V1033G;L1034R;S1037P;D1041Y;G1044L;M1050P;P1053A;F1062Y;H1064T;Y1067A;E1072A;P1079S;C1082D;A1087F;E1092S;V1096H;W1102V;R1107P;F1109Y;E1111T;I1114T;T1117C;V1122G;C1126I;D1127I;G1131D;N1134P;V1137E;D1139Q;P1143K;E1144F;Y1155S;F1156N;H1159L;V1164G;D1168V;N1173S;S1175I;V1176F;V1177I;Q1180I;S1196Q;I1198Q;E1202K;L1203Q;E1207P;P1213L;I1216L;W1217A;L1218F;F1220A;I1221L;I1227M;L1234C;M1237C;T1238L;C1240S;L1244C;K1245G;S1249K;C1250G;S1252K;C1253K;D1259G;S1261P;E1262K;V1264L;G1267L,93.0,3.0,1.0,3.0,222.0,158.0
root_child_0_child_1_child_0_child_0_child_0_child_0_child_1|leaf,337,0.735271,337,0.735271,336,MZ477792.1,55,0.726368,335,335,54,-127.3736069654678,-2.3587704993605154,-1.4350399149338156,-1.4350399149338156,-3.0943192347781947,-1.0314397449260648,3,F456R;R346A;G476N,N501Y,1,D138Y;N501Y;D614G;H655Y;V1176F,5,D614G;N501Y,2,I332L:-2.4919;F342N:-2.7584;N343T:-1.9063;R346A:-0.9806;F347S:-2.6728;V350W:-3.2836;W353R:-2.7154;N354R:-1.2966;R355S:-2.7188;K356V:-1.4673;I358D:-3.1976;N360Y:-2.7482;D364N:-2.2158;L368F:-2.4135;A372Y:-1.5561;V382K:-3.2429;D389C:-2.9995;V395D:-3.3706;A397R:-2.9209;F400R:-2.7613;R403Q:-1.6178;G404V:-2.2315;Q409A:-2.7239;I410G:-2.7830;P412T:-3.3095;G413I:-2.5114;T415I:-2.3373;K424T:-2.3054;F429C:-3.5231;V433S:-3.2694;A435N:-3.1173;W436D:-2.3850;N440G:-1.5856;L441S:-1.3553;S443Y:-1.8219;Y449L:-1.5400;F456R:-0.8883;S459L:-1.5423;F464Y:-1.7516;I468A:-1.7015;G476N:-1.2255;C480F:-1.6586;N487Y:-1.7183;F497V:-2.4700;N501Y:-1.4350;V503Y:-1.6807;G504Q:-1.7347;V510H:-3.0555;V511S:-3.2348;S514E:-3.2800;F515L:-3.1924;E516A:-2.9572;H519A:-1.8343;V524N:-3.8778,C15I;Y37D;W64A;H69N;K77D;V83G;F86Y;N87L;T95I;I105L;T108L;L110Q;S116N;L118A;N125I;I128F;D138Y;H146T;K147W;N149M;K150L;M153E;E154P;E156S;N165S;C166V;T167E;F168Y;Y170L;Q173M;P174E;E180K;N188E;L189V;N196D;I197K;D198V;G199I;K206I;H207N;P217F;Q218E;L223P;E224V;G232I;I235Q;T236S;L242N;P251S;D253G;S256A;G268T;Q271R;R273F;L276E;L277Y;E281T;N282D;D287L;A288D;C291L;P295K;L296C;L303V;S305T;G311Y;S316C;N317S;P322E;V327L;I332L;F342N;N343T;R346A;F347S;V350W;W353R;N354R;R355S;K356V;I358D;N360Y;D364N;L368F;A372Y;V382K;D389C;V395D;A397R;F400R;R403Q;G404V;Q409A;I410G;P412T;G413I;T415I;K424T;F429C;V433S;A435N;W436D;N440G;L441S;S443Y;Y449L;F456R;S459L;F464Y;I468A;G476N;C480F;N487Y;F497V;N501Y;V503Y;G504Q;V510H;V511S;S514E;F515L;E516A;H519A;V524N;V534N;K535L;V539N;N542G;G545T;G548T;G550N;E554L;S555L;K558P;L560Q;P561R;Q563F;Q564T;I569L;R577L;D586T;P589I;C590I;G593T;V595N;S596T;V597N;T599V;Q607V;V608N;A609V;D614G;C617E;E619I;V622I;I624A;Y636N;T638S;F643T;R646V;A647I;G648I;C649N;L650A;H655Y;V656S;N658I;Y660V;E661D;I666A;G669C;A672Q;R683S;Q690S;S691I;I693T;A694G;Y695D;T696L;M697L;N709I;N710I;I714T;P715N;T723P;E725M;I726S;M740D;C743S;D745E;S746C;E748N;L752C;L753G;L754S;S758T;A766K;I770K;D775E;N777F;I788K;P792N;G799F;N801P;P812F;S816I;F817N;I818L;N824V;K825T;T827G;I834K;Y837D;G838D;C840A;L841D;I844L;K854Y;L858P;T859L;L861D;P863L;M869S;A871V;G880F;T883G;Q901N;F906G;G910V;Q920R;K921Q;A924Q;Q926A;F927S;I931K;D936A;T941S;A942K;L945K;L948N;V951A;Q957L;L959F;N960S;S967N;N969S;G971L;S974N;S975N;S982K;R983E;D994I;R995I;R1000Q;Q1005Y;Y1007L;V1008A;Q1011A;I1013R;N1023A;L1024A;K1028S;C1032L;V1033R;F1042S;K1045P;M1050A;F1052V;Q1054G;S1055L;G1059V;L1063H;T1066V;Y1067A;P1069E;E1072P;T1076G;C1082D;H1083K;A1087F;H1088R;F1089E;E1092F;V1094N;F1095T;W1102T;V1104F;N1108Q;Q1113I;I1115T;D1118T;V1122N;G1124D;D1127I;G1131N;I1132E;V1133C;N1134P;T1136L;V1137Q;L1141D;S1147Y;F1148K;K1149Y;K1154T;Y1155A;P1162V;G1171A;V1176F;I1179K;I1183A;L1186V;V1189N;N1192L;E1195Q;D1199E;L1203Y;G1204E;Y1206I;Q1208E;K1211F;W1212L;I1216L;V1228T;I1232C;C1240L;S1242K;K1245G;G1251C;C1253K;K1255E;P1263L;L1265V;V1268T;L1270P,174.0,126.0,1.0,88.0,222.0,158.0
root_child_1_child_0_child_1_child_0_child_0_child_1_child_0|leaf,337,0.735271,337,0.735271,336,MZ477792.1,58,0.711443,337,337,57,-137.30397455279936,-2.4088416588210424,-1.4350399149338156,-1.4350399149338156,-4.685416146459892,-1.171354036614973,4,G482E;F490S;Q493Y;I472Q,N501Y,1,L18F;D138Y;N501Y;D614G;H655Y;V1176F,6,D614G;N501Y,2,N334C:-2.3489;L335F:-2.4471;P337N:-2.2448;E340A:-1.3088;N343R:-1.9782;W353I:-3.3421;R355C:-2.6504;D364N:-2.2158;C379S:-4.1288;T385D:-2.0897;K386F:-3.0381;N388F:-2.6581;L390N:-3.1724;F392N:-3.6122;F400M:-2.8308;I402E:-2.0324;G404E:-1.8275;R408I:-1.6834;A411G:-3.1893;G413D:-1.9963;T415D:-2.1907;A419L:-3.0512;Y421L:-2.4822;N422K:-2.9844;L425D:-2.9019;D427T:-1.9398;D428G:-2.4078;T430C:-2.8977;I434N:-2.4944;A435L:-3.3866;W436L:-2.7359;L441N:-1.2665;D442Y:-2.0449;Y449S:-1.7609;Y451F:-1.7325;R457P:-1.7140;K462I:-1.4277;I472Q:-1.2159;A475C:-1.5548;P479A:-1.4502;C480N:-1.7664;G482E:-1.1120;N487Y:-1.7183;F490S:-1.1427;Q493Y:-1.2148;F497P:-2.3790;N501Y:-1.4350;G502Y:-1.9119;G504P:-1.9402;L518V:-3.3865;A520K:-3.2253;T523C:-3.7458;V524P:-4.1012;C525P:-4.2599;G526K:-3.4148;P527V:-3.1031;S530N:-3.0123,L18F;R21T;Y28S;T29L;V47S;T51L;D53N;L54D;P57S;H66Y;V70Q;S71R;K77F;D80P;F86N;D88V;V90F;S94G;I101G;G103F;W104M;T109S;D111S;S116V;L117N;F133Q;C136P;D138Y;E156G;F157Y;R158N;Y160N;S162C;C166Q;E169S;Q173M;P174G;L176G;D178G;E180F;K182Y;Q183N;G184V;L189E;E191I;V193K;H207L;T208G;V213G;P217A;F220D;L229I;I233A;I235S;L244P;H245P;S247L;G252S;T259Y;V267L;F275L;K278Y;T284C;A288V;C291S;A292P;P295K;C301K;T307I;T315F;N317V;V320P;I326R;N334C;L335F;P337N;E340A;N343R;W353I;R355C;D364N;C379S;T385D;K386F;N388F;L390N;F392N;F400M;I402E;G404E;R408I;A411G;G413D;T415D;A419L;Y421L;N422K;L425D;D427T;D428G;T430C;I434N;A435L;W436L;L441N;D442Y;Y449S;Y451F;R457P;K462I;I472Q;A475C;P479A;C480N;G482E;N487Y;F490S;Q493Y;F497P;N501Y;G502Y;G504P;L518V;A520K;T523C;V524P;C525P;G526K;P527V;S530N;L533K;V534N;N536C;N540G;N544L;T549Q;V551E;F559D;F562D;Q564A;T572P;D574Q;Q580L;L582I;D586P;F592T;G593T;P600N;G601T;Q607Y;A609Y;V610N;L611G;D614G;V615A;P621I;A623P;H625Q;Q628T;P631S;W633Y;V635S;T638N;N641G;Q644A;T645L;G648I;L650T;A653H;H655Y;N658C;S659D;Y660G;C662A;D663Y;P681V;S689I;Q690T;I693T;A706N;N710I;I720M;S721I;T723E;P728T;V729S;K733T;S735T;C743L;D745C;T747L;C749N;N751L;L752Q;C760T;N764A;I770K;A771Q;Q774D;N777F;T778A;E780I;K786Y;Q787K;I794G;F800L;N801S;F802P;Q804S;P812K;S813E;K814E;V826A;A831Y;Y837A;G838D;C840L;G842A;A845R;D848N;L849F;C851N;K854V;G857L;L858P;M869Q;A871Y;S875G;T883G;T887I;I896A;F898R;M902L;R905G;F906Q;Y917Q;Q920L;K921Q;A924F;F927N;N928L;S929Q;G932Q;L938A;L959T;V963F;Q965S;S967F;F970A;G971S;S975I;V976N;N978S;D979L;S982E;L984V;E988L;A989V;D994I;R995T;L1001T;L1004Y;T1009E;Q1010R;A1015S;I1018L;L1024A;A1025T;A1026E;K1028V;E1031V;C1032S;L1034D;V1040P;K1045Y;L1049H;M1050A;S1051P;P1053A;A1056V;L1063T;H1064A;E1072N;N1074C;F1075D;H1083D;A1087M;H1088V;P1090F;E1092S;F1095T;V1096G;S1097F;G1099T;W1102Q;T1105N;T1117C;C1126G;G1131D;N1134P;P1143L;S1147E;K1149L;F1156V;H1159D;P1162N;V1164N;D1168G;S1170I;I1172H;S1175I;V1176F;V1177I;E1182R;N1192K;E1195Q;Q1201I;E1202K;G1204E;E1207I;I1210L;W1212Y;W1217I;L1218G;F1220A;M1229I;L1234C;C1235M;C1236Y;C1240G;L1244C;G1246C;S1249K;C1253F;S1261V;P1263V;L1265V,213.0,178.0,1.0,229.0,222.0,200.0
root_child_0_child_0_child_0_child_1_child_0_child_1_child_1_child_0_child_0|leaf,337,0.735271,337,0.735271,336,MZ477792.1,61,0.696517,335,335,61,-140.769604497395,-2.307698434383525,-1.4350399149338156,-1.4350399149338156,-4.267007435174029,-1.0667518587935072,4,E484V;E340K;K458N;N460D,N501Y,1,N501Y;D614G;H655Y,3,D614G;N501Y,2,N331C:-2.6574;I332N:-2.6228;T333F:-1.9397;P337G:-2.7021;G339Q:-1.8710;E340K:-1.0697;V341R:-2.3635;T345V:-1.5633;S349R:-1.9652;N354T:-1.8705;N370T:-2.6435;S373E:-1.8928;T376C:-2.8787;F377P:-3.0968;C379T:-4.2015;K386Y:-3.1781;C391Y:-4.4373;N394V:-2.5818;V395I:-3.2946;I402G:-2.5120;G404E:-1.8275;V407I:-2.8289;I418K:-2.5308;D420Y:-2.0724;K424I:-2.1773;P426D:-2.2753;F429W:-3.6467;V433S:-3.2694;I434L:-2.3325;A435L:-3.3866;W436N:-2.6391;N437S:-2.2393;D442N:-1.8971;S443V:-1.3660;N448Y:-2.3452;Y449L:-1.5400;N450L:-1.5236;Y451R:-1.7521;Y453L:-2.6361;L455P:-1.4905;R457K:-2.0672;K458N:-1.1730;N460D:-1.2377;E465Y:-1.8043;Y473Q:-1.3706;P479A:-1.4502;C480F:-1.6586;E484V:-0.7866;G485P:-1.4617;N487P:-2.0089;C488F:-1.9176;S494P:-1.3911;F497P:-2.3790;N501Y:-1.4350;Y508N:-2.5762;L513M:-3.7711;P521A:-3.4158;V524G:-4.1764;P527L:-3.2639;K529T:-1.2935;S530N:-3.0123,Y28S;T33V;F43V;S50D;F65A;A67V;V70Y;S71T;G75D;F79T;L84D;G89S;T95S;S98R;G103T;W104F;F106T;V120N;N121G;V127Q;C136P;D138P;F140Y;L141H;W152L;V159N;Y160V;S161C;A163F;N164C;S172P;P174L;F175M;R190V;N196D;I197G;Y204P;H207P;T208F;N211L;V213R;D215Q;L226V;G232I;I235S;T236L;L241Y;Y248D;T250S;P251S;G252S;D253A;S256A;W258A;T259G;Y269A;R273K;F275L;K278E;N280T;C291I;P295S;E298K;K300F;L303S;S305G;V308Y;K310I;I312S;F318E;P322R;S325P;I326R;V327N;F329N;P330F;N331C;I332N;T333F;P337G;G339Q;E340K;V341R;T345V;S349R;N354T;N370T;S373E;T376C;F377P;C379T;K386Y;C391Y;N394V;V395I;I402G;G404E;V407I;I418K;D420Y;K424I;P426D;F429W;V433S;I434L;A435L;W436N;N437S;D442N;S443V;N448Y;Y449L;N450L;Y451R;Y453L;L455P;R457K;K458N;N460D;E465Y;Y473Q;P479A;C480F;E484V;G485P;N487P;C488F;S494P;F497P;N501Y;Y508N;L513M;P521A;V524G;P527L;K529T;S530N;L533C;N536F;K537W;V539G;G548V;L552S;T553L;N556Q;K558F;F559I;Q563F;Q564R;F565D;R567T;I569L;D574P;R577L;D586S;C590I;F592V;V595I;N603V;L611T;D614G;V615P;T618I;P621A;D627T;Q628W;L629T;Y636T;N641Q;Q644T;C649D;H655Y;A668S;R682I;I692Y;S698E;G700I;S704N;A706S;N709I;S711T;T719V;V722P;T723K;E725P;C738S;M740I;D745E;T747N;L753S;T761A;N764A;R765T;G769A;I770A;V772E;Q774K;N777F;T778A;Y789G;K790Y;T791F;P792F;I794D;K795N;G798Q;N801Q;L806K;P807K;D808S;K811I;F817K;E819N;V826A;L828F;A829T;D830G;I844G;A846F;L849F;C851N;K854I;N856P;L858P;P863L;T866E;D867Q;I870L;S875G;L878T;I882A;T883G;G889P;A892M;Q895P;P897T;F898A;M902P;R905N;F906Q;G908Y;N914Q;V915I;F927Q;I931K;G932D;S939K;A942K;N955A;Q957N;L966T;S967N;G971V;I973S;R983K;L996D;I997S;T998L;Q1005V;T1009Q;A1015L;L1024A;Q1036V;F1042G;G1044F;G1046Q;F1052S;H1058V;F1062E;L1063E;Y1067P;A1070F;E1072I;I1081V;C1082D;H1083G;D1084F;R1091S;E1092H;V1094F;N1098T;H1101T;W1102N;T1105R;Q1106P;F1109P;Q1113I;T1116D;N1119S;T1120N;V1129T;I1130V;G1131N;N1134P;N1135Y;Y1138P;L1145E;F1148E;E1150K;E1151D;D1153Y;T1160D;G1167I;G1171N;A1174V;S1175V;V1176I;K1181I;E1182N;E1188S;V1189K;A1190L;S1196D;L1197E;I1198F;K1205I;Y1206E;Q1208H;Y1209W;K1211A;P1213L;L1218I;A1222V;I1225V;I1227M;M1233C;C1235M;C1241G;L1244C;C1250E;C1253K;F1256G;K1266T;G1267L;H1271V,223.0,71.0,1.0,138.0,222.0,227.0
root_child_1_child_1_child_0_child_1_child_1_child_0_child_0_child_1|leaf,338,0.734485,338,0.734485,337,MZ477792.1,47,0.766169,335,335,46,-106.42914547188833,-2.3136770754758325,-1.4350399149338156,-1.4350399149338156,-3.2822444770727266,-1.0940814923575755,3,R346G;Q498V;T470E,N501Y,1,D138Y;N501Y;V1176F,3,N501Y,1,L335V:-1.9854;N343I:-2.2484;T345W:-1.9163;R346G:-1.0628;F347V:-2.4887;V350N:-2.9890;N354I:-1.5971;R355T:-2.6817;D364Y:-2.7447;Y365L:-2.8881;V367Y:-2.6067;L368F:-2.4135;S383N:-3.5369;T385N:-2.6302;C391T:-4.3715;V395S:-3.7400;S399D:-2.3761;I402D:-2.0407;D405V:-1.6049;G413D:-1.9963;D420Y:-2.0724;N422L:-3.1081;Y423P:-3.6399;L425D:-2.9019;P426D:-2.2753;N437K:-2.2823;S443G:-1.7566;Y449S:-1.7609;N450F:-1.4575;R457S:-1.7278;K462F:-1.3898;S469I:-1.7468;T470E:-1.1296;I472M:-1.4193;N487G:-1.3894;Y489Q:-1.9119;F497P:-2.3790;Q498V:-1.0898;N501Y:-1.4350;G504P:-1.9402;L513E:-3.3299;F515L:-3.1924;L518P:-3.2451;A522P:-3.6749;K529T:-1.2935;T531D:-2.9604,V16F;R21S;Y28L;T29F;F32V;T33V;R34Y;F43S;L48Q;H49Y;S50R;T51L;H66S;N87S;D88Y;Y91A;F92I;E96S;K97N;N99R;G103T;W104I;G107T;K113S;T114I;L118A;N137F;D138Y;Y144K;W152F;A163T;P174E;M177L;G181Q;G184N;F186T;R190I;E191V;I197G;D198I;F201Y;K202H;K206I;H207V;I210P;Q218L;F220D;L226Y;P230G;G232N;N234F;I235R;T236R;F238N;S247L;Y248D;P251S;S255C;A262V;A263Q;V267L;Y269L;Q271L;L276Y;K278T;N282D;T286A;A288C;C291S;A292N;E298L;T302S;K310S;G311R;S316F;F318S;E324P;V327P;L335V;N343I;T345W;R346G;F347V;V350N;N354I;R355T;D364Y;Y365L;V367Y;L368F;S383N;T385N;C391T;V395S;S399D;I402D;D405V;G413D;D420Y;N422L;Y423P;L425D;P426D;N437K;S443G;Y449S;N450F;R457S;K462F;S469I;T470E;I472M;N487G;Y489Q;F497P;Q498V;N501Y;G504P;L513E;F515L;L518P;A522P;K529T;T531D;V534C;N536C;F541K;F543N;T549Q;V551F;T553A;N556Q;F559D;Q563F;A575R;R577Q;T581E;L582I;D586T;V595N;T599P;D614Y;N616P;V620A;V622D;R634S;T638S;V642G;Q644C;T645E;G648A;H655E;S659C;Y660C;D663Q;I666G;A668S;S680A;R683S;R685G;A688M;A694L;Y695G;Y707A;S708T;N709I;N710I;S711T;I712Y;T716S;N717V;T723D;T724K;E725L;I726S;P728K;V729K;M731V;K733I;S735C;D737G;T739I;C743K;S746L;L754F;T761L;R765T;E773V;D775E;N777V;Q784K;V785I;K790Y;F800I;S803D;Q804S;I805P;S810P;K814D;E819R;D820L;A829Q;I834Q;Q836G;G838E;C840L;G842R;D843A;Q853G;V860P;L861P;T866A;M869Y;I870Y;Y873S;T874A;A879T;I882G;T883G;G885T;F888G;G889L;A890L;A892F;A893M;Q895P;I896A;A899G;Q901N;M902P;A903F;Y904I;F906Q;N907G;V915N;L916Q;E918K;N919L;K921F;F927G;N928L;G932L;S939A;A942L;G946L;K947D;Q954T;T961S;V963F;L966A;S968V;F970A;G971I;I973V;S974L;N978K;R983D;E990Q;Q992D;Y1007I;V1008A;Q1010K;R1014E;I1018L;L1024A;A1025S;V1033Q;D1041Y;G1044M;G1046S;H1048S;M1050G;S1051P;P1053A;H1058G;G1059H;C1082V;D1084F;K1086E;H1088P;E1092S;G1099F;H1101F;W1102V;Q1106P;N1108Q;E1111P;T1116N;D1118T;F1121D;N1125I;C1126G;D1127V;V1129G;G1131E;N1134P;V1137P;P1140Q;L1141P;L1145S;D1146K;K1149L;K1154H;V1164L;D1168I;S1170I;A1174Q;S1175I;V1176F;Q1180R;E1182D;N1194D;L1200G;Y1206K;E1207I;Y1209K;K1211I;L1218F;F1220V;I1221G;G1223A;I1227V;V1228I;M1233T;L1234S;C1240K;C1247S;S1249G;C1253K;K1255S;D1260L;V1264L;V1268H;K1269M;H1271L,28.0,81.0,1.0,180.0,229.0,35.0
root_child_1_child_0_child_1_child_0_child_1_child_0_child_0_child_1_child_0|leaf,338,0.734485,338,0.734485,337,MZ477792.1,52,0.741294,337,337,51,-120.1755938663033,-2.3563841934569276,-1.4350399149338156,-1.4350399149338156,-7.589408002775717,-1.0842011432536738,7,L455R;Q493A;K458Q;Q498G;F490S;N481V;G476N,N501Y,1,D138Y;N501Y;D614G;H655Y,4,D614G;N501Y,2,T333H:-1.8244;C336D:-3.6440;N343R:-1.9782;T345A:-1.8664;W353K:-2.7975;R355C:-2.6504;I358D:-3.1976;Y365L:-2.8881;C379G:-4.2352;G381L:-3.6288;K386F:-3.0381;N388F:-2.6581;D398F:-3.1789;F400M:-2.8308;R403V:-1.4433;E406R:-1.3158;R408I:-1.6834;G413D:-1.9963;Q414Y:-2.3327;A419L:-3.0512;L425D:-2.9019;P426G:-3.2856;F429A:-3.0314;C432A:-4.2640;I434H:-2.0370;A435L:-3.3866;Y449F:-1.3317;L455R:-0.7754;R457P:-1.7140;K458Q:-1.0963;L461T:-2.1122;K462I:-1.4277;F464S:-2.1239;R466I:-1.8387;D467T:-1.8071;G476N:-1.2255;P479A:-1.4502;N481V:-1.1660;N487Y:-1.7183;F490S:-1.1427;Q493A:-1.0455;F497H:-2.2586;Q498G:-1.1380;N501Y:-1.4350;G502Y:-1.9119;G504P:-1.9402;T523C:-3.7458;V524P:-4.1012;C525P:-4.2599;P527V:-3.1031;S530C:-3.1615,P9G;L18V;T19I;R21S;L24S;N30T;F32L;Y38K;F43S;T51L;L54F;L56F;H69G;V70T;S71R;N74T;K77F;R78D;D80P;L84F;P85D;D88V;Y91E;S98T;I101G;G103F;I105L;F106T;K113S;T114I;S116V;C131D;C136L;D138Y;V143N;W152G;E156G;F157A;V159S;Y160N;S162C;F168Y;Q173F;L179K;G184F;L189E;R190V;E191I;F194I;K195Y;K202H;I203T;H207L;V213Q;R214D;F220D;S221L;L229I;P230G;I235L;T236L;Q239H;P251D;S256T;W258Y;G261Y;A263Y;Y266G;V267S;K278F;T284C;T286A;A288L;D290A;C291L;A292S;L293E;P295K;E298L;K304G;T315F;P322S;T323R;T333H;C336D;N343R;T345A;W353K;R355C;I358D;Y365L;C379G;G381L;K386F;N388F;D398F;F400M;R403V;E406R;R408I;G413D;Q414Y;A419L;L425D;P426G;F429A;C432A;I434H;A435L;Y449F;L455R;R457P;K458Q;L461T;K462I;F464S;R466I;D467T;G476N;P479A;N481V;N487Y;F490S;Q493A;F497H;Q498G;N501Y;G502Y;G504P;T523C;V524P;C525P;P527V;S530C;N536C;N542T;F543L;N544L;G545T;T549E;F559L;Q580L;T581E;L582I;I587A;P589S;C590G;G593T;I598P;Q607V;L611G;Q613E;D614G;A623P;I624W;A626L;L629P;T632R;R634S;G639V;N641F;T645E;G648I;L650T;I651A;A653H;H655Y;N658E;S659E;Y660G;C662A;D663Y;I664G;G667I;A668Y;S686Y;N703S;Y707S;N710I;N717F;S721L;T724E;L727S;P728M;D737G;C738I;M740E;S746E;S758C;C760T;Q762A;L763A;N764A;R765Q;A766T;T768I;T778A;P792F;G799S;F802Q;Q804S;L806D;K814E;S816E;E819L;K825D;V826A;T827K;L828I;D830I;G832C;Q836L;G838R;C840A;G842A;R847A;I850K;F855G;L858P;M869Q;A871Y;S875G;A876L;G880W;T883G;T887S;A892L;F898M;Q901F;M902L;R905G;F906Q;G910T;Y917Q;N919I;Q920I;K921Q;F927N;N928L;G932I;S939T;V952A;L959T;V963F;K964S;Q965I;L966K;S967F;N969G;F970A;G971I;S975I;N978D;D979L;L984A;V987E;E988Q;D994I;R995T;L996I;L1001S;L1004Y;Q1005Y;T1009K;R1014A;I1018L;R1019T;L1024A;A1025T;E1031V;V1040P;K1045Q;M1050A;S1051P;F1052A;P1053A;A1056V;P1057T;L1063T;V1065E;P1069Q;E1072A;N1074A;T1077K;A1078C;I1081D;A1087G;P1090E;R1091V;E1092S;S1097W;T1100N;W1102F;T1105N;R1107Y;N1108I;P1112C;T1117C;G1124I;C1126G;V1129G;G1131T;N1134P;Y1138E;L1141D;Q1142L;E1144D;K1149L;H1159L;V1164N;S1170I;I1172A;S1175I;V1176R;I1179K;L1186K;E1188L;N1194L;I1198D;E1207I;Q1208I;Y1209K;I1210G;W1212Y;W1217A;L1218F;F1220V;L1234C;C1235M;C1236Y;T1238L;G1246C;S1249K;C1253K;C1254D;G1267K;L1270T,117.0,123.0,1.0,165.0,229.0,99.0
root_child_0_child_0_child_1_child_0_child_1_child_1_child_0_child_1_child_1_child_0_child_1|leaf,338,0.734485,338,0.734485,337,MZ477792.1,61,0.696517,334,334,60,-139.8622105035948,-2.3310368417265797,-1.4350399149338156,-1.4350399149338156,-7.094501016883348,-1.0135001452690497,7,R346T;K444Y;K458L;G476K;N481V;Q498T;Q493Y,N501Y,1,P26S;N501Y;D614G,3,D614G;N501Y,2,N334F:-2.2519;C336R:-3.3556;E340T:-1.7716;F342N:-2.7584;N343T:-1.9063;T345F:-1.7678;R346T:-0.7574;F347S:-2.6728;A348R:-1.2580;S349R:-1.9652;R357A:-1.8201;I358D:-3.1976;D364S:-2.9044;N370T:-2.6435;Y380S:-3.1557;S383T:-3.3231;C391A:-4.3465;Y396S:-2.9446;A397E:-3.0999;D398G:-3.2244;D405G:-1.3426;E406R:-1.3158;R408T:-1.8521;A411G:-3.1893;Q414A:-2.1073;A419P:-2.7325;D420L:-1.5687;N422F:-3.0747;Y423L:-3.4325;D427C:-2.4535;C432A:-4.2640;A435N:-3.1173;K444Y:-0.8725;G446Y:-1.4345;N448Q:-2.3560;Y449L:-1.5400;N450L:-1.5236;R457N:-1.9868;K458L:-0.9273;N460P:-1.4502;I472Y:-1.3320;Q474N:-1.3228;G476K:-0.9661;C480F:-1.6586;N481V:-1.1660;L492S:-1.7157;Q493Y:-1.2148;Q498T:-1.1903;T500V:-1.4177;N501Y:-1.4350;V512A:-3.3615;E516S:-2.8497;L517T:-3.4471;H519K:-2.0982;A520G:-3.1867;P521V:-3.6426;V524G:-4.1764;C525K:-3.7391;P527L:-3.2639;S530N:-3.0123,L24S;P26S;R34G;D40F;F43V;Q52F;L56F;T63A;G72K;T73F;T76I;F79L;D80A;P82L;L84G;A93F;T95P;I101F;R102I;W104F;I105G;F106T;G107S;I119V;C131F;E132Q;C136D;D138L;L141H;N149E;M153Y;S155G;F157N;R158N;N164E;P174G;M177D;D178E;Q183F;F186N;G199S;K202H;I203S;Y204K;S205H;H207D;I210D;R214D;D215F;D228P;N234I;I235S;R237T;Q239L;L241Y;H245S;Y248D;L249S;P251G;G252S;S255T;G257A;W258L;T259A;A260Y;A262V;V267Y;G268R;E281G;C291S;P295S;E298K;T299C;K300L;C301T;K304F;V308G;P322E;T323I;E324P;V327P;N334F;C336R;E340T;F342N;N343T;T345F;R346T;F347S;A348R;S349R;R357A;I358D;D364S;N370T;Y380S;S383T;C391A;Y396S;A397E;D398G;D405G;E406R;R408T;A411G;Q414A;A419P;D420L;N422F;Y423L;D427C;C432A;A435N;K444Y;G446Y;N448Q;Y449L;N450L;R457N;K458L;N460P;I472Y;Q474N;G476K;C480F;N481V;L492S;Q493Y;Q498T;T500V;N501Y;V512A;E516S;L517T;H519K;A520G;P521V;V524G;C525K;P527L;S530N;C538F;T549F;V551N;T553P;F559C;L560G;Q563V;R567A;I569L;D574P;A575D;R577L;E583P;D586F;C590G;T599L;G601T;T602Q;A609L;Y612Q;D614G;T632S;G639T;F643R;G648I;I651E;V656E;A668G;G669Q;S680R;R683A;Y695S;V705S;Y707N;N709I;N710P;I714L;F718T;V722P;T724L;I726P;T734M;S735C;M740I;I742D;D745E;S746E;S750Q;L752G;L753S;C760I;T761L;N764T;A766Q;G769D;I770D;V772K;T778I;Q779V;Q784I;Q787C;T791F;P792A;I794D;N801Q;P807K;S813F;F817E;N824A;L828A;A829G;D830F;A831F;G838D;I844A;Q853S;K854I;F855G;L858P;T866S;D867Q;Y873A;T874A;L878T;T883G;W886G;G891A;M902Y;R905G;F906N;I909Q;T912N;N914S;Y917I;K921I;Q926S;F927I;T941S;A942K;N953A;Q954K;N960K;V963S;N969I;I973S;N978K;D979F;E988L;Q992D;D994Q;R995T;L996D;L1004V;Y1007G;Q1010A;L1012E;A1022L;L1024A;A1026G;M1029G;V1033R;G1035D;Q1036V;K1038G;V1040Y;G1046S;H1048Q;P1053H;H1058F;V1061P;F1062H;T1066Q;V1068N;A1070P;Q1071A;C1082K;F1089V;E1092F;V1094T;S1097T;W1102Y;V1104Q;T1105R;Q1106P;R1107Y;N1108Y;E1111T;Q1113I;I1115V;T1117N;T1120V;G1124D;I1130V;G1131N;N1134V;Y1138L;D1139E;P1140Q;L1141P;D1146K;F1148D;Y1155Q;K1157D;H1159V;T1160P;G1167I;G1171N;S1175E;V1176I;V1177Q;N1178K;I1179D;V1189N;K1191T;N1192L;N1194S;I1198Q;D1199K;L1200Q;I1210L;Y1215I;G1219I;M1229I;C1236T;M1237S;S1239C;L1244C;S1249F;C1250E;S1252D;C1253K;D1260E;E1262L,219.0,97.0,1.0,61.0,229.0,227.0
root_child_0_child_1_child_0_child_1_child_0_child_1_child_1_child_1|leaf,339,0.7337,339,0.7337,338,MZ477792.1,46,0.771144,335,335,45,-108.02679478491945,-2.400595439664877,-1.4350399149338156,-1.4350399149338156,-2.9067583629410865,-0.9689194543136955,3,K444G;G476K;Q493Y,N501Y,1,N501Y;D614G;H655Y,3,D614G;N501Y,2,I332L:-2.4919;P337N:-2.2448;G339V:-2.1347;S349T:-2.4938;V350W:-3.2836;Y351N:-2.5880;K356N:-2.0763;I358D:-3.1976;V362A:-3.0505;D364P:-2.8951;A372F:-1.3989;G381Y:-3.7729;V382D:-3.2644;F400S:-3.3476;G404V:-2.2315;E406Q:-1.9887;V407P:-2.9003;P412T:-3.3095;G413I:-2.5114;G416A:-2.8728;Y421T:-2.7281;Y423K:-3.0432;P426G:-3.2856;D427F:-1.9055;V433S:-3.2694;I434W:-2.7925;S443N:-1.7859;K444G:-0.7259;N448S:-2.2166;N450Y:-1.3610;K462I:-1.4277;I468Y:-1.4401;G476K:-0.9661;C480F:-1.6586;N487L:-1.6381;L492T:-1.8056;Q493Y:-1.2148;F497V:-2.4700;T500H:-1.4926;N501Y:-1.4350;G504Y:-2.0876;S514A:-3.5195;E516H:-2.8405;V524G:-4.1764;K528L:-2.6864,V36S;Q52R;F58N;W64M;K77D;G89Y;T95I;N99I;I100G;I105T;F106T;S116N;V120A;V126I;I128S;Q134C;C136P;D138F;K150L;M153S;E156G;F157V;A163Y;T167S;F168Y;F175E;L176D;Q183S;G184K;F186K;N188R;L189N;K195N;I197K;G199I;K202P;I203P;H207P;Q218E;F220V;L223P;E224V;P225G;D228P;G232N;N234L;I235Q;T236S;Q239H;Y248S;P251G;D253G;S256A;V267F;G268Q;Q271R;L276E;D287L;A288D;C291S;L296E;C301L;T302I;S316F;R319S;V320P;Q321E;V327P;I332L;P337N;G339V;S349T;V350W;Y351N;K356N;I358D;V362A;D364P;A372F;G381Y;V382D;F400S;G404V;E406Q;V407P;P412T;G413I;G416A;Y421T;Y423K;P426G;D427F;V433S;I434W;S443N;K444G;N448S;N450Y;K462I;I468Y;G476K;C480F;N487L;L492T;Q493Y;F497V;T500H;N501Y;G504Y;S514A;E516H;V524G;K528L;N532C;V539N;F541L;F543L;T547L;G550N;S555L;N556F;K558P;L560F;P561R;D568A;I569L;T573A;D574R;R577L;I584D;D586P;I587F;P589I;S591T;G593T;S596T;T599G;T604Q;Q607V;V608N;L611C;D614G;C617E;T618V;E619V;V620A;P621A;V622I;Q628P;P631S;T632V;Y636T;T638S;G648V;C649N;E654A;H655Y;V656S;E661D;G667T;S673Q;A684V;Q690Y;S691A;I693T;M697L;S698A;G700A;S711T;I714V;T716F;F718I;S721L;T723E;E725M;I726P;L727V;V729D;T732I;S735V;D745E;E748S;L752C;G757L;Q762L;L763T;A766K;I770V;E773T;K776A;N777Q;F782I;A783V;K786I;P792G;K795H;G798N;G799F;F800I;N801Q;F802K;Q804L;R815I;S816I;F817L;I818L;N824V;K825T;D830L;A831G;C840A;D843L;I844L;K854Y;L858P;L861D;P863L;L864T;M869A;A871T;Q872L;G880T;T883G;R905W;F906Q;N907T;G910V;E918A;Q920R;K921L;L922A;Q926N;F927A;N928I;S929I;I931K;G932Q;K933T;A942K;L945K;L948N;A956T;L959T;N960S;V963L;Q965G;S967N;N969A;G971V;A972S;S974V;V976L;R983E;D985E;A989I;Q992I;D994I;R995T;G999V;R1000A;Q1005V;Y1007Q;R1019L;S1021N;N1023A;L1024A;T1027V;L1034S;R1039D;D1041C;F1042S;G1044F;K1045S;G1046S;S1051P;Q1054G;S1055P;H1058V;V1061H;F1062V;L1063V;Y1067V;N1074W;A1080K;C1082D;H1083K;K1086R;H1088R;R1091V;E1092F;F1095H;T1100N;H1101Q;T1105Y;N1108Q;Q1113T;D1118T;C1126N;D1127I;G1131N;I1132D;V1137Q;P1140Q;P1143F;S1147Y;T1160G;L1166I;G1171N;I1172N;I1179K;Q1180I;I1183L;D1184N;L1186V;E1188S;V1189L;E1195Q;I1198E;Q1201G;G1204E;Y1206I;Q1208E;V1228T;V1230I;M1237F;S1242K;G1251C;C1253K;K1255E;D1259K;P1263L;L1265V;G1267D;V1268T;K1269Y,36.0,171.0,1.0,22.0,232.0,26.0
root_child_0_child_0_child_1_child_0_child_1_child_0_child_1_child_1_child_1|leaf,339,0.7337,339,0.7337,338,MZ477792.1,63,0.686567,333,333,62,-145.45820539525988,-2.3461000870203206,-1.4350399149338156,-1.4350399149338156,-6.644711349889267,-0.9492444785556096,7,G446R;R346T;K444Y;G476K;E471G;Q498V;K458R,N501Y,1,N501Y;D614G,2,D614G;N501Y,2,N331C:-2.6574;I332G:-2.6229;T333D:-1.7415;N334F:-2.2519;C336G:-4.1551;G339T:-1.9415;F342N:-2.7584;T345F:-1.7678;R346T:-0.7574;S349Y:-2.5458;A352S:-2.3156;W353A:-3.4506;N360H:-2.5483;S366F:-2.3912;V367Y:-2.6067;F374G:-2.9048;S383T:-3.3231;K386T:-3.0716;L390Y:-3.5850;C391Y:-4.4373;Y396S:-2.9446;D405G:-1.3426;R408T:-1.8521;Q414A:-2.1073;A419K:-2.5527;D420L:-1.5687;N422F:-3.0747;D427C:-2.4535;D428V:-2.2825;C432S:-4.3219;I434W:-2.7925;N437D:-2.4091;K444Y:-0.8725;G446R:-0.7516;Y449L:-1.5400;N450L:-1.5236;R457K:-2.0672;K458R:-1.2139;S459L:-1.5423;R466E:-1.7462;E471G:-0.9933;I472Y:-1.3320;G476K:-0.9661;P479N:-1.3825;C480G:-1.4492;G485P:-1.4617;P491S:-1.7214;L492S:-1.7157;Q498V:-1.0898;P499G:-1.6178;T500H:-1.4926;N501Y:-1.4350;V511L:-3.5944;V512A:-3.3615;S514N:-3.5404;F515L:-3.1924;L517A:-3.5374;P521V:-3.6426;V524G:-4.1764;P527L:-3.2639;K528L:-2.6864;S530N:-3.0123,L5V;V16I;T19R;L24S;A27N;G35Y;D40F;F43S;L56F;P57S;T63A;F65T;G72K;T73S;G75L;T76I;D80P;L84G;Y91K;I101G;G103I;W104F;I105D;F106W;T108L;Q115L;V126I;D138L;L141H;E154V;N165F;T167E;E169S;P174M;L176M;M177D;E180F;Q183R;N196G;K202H;I203T;Y204F;R214D;L223P;D228P;I231A;N234T;I235S;F238L;L244W;H245T;Y248D;P251D;G252S;S255C;S256W;G257A;T259A;A260Y;A263G;Y265L;V267T;L277N;E281G;I285E;T286A;C291S;A292T;P295S;C301V;T302F;K304V;V308G;I312N;T323S;V327P;N331C;I332G;T333D;N334F;C336G;G339T;F342N;T345F;R346T;S349Y;A352S;W353A;N360H;S366F;V367Y;F374G;S383T;K386T;L390Y;C391Y;Y396S;D405G;R408T;Q414A;A419K;D420L;N422F;D427C;D428V;C432S;I434W;N437D;K444Y;G446R;Y449L;N450L;R457K;K458R;S459L;R466E;E471G;I472Y;G476K;P479N;C480G;G485P;P491S;L492S;Q498V;P499G;T500H;N501Y;V511L;V512A;S514N;F515L;L517A;P521V;V524G;P527L;K528L;S530N;C538F;V539G;L546G;T549F;V551N;K557V;F559A;P561D;Q563V;F565R;I569A;D574P;V576P;R577L;Q580I;D586S;T588G;G593I;T599L;T602S;Y612Q;D614G;D627K;P631S;S637T;G639S;R646G;G648V;C649V;I651E;G652V;V656S;C662P;D663P;A668G;G669Q;R685I;S689A;Q690S;I692A;L699A;G700E;E702A;N703A;V705Y;Y707N;N709I;V722P;T724L;T734M;S735C;D737I;Y741D;I742E;D745E;S746L;L752G;L753S;Q755S;S758C;F759P;Q762I;N764A;L767I;V772Q;D775V;N777A;Y789E;T791F;I794D;K795G;G798Q;G799D;N801Q;L806P;P807K;D830F;K835I;G838A;D839I;L841D;G842A;I844A;D848I;Q853S;F855G;L858P;L861P;T866E;D867Q;M869I;Y873A;L878T;T883G;W886G;L894A;P897A;M902G;F906N;G908Q;I909Q;N914Q;S929I;I931S;Q935L;A942K;Q949H;N953A;N960L;V963S;Q965S;L966S;S968F;N969A;I973S;N978K;D979F;L984V;E988Q;Q992D;D994L;R995G;L996D;T998R;Q1002Y;T1006R;L1012E;L1024A;A1025T;K1028S;M1029G;S1037L;V1040C;D1041G;G1046L;H1048D;M1050F;S1051G;H1058F;F1062H;V1068N;E1072T;F1075I;C1082K;H1088N;E1092F;G1093H;V1094F;S1097H;T1105R;Q1106P;R1107F;E1111P;T1116D;T1120N;F1121S;I1130V;G1131N;N1134V;Y1138L;P1140L;L1141P;D1146K;F1148D;Y1155T;F1156H;K1157P;H1159V;G1167I;I1172V;S1175E;V1176I;V1177Q;N1178K;I1179K;I1183E;L1186V;N1187V;E1188R;V1189N;E1195I;S1196I;L1203K;P1213I;W1214F;W1217G;M1229I;V1230L;T1238C;S1239C;C1250S;C1253D;K1255E;E1262L;Y1272T,233.0,113.0,1.0,13.0,232.0,242.0
root_child_1_child_0_child_0_child_0_child_1_child_1_child_1_child_0_child_1|leaf,340,0.732914,340,0.732914,339,MZ477792.1,47,0.766169,341,341,46,-109.72232079529321,-2.3852678433759387,-1.4350399149338156,-1.4350399149338156,-5.150501198260875,-1.030100239652175,5,L455R;L441R;Y473K;I472N;Q493Y,N501Y,1,P26S;D138Y;N501Y;D614G;H655Y;V1176F,6,D614G;N501Y,2,N331T:-2.4198;T333C:-2.1241;N334C:-2.3489;V341S:-2.9125;A348R:-1.2580;S359C:-3.2644;S366L:-2.4385;S371F:-1.9489;F374D:-2.3722;T376S:-2.4656;K378Y:-2.2888;C379P:-4.2203;G381T:-3.6343;S383D:-2.6849;K386F:-3.0381;L387F:-3.9116;N388F:-2.6581;D398G:-3.2244;S399D:-2.3761;I410N:-2.6030;G413I:-2.5114;T415Y:-2.5832;I418R:-2.4418;A419L:-3.0512;N422G:-3.2056;L425T:-3.2848;V433A:-3.4829;L441R:-0.9486;Y449S:-1.7609;L455R:-0.7754;R457P:-1.7140;N460P:-1.4502;F464C:-2.3775;R466D:-1.9342;D467T:-1.8071;I472N:-1.1817;Y473K:-1.0299;N487Y:-1.7183;Q493Y:-1.2148;Y495F:-2.3210;T500P:-1.5864;N501Y:-1.4350;G504P:-1.9402;Y505A:-1.7782;V512L:-3.8192;V524G:-4.1764,R21S;Q23D;P26S;A27N;Y28S;R34G;Y37D;Y38K;S45L;T51L;N61S;F65Q;H66L;S71W;K77F;R78N;D80P;D88Y;V90T;K113S;Q115V;I119N;A123Q;C131F;D138Y;F140L;L141V;G142D;K147W;E156V;Y160N;N164Y;E169L;V171F;S172F;E180N;K182F;G184F;L189F;R190V;E191D;V193Y;Y200K;F201Y;S205H;P209L;N211I;V213G;F220D;L226G;L229I;I235S;L242S;A243D;H245Y;S247L;P251G;D253S;A262S;A263V;A264G;Y269Q;R273Y;E281G;G283D;T286A;A288P;D290A;A292D;E298L;C301F;K304F;F306I;E309F;T323R;E324F;P330L;N331T;T333C;N334C;V341S;A348R;S359C;S366L;S371F;F374D;T376S;K378Y;C379P;G381T;S383D;K386F;L387F;N388F;D398G;S399D;I410N;G413I;T415Y;I418R;A419L;N422G;L425T;V433A;L441R;Y449S;L455R;R457P;N460P;F464C;R466D;D467T;I472N;Y473K;N487Y;Q493Y;Y495F;T500P;N501Y;G504P;Y505A;V512L;V524G;N532C;N544L;G545L;T549E;G550T;N556F;F559D;F562T;F565R;T581D;L582I;E583L;I584T;I587S;F592V;V595G;P600T;N603T;T604V;D614G;C617V;V620Q;V622I;D627T;V635S;T645E;R646G;G648I;C649E;A653H;H655Y;V656N;N658C;Y660G;C662I;D663C;A668S;G669C;S673Q;S680R;P681V;A684Q;S691A;A694G;M697G;E702V;S708Q;N710A;S711P;T723V;V729D;T734C;D737M;T747C;N751F;L752Q;L753G;S758L;N764A;R765I;I770V;E773K;Q774Y;D775V;N777A;Q779K;V785T;K786I;K790P;I794D;K795F;F802H;Q804S;P809I;P812K;K814L;R815L;S816L;I818L;K825I;V826A;A829K;G832K;K835Y;Q836G;C840L;G842A;D843A;A845R;R847I;D848N;C851F;A852K;Q853T;G857V;L858P;V860L;L864T;L865Y;M869Q;T874G;T883G;W886G;A890Q;A892Q;L894Q;I896Y;Y904G;R905G;F906N;Y917Q;K921A;N928L;G932Q;K933Q;S939Q;S940I;L959T;V963F;Q965S;S967F;F970A;G971I;A972S;I973L;S974V;S975I;N978R;S982D;R983D;L984A;K986E;A989Q;D994R;R995T;L996T;T998S;G999L;R1000S;Q1002T;Y1007L;Q1010M;Q1011I;L1012E;I1013T;I1018L;S1021N;A1022L;N1023S;L1024A;A1025T;K1028S;M1029V;E1031V;V1033G;S1037R;V1040P;D1041G;Y1047V;H1048M;L1049F;M1050P;P1053A;A1056F;L1063P;A1070E;K1073T;T1077P;I1081F;R1091G;E1092S;V1094T;V1096W;W1102R;I1115G;T1117C;T1120S;F1121D;G1124I;N1125G;C1126P;G1131D;I1132Y;N1134V;E1144K;L1152N;F1156N;K1157L;N1158S;H1159S;S1161G;V1164N;V1176F;N1178Q;N1187L;A1190Q;Y1206P;E1207I;Q1208P;Y1209W;W1212Y;W1217F;L1218A;F1220A;V1230M;T1231L;M1233G;C1235M;C1236Y;C1240G;K1245C;S1249K;G1251F;S1252C;C1253K;F1256E;D1260K;K1269H,48.0,155.0,1.0,84.0,234.0,35.0
root_child_1_child_0_child_1_child_1_child_0_child_1_child_0_child_1|leaf,340,0.732914,340,0.732914,339,MZ477792.1,54,0.731343,340,340,53,-119.05202470809135,-2.246264617133799,-1.4350399149338156,-1.4350399149338156,-7.314447765813618,-1.0449211094019455,7,L455R;K529L;K444N;I472P;G482E;Q493S;G476N,N501Y,1,L18F;D138Y;N501Y;D614G;V1176F,5,D614G;N501Y,2,N331T:-2.4198;F338E:-3.0041;V341N:-2.6586;A344R:-1.7712;F347V:-2.4887;W353K:-2.7975;R355C:-2.6504;K356I:-1.4903;R357Y:-1.7761;I358A:-3.6508;S366A:-1.9824;V367Y:-2.6067;A372S:-1.2799;S373N:-2.2359;C379S:-4.1288;V382K:-3.2429;K386F:-3.0381;L390F:-3.7098;A397S:-3.4311;D405P:-1.7197;E406A:-1.7581;R408I:-1.6834;A411N:-2.9595;G413D:-1.9963;A419L:-3.0512;Y421K:-2.1591;L425D:-2.9019;P426M:-3.2961;C432R:-3.6057;N440D:-1.3369;S443V:-1.3660;K444N:-1.0672;Y449S:-1.7609;L455R:-0.7754;R457P:-1.7140;E465T:-1.9293;D467G:-1.3684;I472P:-1.0885;G476N:-1.2255;G482E:-1.1120;G485S:-1.2865;N487Y:-1.7183;Y489G:-1.9465;Q493S:-1.1494;N501Y:-1.4350;G504P:-1.9402;Y508S:-2.6816;V510L:-3.0655;V512F:-3.7708;L518T:-2.9831;A520G:-3.1867;P527K:-2.7539;K529L:-0.8964,P9E;L18F;R21S;D40R;F43S;T51L;I68T;S71R;T73G;N74T;K77P;N81T;P85L;N87G;D88Y;Y91D;S98I;T109D;L110D;K113S;Q115L;S116V;C136L;D138Y;Y145N;E156G;F157R;V159S;Y160N;S162C;C166F;Q173M;F175D;L179N;K182G;G184F;N185E;F186N;N188S;L189E;R190F;E191V;K202Y;K206R;H207L;V213G;G219F;F220A;L229I;P230T;I235S;T236A;P251D;W258Y;V267F;G268D;F275E;K278Y;G283V;T284C;T286A;D290L;C291S;L293N;K300S;C301F;T307K;V308K;K310C;I312Q;Q314S;T315F;R319F;Q321F;N331T;F338E;V341N;A344R;F347V;W353K;R355C;K356I;R357Y;I358A;S366A;V367Y;A372S;S373N;C379S;V382K;K386F;L390F;A397S;D405P;E406A;R408I;A411N;G413D;A419L;Y421K;L425D;P426M;C432R;N440D;S443V;K444N;Y449S;L455R;R457P;E465T;D467G;I472P;G476N;G482E;G485S;N487Y;Y489G;Q493S;N501Y;G504P;Y508S;V510L;V512F;L518T;A520G;P527K;K529L;L533K;K537F;T549Q;T553Q;N556P;K558G;R567D;D571T;T572A;R577L;D578I;Q580L;L582I;L585S;I587G;P589F;G593T;N603V;D614G;C617A;T618A;L629C;W633Y;R634Y;Y636N;S637G;T638R;N641C;F643I;T645E;A647I;G648I;C649P;L650T;A653V;H655P;Y660G;C662A;D663A;I670S;A672Y;T676R;N679A;R682A;S691I;I693Y;Y695V;M697E;N703A;Y707A;N710I;V722S;E725T;M731N;D737I;C738G;C743D;D745E;N751L;L752Q;Q755S;F759T;Q762N;N764A;I770M;D775V;K776V;Q779K;F782I;A783V;I788L;K795F;F797S;G799N;F800I;F802Q;S803I;Q804S;L806D;S810R;P812F;K814E;N824V;V826K;G832Q;F833K;Y837L;C840L;G842A;D843L;D848C;A852V;N856V;L858P;M869Q;Y873I;T883G;A890I;A892L;I896Q;F898R;M902L;Y904F;R905G;F906Q;N907L;G908V;Y917Q;N919A;K921Q;L922N;F927N;N928K;S929I;A930F;G932Q;I934Q;D936L;T941A;G946I;K947N;L948Q;D950N;V951N;V952N;L959T;V963F;S967E;S968A;F970A;G971I;S974V;S975I;L977N;N978I;S982E;R983V;V991L;I993P;D994I;R995T;Y1007L;T1009L;A1015I;E1017A;I1018L;S1021L;N1023A;L1024A;A1025T;K1028Q;E1031V;L1034D;G1035S;K1038V;V1040F;D1041N;M1050A;P1053A;Q1054A;H1058V;L1063T;H1064P;V1068K;E1072N;T1076K;T1077D;A1087R;R1091S;E1092S;W1102Q;Q1106I;N1108Q;F1109A;P1112I;T1117C;C1126G;I1130Y;G1131P;V1137P;Y1138P;P1140F;K1149L;D1153Y;K1154H;H1159D;P1162V;V1164N;L1166D;D1168G;I1172N;S1175I;V1176F;I1179E;V1189C;E1195L;Y1206Q;E1207I;W1212Y;I1216V;L1218F;F1220A;A1222I;I1225V;M1229V;L1234C;C1236Y;C1240G;L1244G;G1246C;C1248G;S1249K;C1253K,106.0,25.0,1.0,110.0,234.0,141.0
root_child_1_child_0_child_0_child_0_child_0_child_0_child_0_child_0|leaf,340,0.732914,340,0.732914,339,MZ477792.1,50,0.751244,340,340,49,-119.96977540952646,-2.4483627634597234,-1.4350399149338156,-1.4350399149338156,-1.8535600946734563,-0.9267800473367281,2,L455R;G446N,N501Y,1,P26S;D138Y;N501Y;D614G;H655Y;V1176F,6,D614G;N501Y,2,N331T:-2.4198;N334C:-2.3489;A352S:-2.3156;N354R:-1.2966;K356N:-2.0763;V362Y:-3.1662;Y365V:-3.4816;V367Y:-2.6067;S371F:-1.9489;C379P:-4.2203;G381K:-2.8824;S383K:-3.1944;T385C:-2.6549;K386F:-3.0381;L387F:-3.9116;N388F:-2.6581;C391S:-4.3405;D398G:-3.2244;S399D:-2.3761;E406P:-1.8268;I410N:-2.6030;G413D:-1.9963;I418Y:-3.0351;A419L:-3.0512;N422T:-3.2782;L425D:-2.9019;V433A:-3.4829;N437R:-2.1435;N439S:-1.6521;G446N:-1.0781;Y449S:-1.7609;L455R:-0.7754;R457P:-1.7140;K462D:-1.3517;R466D:-1.9342;D467T:-1.8071;S469A:-1.7729;G476P:-1.3326;G485S:-1.2865;N487Y:-1.7183;Y495T:-2.4456;F497V:-2.4700;N501Y:-1.4350;G504P:-1.9402;P507R:-1.9179;R509E:-2.3699;V512L:-3.8192;A520V:-3.5556;P521T:-3.3523,R21S;P26S;R34V;Y38K;T51L;Q52F;F58N;W64I;K77A;D80P;V83F;P85L;D88Y;V90T;S98N;I100S;K113S;A123Q;F133D;D138Y;P139L;F140L;L141V;N149S;M153F;E156S;Y160N;V171S;L176K;G184R;K187L;E191I;Y200K;F201K;K206T;T208D;V213G;L216F;F220D;E224V;L229I;G232N;I235P;R237A;A243D;Y248S;P251D;D253S;A263Y;Y269Q;T274L;E281G;G283D;T286A;D290A;A292D;L296T;C301F;L303S;K304F;F306I;V308T;F318S;R319E;V320S;Q321E;P322I;N331T;N334C;A352S;N354R;K356N;V362Y;Y365V;V367Y;S371F;C379P;G381K;S383K;T385C;K386F;L387F;N388F;C391S;D398G;S399D;E406P;I410N;G413D;I418Y;A419L;N422T;L425D;V433A;N437R;N439S;G446N;Y449S;L455R;R457P;K462D;R466D;D467T;S469A;G476P;G485S;N487Y;Y495T;F497V;N501Y;G504P;P507R;R509E;V512L;A520V;P521T;N532C;N536G;K537N;T549Q;N556F;K557F;F559D;F565R;D571V;R577L;T581D;L582I;I584T;I587P;P589G;C590G;F592V;G594P;P600N;Q613S;D614G;N616H;E619P;V622I;T638F;G639S;T645E;R646G;G648V;G652S;A653N;H655Y;V656C;N657D;N658C;E661D;C662I;D663Y;A668T;G669A;A672Y;S680R;R682A;A684Q;Q690I;I692A;M697G;G700S;E702S;N709S;N710I;S721T;V722T;T723V;I726V;S730T;K733Y;C738Y;T747S;C749L;N751F;L752Q;L753G;Y756F;S758L;N764A;R765T;A766G;L767T;V772E;D775V;V785T;K786I;Q787K;I794D;K795F;N801P;F802Q;Q804S;P809I;P812K;S813R;K814L;R815E;E819D;L822V;N824F;A829K;D830Y;Q836G;C840L;G842V;D843R;A845R;R847A;I850A;A852L;G857V;L858P;V860L;L864T;L865I;M869Q;T874G;A879T;G880T;T883G;G885T;W886G;T887A;I896Y;P897A;A899R;Q901F;M902G;A903N;R905G;F906Q;V911Y;Y917Q;N919I;N928L;A930Q;G932Q;S940L;L959T;N960L;V963F;L966G;S967F;S968F;F970A;G971I;S975I;V976N;N978R;I980R;K986E;E990Q;D994R;R995T;L996G;G999Q;S1003V;L1012E;I1013S;E1017S;I1018L;S1021N;L1024S;A1025T;A1026Q;K1028S;M1029V;E1031S;C1032G;L1034G;S1037F;V1040P;D1041G;F1042H;G1044F;Y1047S;M1050S;P1053A;Q1054S;P1057E;H1064Y;T1066I;P1069F;K1073T;A1087H;H1088D;E1092S;V1096T;H1101S;R1107Y;Q1113V;T1117C;D1118S;T1120N;N1125G;C1126G;G1131D;N1134P;D1146L;K1149L;Y1155T;F1156N;N1158S;H1159L;S1161I;V1164N;G1167I;N1173F;S1175I;V1176F;K1181I;D1184R;R1185N;L1193I;K1205P;Y1206W;E1207I;Q1208P;Y1209W;K1211Y;W1212Y;L1218F;F1220A;I1232L;C1236R;C1241G;G1246C;C1247G;S1249K;G1251F;S1252C;C1253K;C1254M;D1260G;P1263V;G1267T;V1268L,114.0,202.0,1.0,8.0,234.0,74.0
root_child_0_child_0_child_1_child_0_child_1_child_1_child_0_child_0_child_1_child_0_child_1_child_1|leaf,341,0.732129,341,0.732129,340,MZ477792.1,52,0.741294,335,335,51,-118.62172084968222,-2.325916095091808,-1.4350399149338156,-1.4350399149338156,-4.127701091883875,-1.0319252729709687,4,R346T;G476K;Q498T;K458R,N501Y,1,N501Y;D614G,2,D614G;N501Y,2,N334F:-2.2519;F342N:-2.7584;T345Y:-2.0228;R346T:-0.7574;A348R:-1.2580;S349R:-1.9652;D364Y:-2.7447;Y365A:-3.5437;N370T:-2.6435;Y380S:-3.1557;S383T:-3.3231;C391F:-4.2145;Y396S:-2.9446;A397E:-3.0999;S399I:-2.3064;F400K:-2.9654;R403Q:-1.6178;D405G:-1.3426;E406R:-1.3158;R408T:-1.8521;G413T:-2.5829;Q414A:-2.1073;A419P:-2.7325;D420P:-2.1140;N422F:-3.0747;Y423K:-3.0432;P426C:-3.3630;D427C:-2.4535;N440D:-1.3369;D442K:-2.0312;G446Y:-1.4345;N448Q:-2.3560;Y449L:-1.5400;K458R:-1.2139;I472Y:-1.3320;G476K:-0.9661;C480F:-1.6586;G485C:-1.6490;L492S:-1.7157;Y495R:-1.9392;Q498T:-1.1903;P499G:-1.6178;T500V:-1.4177;N501Y:-1.4350;V512A:-3.3615;L513E:-3.3299;L517T:-3.4471;P521V:-3.6426;V524G:-4.1764;P527L:-3.2639;S530N:-3.0123,L24S;R34G;D40F;F43V;S45L;Q52F;L56F;T63A;I68P;V70F;G72K;T76I;R78S;D80F;P82L;L84V;D88I;I101G;W104F;I105T;I119T;N125I;E132F;D138L;L141H;Y144E;W152F;M153Y;R158N;P174G;M177D;D178E;E180I;Q183N;K195I;G199K;K202S;I203L;Y204F;P209R;I210D;R214D;S221E;D228P;I233F;N234T;I235S;F238L;L244T;H245S;Y248D;L249S;G252S;S255T;S256A;G257A;W258L;T259A;A260Y;A264Y;V267R;F275G;L276K;Y279N;E281G;T284L;C291S;P295S;T299C;K300L;C301T;V308G;I312R;N317Q;R319E;P322C;T323I;V327P;F329T;N334F;F342N;T345Y;R346T;A348R;S349R;D364Y;Y365A;N370T;Y380S;S383T;C391F;Y396S;A397E;S399I;F400K;R403Q;D405G;E406R;R408T;G413T;Q414A;A419P;D420P;N422F;Y423K;P426C;D427C;N440D;D442K;G446Y;N448Q;Y449L;K458R;I472Y;G476K;C480F;G485C;L492S;Y495R;Q498T;P499G;T500V;N501Y;V512A;L513E;L517T;P521V;V524G;P527L;S530N;K537G;C538F;F543L;T549F;V551N;F559C;Q563V;I569L;D574P;R577L;Q580I;D586S;T588C;C590G;I598T;T599L;P600S;G601Q;A609L;Y612Q;D614G;A626Q;D627L;W633V;Q644L;R646G;G648I;I651E;V656S;I666G;A668S;S680V;Q690I;I693L;M697G;V705S;Y707N;N709I;S711I;F718T;T719V;V722P;T724L;I726P;V729M;T732S;T734S;S735C;M740I;D745E;S746L;S750Q;N751L;L752G;L753S;L754Q;T761L;L763K;N764A;A766Q;V772K;T778V;F782V;Q787C;T791F;P792A;I794D;F800L;N801Q;I805P;P807K;S813F;K814S;F817E;I818V;D830F;C840A;I844A;Q853S;F855G;L858P;L865T;T866S;D867Q;I870S;Y873A;L878T;T883G;W886G;A890L;G891A;A892L;F898H;M902Y;F906N;I909Q;T912L;N914Q;Y917F;F927A;N928I;K933Q;T941S;A942K;L945D;N953A;V963S;I973S;V976S;N978K;D979F;I980D;K986Q;E988L;Q992D;I993L;D994Q;R995T;L996D;L1004Y;Q1005V;Y1007I;Q1010A;Q1011I;L1012E;A1022L;L1024A;K1028S;M1029G;G1035D;R1039I;V1040Y;C1043H;G1044L;G1046S;H1048Q;A1056F;H1058F;F1062H;V1068N;N1074T;T1077D;C1082K;F1089V;E1092F;V1094F;S1097T;W1102Y;T1105R;Q1106P;R1107Y;N1108Y;Y1110P;P1112I;I1115V;T1116V;T1117N;T1120N;V1128I;I1130V;G1131N;I1132V;V1133L;N1134V;N1135D;T1136D;Y1138L;P1140Q;L1141P;Q1142L;D1146K;F1148D;Y1155Q;H1159V;T1160P;P1162I;G1167I;I1172Q;S1175E;V1176I;V1177Q;N1178K;I1179D;Q1180E;I1183V;E1188N;V1189N;N1192L;S1196L;I1198Q;I1210L;W1212F;W1214I;Y1215W;G1219I;I1221G;A1222L;M1229I;C1236T;M1237C;S1239C;C1240K;C1250E;C1253K;E1262L,102.0,91.0,1.0,89.0,237.0,99.0
root_child_0_child_0_child_0_child_0_child_1_child_1_child_1_child_1|leaf,341,0.732129,341,0.732129,340,MZ477792.1,53,0.736318,338,338,51,-127.02644280402,-2.4907145647847058,,,-6.7215253564954,-1.1202542260825668,6,N501V;E340K;G446N;F490S;N481V;K458R,,0,D138Y;D614G;H655Y,3,D614G,1,N331C:-2.6574;T333N:-2.0435;P337N:-2.2448;E340K:-1.0697;V341N:-2.6586;T345Y:-2.0228;A348W:-1.9566;S349R:-1.9652;V350A:-3.2598;A352I:-2.4931;W353S:-3.2987;C361S:-4.0687;V362D:-2.7345;V367Y:-2.6067;N370T:-2.6435;S373A:-1.9861;S375F:-2.1605;T376G:-2.8501;K378G:-2.1692;L387C:-3.8029;D389G:-2.5211;L390V:-3.7422;C391Y:-4.4373;A397F:-3.4911;V401R:-1.5520;I402G:-2.5120;A419K:-2.5527;P426D:-2.2753;A435S:-2.7871;N437S:-2.2393;G446N:-1.0781;Y449L:-1.5400;K458R:-1.2139;D467T:-1.8071;G476V:-1.4574;C480F:-1.6586;N481V:-1.1660;C488S:-2.1537;Y489V:-1.5003;F490S:-1.1427;P491Q:-1.4963;N501V:-1.0510;Y508A:-2.6707;F515T:-3.5647;P521G:-3.6874;T523V:-3.6043;V524S:-3.9754;C525S:-4.2948;P527L:-3.2639;S530N:-3.0123;T531L:-2.8851,Y38K;F43S;Q52F;L56I;V62Y;A67V;S71E;T73F;R78N;D80A;V83L;L84D;P85N;V90T;A93E;S94P;T95S;W104F;I105G;D138Y;F140H;L141H;K147S;W152F;M153R;Y160V;A163N;N165T;C166F;Y170P;P174I;E180N;N185E;D198K;K202Y;K206P;H207P;G219E;P225I;L226I;G232I;I233N;I235S;A243H;H245S;R246P;L249G;P251S;G252S;W258Q;T259A;A263Y;Y266G;Y269L;R273L;Y279E;E281W;T284A;D287A;C291S;A292D;L293P;P295S;S297K;T307Y;E309S;K310T;T315V;S325V;V327P;F329N;N331C;T333N;P337N;E340K;V341N;T345Y;A348W;S349R;V350A;A352I;W353S;C361S;V362D;V367Y;N370T;S373A;S375F;T376G;K378G;L387C;D389G;L390V;C391Y;A397F;V401R;I402G;A419K;P426D;A435S;N437S;G446N;Y449L;K458R;D467T;G476V;C480F;N481V;C488S;Y489V;F490S;P491Q;N501V;Y508A;F515T;P521G;T523V;V524S;C525S;P527L;S530N;T531L;L533V;V534K;K537N;F541T;L552S;N556L;K558P;F559I;P561T;Q563F;Q564C;G566D;I569P;D574P;R577L;P579T;D586S;T588S;S591V;F592S;G594T;V595G;G601V;N603Q;S605Y;V608L;V610Y;L611N;Q613V;D614G;T618E;E619P;P621A;V622D;I624A;L629T;T630G;R634F;S640R;F643G;T645Q;G648A;L650G;H655Y;N657Y;A668S;I670R;C671K;S673T;Y674K;Q675T;Q677S;N679A;R682A;A684S;Q690I;T696A;M697E;L699N;E702Y;N709I;P715N;I720T;M731D;C738G;M740I;Y741E;D745S;E748S;L753S;L754K;F759T;C760L;Q762N;L763T;N764A;I770V;Q774K;E780I;V781A;Q784K;K786T;T791F;I794D;K795G;N801Q;Q804S;L806P;P807K;P809S;S810R;S813R;R815E;I818F;E819L;L822T;V826A;A831Y;G832T;F833K;K835L;Q836L;C840D;D843T;C851A;L858T;T859D;T866E;D867Q;A871T;Y873L;L878T;T883G;L894P;P897M;A899Y;R905N;F906Q;G908N;N914Q;V915N;Q920N;K921I;A924K;Q926S;G932L;A942K;L945K;V951Q;V952Q;N955Q;A958Q;L959T;N960S;K964N;I973S;N978S;I993G;R995G;L996D;I997S;T998R;T1006V;V1008Q;T1009Q;I1013R;I1018A;S1021N;L1024A;A1026K;T1027G;M1029E;S1030L;G1035K;S1037F;D1041Y;G1044S;K1045S;Y1047P;P1053F;Q1054G;F1062V;Y1067F;V1068E;E1072I;T1077K;K1086V;H1088V;R1091S;E1092F;V1094F;F1095S;T1105R;Q1106P;I1114T;N1119S;T1120S;F1121C;V1122N;S1123V;D1127P;I1130V;G1131N;N1134P;N1135P;P1143D;L1152K;D1153N;H1159D;D1163L;D1165N;G1167I;I1172S;S1175N;V1176I;I1183K;D1184E;V1189Y;E1195Q;I1198D;D1199K;Y1209P;I1210P;W1212L;G1219A;A1222V;V1230I;I1232C;M1233T;M1237C;T1238G;S1242C;C1253K;V1264Y;G1267S;L1270T,169.0,219.0,221.0,200.0,237.0,122.0
root_child_0_child_1_child_0_child_0_child_0_child_0_child_0_child_0|leaf,341,0.732129,341,0.732129,340,MZ477792.1,55,0.726368,339,339,54,-128.53705793431809,-2.3803158876725568,-1.4350399149338156,-1.4350399149338156,-1.2254682686841742,-1.2254682686841742,1,G476N,N501Y,1,D138Y;N501Y;D614G;H655Y;V1176F,5,D614G;N501Y,2,I332L:-2.4919;N343T:-1.9063;S349T:-2.4938;V350N:-2.9890;N354K:-1.4390;R355S:-2.7188;K356V:-1.4673;I358D:-3.1976;N360Y:-2.7482;D364N:-2.2158;Y369N:-2.9995;A372Y:-1.5561;V382K:-3.2429;D389C:-2.9995;C391D:-3.9020;V395G:-3.9043;F400R:-2.7613;R403Q:-1.6178;G404V:-2.2315;Q409A:-2.7239;I410G:-2.7830;P412T:-3.3095;G413I:-2.5114;T415I:-2.3373;K424T:-2.3054;F429C:-3.5231;C432I:-4.1433;V433S:-3.2694;W436P:-2.7340;N440G:-1.5856;L441S:-1.3553;S443Y:-1.8219;Y449L:-1.5400;F456P:-1.4426;S459L:-1.5423;L461F:-1.9409;F464Y:-1.7516;D467S:-1.7135;G476N:-1.2255;C480F:-1.6586;G485Y:-1.5747;N487Y:-1.7183;F497V:-2.4700;N501Y:-1.4350;V503Y:-1.6807;G504Q:-1.7347;V510L:-3.0655;V511S:-3.2348;S514A:-3.5195;F515L:-3.1924;E516A:-2.9572;L518A:-2.7709;H519A:-1.8343;K529N:-1.2485,C15I;W64A;A67V;H69N;K77D;F86D;G89Y;T95I;T108L;L110Q;S116N;L118A;T124V;N125I;I128F;D138Y;K147W;N149M;K150L;M153E;E156S;S161N;A163F;N165S;C166V;F168Y;Y170L;Q173M;P174E;E180F;N188E;L189F;E191V;K195D;N196D;I197F;G199I;K206I;H207P;V213D;Q218E;E224V;G232I;I235Q;T236S;P251S;D253G;S256A;A263Y;G268T;Q271R;R273F;L276Y;L277Y;E281T;D287L;A288D;C291L;L296C;L303V;S305V;G311Y;S316C;N317S;P322E;V327F;P330L;I332L;N343T;S349T;V350N;N354K;R355S;K356V;I358D;N360Y;D364N;Y369N;A372Y;V382K;D389C;C391D;V395G;F400R;R403Q;G404V;Q409A;I410G;P412T;G413I;T415I;K424T;F429C;C432I;V433S;W436P;N440G;L441S;S443Y;Y449L;F456P;S459L;L461F;F464Y;D467S;G476N;C480F;G485Y;N487Y;F497V;N501Y;V503Y;G504Q;V510L;V511S;S514A;F515L;E516A;L518A;H519A;K529N;V534N;K535L;V539N;N542G;G545T;G548T;G550N;S555L;K558P;L560Q;P561R;Q563F;I569L;R577L;D586A;P589I;G593S;V595T;S596T;V597N;I598N;T599G;Q607V;V608I;A609V;Y612N;D614G;C617E;P621D;V622I;I624A;H625D;L629T;Y636N;T638S;T645A;A647I;G648I;C649N;L650A;H655Y;V656S;N658I;Y660V;E661D;I664G;A672Q;Y674N;Q675H;R683S;Q690S;I693T;A694G;T696L;M697L;N709I;N710A;I712T;I714P;P715N;T723E;E725M;I726S;L727V;P728S;K733C;S735C;C743S;D745E;E748S;S750Y;L752C;L753G;L754S;Y756S;A766K;N777F;I788K;P792N;K795Q;G799F;P812F;S816I;I818L;D820L;F823L;N824V;K825T;Y837D;C840A;I844L;A845R;A846C;K854Y;L858P;T859I;L861D;P863L;M869S;T874A;G880F;T883G;G889L;F898N;M900V;Q901N;R905V;F906G;G910V;Q920R;K921Q;A924Q;Q926A;F927S;S929G;I931K;G932L;Q935S;D936A;A942K;S943Q;L945K;L948N;V951N;Q957L;L959T;N960S;K964S;Q965G;S967F;N969S;G971L;S974N;V976L;I980A;R983E;I993L;D994I;L996T;R1000Q;Q1005V;Y1007V;V1008A;I1013S;N1023A;L1024A;D1041C;F1042S;C1043S;G1044P;K1045P;M1050A;F1052A;Q1054G;S1055L;H1058T;G1059V;F1062A;L1063H;H1064E;T1066V;Y1067A;P1069E;E1072F;T1076P;I1081K;C1082D;H1083G;H1088R;E1092F;G1093V;V1094N;W1102T;N1108Q;F1109P;E1111Q;Q1113D;D1118T;V1122N;G1124D;D1127I;G1131N;N1134P;T1136L;V1137Q;S1147Y;K1154T;Y1155A;G1171A;V1176F;I1179K;I1183A;L1186V;V1189N;N1192L;N1194L;E1195Q;D1199E;G1204E;Y1206I;Q1208E;W1212L;I1216L;L1218G;V1228T;I1232C;M1237C;C1240L;S1242K;K1245G;G1251C;C1253K;K1255E;D1259K;P1263L;L1265V;V1268T;H1271T,178.0,148.0,1.0,247.0,237.0,158.0
root_child_1_child_0_child_0_child_1_child_1_child_0_child_1_child_1|leaf,341,0.732129,341,0.732129,340,MZ477792.1,60,0.701493,341,341,59,-130.63401087951038,-2.2141357776188197,-1.4350399149338156,-1.4350399149338156,-5.723132729530728,-0.953855454921788,6,T478K;L455R;K529L;N481S;Q498Y;I472N,N501Y,1,L18F;D138Y;N501Y;D614G;H655Y;V1176F,6,D614G;N501Y,2,N331P:-2.6739;N334C:-2.3489;L335P:-2.2661;F338S:-3.3176;G339V:-2.1347;N343R:-1.9782;A344S:-2.1548;S349I:-2.1565;Y351K:-2.2797;N354T:-1.8705;K356C:-1.8656;C361A:-4.0610;L368N:-2.8684;S371F:-1.9489;A372F:-1.3989;F374T:-2.2571;T376L:-2.6752;K378S:-1.9727;V382T:-3.4542;T385L:-2.5021;K386N:-3.1888;N388F:-2.6581;A397S:-3.4311;S399G:-2.6929;I402G:-2.5120;D405N:-1.7898;R408I:-1.6834;G413D:-1.9963;G416D:-1.6933;I418F:-2.5984;A419L:-3.0512;D420P:-2.1140;N422F:-3.0747;L425D:-2.9019;C432S:-4.3219;V433S:-3.2694;A435S:-2.7871;W436L:-2.7359;N437D:-2.4091;S443Y:-1.8219;Y449S:-1.7609;L455R:-0.7754;R457E:-1.4052;D467T:-1.8071;I472N:-1.1817;Y473G:-1.6051;A475T:-1.4095;T478K:-0.6580;N481S:-1.1047;N487Y:-1.7183;Q498Y:-1.1069;P499N:-1.3683;N501Y:-1.4350;G504P:-1.9402;Y505V:-1.8256;V511D:-2.9467;H519V:-1.7956;K528W:-2.9772;K529L:-0.8964,L18F;T19R;R21S;A27N;Y38K;V47S;T51L;F55L;K77F;P85D;D88Y;G89Y;Y91A;S94N;E96I;N99I;W104T;K113S;T114S;A123Q;V126D;D138Y;F140L;V143N;N148M;N149S;K150R;W152G;E156N;Y160N;S161C;S162T;N165Y;M177I;G184F;F186N;K187P;L189F;V213Y;F220P;E224D;L229I;P230T;G232D;I235S;L241A;L244D;H245L;Y248T;G252S;A260Y;Y265V;Y266P;V267G;L270F;Q271R;L277E;Y279E;E281N;T286A;C291S;C301F;K304E;S305T;E309T;I312R;F329T;N331P;N334C;L335P;F338S;G339V;N343R;A344S;S349I;Y351K;N354T;K356C;C361A;L368N;S371F;A372F;F374T;T376L;K378S;V382T;T385L;K386N;N388F;A397S;S399G;I402G;D405N;R408I;G413D;G416D;I418F;A419L;D420P;N422F;L425D;C432S;V433S;A435S;W436L;N437D;S443Y;Y449S;L455R;R457E;D467T;I472N;Y473G;A475T;T478K;N481S;N487Y;Q498Y;P499N;N501Y;G504P;Y505V;V511D;H519V;K528W;K529L;L533N;N542G;T549V;G550T;N556F;K557F;K558P;F559D;Q563F;Q564C;F565R;G566A;R567D;V576D;R577T;T581C;L582I;I584T;L585C;D586P;G593V;S596I;V597T;I598Y;T602Q;V608R;D614G;T632Y;T638F;F643R;T645E;G648I;I651Y;A653H;H655Y;Y660G;C662A;D663A;I666G;G669I;C671Q;N679V;A684Q;A688Q;S689A;S691A;S704A;N710I;N717S;E725S;M731T;T734M;C738L;T739M;Y741S;C749Q;N751L;L753G;Q755S;G757S;T761L;N764A;A771E;E773Q;Q774K;K776F;T778E;Q779K;E780V;Q784I;V785Q;K786I;G798F;N801I;F802Q;Q804S;R815L;D820L;L821K;V826A;D830K;I834C;Y837G;G838R;C840L;G842A;L849A;C851A;A852T;G857L;L858P;T859L;V860P;L864T;T866E;M869Q;I870A;Q872T;T874G;L878T;G880I;T881S;T883G;W886G;A892Q;I896A;M900G;R905G;V911N;Y917Q;N925D;Q926N;N928L;S929I;G932Q;G946N;V952N;L959T;V963Q;S967F;F970A;G971V;I973N;S974V;V976N;N978K;I980R;L981E;D985V;K986A;V991G;D994V;R995T;G999S;Y1007L;V1008I;Q1010I;R1014A;I1018L;S1021N;A1025T;A1026K;M1029Q;E1031V;C1032S;L1034R;S1037P;V1040C;D1041Y;G1044L;L1049Q;M1050A;P1053A;F1062Y;H1064T;Y1067A;E1072A;K1073A;P1079S;C1082D;E1092S;G1093T;V1096H;W1102V;R1107P;I1114N;T1117C;C1126I;G1131D;I1132Y;N1134P;V1137E;E1144F;K1149L;F1156N;H1159L;T1160V;V1164G;D1168V;N1173S;S1175I;V1176F;V1177I;I1179E;Q1180I;R1185N;S1196I;I1198Q;L1200E;E1202K;L1203Q;E1207I;Q1208W;W1212F;P1213L;I1216A;L1218F;F1220V;I1221G;A1222L;G1223A;I1225L;I1227M;L1234C;M1237C;T1238L;C1240S;C1243K;L1244C;S1249K;C1253K;F1256S;S1261P;V1264L;T1273V,187.0,8.0,1.0,15.0,237.0,218.0
root_child_0_child_0_child_0_child_1_child_1_child_0_child_1_child_0|leaf,342,0.731343,342,0.731343,341,MZ477792.1,57,0.716418,340,340,56,-124.98179645485627,-2.231817793836719,-1.4350399149338156,-1.4350399149338156,-7.376821057580248,-1.0538315796543212,7,R346S;K444V;V445N;G482E;A475S;K458R;Q493Y,N501Y,1,D138Y;N501Y;D614G;H655Y,4,D614G;N501Y,2,N331T:-2.4198;I332N:-2.6228;N334V:-1.9926;L335P:-2.2661;C336V:-4.0691;F342A:-2.9436;N343V:-2.0860;T345Y:-2.0228;R346S:-0.8055;A348W:-1.9566;S349R:-1.9652;R357A:-1.8201;V362L:-3.3432;V367N:-2.4510;Y369L:-2.4628;N370T:-2.6435;S371F:-1.9489;F374C:-2.8283;P384K:-2.2877;C391G:-4.1320;F392Y:-3.1450;F400I:-3.4071;I402G:-2.5120;I410A:-2.8711;G416I:-2.7015;P426D:-2.2753;G431I:-3.8807;N437K:-2.2823;K444V:-0.8405;V445N:-0.9878;R457N:-1.9868;K458R:-1.2139;S459L:-1.5423;E465Y:-1.8043;D467Y:-1.5799;I472Y:-1.3320;A475S:-1.2023;C480F:-1.6586;G482E:-1.1120;G485P:-1.4617;F486L:-1.2487;N487G:-1.3894;C488F:-1.9176;L492F:-2.2180;Q493Y:-1.2148;T500Y:-1.3583;N501Y:-1.4350;G504Y:-2.0876;V511E:-3.0480;V512E:-3.2187;L518A:-2.7709;P521T:-3.3523;P527L:-3.2639;K529N:-1.2485;S530N:-3.0123;T531G:-3.3332,Y28S;T33V;P39F;F43V;L48Q;Q52F;L56I;F59V;L84D;G89Y;F92K;K97N;G103I;W104F;F106T;L110S;D111K;L118N;V120N;A123N;T124F;V127Q;E132Q;C136P;D138Y;L141H;Y145K;Y160V;S161A;A163N;N164T;N165V;E169N;Y170S;P174I;F175M;M177G;K182G;Q183F;E191I;V193N;K195D;F201I;S205L;I210D;D215S;L226V;D228P;G232I;I233V;I235R;T236L;P251S;G252D;D253A;S256A;W258A;T259A;A263G;A264V;Y269K;L270P;Q271T;R273K;E281N;I285D;A288L;D290L;C291S;A292S;P295S;L296E;K300L;L303F;V308G;I312Q;F329I;N331T;I332N;N334V;L335P;C336V;F342A;N343V;T345Y;R346S;A348W;S349R;R357A;V362L;V367N;Y369L;N370T;S371F;F374C;P384K;C391G;F392Y;F400I;I402G;I410A;G416I;P426D;G431I;N437K;K444V;V445N;R457N;K458R;S459L;E465Y;D467Y;I472Y;A475S;C480F;G482E;G485P;F486L;N487G;C488F;L492F;Q493Y;T500Y;N501Y;G504Y;V511E;V512E;L518A;P521T;P527L;K529N;S530N;T531G;L552S;F559I;L560F;F562K;Q563F;Q564R;I569L;D571T;T573A;D574P;R577L;D578T;E583S;D586S;P589V;V597N;P600N;G601V;S605Q;A609G;L611E;D614G;E619I;I624D;A626G;Q628S;L629V;P631V;W633G;Q644A;G648A;C649L;E654S;H655Y;V656N;A668Q;A672T;T676I;R682I;S686I;Y695A;M697N;V705S;A706S;N709I;N710T;I714N;P715N;T716I;V722P;T723E;C738S;T739I;M740I;D745E;L753S;G757T;C760T;T761A;N764A;R765T;A766D;T768E;G769S;I770A;E773S;Q774F;K776Q;V781A;T791F;I794D;K795S;F797S;G798I;G799Q;N801S;D808S;P809R;S813L;N824T;V826T;L828F;A829T;G832Y;A846L;I850F;G857T;L858P;P863A;T866E;D867Q;M869T;L878T;A879T;T883G;T887G;F888M;G889A;A893I;A899Q;M902R;R905V;F906Q;N907G;Q913N;N914Q;L922N;I923Q;Q926I;F927Q;S929I;A930I;I931K;G932D;A942K;G946Q;Q954A;G971A;I973S;K986D;E988R;L996G;T998L;S1003T;Q1005T;T1009N;Q1010N;R1014A;N1023A;L1024A;T1027L;K1028C;S1030G;S1037F;K1038G;F1042S;K1045S;H1048S;M1050F;L1063P;H1064N;V1065N;V1068P;A1070F;A1078H;A1080G;E1092V;F1095N;V1096N;N1098V;T1100N;V1104Y;T1105R;Q1106P;R1107F;F1109I;I1115G;T1116D;D1118S;N1119F;T1120N;S1123C;I1130V;G1131N;N1134P;D1139L;P1140Q;P1143K;S1147Y;E1150V;E1151D;Y1155K;P1162V;D1163L;V1164N;L1166I;G1167I;V1176I;V1177K;N1178I;I1179R;E1182D;R1185N;L1186V;V1189N;A1190E;L1193S;L1197E;I1198K;E1207D;Y1209K;L1218F;A1222V;A1226V;I1227V;T1231I;M1233C;C1235M;T1238G;S1239C;L1244C;C1253K;K1255E;F1256E;E1258A;S1261P;G1267L,157.0,18.0,1.0,120.0,241.0,189.0
root_child_0_child_0_child_1_child_0_child_1_child_1_child_0_child_1_child_0_child_0|leaf,342,0.731343,342,0.731343,341,MZ477792.1,62,0.691542,336,336,61,-139.83665310059394,-2.2924041491900646,-1.4350399149338156,-1.4350399149338156,-4.885545192349635,-0.977109038469927,5,R346T;K444I;G476K;Q498T;K458R,N501Y,1,N501Y;D614G,2,D614G;N501Y,2,N334F:-2.2519;P337G:-2.7021;G339V:-2.1347;F342N:-2.7584;T345Y:-2.0228;R346T:-0.7574;A348R:-1.2580;S349R:-1.9652;N354S:-1.8142;D364S:-2.9044;N370T:-2.6435;S375G:-2.5995;Y380S:-3.1557;S383T:-3.3231;N388T:-3.0398;C391Y:-4.4373;Y396S:-2.9446;A397E:-3.0999;F400V:-3.5836;D405G:-1.3426;E406R:-1.3158;V407P:-2.9003;R408T:-1.8521;Q409A:-2.7239;Q414A:-2.1073;G416D:-1.6933;A419P:-2.7325;D420L:-1.5687;N422F:-3.0747;D427C:-2.4535;C432A:-4.2640;W436S:-2.5340;K444I:-0.7578;G446Y:-1.4345;N448Q:-2.3560;Y449L:-1.5400;K458R:-1.2139;N460P:-1.4502;F464E:-1.9340;E465C:-1.9497;D467G:-1.3684;I472Y:-1.3320;Y473G:-1.6051;G476K:-0.9661;C480F:-1.6586;G485Y:-1.5747;P491G:-1.7822;L492S:-1.7157;Q498T:-1.1903;T500V:-1.4177;N501Y:-1.4350;G502P:-1.3416;G504P:-1.9402;R509S:-2.3844;V512A:-3.3615;L517T:-3.4471;P521V:-3.6426;V524G:-4.1764;C525K:-3.7391;G526V:-3.8998;P527L:-3.2639,L24S;R34G;D40F;F43V;H49D;Q52F;L56F;T63A;H66A;A67L;V70I;G72K;T76D;D80A;P82L;L84G;S94N;W104F;I105T;F106T;D111T;I119N;C136D;D138L;L141H;G142D;M153Y;S155Y;F157N;R158N;N164C;P174G;M177D;D178E;Q183T;K202H;I203L;Y204K;I210D;R214D;D228P;L229G;I233T;N234I;I235S;F238L;Q239L;L241Y;H245S;Y248D;L249S;G252S;D253E;S255T;S256W;G257A;W258A;T259A;A260Y;V267Y;F275L;L276Y;E281G;V289P;C291S;P295S;E298K;T299C;K300T;C301T;K304F;V308G;Y313V;R319Q;P322E;T323N;S325V;V327P;N334F;P337G;G339V;F342N;T345Y;R346T;A348R;S349R;N354S;D364S;N370T;S375G;Y380S;S383T;N388T;C391Y;Y396S;A397E;F400V;D405G;E406R;V407P;R408T;Q409A;Q414A;G416D;A419P;D420L;N422F;D427C;C432A;W436S;K444I;G446Y;N448Q;Y449L;K458R;N460P;F464E;E465C;D467G;I472Y;Y473G;G476K;C480F;G485Y;P491G;L492S;Q498T;T500V;N501Y;G502P;G504P;R509S;V512A;L517T;P521V;V524G;C525K;G526V;P527L;C538F;T549F;V551N;N556F;F559C;L560Q;Q563V;I569L;D574P;R577L;D586F;G594I;I598P;T599V;G601T;N606Y;A609L;Y612C;D614G;V620I;A623C;T632S;G648I;I651E;G652Y;V656S;A668G;R685T;Y695S;G700A;V705S;Y707N;N709I;P715G;F718T;I720V;V722P;T724L;T734P;S735C;T739I;M740I;Y741D;D745E;S746E;S750Q;L752G;L753Q;G757Q;T761L;N764A;A766Q;V772K;T778I;Q779V;Q784I;Q787C;T791F;P792A;I794D;N801Q;P807K;S813F;F817E;N824A;V826L;T827G;L828Y;D830F;I844A;Q853S;F855G;L858P;L861T;P863T;T866S;D867Q;E868M;Y873A;L878T;T883G;W886G;G891A;A893Q;L894A;R905G;F906N;I909Q;T912N;N914Q;T941S;A942K;N953A;Q954E;Q957L;V963S;F970V;G971V;I973S;N978K;D979F;E988L;A989G;E990D;Q992D;D994Q;R995T;L996D;T998L;Q1002Y;L1004V;Y1007L;L1012E;A1022L;L1024A;A1026G;M1029G;V1033R;G1035D;V1040Y;G1046S;H1048Q;L1049Q;S1051A;F1052S;P1053H;H1058F;V1060L;F1062H;V1068N;Q1071A;C1082K;D1084P;K1086V;F1089V;E1092F;V1094F;S1097T;G1099H;W1102Y;T1105Y;Q1106P;R1107Y;N1108Y;E1111P;Q1113N;I1115V;T1117N;T1120N;F1121I;V1122N;I1130V;G1131V;Y1138L;P1140Q;L1141P;E1144D;D1146K;F1148D;Y1155Q;K1157D;H1159V;T1160P;S1161D;L1166I;G1167I;G1171N;A1174I;S1175N;V1176I;V1177Q;N1178K;I1179D;N1187A;V1189N;K1191T;N1192L;N1194S;I1198Q;Y1206H;Q1208K;I1210L;Y1215F;G1219I;I1227V;M1229I;V1230I;M1237C;S1239C;C1240L;L1244C;C1250E;S1252D;C1253K;S1261G;E1262L;K1269M,218.0,53.0,1.0,38.0,241.0,237.0
root_child_0_child_0_child_1_child_0_child_1_child_1_child_0_child_1_child_1_child_0_child_0|leaf,343,0.730558,343,0.730558,342,MZ477792.1,59,0.706468,339,339,58,-137.5160975588445,-2.3709671992904227,-1.4350399149338156,-1.4350399149338156,-5.055937016943247,-1.0111874033886494,5,R346T;K458L;G476K;Q498T;Q493Y,N501Y,1,P26S;N501Y;D614G,3,D614G;N501Y,2,I332D:-2.4176;N334F:-2.2519;E340T:-1.7716;F342N:-2.7584;N343T:-1.9063;T345Y:-2.0228;R346T:-0.7574;A348R:-1.2580;S349R:-1.9652;R357A:-1.8201;D364S:-2.9044;N370T:-2.6435;Y380S:-3.1557;S383T:-3.3231;C391A:-4.3465;Y396S:-2.9446;A397E:-3.0999;D398G:-3.2244;S399D:-2.3761;F400A:-3.4646;D405G:-1.3426;E406R:-1.3158;R408T:-1.8521;A411G:-3.1893;Q414A:-2.1073;A419P:-2.7325;D420L:-1.5687;Y421D:-2.2612;N422F:-3.0747;Y423L:-3.4325;D427C:-2.4535;C432A:-4.2640;A435N:-3.1173;G446Y:-1.4345;N448Q:-2.3560;Y449L:-1.5400;R457N:-1.9868;K458L:-0.9273;N460P:-1.4502;I472Y:-1.3320;G476K:-0.9661;C480F:-1.6586;Y489V:-1.5003;L492S:-1.7157;Q493Y:-1.2148;Q498T:-1.1903;T500V:-1.4177;N501Y:-1.4350;V512A:-3.3615;E516S:-2.8497;L517T:-3.4471;H519K:-2.0982;A520G:-3.1867;P521V:-3.6426;V524G:-4.1764;C525K:-3.7391;P527K:-2.7539;S530N:-3.0123,V11L;L24S;P26S;R34G;D40F;F43V;Q52F;L56F;T63A;W64I;G72K;T73F;N74F;T76I;F79L;D80A;P82L;L84G;A93F;R102I;W104F;I105G;F106T;N125I;C131F;E132Q;C136D;D138L;F140V;L141H;M153Y;S155G;F157N;R158N;Y160A;P174G;M177D;D178E;Q183F;F186N;G199S;K202H;I203S;Y204K;S205H;I210D;R214D;D215F;N234I;I235S;R237T;Q239L;L241Y;H245S;Y248D;L249S;P251G;G252S;S255T;S256W;G257A;W258Y;T259A;A260Y;A262V;V267Y;Y279T;E281G;D287H;C291S;P295S;E298K;T299C;K300L;C301T;K304V;V308K;Q314V;P322E;T323I;V327P;F329N;I332D;N334F;E340T;F342N;N343T;T345Y;R346T;A348R;S349R;R357A;D364S;N370T;Y380S;S383T;C391A;Y396S;A397E;D398G;S399D;F400A;D405G;E406R;R408T;A411G;Q414A;A419P;D420L;Y421D;N422F;Y423L;D427C;C432A;A435N;G446Y;N448Q;Y449L;R457N;K458L;N460P;I472Y;G476K;C480F;Y489V;L492S;Q493Y;Q498T;T500V;N501Y;V512A;E516S;L517T;H519K;A520G;P521V;V524G;C525K;P527K;S530N;C538F;T549F;V551N;T553P;F559C;L560G;Q563V;G566D;R567A;I569L;T572V;D574P;A575D;R577L;E583S;D586F;C590G;S596P;T599L;G601T;Q607A;A609L;Y612Q;D614G;T632S;G639T;F643R;G648I;I651E;V656S;N658E;A668G;G669Q;S680R;R683A;Y695S;V705S;Y707N;N709I;N710P;F718T;V722P;T724L;I726P;T734M;S735C;M740I;I742D;D745E;S746E;S750Q;L752G;L753S;Y756C;C760I;T761L;N764T;A766Q;V772K;T778I;Q779V;V781A;Q784I;K786I;Q787C;T791Y;P792A;I794D;G798Q;N801Q;P807K;D808S;S813F;F817E;I818L;N824A;K825D;L828A;A829G;D830F;A831F;G832K;G838D;I844A;Q853S;F855G;G857T;L858P;T866A;D867Q;Y873A;T874A;L878T;T883G;W886G;G891A;A899N;M902Y;F906N;N907Q;I909Q;T912N;N914Q;K921I;Q926S;T941S;A942K;V952Q;N953A;Q954K;V963S;I973S;N978K;D979F;E988L;Q992D;D994Q;R995T;L996D;R1000A;L1004V;Y1007G;Q1010A;L1012E;A1022L;N1023K;L1024A;M1029G;V1033R;G1035D;Q1036V;K1038G;V1040Y;G1046H;H1048Q;P1053H;H1058V;F1062H;T1066V;V1068N;A1070P;Q1071A;T1076I;C1082K;G1085H;F1089V;E1092F;V1094F;S1097T;W1102Y;T1105R;Q1106P;R1107Y;N1108Y;E1111T;I1115V;T1117N;T1120V;I1130V;G1131N;N1134V;Y1138L;D1139E;P1140T;L1141P;D1146K;F1148D;Y1155Q;K1157D;H1159V;T1160P;G1167I;G1171N;S1175E;V1176I;V1177Q;N1178K;I1179D;V1189N;K1191T;N1192L;N1194S;I1198Q;L1200Q;I1210L;K1211I;Y1215I;I1216L;G1219I;M1229I;C1236T;M1237S;S1239C;L1244C;C1250E;S1252D;C1253K;D1260E;E1262L,216.0,137.0,1.0,59.0,243.0,208.0
root_child_1_child_0_child_0_child_0_child_0_child_1_child_1_child_0|leaf,343,0.730558,343,0.730558,342,MZ477792.1,59,0.706468,342,342,58,-138.26311373246935,-2.383846788490851,-1.4350399149338156,-1.4350399149338156,-2.97219236724358,-0.9907307890811934,3,L455R;K444N;T470E,N501Y,1,P26S;N501Y;D614G;H655Y;V1176F,5,D614G;N501Y,2,N331T:-2.4198;N334C:-2.3489;N354R:-1.2966;R355C:-2.6504;I358V:-3.2129;S359Y:-3.0222;V362Y:-3.1662;Y365N:-3.4376;S371F:-1.9489;A372G:-1.5907;C379P:-4.2203;S383K:-3.1944;T385C:-2.6549;K386F:-3.0381;L387F:-3.9116;N388F:-2.6581;L390V:-3.7422;C391S:-4.3405;D398G:-3.2244;S399D:-2.3761;R403E:-1.4411;D405N:-1.7898;I410N:-2.6030;G413D:-1.9963;I418R:-2.4418;A419L:-3.0512;N422T:-3.2782;K424F:-2.2279;L425D:-2.9019;V433N:-3.2052;I434D:-2.2596;S438K:-1.4481;N439S:-1.6521;K444N:-1.0672;N448Y:-2.3452;Y449S:-1.7609;R454F:-1.7941;L455R:-0.7754;R457P:-1.7140;K462I:-1.4277;F464T:-2.2843;R466D:-1.9342;D467T:-1.8071;S469T:-1.5835;T470E:-1.1296;Q474C:-1.2525;G485Y:-1.5747;N487Y:-1.7183;Y495T:-2.4456;N501Y:-1.4350;G504P:-1.9402;Q506F:-2.2348;P507R:-1.9179;Y508R:-2.0833;V512L:-3.8192;H519C:-1.9243;A522P:-3.6749;G526S:-3.8682,V16S;R21S;P26S;A27N;R34V;T51L;Q52F;L54F;F65I;K77F;F79N;D80P;V83F;P85L;D88Y;V90T;Y91A;F92S;S98N;I100S;K113S;A123Q;V126C;F133D;Q134P;F135D;D138L;P139L;F140L;L141V;K147W;Y160N;V171F;L176D;D178Q;G184F;L189R;Y200K;K206T;T208D;V213G;F220D;L229R;I231F;G232N;I235S;R237A;T240A;A243D;Y248P;G252D;D253S;S254T;G268Y;Y269Q;P272F;K278E;E281G;N282D;G283D;T286A;A288L;D290A;A292D;C301F;L303F;F306I;E309I;N331T;N334C;N354R;R355C;I358V;S359Y;V362Y;Y365N;S371F;A372G;C379P;S383K;T385C;K386F;L387F;N388F;L390V;C391S;D398G;S399D;R403E;D405N;I410N;G413D;I418R;A419L;N422T;K424F;L425D;V433N;I434D;S438K;N439S;K444N;N448Y;Y449S;R454F;L455R;R457P;K462I;F464T;R466D;D467T;S469T;T470E;Q474C;G485Y;N487Y;Y495T;N501Y;G504P;Q506F;P507R;Y508R;V512L;H519C;A522P;G526S;N532C;V539F;T549Q;E554S;K558P;F559D;F565R;R577L;T581D;L582I;I584P;F592V;P600N;A609L;V610Q;Q613S;D614G;C617A;P621A;V622I;R634N;S637V;T638F;S640F;F643R;T645E;R646G;G648I;L650E;A653N;E654V;H655Y;N658C;E661D;C662A;D663Y;G667A;A668C;G669V;S673E;Q675S;S680R;P681V;A684Q;R685V;S686A;I693L;Y695E;M697G;G700Y;E702S;V705S;N710I;I714P;I720V;V722S;T723V;I726T;S730T;V736I;T739D;M740E;Y741C;D745S;T747S;E748N;L752Q;L753G;S758L;N764A;R765T;T768E;G769A;Q774F;N777A;Q779K;V785T;K786P;Q787K;I794D;K795F;F797G;F802Q;Q804S;P809I;P812K;K814L;R815E;A829K;D830I;G832D;Q836G;C840L;G842A;D843R;A845R;A846D;R847A;A852L;L858P;L861P;L864T;D867Q;E868Y;M869Q;T874G;L878G;G880W;T883G;W886G;F888Q;Q895F;I896Y;P897A;Q901N;A903F;F906Q;N907T;V911Y;N914Q;V915Y;L916E;Y917Q;K921I;I923Q;N928L;A930Q;G932Q;K933D;D936F;L959T;N960L;L962S;V963F;K964A;L966N;S967F;S968F;F970A;G971I;S975I;N978R;D979A;R983Q;K986E;D994R;R995T;L996G;G999S;Q1002L;T1006Q;L1012E;I1018A;S1021N;L1024S;A1025T;K1028S;M1029V;E1031V;C1032D;V1033R;S1037F;K1038G;V1040P;D1041G;M1050S;P1053A;H1058T;V1060T;T1066I;K1073T;A1078R;H1088D;E1092S;V1096T;S1097F;T1100F;F1103E;T1117C;D1118H;N1119F;F1121D;N1125G;C1126G;G1131D;N1134P;K1149L;H1159S;S1161I;V1164D;G1171S;S1175I;V1176F;I1179R;R1185N;Y1206W;E1207Y;Q1208P;Y1209K;W1212Y;W1214I;I1216L;L1218F;F1220A;I1232L;C1235M;C1236R;C1247G;S1249K;G1251F;S1252C;C1253K;K1255F;F1256S;D1257K;V1268T,217.0,154.0,1.0,43.0,243.0,208.0
root_child_0_child_0_child_0_child_0_child_0_child_1_child_0_child_1|leaf,343,0.730558,343,0.730558,343,MZ397164.1,62,0.691542,340,340,60,-150.40507338787543,-2.5067512231312574,,,-6.431892958583175,-1.0719821597638626,6,F490R;N501V;T470N;N481V;Y449R;K458R,,0,D138Y;D614G;H655Y,3,D614G,1,N331C:-2.6574;I332L:-2.4919;T333C:-2.1241;N334D:-1.9782;L335F:-2.4471;T345Y:-2.0228;S349R:-1.9652;V350A:-3.2598;A352N:-1.7645;W353S:-3.2987;N354K:-1.4390;A363S:-3.7040;D364A:-2.8198;S366L:-2.4385;V367Y:-2.6067;N370F:-2.2806;F374T:-2.2571;K378G:-2.1692;C379Y:-4.2757;P384D:-2.5319;N388T:-3.0398;L390V:-3.7422;C391Y:-4.4373;F392S:-3.6929;T393D:-2.3590;A397S:-3.4311;I402G:-2.5120;V407I:-2.8289;T415Y:-2.5832;P426D:-2.2753;W436N:-2.6391;N437S:-2.2393;S438L:-1.5900;D442P:-2.2661;N448S:-2.2166;Y449R:-1.1701;K458R:-1.2139;L461R:-1.3486;T470N:-1.1629;G476V:-1.4574;C480A:-1.9600;N481V:-1.1660;V483N:-1.5143;G485L:-1.4369;C488Q:-1.9524;F490R:-0.6679;L492F:-2.2180;N501V:-1.0510;R509V:-2.2683;V512L:-3.8192;S514T:-2.9576;F515E:-3.2335;E516H:-2.8405;H519P:-1.9232;P521G:-3.6874;V524I:-4.1320;C525S:-4.2948;G526V:-3.8998;P527L:-3.2639;T531C:-3.3802,T20V;Y28S;D40S;F43S;D53L;L56I;T63G;H69S;G75F;V83L;L84D;V90T;Y91D;K97N;G103T;W104F;F106T;D111K;D138Y;P139Y;F140D;L141H;V143N;H146T;R158N;V159I;Y160V;S161N;N165F;E169P;Y170P;P174I;M177L;E180N;N185E;K187E;G199F;Y200S;I203P;H207I;P217A;G219E;P225I;L226V;D228P;G232I;I235S;R246G;L249P;T250D;P251G;G252S;D253Q;S254G;S256A;T259A;A263Y;Q271N;R273F;K278G;E281W;N282D;C291L;P295S;L296C;C301I;L303T;K310T;F318V;Q321T;S325V;F329N;P330L;N331C;I332L;T333C;N334D;L335F;T345Y;S349R;V350A;A352N;W353S;N354K;A363S;D364A;S366L;V367Y;N370F;F374T;K378G;C379Y;P384D;N388T;L390V;C391Y;F392S;T393D;A397S;I402G;V407I;T415Y;P426D;W436N;N437S;S438L;D442P;N448S;Y449R;K458R;L461R;T470N;G476V;C480A;N481V;V483N;G485L;C488Q;F490R;L492F;N501V;R509V;V512L;S514T;F515E;E516H;H519P;P521G;V524I;C525S;G526V;P527L;T531C;V534K;N540L;L552P;N556D;K557Q;F559I;P561I;Q563F;F565D;I569P;T572S;D574P;R577L;D586S;I587F;S591V;F592G;G601V;N603Q;S605Q;A609T;D614G;C617V;T618A;P621A;V622Q;A623Q;L629T;T630V;P631Y;R634Y;Y636L;N641C;F643E;Q644R;G648A;E654N;H655Y;V656N;S659I;C662I;D663P;I664S;G667A;A668S;Y674K;Q675T;Q677S;T678S;N679V;R682A;A684I;Q690I;S691I;M697E;S698Y;A706S;N709I;A713F;V722P;T724Y;L727T;T739G;M740I;I742S;D745S;E748L;L753S;L754Y;Q755S;S758A;L763T;N764A;A783V;Q784Y;V785I;T791F;I794D;K795G;N801Q;P807K;S813I;R815I;L821V;V826G;D830G;I834C;Q836I;C840G;D843C;I844R;A852L;Q853N;L858T;L865I;T866E;D867Q;L878T;T883G;S884N;F888A;G891A;I896Q;P897M;A899Y;R905N;F906Q;G908Q;Q913V;N914Q;V915N;N919L;L922F;N925F;G932L;A942K;L945Q;D950N;N953L;N955Q;A958K;N960Q;Q965G;S968G;I973S;I980L;D985V;D994L;R995G;L996D;G999R;Q1002Y;L1004T;T1009Q;Q1011E;I1018A;R1019S;L1024A;A1026K;S1030V;E1031Q;K1045S;M1050A;Q1054A;S1055V;A1056H;H1058G;P1069A;E1072A;N1074A;F1075I;I1081F;C1082P;A1087F;E1092F;G1093F;V1094S;F1095S;S1097T;W1102V;T1105R;Q1106P;R1107F;Q1113N;I1114D;T1116V;T1117S;N1119F;T1120S;S1123C;G1124V;N1125V;D1127P;I1130V;G1131N;N1134P;N1135V;L1141K;E1144S;K1157T;D1163L;D1165N;G1167I;V1176I;V1177I;D1184E;V1189I;A1190N;I1198E;L1200K;E1207Y;Q1208I;G1219L;A1222V;I1225V;M1233C;L1234C;M1237S;T1238C;S1252C;C1253K;K1255D;D1259L;E1262L;G1267S;V1268L;T1273S,244.0,227.0,221.0,146.0,243.0,237.0
root_child_1_child_0_child_0_child_0_child_1_child_1_child_1_child_0_child_0|leaf,345,0.728987,345,0.728987,344,MZ477792.1,46,0.771144,346,346,45,-106.72017208901022,-2.371559379755782,-1.4350399149338156,-1.4350399149338156,-4.120556126484274,-1.0301390316210686,4,L455R;L441R;I472N;Q493Y,N501Y,1,P26S;D138Y;N501Y;D614G;H655Y;V1176F,6,D614G;N501Y,2,N331T:-2.4198;I332C:-2.8302;T333C:-2.1241;N334C:-2.3489;V341S:-2.9125;A348R:-1.2580;A352N:-1.7645;V362Y:-3.1662;S366L:-2.4385;S371F:-1.9489;T376S:-2.4656;K378Y:-2.2888;C379T:-4.2015;G381T:-3.6343;S383D:-2.6849;K386F:-3.0381;L387F:-3.9116;N388F:-2.6581;D398G:-3.2244;S399D:-2.3761;I410N:-2.6030;G413I:-2.5114;T415Y:-2.5832;I418R:-2.4418;A419L:-3.0512;L425T:-3.2848;V433A:-3.4829;L441R:-0.9486;Y449S:-1.7609;Y451F:-1.7325;L455R:-0.7754;R457P:-1.7140;N460P:-1.4502;R466D:-1.9342;D467Y:-1.5799;I472N:-1.1817;N487Y:-1.7183;Q493Y:-1.2148;Y495F:-2.3210;T500P:-1.5864;N501Y:-1.4350;G504P:-1.9402;Y505A:-1.7782;V512L:-3.8192;V524G:-4.1764,R21S;Q23D;P26S;A27N;Y28S;S31R;R34G;Y37D;Y38K;S45L;T51L;N61S;F65Q;S71W;K77F;R78N;D80P;V83F;P85L;D88Y;V90T;G103T;K113S;T114V;Q115V;I119N;A123Q;D138Y;F140L;L141V;G142D;K147W;K150G;E156V;F157V;Y160N;N164Y;E169L;V171F;S172F;E180N;K182F;G184F;L189F;R190V;E191D;V193Y;Y200K;F201H;S205I;N211I;V213G;D215F;F220D;A222E;L226G;L229I;I235S;L242S;A243D;S247L;P251G;D253S;A262S;A263V;Y269Q;T274V;E281G;G283D;T286A;V289D;D290A;A292D;E298L;C301F;K304F;F306I;E309F;F318V;E324M;V327I;P330L;N331T;I332C;T333C;N334C;V341S;A348R;A352N;V362Y;S366L;S371F;T376S;K378Y;C379T;G381T;S383D;K386F;L387F;N388F;D398G;S399D;I410N;G413I;T415Y;I418R;A419L;L425T;V433A;L441R;Y449S;Y451F;L455R;R457P;N460P;R466D;D467Y;I472N;N487Y;Q493Y;Y495F;T500P;N501Y;G504P;Y505A;V512L;V524G;N532C;N542G;G545L;T549E;G550T;E554N;N556F;F559D;F562T;F565R;G566D;T581D;L582I;E583L;I584T;I587S;F592V;V595N;P600T;N603T;T604V;D614G;C617A;V622I;Y636G;T645E;R646G;G648I;C649E;A653H;H655Y;V656N;N658C;Y660G;C662A;A668S;G669C;S673Q;S680R;P681V;A684Q;A694G;M697G;E702V;N710A;S711P;A713F;T723V;V729D;T734C;D737M;T747C;L752Q;L753G;S758L;C760I;N764A;R765T;I770V;E773K;Q774Y;D775V;K776V;N777A;V785T;K786I;K790P;I794D;K795F;G798N;F802H;Q804S;P809I;P812K;K814L;R815L;S816L;I818L;K825L;V826A;A829K;K835Y;Q836G;C840L;G842A;D843A;A845R;R847L;D848N;A852K;Q853T;G857V;L858P;V860L;L864T;L865Y;M869Q;Q872L;T874G;T883G;W886G;F888I;G889A;A890Q;A892Q;L894Q;I896Y;Q901I;R905G;F906Q;Y917Q;K921A;N928L;G932Q;K933Q;S940I;K947E;Q949V;L959T;V963F;Q965S;S967F;F970A;G971I;A972S;I973L;S974V;S975I;N978R;S982V;L984K;K986E;A989Q;D994R;R995T;L996T;G999L;R1000S;Q1002T;Y1007L;Q1011I;L1012E;I1013A;I1018L;S1021N;A1022L;N1023S;L1024A;A1025T;K1028S;M1029V;E1031V;V1033G;S1037R;V1040P;D1041G;K1045P;Y1047V;H1048M;L1049F;M1050P;P1053A;S1055P;A1056F;L1063P;A1070E;K1073T;A1078H;I1081F;H1088G;E1092S;V1094T;V1096T;W1102Y;I1115G;T1117C;T1120S;F1121D;G1124I;N1125I;C1126G;G1131D;I1132Y;N1134V;E1144K;L1152N;F1156N;K1157L;N1158S;H1159S;S1161G;V1164N;S1175N;V1176F;N1178Q;N1187L;A1190Q;Y1206W;E1207I;Q1208P;Y1209W;W1212Y;W1217F;L1218A;F1220A;A1226L;T1231L;C1235M;C1236Y;C1240G;C1243G;G1246C;S1249K;G1251F;S1252C;C1253K;F1256E;D1260K;K1269H,29.0,138.0,1.0,85.0,246.0,26.0
root_child_1_child_0_child_0_child_0_child_1_child_0_child_1_child_1|leaf,345,0.728987,345,0.728987,344,MZ477792.1,55,0.726368,346,346,54,-124.73409625744324,-2.3098906714341334,-1.4350399149338156,-1.4350399149338156,-5.418701804602599,-1.0837403609205198,5,L455R;E471Y;K458N;I472N;Q493Y,N501Y,1,P26S;D138Y;N501Y;D614G;H655Y;V1176F,6,D614G;N501Y,2,N331T:-2.4198;T333C:-2.1241;N334C:-2.3489;T345C:-1.9999;A348R:-1.2580;S349L:-2.1365;N360S:-2.5694;V362Y:-3.1662;D364F:-2.7217;S371F:-1.9489;T376S:-2.4656;C379P:-4.2203;G381T:-3.6343;K386F:-3.0381;L387F:-3.9116;N388F:-2.6581;D398G:-3.2244;S399D:-2.3761;V407I:-2.8289;R408G:-1.9042;I410N:-2.6030;G413I:-2.5114;T415Y:-2.5832;I418R:-2.4418;A419L:-3.0512;N422L:-3.1081;L425T:-3.2848;V433A:-3.4829;W436L:-2.7359;Y449S:-1.7609;L455R:-0.7754;F456L:-1.4342;R457P:-1.7140;K458N:-1.1730;S459K:-1.3663;N460P:-1.4502;L461I:-1.5827;R466D:-1.9342;D467T:-1.8071;E471Y:-1.0738;I472N:-1.1817;Y473P:-1.6900;G476C:-1.5519;V483C:-1.7037;F486C:-1.4666;N487Y:-1.7183;Q493Y:-1.2148;Y495F:-2.3210;N501Y:-1.4350;G504P:-1.9402;Q506R:-2.1270;V512L:-3.8192;T523N:-3.5592;V524G:-4.1764,R21S;Q23D;P26S;A27N;T29R;Y37D;Y38L;V47L;T51L;F59V;F65Q;K77F;D80F;V83F;P85L;F92S;S94T;G103S;K113S;Q115V;I119N;A123Q;V130F;N137D;D138Y;F140L;L141V;K147W;M153R;E156G;Y160N;N164Y;E169Y;V171F;S172L;L179K;E180N;K182F;G184F;L189F;E191D;V193N;G199H;Y200S;F201H;K206T;N211P;V213G;Q218A;F220A;L223P;E224P;L229I;N234T;I235S;A243D;S247L;P251G;D253S;S255T;Y269Q;T274L;E281G;G283D;I285D;T286A;D290A;A292D;C301F;T302F;F306G;K310I;Y313T;F318P;S325T;P330L;N331T;T333C;N334C;T345C;A348R;S349L;N360S;V362Y;D364F;S371F;T376S;C379P;G381T;K386F;L387F;N388F;D398G;S399D;V407I;R408G;I410N;G413I;T415Y;I418R;A419L;N422L;L425T;V433A;W436L;Y449S;L455R;F456L;R457P;K458N;S459K;N460P;L461I;R466D;D467T;E471Y;I472N;Y473P;G476C;V483C;F486C;N487Y;Q493Y;Y495F;N501Y;G504P;Q506R;V512L;T523N;V524G;N532C;L533C;G545T;T549Q;T553R;E554F;N556F;K558L;F559D;F562T;Q563V;F565R;D571H;A575V;T581L;L582I;E583F;I584T;T588I;C590F;F592S;N603T;T604V;D614G;C617V;T618V;V622I;A626Q;D627V;N641R;T645E;R646G;G648I;A653H;H655Y;N658C;S659E;Y660G;C662A;D663Y;G669C;T678S;S680R;R682V;A684Q;R685Q;A694G;M697G;N710A;S711P;I712F;T723V;V729D;I742G;N751F;L752Q;L753G;S758L;N764A;R765T;T768I;I770T;Q779K;E780K;V785T;K786I;I794D;K795F;G799P;F802H;Q804S;P809I;S810R;P812K;K814L;R815L;E819T;F823A;K825I;V826A;A829K;I834D;K835Y;Q836G;C840A;G842A;D843A;A845R;R847I;D848K;A852K;Q853F;L858P;V860L;L864T;L865E;M869Q;T874G;S875G;T883G;W886G;A890Q;A892M;A893P;L894M;I896Y;F898T;R905G;F906Q;Y917I;K921N;A924F;N925K;N928L;I931D;G932Q;K933Q;D936S;S940G;D950V;L959T;V963K;Q965S;S967F;N969A;F970A;G971D;S974V;S975I;N978R;K986E;D994R;R995T;L996T;S1003T;Q1011L;L1012E;I1013A;E1017A;I1018L;S1021N;L1024A;A1025T;A1026S;T1027C;K1028S;M1029V;E1031V;V1033G;L1034R;Q1036G;V1040P;D1041M;C1043R;G1044I;Y1047V;H1048P;L1049F;M1050S;P1053A;P1057L;V1060T;F1062V;L1063P;T1066F;P1069N;A1070E;K1073T;T1076I;T1077P;E1092S;G1093N;V1096T;S1097T;N1098F;H1101R;W1102R;Q1106D;I1115G;T1117C;N1119V;F1121D;G1124D;N1125G;G1131D;N1134P;E1144K;F1156N;K1157L;N1158S;H1159L;S1161I;V1164N;S1175I;V1176F;I1179R;I1183V;Y1206W;E1207I;Q1208P;Y1209W;W1212Y;W1217F;L1218A;F1220I;I1225V;A1226L;C1236Y;C1240G;S1249K;G1251F;S1252C;C1253K;C1254D;F1256E;D1259E,156.0,75.0,1.0,164.0,246.0,158.0
root_child_0_child_1_child_0_child_0_child_0_child_0_child_0_child_1|leaf,346,0.728201,346,0.728201,345,MZ477792.1,57,0.716418,344,344,56,-135.3056362781396,-2.416172076395349,-1.4350399149338156,-1.4350399149338156,-1.2254682686841742,-1.2254682686841742,1,G476N,N501Y,1,D138Y;N501Y;D614G;H655Y;V1176F,5,D614G;N501Y,2,I332L:-2.4919;L335H:-1.7572;P337N:-2.2448;N343T:-1.9063;S349T:-2.4938;V350N:-2.9890;N354K:-1.4390;R355S:-2.7188;K356V:-1.4673;I358D:-3.1976;N360Y:-2.7482;D364N:-2.2158;Y369N:-2.9995;A372Y:-1.5561;V382K:-3.2429;S383T:-3.3231;N388T:-3.0398;D389Y:-3.0997;V395G:-3.9043;F400R:-2.7613;R403Q:-1.6178;G404V:-2.2315;Q409A:-2.7239;I410G:-2.7830;P412T:-3.3095;G413I:-2.5114;T415I:-2.3373;K424T:-2.3054;F429C:-3.5231;C432I:-4.1433;V433S:-3.2694;N440G:-1.5856;L441S:-1.3553;S443Y:-1.8219;Y449L:-1.5400;F456P:-1.4426;S459L:-1.5423;L461F:-1.9409;F464Y:-1.7516;D467S:-1.7135;G476N:-1.2255;C480F:-1.6586;N487Y:-1.7183;F497V:-2.4700;T500P:-1.5864;N501Y:-1.4350;V503Y:-1.6807;G504Q:-1.7347;V510L:-3.0655;V511S:-3.2348;S514A:-3.5195;F515L:-3.1924;E516A:-2.9572;L518A:-2.7709;H519A:-1.8343;V524G:-4.1764,C15I;W64A;H69N;N74F;K77D;V83F;F86D;G89Y;T95I;T108L;L110Q;S116N;L118A;N125I;I128F;D138Y;K147W;N149M;K150L;M153E;E156S;A163F;N165S;F168Y;Y170L;Q173M;P174E;N188E;L189F;E191V;N196D;I197F;G199I;F201I;K206I;H207P;V213L;Q218E;E224V;G232I;I235T;T236S;H245L;Y248H;P251G;D253G;S256A;A263Y;V267Y;G268T;Q271R;R273F;L276Y;L277Y;Y279T;E281T;T284V;D287L;A288D;C291L;L296C;L303V;S305V;G311Y;S316C;N317S;P322S;V327F;I332L;L335H;P337N;N343T;S349T;V350N;N354K;R355S;K356V;I358D;N360Y;D364N;Y369N;A372Y;V382K;S383T;N388T;D389Y;V395G;F400R;R403Q;G404V;Q409A;I410G;P412T;G413I;T415I;K424T;F429C;C432I;V433S;N440G;L441S;S443Y;Y449L;F456P;S459L;L461F;F464Y;D467S;G476N;C480F;N487Y;F497V;T500P;N501Y;V503Y;G504Q;V510L;V511S;S514A;F515L;E516A;L518A;H519A;V524G;V534N;K535L;V539N;N542G;G545T;G548T;G550N;S555L;K558P;L560Q;P561R;Q563F;I569L;R577L;D586A;P589I;G593N;G594S;V595T;S596T;V597T;I598N;T599G;Q607V;V608I;A609V;Y612N;D614G;C617E;V622I;I624A;H625D;L629T;Y636N;T638S;T645A;A647I;G648I;C649G;L650A;H655Y;V656S;N658I;Y660C;E661D;G669C;A672Q;Y674N;Q677S;R683S;Q690S;I693T;A694G;T696L;M697L;N709I;N710A;I714P;P715N;T719D;E725M;S735C;V736C;C743S;D745E;S746I;E748N;S750Y;L752C;L753G;L754S;A766Q;N777F;I788K;P792N;K795Q;G798Q;G799F;F802Q;Q804K;P807K;P812F;S816I;I818L;D820L;N824V;K825T;D830I;K835L;Y837D;C840A;I844L;A846C;K854Y;G857Y;L858V;T859I;L861D;P863L;M869S;T874A;G880F;T883G;G889L;Q901N;R905W;F906G;G910V;Q920R;K921Q;A924Q;Q926A;F927S;S929G;I931K;G932L;D936A;A942K;S943Q;L945K;L948N;Q949V;V951N;Q957L;L959T;N960S;K964S;Q965G;S967N;N969S;G971L;S974N;V976L;R983E;L984A;I993L;D994I;R1000Q;L1001T;Q1005V;Y1007T;V1008A;I1013R;E1017I;N1023A;L1024A;D1041C;F1042S;G1044P;K1045P;M1050A;F1052S;Q1054G;S1055L;G1059V;F1062A;L1063H;H1064E;T1066V;Y1067A;P1069E;T1076P;C1082D;H1083G;H1088R;E1092F;G1093V;V1094N;F1095N;W1102T;R1107Q;N1108Q;F1109P;Q1113I;D1118T;V1122N;G1124D;C1126N;D1127I;G1131V;I1132D;N1134P;T1136L;V1137Q;Q1142L;S1147Y;K1154T;Y1155A;G1171K;V1176F;I1179K;I1183A;L1186V;N1187L;V1189N;N1194L;E1195Q;D1199E;Y1206I;Q1208E;I1210Y;W1212L;I1216L;V1228T;I1232C;M1237C;C1240L;S1242K;C1243K;K1245G;G1251C;S1252K;C1253K;K1255E;D1259K;P1263L;L1265V;K1266Y;V1268T;H1271T,204.0,182.0,1.0,247.0,248.0,189.0
root_child_0_child_0_child_1_child_0_child_1_child_1_child_0_child_1_child_1_child_1|leaf,349,0.725844,349,0.725844,348,MZ477792.1,59,0.706468,342,342,58,-134.7896433658184,-2.3239593683761792,-1.4350399149338156,-1.4350399149338156,-5.227179775648136,-1.0454359551296273,5,R346T;G476K;F456D;Q498T;K458R,N501Y,1,N501Y,1,N501Y,1,I332L:-2.4919;N334F:-2.2519;E340T:-1.7716;F342N:-2.7584;T345Y:-2.0228;R346T:-0.7574;A348R:-1.2580;S349R:-1.9652;W353T:-3.3173;R357A:-1.8201;D364S:-2.9044;V367A:-2.0755;A372S:-1.2799;Y380N:-2.8121;S383T:-3.3231;C391Y:-4.4373;Y396S:-2.9446;A397E:-3.0999;G404V:-2.2315;D405G:-1.3426;E406R:-1.3158;R408T:-1.8521;Q414A:-2.1073;A419P:-2.7325;D420L:-1.5687;N422F:-3.0747;Y423L:-3.4325;P426C:-3.3630;D427C:-2.4535;C432A:-4.2640;L441S:-1.3553;G446Y:-1.4345;N448Q:-2.3560;Y449L:-1.5400;N450F:-1.4575;F456D:-1.0995;R457N:-1.9868;K458R:-1.2139;N460P:-1.4502;E465D:-2.3690;S469T:-1.5835;I472Y:-1.3320;G476K:-0.9661;C480F:-1.6586;L492S:-1.7157;Q498T:-1.1903;T500V:-1.4177;N501Y:-1.4350;V512A:-3.3615;S514A:-3.5195;E516S:-2.8497;L517T:-3.4471;A520G:-3.1867;P521V:-3.6426;V524G:-4.1764;C525K:-3.7391;P527L:-3.2639;S530N:-3.0123,L24S;R34G;D40F;F43V;Q52F;L56F;T63A;G72K;T73F;T76I;F79L;D80V;P82L;L84G;W104F;I105G;F106Q;I119V;N122T;N125I;I128D;C131F;E132Q;C136D;D138L;L141H;Y144H;M153Y;S155G;F157V;R158N;Q173D;P174G;M177D;D178E;Q183F;V193N;F194N;G199S;K202H;I203S;Y204K;S205H;I210D;N211I;R214D;L216G;D228P;N234I;I235S;R237T;L241Y;L244R;H245S;R246D;Y248D;L249S;P251G;G252S;S255T;S256W;G257A;W258L;T259A;A260Y;A262V;V267Y;N280G;E281G;N282D;I285D;C291S;P295S;E298K;T299C;K300L;C301T;K304F;V308G;I312P;N317T;P322E;T323I;V327P;I332L;N334F;E340T;F342N;T345Y;R346T;A348R;S349R;W353T;R357A;D364S;V367A;A372S;Y380N;S383T;C391Y;Y396S;A397E;G404V;D405G;E406R;R408T;Q414A;A419P;D420L;N422F;Y423L;P426C;D427C;C432A;L441S;G446Y;N448Q;Y449L;N450F;F456D;R457N;K458R;N460P;E465D;S469T;I472Y;G476K;C480F;L492S;Q498T;T500V;N501Y;V512A;S514A;E516S;L517T;A520G;P521V;V524G;C525K;P527L;S530N;C538F;T549F;V551N;T553P;F559C;L560G;F562V;Q563V;R567A;I569L;D574P;A575D;R577L;P579I;Q580D;E583P;D586F;T599L;G601T;N606A;A609L;L611H;Y612Q;D614P;V620S;H625D;T632S;G639T;G648I;I651E;V656S;A668G;G669Q;I670A;S680R;R683S;Y695S;V705S;Y707N;N709I;N710P;F718T;V722P;T724L;I726P;T734M;S735D;M740I;D745E;S746E;T747L;S750Q;L752G;L753S;G757C;S758N;C760I;T761L;L763A;N764T;A766Q;G769V;V772K;D775V;T778I;Q779F;Q784I;Q787C;T791F;P792A;I794D;N801Q;P807K;P812D;S813F;S816I;F817E;I818L;D820L;F823K;N824A;L828A;A829G;D830F;G838L;D839C;I844A;L849G;Q853S;F855G;L858P;T866S;D867Q;Y873A;L878T;T881F;T883G;W886G;T887I;G891A;M902Y;F906N;I909Q;T912N;N914Q;E918Q;K921I;F927Q;A930F;T941S;A942K;N953A;Q954K;V963S;I973S;L977S;N978K;D979F;E988D;Q992D;D994Q;R995T;L996D;L1004Q;Y1007L;Q1010A;L1012E;A1022L;L1024A;A1026G;M1029G;V1033R;G1035D;V1040Y;G1046S;H1048Q;P1053H;H1058F;F1062H;T1066V;V1068N;A1070P;Q1071A;K1073T;P1079G;C1082K;F1089V;E1092F;V1094F;S1097T;H1101F;W1102Y;T1105R;Q1106P;R1107Y;N1108Y;E1111T;I1115V;T1117N;T1120N;I1130V;G1131N;N1134V;Y1138P;D1139E;P1140Q;L1141P;D1146K;F1148D;K1157D;H1159V;T1160P;G1167I;G1171N;S1175E;V1176I;V1177Q;N1178K;I1179D;D1184A;V1189N;K1191T;N1192L;N1194S;I1198Q;L1200Q;I1210L;Y1215I;G1219I;M1229I;L1234C;C1236T;M1237F;S1239C;L1244C;S1249K;C1250E;S1252D;C1253K;E1262L,200.0,87.0,1.0,112.0,249.0,208.0
root_child_0_child_1_child_0_child_0_child_0_child_1_child_1|leaf,351,0.724273,351,0.724273,350,MZ477792.1,61,0.696517,347,347,60,-140.112409160721,-2.33520681934535,-1.4350399149338156,-1.4350399149338156,-6.209672894913723,-1.0349454824856206,6,L455R;E471K;N481F;Q498G;G476N;R403P,N501Y,1,D138Y;N501Y;D614G;V1176F,4,D614G;N501Y,2,I332L:-2.4919;C336F:-4.0466;N343T:-1.9063;S349T:-2.4938;V350I:-2.8601;A352R:-1.8724;N354K:-1.4390;R355S:-2.7188;K356V:-1.4673;R357V:-1.6007;I358D:-3.1976;S359D:-2.9092;N360Y:-2.7482;D364N:-2.2158;A372S:-1.2799;K378Y:-2.2888;V382K:-3.2429;S383N:-3.5369;D389C:-2.9995;F400R:-2.7613;R403P:-1.2261;G404V:-2.2315;Q409A:-2.7239;I410G:-2.7830;P412T:-3.3095;G413I:-2.5114;T415A:-1.9033;G416C:-2.9056;D420Y:-2.0724;Y423L:-3.4325;P426D:-2.2753;F429C:-3.5231;V433S:-3.2694;S438N:-1.7582;N440G:-1.5856;S443Y:-1.8219;Y449L:-1.5400;Y453G:-2.7121;L455R:-0.7754;S459L:-1.5423;F464S:-2.1239;E471K:-0.8356;G476N:-1.2255;C480F:-1.6586;N481F:-1.0091;N487Q:-2.0496;F497P:-2.3790;Q498G:-1.1380;T500V:-1.4177;N501Y:-1.4350;V503Y:-1.6807;G504Q:-1.7347;V511S:-3.2348;V512H:-3.2491;S514A:-3.5195;F515L:-3.1924;E516A:-2.9572;H519A:-1.8343;V524G:-4.1764;T531N:-3.2822,L7Q;C15I;A27N;P39V;F43S;Q52F;W64A;H69N;K77D;D88Y;G89Y;T95I;T109D;L110Q;K113L;S116N;L118A;T124V;I128V;E132Q;D138Y;H146Y;K147W;M153R;E156S;S162P;N165S;F168Y;Y170L;Q173M;P174E;N188E;L189F;N196D;G199I;K206P;H207P;Q218E;E224V;G232I;I235R;T236S;R237L;A243Y;P251G;G252A;D253G;S256A;V267E;G268T;Q271R;R273F;L276E;L277Y;E281T;D287L;A288D;V289Q;C291L;A292S;L296C;T299K;S305T;K310I;G311Y;T315Q;S316C;N317S;R319C;Q321S;P322E;V327F;R328I;I332L;C336F;N343T;S349T;V350I;A352R;N354K;R355S;K356V;R357V;I358D;S359D;N360Y;D364N;A372S;K378Y;V382K;S383N;D389C;F400R;R403P;G404V;Q409A;I410G;P412T;G413I;T415A;G416C;D420Y;Y423L;P426D;F429C;V433S;S438N;N440G;S443Y;Y449L;Y453G;L455R;S459L;F464S;E471K;G476N;C480F;N481F;N487Q;F497P;Q498G;T500V;N501Y;V503Y;G504Q;V511S;V512H;S514A;F515L;E516A;H519A;V524G;T531N;V534N;K537N;V539N;F541T;N542G;N544L;G545T;G548T;G550N;S555L;K558P;L560F;P561R;Q563F;R567E;I569D;T573Q;R577L;I587S;P589I;G593T;V595T;S596T;T599G;Q607V;V608N;A609P;L611E;D614G;C617V;V622I;I624R;R634T;Y636N;T638N;A647I;G648I;C649N;L650A;V656S;N658Y;E661D;P665I;I666A;A672Q;N679Q;R683S;Q690S;I693T;A694G;T696L;M697L;N703V;N710A;P715N;T716S;V722M;T723E;E725M;I726P;S735Y;C743S;D745E;E748N;L752C;L753G;L754S;F759T;N764T;A766K;L767V;N777F;E780F;Q784V;I788K;P792N;K795H;G799F;P807S;P812F;S816I;I818T;F823A;N824T;K825T;D830F;K835Y;Y837D;C840D;C851N;K854Y;F855L;G857L;L858P;L861D;P863L;L865I;M869S;G880F;I882F;T883G;Q901N;A903F;F906Q;N907P;G910V;Q920R;A924S;Q926N;N928D;S929Q;I931K;G932Q;D936A;T941S;A942K;A944V;L945K;L948N;Q957L;L959T;N960S;L962Q;Q965G;S967N;G971L;S974H;S975L;R983E;D985A;I993Q;D994I;R1000Q;S1003T;Q1005V;Y1007Q;V1008A;I1013R;N1023A;L1024A;A1025V;K1028L;D1041C;F1042S;K1045P;M1050A;S1051Q;F1052S;Q1054A;S1055P;H1058V;G1059V;V1060A;L1063H;T1066V;Y1067A;P1069E;Q1071A;N1074T;T1076P;T1077P;C1082D;H1083K;H1088R;E1092F;V1094N;H1101Q;W1102T;N1108Q;Q1113I;D1118T;N1119V;G1124D;D1127I;G1131N;I1132D;N1134P;V1137Q;S1147D;K1154N;Y1155A;K1157T;T1160G;G1167S;G1171V;V1176F;N1178Q;I1183A;R1185E;L1186V;N1187V;V1189N;E1195Q;D1199E;G1204K;Y1206I;E1207P;Q1208E;W1212L;I1216L;I1225V;V1228T;M1229T;I1232M;S1242K;K1245G;G1251C;C1253K;K1255E;E1258P;D1259K;P1263L;L1265V;V1268T,220.0,101.0,1.0,99.0,250.0,227.0
